gt_id,frame_idx,speed_kmh
1,6,31.45345509052278
1,7,34.177855253219576
1,8,32.7769133448601
1,9,29.630006253719344
1,10,27.516591846942877
1,11,25.12374490499498
1,12,22.41586044430734
1,13,22.82997876405714
1,14,22.26391598582266
1,15,16.902392059564622
1,16,18.888102471828446
1,17,18.288019895553575
1,18,18.27462628483776
1,19,14.732616394758212
1,20,13.563800901174533
1,21,14.600001275539427
1,22,13.757736682891833
1,23,13.838925808668124
1,24,9.737177118659037
1,25,12.361154705286015
1,26,10.309686586260787
1,27,12.073880732059468
2,85,27.010212242603277
2,86,31.890947520732855
2,87,30.94140529632566
2,88,30.862907767295813
2,89,27.995685338973974
2,90,27.076803445816015
2,91,24.035508334636667
2,92,23.140613436698896
2,93,24.744864106178262
2,94,19.952507615089623
2,95,17.966154813766465
2,96,20.562527775764448
2,97,19.355536401271806
2,98,14.104019254446017
2,99,15.38946524262427
2,100,13.450924158096303
2,101,14.503946006298053
2,102,15.049362480640399
2,103,11.296679824590674
2,104,14.17898431420325
2,105,9.725742861628525
2,106,10.281538143753997
3,91,29.251696765422796
3,92,29.900976419448828
3,93,32.17686563730238
3,94,29.43302482366592
3,95,26.23759388923643
3,96,25.01585841178892
3,97,20.08673205971716
3,98,24.02940362691877
3,99,18.710689097642884
3,100,18.909436762332902
3,101,17.878260165452943
3,102,15.12897580862044
3,103,16.3301347196102
3,104,14.863585978746402
3,105,14.567530453205096
3,106,14.385751783847796
3,107,14.83829542994498
3,108,13.278173804283131
3,109,7.934301495552057
3,110,10.961736291646949
4,125,32.25570648908613
4,126,33.74061763286588
4,127,33.44810396432874
4,128,34.8333469033241
4,129,29.024722874164556
4,130,25.664006173610666
4,131,27.17430174350736
4,132,22.2918391227722
4,133,20.154764950275403
4,134,19.5067861676216
4,135,19.00169268250464
4,136,17.314180880784974
4,137,15.78109726309775
4,138,17.772141247988124
4,139,16.198522746562947
4,140,11.327118873596183
4,141,12.090456783771504
5,130,33.52471858263013
5,131,36.87947273254392
5,132,36.276040077209444
5,133,33.20410341024396
5,134,31.042647957801794
5,135,26.221508681774118
5,136,27.135337293148016
5,137,25.45229136943815
5,138,19.894435107708404
5,139,20.536574721336347
5,140,20.482238531112653
5,141,18.13773170113562
5,142,18.436089903116212
5,143,17.79406830668448
5,144,14.483841508626925
5,145,13.597614169120776
5,146,15.392940044403064
5,147,9.996251687407485
6,146,23.846930265426614
6,147,32.675858438014956
6,148,30.74989557266233
6,149,27.916801571845983
6,150,25.635464787483194
6,151,26.279734075069406
6,152,23.686426877975443
6,153,21.85808300971983
6,154,18.889127075672135
6,155,17.974910885095582
6,156,18.772075474262223
6,157,17.87398606538771
6,158,15.79716771841048
6,159,16.50269597768782
6,160,15.295726060867297
6,161,14.856668561696994
6,162,13.039415627717961
6,163,11.721077710390341
6,164,10.298688858747473
7,170,30.090471804141973
7,171,27.329899370670294
7,172,36.56203866004941
7,173,26.46480381488798
7,174,37.16284811496732
7,175,26.122596859931924
7,176,23.50196599960325
7,177,21.171204149723035
7,178,21.771041303873044
7,179,20.066017359495145
7,180,17.506917715072618
7,181,17.979419678449617
7,182,15.906963944435107
7,183,15.61651289463042
7,184,15.050788074731814
7,185,15.895993709564197
7,186,13.798271566629397
7,187,13.985253721475589
7,188,11.65478155016924
7,189,9.296106621623032
8,180,28.339386284351324
8,181,27.664850950241064
8,182,27.7018144726753
8,183,29.06754702329633
8,184,25.44084906578062
8,185,21.32257863879202
8,186,23.24824243783949
8,187,21.179128736257535
8,188,19.174578487873486
8,189,16.36860832571982
8,190,17.51210510730742
8,191,14.286130517721164
8,192,61.16470813751216
8,193,17.700549066066728
8,194,7.6549863070249495
8,195,11.081610918045035
8,196,11.944511085748662
8,197,11.130097210407248
8,198,10.320890173315993
8,199,9.984502270817748
9,196,28.162060081958746
9,197,33.79034310579297
9,198,32.55935400724408
9,199,33.98155510425565
9,200,32.46797114610669
9,201,31.20825827121801
9,202,24.179022610186973
9,203,26.763706505299183
9,204,22.415621727704483
9,205,20.67964643240019
9,206,19.73670780658676
9,207,19.11526277661364
9,208,17.073714137076937
9,209,17.329452037811652
9,210,17.805951833724563
9,211,15.317022800445883
9,212,17.733411490916797
9,213,10.99696777761006
9,214,12.228629440068916
10,240,31.047843396664327
10,241,34.537222981452146
10,242,31.710692346096717
10,243,32.07884967327044
10,244,30.571609139443098
10,245,24.85090523958149
10,246,26.112055778503976
10,247,26.08287066221177
10,248,19.547791779041706
10,249,21.18815168738316
10,250,21.330013722181775
10,251,18.187661021948248
10,252,16.529536843299486
10,253,16.05366736650501
10,254,16.859258115291205
10,255,16.52233108878171
10,256,14.410744607448246
10,257,12.935162186622895
10,258,10.161412060260538
10,259,11.22641734778905
11,272,32.33531981706545
11,273,31.666460037232124
11,274,32.336969375609605
11,275,34.46151494979932
11,276,28.793680071831364
11,277,24.70779061317387
11,278,25.28455674648339
11,279,23.077356219291154
11,280,22.255759388208862
11,281,20.911798328160756
11,282,18.916764557362008
11,283,18.170096576213417
11,284,38.858157098294136
11,285,5.965010896324974
11,286,7.589172944426698
11,287,10.721404328942052
11,288,12.077590227127333
11,289,11.682121306657521
12,315,29.523042440415058
12,316,36.53571814298545
12,317,34.82499182224348
12,318,36.95030182599936
12,319,34.66046243906096
12,320,28.784485459327033
12,321,28.622002601624146
12,322,25.373643636702905
12,323,21.569528281689152
12,324,22.991573810576863
12,325,20.22250682115598
12,326,17.516576349735633
12,327,18.502378016709855
12,328,18.229463249445352
12,329,16.922538131475058
12,330,15.60411572456393
12,331,12.333046495914175
12,332,11.565517634153613
13,317,29.519893527031574
13,318,37.55616724491033
13,319,38.97285640239799
13,320,33.94837081432264
13,321,34.460468888283515
13,322,31.482181549071537
13,323,25.730734169483735
13,324,25.884306728839277
13,325,24.47171598672919
13,326,21.689507514238823
13,327,19.796677976846237
13,328,20.133965760469867
13,329,18.690583258866834
13,330,15.930246859789234
13,331,11.183549612760284
14,334,31.091466844082543
14,335,30.27403146028449
14,336,30.61703503131932
14,337,31.098818778990985
14,338,27.253724634647952
14,339,24.177340865134635
14,340,22.673726677895075
14,341,24.316542148589527
14,342,20.208556652069525
14,343,15.977350473403563
14,344,18.85832458734553
14,345,18.12593534588772
14,346,16.484064012766236
14,347,17.180664539336764
14,348,14.982245564461074
14,349,15.303926914929988
14,350,12.015886008739727
14,351,11.855033934116616
15,383,32.81127512454911
15,384,36.71665728092272
15,385,30.106844007968206
15,386,32.2478663921363
15,387,28.827548325061134
15,388,25.622785985470365
15,389,27.47922062873777
15,390,23.862202763557942
15,391,21.49624094366978
15,392,18.554685115814607
15,393,69.24562990665277
15,394,34.129194617272155
15,395,33.603087365626514
15,396,5.894882529974109
15,397,11.224319860338905
15,398,14.336050450802155
15,399,9.815630391239893
15,400,10.644359216094244
16,424,31.264606118202874
16,425,30.40495008230274
16,426,31.76779121160575
16,427,29.19161528348985
16,428,25.985538661478195
16,429,23.05516362190296
16,430,26.55635297298488
16,431,23.234142065048715
16,432,22.33158409595339
16,433,17.370340973139182
16,434,17.91079267859497
16,435,18.157964944839865
16,436,16.980390697716523
16,437,15.81072092056308
16,438,14.029090404510796
16,439,14.157152473926846
16,440,11.352359801530072
16,441,11.285604983568431
17,464,36.36220604181367
17,465,38.72718214988447
17,466,37.61171311140141
17,467,32.98932820558618
17,468,37.559088170529215
17,469,28.895207047460513
17,470,29.252933263779315
17,471,22.036248743534557
17,472,22.95185834169437
17,473,22.59631276130524
17,474,17.89734274148979
17,475,18.37280720472375
17,476,17.947829961777117
17,477,17.213777750730884
17,478,16.77478328347093
17,479,14.283802360296553
17,480,12.363346070051458
17,481,12.825260013342177
18,479,26.692992746830555
18,480,29.21172916889253
18,481,37.71352708339772
18,482,45.79579532146145
18,483,30.20097881555622
18,484,30.13833314180438
18,485,25.643071532249998
18,486,22.787318229673755
18,487,22.05992594361352
18,488,18.277030885219965
18,489,18.444132506847776
18,490,18.924378007649096
18,491,18.247735798359308
18,492,17.27844715118445
18,493,15.725661367178299
18,494,15.33846572041408
18,495,12.082233130932112
18,496,11.218730136752368
19,486,29.233310222623757
19,487,31.668367087841713
19,488,29.015898406506206
19,489,31.232178211212823
19,490,28.49565446376608
19,491,25.119785964489516
19,492,22.992598414421572
19,493,20.483489781618555
19,494,20.82655638456204
19,495,19.08380046486895
19,496,16.748543232679726
19,497,15.848986655474048
19,498,31.9524478912332
19,499,6.385345235467093
19,500,12.42056161165264
19,501,12.702657580375941
19,502,11.919204443693415
19,503,11.682549118994878
19,504,10.218362733721952
19,505,9.107540622353747
20,509,28.73334109783234
20,510,38.06093752384267
20,511,38.75867128371931
20,512,37.21295446157535
20,513,35.63405066728668
20,514,30.887865722180074
20,515,29.425549507139124
20,516,26.512938737869828
20,517,22.92432278394748
20,518,23.164447546005743
20,519,22.527382671831518
20,520,18.91942664980929
20,521,18.80733847618143
20,522,19.224856495857647
20,523,17.349966913460516
20,524,15.727172791958191
20,525,12.537330240011482
20,526,11.34480804204965
22,597,35.03255188465193
22,598,39.81848984956473
22,599,39.69341039657677
22,600,33.1252196431167
22,601,34.82924848795012
22,602,29.379297494888934
22,603,30.99293589591771
22,604,23.273275494575998
22,605,25.365706980228964
22,606,25.930652618408757
22,607,19.901145994661896
22,608,20.118142068386508
22,609,19.385038018227036
22,610,18.273690193891916
22,611,15.56476369500055
22,612,13.40938881039648
24,664,28.04086178541243
24,665,31.499978005883957
24,666,34.938030838967116
24,667,26.79274678230343
24,668,25.43370366096551
24,669,25.661863088606054
24,670,24.03685212135366
24,671,22.8631094098096
24,672,19.408087581396515
24,673,19.245661050079956
24,674,17.900133579969786
24,675,18.037889152765658
24,676,17.629738748073954
24,677,17.294608801603687
24,678,14.916135817765182
24,679,13.793320208788213
24,680,11.681008189916861
24,681,11.55560418963457
25,666,32.60332882404397
25,667,33.763234019280205
25,668,31.255577802658745
25,669,30.909452140329183
25,670,27.381733059883704
25,671,26.94847315549908
25,672,26.163468360901437
25,673,22.897377312181835
25,674,21.9685015082364
25,675,20.118480026722384
25,676,17.1495562791828
25,677,16.808465123176934
25,678,20.53231537341933
25,679,16.45106613636052
25,680,14.157246351242367
25,681,15.592890679836605
25,682,8.685405179857622
25,683,12.530399411917
26,706,29.198355674744274
26,707,37.09547370671975
26,708,36.07131242752152
26,709,34.440765380860114
26,710,32.30000853538582
26,711,31.22900515794543
26,712,29.850191473961516
26,713,29.69224959611956
26,714,21.75442367792176
26,715,23.375059962271067
26,716,22.69669979810763
26,717,16.491901427507752
26,718,16.954996883869534
26,719,21.458374857901077
26,720,17.293490320444477
26,721,16.661527007818577
26,722,12.066892236471434
26,723,11.74992889165799
27,715,25.1430219411833
27,716,32.724285721779566
27,717,33.161713778973336
27,718,29.1458782553679
27,719,27.477485239503913
27,720,27.13112086057721
27,721,23.04176598787357
27,722,21.902839690447323
27,723,19.713340401648146
27,724,17.63242900371589
27,725,20.391707271337946
27,726,17.33268275857009
27,727,18.374879211187753
27,728,17.24339336156729
27,729,16.62733823061025
27,730,13.995097428560555
27,731,11.678513735533011
27,732,12.77748182415876
28,745,34.277520775795715
28,746,34.7063791751869
28,747,37.97468841075978
28,748,32.343956530091965
28,749,28.069628477097154
28,750,27.491580247879615
28,751,27.546163201332682
28,752,24.6049037575727
28,753,20.61344012617926
28,754,20.053044855595065
28,755,20.441314727068384
28,756,17.937637567520525
28,757,18.60545799136036
28,758,18.175393939018637
28,759,12.923365831375397
28,760,12.669441103935512
29,793,23.92368972301534
29,794,35.64114242791889
29,795,33.53041559457851
29,796,30.570791065693555
29,797,29.201491177082683
29,798,26.987306177614297
29,799,26.248472929001416
29,800,23.3217778801923
29,801,21.390961557627183
29,802,19.450211673975407
29,803,18.32282289862672
29,804,18.537123352289598
29,805,18.309175819155694
29,806,17.780446708202742
29,807,16.998951584101086
29,808,13.381846547127054
29,809,9.689648374915329
29,810,13.089629262686056
30,812,34.58814740181043
30,813,38.89221578835833
30,814,34.60261255502775
30,815,35.14067173004225
30,816,31.96883618831703
30,817,28.296529948712
30,818,25.916914343834478
30,819,28.0253854393965
30,820,22.11030051112222
30,821,20.515591800209652
30,822,21.244043558836438
30,823,20.824488401413408
30,824,17.629022598266978
30,825,18.463012576103605
30,826,16.92480191588438
30,827,16.18459671735798
30,828,14.764959812164621
30,829,10.473448187113032
31,831,32.51508951187203
31,832,35.81756740808563
31,833,36.238792240620434
31,834,34.00384694337917
31,835,28.836560547352452
31,836,27.995889186859728
31,837,29.82178956270281
31,838,23.326638042923143
31,839,20.642009675503218
31,840,20.330357104540308
31,841,20.734757781029188
31,842,19.885339736938903
31,843,33.00947427749704
31,844,5.439600013196585
31,845,12.398083359003332
31,846,10.188215374945003
31,847,12.82304719090489
32,1277,1.2666957546025785
32,1278,1.2054762616753836
32,1279,0.5329967988655085
32,1280,0.5329667916520597
32,1281,1.4337340928614446
32,1282,1.2844820693135535
32,1283,0.6896021822467593
32,1284,0.906836930662413
32,1285,2.2075182013214105
32,1286,0.7051212340593488
32,1287,2.2097674012184614
32,1288,0.5790576618163873
32,1289,0.5189651995897404
32,1290,0.30302939470858026
32,1291,1.5929741598666054
32,1292,0.3550807200372295
32,1293,0.0
32,1294,0.5434816377237556
32,1295,1.1768818181008354
32,1296,0.0
32,1297,1.143564255908156
32,1298,0.4062900412827817
32,1299,0.9373482316732606
32,1300,0.4685998102650146
32,1301,1.8194835260510833
32,1302,0.46236568596215044
32,1303,0.3825872344896279
32,1306,0.23736035451292092
32,1308,0.8289815392345367
32,1309,0.6592134665697954
32,1310,0.0
32,1311,0.4038164159283128
32,1312,0.4970606882125245
32,1314,0.2582063921727066
32,1315,0.8146162144839938
32,1316,0.8091366291046316
32,1317,0.4792253812775118
32,1318,0.4792253812775118
32,1319,0.39656653068960557
32,1320,0.0
32,1321,0.0
32,1322,0.0
32,1323,0.7930095959454944
32,1324,0.0
32,1326,0.7051449548453242
32,1327,0.6592134665697954
32,1328,0.0
32,1329,1.262817867100266
32,1330,0.0
32,1331,0.0
32,1332,1.0434592701494916
32,1333,0.7853820640593935
32,1337,0.0
32,1338,0.0
32,1340,0.3560405317694025
32,1341,1.2054320052266378
32,1342,0.0
32,1344,0.567785636521888
32,1345,0.46236568596215044
32,1346,1.2054320052264236
32,1347,0.8091366291046316
32,1350,0.0
32,1351,1.262817867100266
32,1352,0.0
32,1353,0.6794353947043564
32,1354,0.4685990558937292
32,1355,0.4687491338699324
32,1356,0.4687491338700156
32,1357,0.670605520717814
32,1358,0.0
32,1359,0.0
32,1360,0.45781590510160713
32,1361,0.45781590510160713
32,1362,0.0
32,1363,0.45788002666078803
32,1364,1.7971913516521838
32,1365,0.3826825367286883
32,1366,0.8146162144839938
32,1367,0.4129990423098295
32,1368,0.0
32,1369,0.4129990423098295
32,1370,0.9154589753598171
32,1371,0.0
32,1372,0.45781590510160713
32,1373,0.45764302834869414
32,1374,0.0
32,1375,1.3733389601111705
32,1376,0.45801015570760756
32,1377,0.9158902242779928
32,1378,0.0
32,1379,1.0176150966435888
32,1380,1.4056026656178424
32,1381,2.3006649501622216
32,1382,1.7187741212547192
32,1383,0.9154589753598171
32,1384,0.4129990423098295
32,1386,0.0
32,1387,0.7930095959454944
32,1389,0.1982215326279268
32,1390,1.4320563711226293
32,1391,0.8676097914576716
32,1392,0.4038164159283128
32,1393,0.4038164159283128
32,1394,1.334827803075342
32,1395,0.45378974173218983
32,1396,0.45788002666078803
32,1397,1.3733389601111705
32,1398,0.45764302834869414
32,1399,0.47808255068958827
32,1400,0.689092772081509
32,1401,0.9154589753598171
32,1402,1.7187741212547192
32,1403,0.0
32,1404,0.0
32,1406,0.4045683145522798
32,1407,0.45764302834869414
32,1408,0.45764302834869414
32,1409,0.45764302834869414
32,1410,0.8687286078930087
32,1411,0.7930095959454944
32,1412,0.46236568596215044
32,1414,0.2311828429810547
32,1415,0.712081063538805
32,1416,0.3826825367286883
32,1417,0.0
32,1418,0.0
32,1420,0.24853034410626226
32,1421,0.4129990423097561
32,1422,0.0
32,1423,0.0
32,1424,0.689092772081509
32,1425,0.0
32,1426,1.6232769191265453
32,1427,0.48905240837485636
32,1428,0.39656653068960557
32,1429,0.0
32,1430,0.4129990423097561
32,1431,0.5747938295826439
32,1432,0.4038164159283128
32,1433,1.0434592701494916
32,1434,1.0434592701494916
32,1435,0.5027510784566509
32,1436,1.3733389601111705
32,1437,1.3733389601111705
32,1438,0.6890927720813866
32,1439,0.4684037994593482
32,1440,0.4684037994593482
32,1441,0.4684037994593482
32,1442,0.4038164159283128
32,1443,0.3826825367286883
32,1444,0.4792253812775118
32,1445,0.39656653068960557
32,1446,0.8687286078928543
32,1447,0.45764302834869414
32,1448,0.0
32,1449,0.0
32,1450,0.8091366291046316
32,1451,0.0
32,1452,0.8091366291046316
32,1453,0.8091366291046316
32,1454,0.3964430652558888
32,1455,0.7930095959453535
32,1456,0.0
32,1458,0.3965047979727472
32,1459,0.0
32,1460,1.0455978289246783
32,1461,0.3826825367286883
32,1462,0.3826825367286883
32,1463,0.0
32,1464,0.4038164159283128
32,1465,0.0
32,1466,0.7853820640593935
32,1467,0.7853820640593935
32,1468,0.937003567814847
32,1469,0.4685998102650146
32,1470,0.4685998102650146
32,1471,0.0
32,1472,1.4652031101286724
32,1473,1.0512675996870027
32,1474,0.6334744021296637
32,1475,0.9154589753598171
32,1476,0.0
32,1477,0.0
32,1478,0.4129990423098295
32,1479,0.39656653068960557
32,1480,0.0
32,1481,0.8091366291046316
32,1482,0.4129990423098295
32,1483,0.8687286078930087
32,1484,0.47808255068958827
32,1485,0.0
32,1486,0.0
32,1487,0.0
32,1488,0.4685998102649314
32,1489,0.9373482316732606
32,1490,2.6413401961327163
32,1491,0.0
32,1492,1.2447391077876357
32,1493,0.6794353947043564
32,1494,1.334827803075342
32,1495,0.3826825367286883
32,1496,1.2440229579804383
32,1497,0.8676097914576716
32,1498,0.8676097914576716
32,1499,1.2440229579806594
32,1500,1.708175037056244
32,1501,0.6794353947043564
32,1502,0.45764302834869414
32,1503,0.4129990423098295
32,1504,0.0
32,1505,0.3965665306895351
32,1506,0.39656653068960557
32,1507,1.3259500265121742
32,1508,1.3259500265121742
32,1509,0.0
32,1510,0.39656653068960557
32,1511,0.3964430652558888
32,1512,1.6579630784690733
32,1513,0.45764302834861276
32,1514,0.9154589753598171
32,1515,0.45781590510160713
32,1516,0.0
32,1517,0.8687286078930087
32,1518,0.7091760635376128
32,1519,0.7853820640593935
32,1520,0.3826825367286883
32,1521,0.4038164159282411
32,1522,0.0
32,1523,1.4102899096906485
32,1524,0.3964430652558888
32,1525,0.0
32,1526,1.262817867100266
32,1527,0.0
32,1528,0.6592134665697954
32,1529,0.7853820640593935
32,1530,0.38268253672862035
32,1531,0.8676097914576716
32,1532,0.47808255068958827
32,1533,0.6592134665697954
32,1534,0.0
32,1535,0.4038164159283128
32,1536,0.7652697712183162
32,1542,0.06376453908160276
32,1543,0.7853820640593935
32,1544,0.0
32,1545,0.4038164159283128
32,1546,1.0455978289244925
32,1547,1.0455978289246783
32,1548,0.8676097914576716
32,1549,0.9371988661587438
32,1550,1.802761629223862
32,1551,0.8676097914576716
32,1552,0.4684037994593482
32,1553,0.0
32,1554,0.0
32,1555,1.1675841081885658
32,1556,0.7652697712183162
32,1557,0.0
32,1558,0.8676097914576716
32,1559,0.9371988661587438
32,1560,4.162078611552804
32,1561,2.5381945073605126
32,1562,2.559206429868991
32,1563,1.6232769191262568
32,1564,0.0
32,1566,0.3826348856091581
32,1567,0.4038164159283128
32,1568,0.0
32,1569,0.0
32,1570,0.4684037994593482
32,1571,0.47808255068950334
32,1572,0.0
32,1573,0.45764302834869414
32,1574,0.0
32,1575,0.9154589753598171
32,1576,0.9154589753598171
32,1577,0.4129990423098295
32,1578,0.516412784345459
32,1579,0.0
32,1580,0.5164127843453673
32,1581,0.4129990423098295
32,1582,0.4129990423098295
32,1583,0.7930095959454944
32,1584,0.7930095959454944
32,1585,0.4129990423098295
32,1586,1.2054320052266378
32,1587,0.0
32,1588,1.6579630784687789
32,1589,0.8687286078930087
32,1590,0.0
32,1591,0.7091760635376128
32,1592,0.4684037994593482
32,1593,0.8676097914576716
32,1594,0.4038164159283128
32,1595,0.4038164159283128
32,1596,1.334827803075105
32,1597,0.0
32,1598,0.9759772382676809
32,1599,0.9158902242779928
32,1600,0.9154589753598171
32,1601,0.45764302834861276
32,1602,0.0
32,1603,0.45781590510152576
32,1604,0.6706055207179331
32,1605,0.4298370704054161
32,1606,2.5688746199016914
32,1608,0.3965047979727472
32,1609,0.0
32,1610,0.7091760635374869
32,1611,1.4056026656183416
32,1612,0.0
32,1613,0.46859905589381246
32,1614,0.9370035678146805
32,1615,0.4038164159283845
32,1616,0.4038164159282411
32,1617,0.0
32,1618,0.0
32,1619,0.5027510784565616
32,1620,4.677942842246033
32,1621,3.8060361519449963
32,1622,1.3348278030755791
32,1626,0.19131744280456206
32,1631,0.0
32,1632,0.38258723448955995
32,1633,0.3825872344896959
32,1634,1.1355712730435743
32,1635,0.0
32,1636,0.41299904230990286
32,1637,0.0
32,1638,0.7930095959456352
32,1639,0.7120810635386785
32,1640,0.5164127843455507
32,1643,0.26433653198181584
32,1644,0.3964430652558184
32,1648,0.0991107663139722
32,1649,0.39644306525595924
32,1650,0.47922538127742664
32,1652,0.3560405317694025
32,1654,1.785137839615383
32,1655,1.9250487349924417
32,1656,0.0
32,1657,0.0
32,1663,0.26425142772496313
32,1667,0.09564680862239848
32,1668,0.3825872344896959
32,1670,0.24452620418742818
32,1671,0.8091366291044878
32,1672,0.8091366291047752
32,1673,0.47922538127742664
32,1674,0.3826825367287563
32,1675,0.0
32,1676,0.7652697712181803
32,1677,0.7609749678523863
32,1678,0.0
32,1679,0.396566530689676
32,1680,2.3006649501618126
32,1681,1.904631257057569
32,1682,2.241379581391461
32,1683,1.415982563048883
32,1684,1.4320563711223748
32,1685,0.3964430652558184
32,1686,0.4623656859622326
32,1687,0.38258723448955995
32,1688,0.7120810635389314
32,1689,0.0
32,1690,2.5688746199016914
32,1691,2.1755752712484773
32,1694,0.23874778300522853
32,1695,0.0
32,1696,0.38268253672862035
32,1698,0.39269103202969674
32,1699,0.0
32,1700,0.4038164159282411
32,1701,0.38268253672862035
32,1702,0.3826825367287563
32,1703,0.0
32,1704,0.49706068821261284
32,1706,0.3965047979727472
32,1707,1.0455978289244925
32,1708,0.0
32,1709,0.7162433490156007
32,1710,0.48905240837476954
32,1711,0.3825872344896959
32,1714,1.2336932122706898
32,1715,0.5880246218295075
32,1716,1.8717394955453333
32,1717,0.8687286078928543
32,1718,1.3259500265124098
32,1719,0.45781590510152576
32,1720,0.0
32,1721,0.45764302834861276
32,1722,4.136542975903381
32,1723,3.7235065922135258
32,1724,0.46840379945943145
32,1725,0.4038164159282411
32,1726,0.4038164159282411
32,1727,1.1675841081889806
32,1728,0.38258723448955995
32,1729,0.3825872344896959
32,1730,0.0
32,1731,0.7652697712184522
32,1732,0.9367723111061778
32,1733,0.9367723111065107
32,1734,0.4970606882124362
32,1735,0.4970606882124362
32,1736,0.5747938295827459
32,1737,0.4129990423097561
32,1738,0.0
32,1739,0.7930095959453535
32,1740,3.025576025248176
32,1741,0.4580101557075261
32,1742,0.9966569859532943
32,1743,0.8676097914578257
32,1750,0.2567416216645912
32,1751,0.9156960155813455
32,1752,1.26281786710049
32,1753,0.7162433490156007
32,1754,0.8676097914578257
32,1755,0.8676097914575175
32,1758,0.23874778300525681
32,1761,0.0
32,1765,0.0991107663139722
32,1766,0.3964430652558184
32,1767,0.0
32,1768,0.396566530689676
32,1769,0.7930095959453535
32,1770,1.205432005226852
32,1771,0.8091366291044878
32,1772,0.0
32,1773,0.3964430652558184
32,1774,1.045597828924864
32,1775,0.38268253672862035
32,1777,0.3560405317694025
32,1778,0.7120810635386785
32,1779,0.0
32,1780,0.0
32,1781,0.3825872344896959
32,1786,0.0
32,1787,0.38258723448955995
32,1790,0.23736035451294904
32,1791,0.7930095959453535
32,1792,0.3965665306895351
32,1793,0.0
32,1794,0.8091366291044878
32,1795,0.41299904230990286
32,1796,0.3965665306895351
32,1797,0.4792253812775969
32,1798,0.0
32,1799,0.0
32,1800,0.0
32,1802,0.19134126836434415
32,1803,0.7162433490156007
32,1804,0.396566530689676
32,1806,0.19828326534480278
32,1807,0.0
32,1808,1.7187741212550245
32,1809,0.45781590510152576
32,1810,0.45781590510152576
32,1811,1.7187741212550245
32,1812,2.1755752712484773
32,1813,1.783540416509268
32,1814,3.88722896575867
32,1815,2.5985519215469766
32,1816,1.718774121254414
32,1818,0.24452620418742818
32,1820,0.0
32,1822,0.0
32,1825,0.25508992373942363
32,1826,0.4038164159282411
32,1827,0.785382064059533
32,1828,0.5164127843453673
32,1829,0.0
32,1830,4.539723247288948
32,1831,2.320359572768673
32,1832,0.9158902242778301
32,1833,0.9154589753599796
32,1834,1.8313491158184527
32,1835,2.241379581391461
32,1836,0.0
32,1837,0.0
32,1838,0.396566530689676
32,1848,0.048905240837483904
32,1849,0.4890524083749433
32,1850,1.4320563711223748
32,1851,0.47808255068950334
32,1852,0.45764302834877535
32,1853,1.2054320052264236
32,1854,0.39644306525595924
32,1857,0.420939289033397
32,1858,0.9156960155816709
32,1859,1.7835404165086344
32,1860,2.790494654327195
32,1861,1.9250487349931256
32,1862,0.9156960155813455
32,1863,2.5688746199016914
32,1866,0.0
32,1868,0.1982215326279444
32,1869,0.3964430652558184
32,1870,1.4102899096908992
32,1871,0.7091760635374869
32,1874,0.26433653198184714
32,1879,0.0
32,1880,0.3964430652558184
32,1884,0.0991107663139722
32,1885,0.46236568596206834
32,1886,0.0
32,1890,0.8762412238866277
32,1891,2.790494654327195
32,1892,0.7930095959453535
32,1893,0.0
32,1895,0.1982215326279444
32,1896,1.2628178671000414
32,1897,0.0
32,1898,4.607123807071919
32,1899,1.484850458801088
32,1900,0.7119642198084672
32,1901,2.2904383577402827
32,1902,1.7319117486480344
32,1903,0.9158902242778301
32,1904,0.0
32,1905,0.6334744021295511
32,1906,0.0
32,1907,0.4685998102649314
32,1908,0.46859905589381246
32,1909,1.030835285782653
32,1910,0.6958696246146068
32,1911,0.9759772382678544
32,1912,0.4685998102649314
32,1913,0.4685998102650979
32,1914,0.0
32,1915,0.9370035678150135
32,1916,0.46840379945926497
32,1917,1.2440229579804383
32,1918,0.3825872344896959
32,1920,1.7833243310451887
32,1921,1.4987736381588024
32,1922,1.7081750370565476
32,1923,0.38258723448955995
32,1924,0.3825872344896959
32,1925,0.43090647552155675
32,1928,0.0
33,2012,6.48899987339872
33,2013,13.18694651127124
33,2014,13.40414643287449
33,2015,11.276264190676072
33,2016,10.031925067303996
33,2017,9.386081323026144
33,2018,5.586465373636403
33,2019,12.743386924264824
33,2020,8.335403725506533
33,2021,8.951037079094442
33,2022,8.397002667190316
33,2023,9.83945243060435
33,2024,9.90520276129443
33,2025,10.807446911929349
33,2026,10.23023620247681
33,2027,6.823453903199599
33,2028,6.316335350274053
33,2029,6.254805475474648
33,2030,6.189188584684358
33,2031,8.511608093978667
33,2032,7.380429357289114
33,2033,6.6329526901258316
33,2034,6.745160222052474
33,2035,6.975270956753595
33,2036,6.671388745309249
33,2037,6.425373852251956
33,2038,9.366634637119251
33,2039,5.725929513572751
33,2040,6.424323767424908
33,2041,5.388956218957059
33,2042,6.365548521279294
33,2043,4.5735579729089295
33,2044,5.483586899935342
33,2045,5.360420532525652
33,2046,6.307187005876509
33,2047,7.461794838310773
33,2048,4.475318714975612
33,2049,5.546094439924866
33,2050,6.634264290331758
33,2051,5.522914789616198
33,2052,4.896470792592546
33,2053,5.8623292297115706
33,2054,7.010051161052192
33,2055,5.774516388773016
33,2056,3.001831099391581
33,2057,6.951241046189176
33,2058,6.010665446521048
33,2059,2.4141703359778925
33,2060,8.863163217900798
33,2061,3.998762927950224
33,2062,8.01696181297177
33,2063,3.6788957566030196
33,2064,6.425239071248958
34,2027,4.303117878735922
34,2028,2.741661518811751
34,2029,4.025249406696167
34,2030,9.951333403585785
34,2032,13.2040026783946
34,2033,13.686160594227653
35,2039,8.122640177606268
35,2040,13.436807692053607
35,2041,12.188614904878618
35,2042,10.423801168797771
35,2043,9.89347882569033
35,2044,13.88060599565289
35,2045,14.1026258468656
35,2046,11.497575938699834
35,2047,10.513248145582383
35,2048,10.0224427878841
35,2049,11.220041736962644
35,2050,10.074916183946943
35,2051,8.774771690367281
35,2052,8.804944530131186
35,2053,11.218335181472932
35,2054,10.02013407647809
35,2055,11.493582129476659
35,2056,4.963012039662395
35,2057,10.948620960114674
35,2058,9.97571133077343
35,2059,6.892416179179068
35,2060,9.082886427639496
35,2061,8.935102745892396
35,2062,8.854615017770337
35,2063,8.90355259180246
35,2064,8.719822615383691
35,2065,6.670343354345695
35,2066,7.468495666979576
35,2067,8.087770789860414
35,2068,11.670605242254672
35,2069,48.10665249823772
35,2070,23.73378932476516
35,2071,2.67671635374385
35,2072,14.590125381949468
35,2073,1.9670621864494588
35,2074,7.599272131921373
35,2075,7.755439728497247
35,2076,3.9527667313807986
35,2077,4.970394484699761
35,2078,8.937282040713821
35,2079,4.717055819929585
35,2080,4.732787981628632
35,2081,6.910582110287134
35,2082,2.828831970691239
35,2083,5.956603512169116
35,2084,5.293904766439565
36,2091,16.74648463725782
36,2092,15.340107232329832
36,2093,15.680698156359933
36,2094,13.643517494199529
36,2095,15.211033970120594
36,2096,10.045424625275949
36,2097,20.05986303091448
36,2098,8.373043835161807
36,2099,17.272205650809866
36,2100,12.040324956176784
36,2101,11.976743191478764
36,2103,9.120083972811894
36,2104,12.588290870192171
36,2105,11.188810095189254
36,2106,11.252749264242503
36,2107,11.581537127493002
36,2108,7.694039270283322
36,2109,6.555019095539022
36,2110,9.737773239611057
36,2111,10.023822113873567
36,2112,7.590955942868001
36,2113,11.463560163977043
36,2114,7.0513390749681895
36,2115,8.15559916198416
36,2116,8.201892077921539
36,2117,55.983259677878216
36,2118,26.490424275403523
36,2119,0.9772993158547544
36,2120,5.448290370405805
36,2121,6.602306440471571
36,2122,6.441783607007355
36,2123,8.91780853271345
36,2124,6.379040703178721
36,2125,8.877243474124475
36,2126,6.384436637162164
36,2127,5.636273995042969
36,2128,6.177270188926685
37,2100,14.20925572514312
37,2101,12.6209266483764
37,2102,7.9139837622658264
37,2103,17.88346096873004
37,2104,22.72679150104975
37,2105,13.652807325122607
37,2106,14.514407962563542
37,2107,14.656770229337308
37,2108,9.030396938325772
37,2109,6.934286803006042
37,2110,11.333355009554046
37,2111,14.03498858213704
37,2112,14.259925335643448
37,2113,14.562410116198576
37,2114,7.343766242264554
37,2115,11.76183655858274
37,2116,10.395489782093332
37,2117,11.0787449777109
37,2118,11.252282559873912
37,2119,9.53388713300079
37,2120,9.397742897273979
37,2121,9.837700277565371
37,2122,10.183460488917468
37,2123,8.72666627168519
37,2124,9.366952478887516
37,2125,9.169537872074601
37,2126,7.814259231089324
37,2127,9.680011197926541
37,2128,10.011532902716025
37,2129,6.867787465454514
37,2130,10.207970514891937
37,2131,8.293171674014788
37,2132,6.199754476546272
37,2133,6.317540332676237
37,2134,7.727674171327336
37,2135,4.74608503281996
37,2136,4.6988372504720495
37,2137,8.050860911606485
38,2100,6.404889822005224
38,2101,13.830669969318135
38,2102,10.178730413319705
38,2103,9.710741937158975
38,2104,16.900580227378395
38,2105,13.622680753467337
38,2106,14.336759895089141
38,2107,12.693111598489685
38,2108,6.416900083423937
38,2109,13.011973947284572
38,2110,16.41600161790591
38,2111,11.755904853346303
38,2112,13.500978201625621
38,2113,15.147855877879298
38,2114,11.715415567157821
38,2115,11.38803049922216
38,2116,9.783742278812786
38,2117,10.068008154629089
38,2118,9.932391643526147
38,2119,11.96033611893467
38,2120,12.58651122451079
38,2121,10.684181302784204
38,2122,9.206017255784914
38,2123,7.857257723807061
38,2124,8.68391990661794
38,2125,10.198710188268022
38,2126,10.806342512367467
38,2127,9.126844480635553
38,2128,10.265129059551542
38,2129,8.4048970788734
38,2130,6.448613181709235
38,2131,8.966861441733238
38,2132,7.073444500564423
38,2133,6.39849275350698
38,2134,7.072940915821877
38,2135,7.935837730764102
38,2136,8.060874268414194
38,2137,7.689015492795696
38,2138,7.7006012946382585
38,2139,6.530115455388002
38,2140,6.376536861063318
38,2141,6.481844410299241
38,2142,6.122351959346768
38,2143,4.879582934082525
38,2144,5.065775848924321
38,2145,5.756396055222703
39,2230,25.200791358943814
39,2231,31.967020332819626
39,2232,28.81249040364769
39,2233,28.978586196905184
39,2234,22.412964999672248
39,2235,25.576445460315522
39,2236,22.0375147461935
39,2237,20.801796913143722
39,2238,20.291766822342144
39,2239,18.427156805989245
39,2240,16.838232278827203
39,2241,18.024525046345754
39,2242,16.38531446456653
39,2243,16.636770218614075
39,2244,16.493974775073337
39,2245,13.858306109908002
39,2246,15.112906694409869
39,2247,12.132272422316104
39,2248,9.836575090883624
39,2249,11.309008598329886
40,2279,15.594508051875355
40,2280,17.427017390725272
40,2281,16.919189393523723
40,2282,15.506380051372012
40,2283,15.928896367553065
40,2284,15.843528360125925
40,2285,15.435172766444653
40,2286,17.707372605804153
40,2287,13.45985189080028
40,2288,12.081795930864832
40,2289,13.676665574310073
40,2290,12.350934147837235
40,2291,10.285065248606982
40,2292,10.86514860391447
40,2293,13.383972197773737
40,2294,14.380701184270519
40,2295,9.640507623555195
40,2296,9.109481871126658
40,2297,10.444862544538669
40,2298,10.389319360254571
40,2299,9.508713930847152
40,2300,8.632484525440775
40,2301,15.780563503501334
40,2302,5.421420671046858
40,2303,7.890152335165698
40,2304,8.509757369758391
40,2305,9.145668894051077
40,2306,6.938584372402618
40,2307,8.33300247788299
40,2308,9.261363297702726
40,2309,5.796289891003656
40,2310,8.494047671555144
40,2311,6.380779445172625
40,2312,6.253127083181357
41,2278,22.668887972828184
41,2279,20.96209779382169
41,2280,29.4611907005264
41,2281,28.023094832902764
41,2282,23.415502309795535
41,2283,21.37341991067358
41,2284,17.646829783913713
41,2285,21.302019506689557
41,2286,17.409679591659195
41,2287,19.694312810894747
41,2288,19.32373479009059
41,2289,14.05373185872812
41,2290,14.092385172846738
41,2291,16.956228017804357
41,2292,14.763725996015149
41,2293,13.745363652708882
41,2294,11.803157329557482
41,2295,13.01006957888862
41,2296,12.463247627017934
41,2297,9.952333196999623
41,2298,12.895694822070967
41,2299,10.516596212985224
41,2300,7.202193215488262
41,2301,9.613761305807518
42,2317,32.85665810107671
42,2318,36.72268688679472
42,2319,34.631312191480944
42,2320,33.047210276133434
42,2321,31.138593256468674
42,2322,28.3852949738559
42,2323,24.67159420251461
42,2324,25.596961677079527
42,2325,23.612478375431188
42,2326,20.81465139984759
42,2327,21.496165841822133
42,2328,17.88133397698123
42,2329,17.853396087888456
42,2330,17.702761888501264
42,2331,16.681508123877983
42,2332,15.996652990577106
42,2333,15.16670912504498
42,2334,10.70212125778031
42,2335,11.777215003965443
43,2336,21.011770963673
43,2337,20.66158175468122
43,2338,21.159745752815642
43,2339,19.432863146063628
43,2340,16.94872453809122
43,2341,20.024626851078718
43,2342,16.781392246482135
43,2343,16.95206925273279
43,2344,16.199509799477905
43,2345,15.405047535899367
43,2346,14.279251992700253
43,2347,15.729849636557848
43,2348,15.612398385999148
43,2349,12.310018390419549
43,2350,12.654164582488944
43,2351,10.944427996872145
43,2352,10.29951162636485
43,2353,11.19505561888043
43,2354,10.617038905622687
43,2355,10.985767543314171
43,2356,10.162643864752885
43,2357,10.51223628222778
43,2358,10.657507404687141
43,2359,9.054104313252942
43,2360,9.80741277336921
43,2361,7.735805287958732
43,2362,7.992751523851099
43,2363,7.500234246255459
43,2364,6.9219211488951355
43,2365,8.035995438696553
44,2380,11.85217738151365
44,2381,25.636247992520666
44,2382,25.61378717422085
44,2383,21.527744829658978
44,2384,22.54305481910353
44,2385,23.96600961684806
44,2386,19.868765026334902
44,2387,17.07196265458794
44,2388,16.831731945279607
44,2389,16.466191112992576
44,2390,14.15899112820907
44,2391,17.130112946030803
44,2392,13.051949590442526
44,2393,13.907359689476873
44,2394,9.880989789961225
44,2395,11.52385622263184
44,2396,11.4727333188039
44,2397,12.549605369570369
44,2398,16.135156899688106
44,2399,8.192881867291174
44,2400,10.610999912021885
44,2401,7.917535677550986
44,2402,8.805493712426985
44,2403,10.31924597918826
44,2404,9.487345442177753
44,2405,8.601442649959173
44,2406,6.514489576221808
44,2407,7.94968396425123
44,2408,7.281968817116279
45,2395,28.3222255110797
45,2396,31.352531611914504
45,2397,30.979868173605407
45,2398,30.6758263707113
45,2399,27.86609441042501
45,2400,26.863157451148602
45,2401,22.99483001231788
45,2402,22.858056128029602
45,2403,24.85449671744912
45,2404,19.14028376341247
45,2405,16.337973475453683
45,2406,19.422135651115465
45,2407,17.74770095944127
45,2408,15.852402448657328
45,2409,13.567157685754562
45,2410,16.085796207187048
45,2411,14.989164322617654
45,2412,15.296837836501592
45,2413,13.912080377343084
45,2414,11.309309005735537
45,2415,9.610009565951353
45,2416,9.235217794774519
46,2419,23.619232177730684
46,2420,24.77516770363347
46,2421,26.384224891658473
46,2422,22.81540632248379
46,2423,24.0149518847428
46,2424,20.67882835865432
46,2425,17.498673945662627
46,2426,19.299995899197423
46,2427,15.008818209174281
46,2428,19.660954177376535
46,2429,18.414897769693226
46,2430,14.277908205983792
46,2431,14.652862250807818
46,2432,13.84491384029172
46,2433,11.913904398682105
46,2434,13.371966630218324
46,2435,11.096624583004171
46,2436,13.325856775048045
46,2437,13.183986693618621
46,2438,10.769834294917342
46,2439,9.990605637429583
46,2440,10.887865573169968
46,2441,10.1432689279302
46,2442,7.9864905774580865
46,2443,7.915839850904132
46,2444,7.990316748617831
48,2521,36.49619042872812
48,2522,33.94782632590016
48,2523,34.15944725274506
48,2524,32.848270833498816
48,2525,30.395664274687785
48,2526,26.657300591464644
48,2527,29.22678440809831
48,2528,26.672213673587446
48,2529,22.085759639744385
48,2530,21.347668021914007
48,2531,21.685308516029856
48,2532,17.54662379622185
48,2533,18.58749657869709
48,2534,18.869365900751976
48,2535,16.91909149288867
48,2536,17.746068835262015
48,2537,11.207815557716525
48,2538,12.358127832415178
49,2522,28.731291890150064
49,2523,26.351104974742587
49,2524,35.50725728274099
49,2525,45.173549652092554
49,2526,28.91952395438696
49,2527,27.451958656316496
49,2528,23.226092755790898
49,2529,23.43388617039193
49,2530,23.268096148964105
49,2531,18.88537198305506
49,2532,19.983243048187948
49,2533,19.504864364866325
49,2534,15.459784716365304
49,2535,17.637008875605687
49,2536,17.60520860553138
49,2538,15.078803747892703
49,2539,8.934923708437477
49,2540,12.386502921583732
50,2539,30.373101532454516
50,2540,30.857819616800725
50,2541,31.012832522387427
50,2542,30.683631598944636
50,2543,26.872550547128302
50,2544,25.486307144161056
50,2545,22.74831891060328
50,2546,22.14052900671613
50,2547,20.38268566131997
50,2548,17.67901897430144
50,2549,16.898508220914387
50,2550,17.321068793532525
50,2551,18.214280605313316
50,2552,15.718293339017182
50,2553,15.34502372145413
50,2554,15.768527090552606
50,2555,10.338366776703172
50,2556,10.81684805453039
51,2574,3.8207567855723354
51,2575,33.42298775910809
51,2576,23.8983857631646
51,2577,27.970590591436228
51,2578,26.24255061149187
51,2579,25.95785558224241
51,2580,24.214596748348267
51,2581,25.88072061539211
51,2582,23.617408275600557
51,2583,17.03796699643474
51,2584,19.342692643400984
51,2585,17.42856770753588
51,2586,15.232199281457119
51,2587,15.431266129014466
51,2588,18.993426114324535
51,2589,17.047038227317053
51,2590,14.432069510224354
51,2591,12.64784395694535
51,2592,16.59619644283989
51,2593,13.221968114378699
52,2622,31.586854755884737
52,2623,33.00498962401828
52,2624,32.99309670925797
52,2625,30.11321157216555
52,2626,29.047481417651404
52,2627,27.316327393060398
52,2628,27.781111299987266
52,2629,25.348755419259344
52,2630,22.966181337829813
52,2631,20.7331055402797
52,2632,19.44354236125642
52,2633,15.832511186602881
52,2634,25.8078637719114
52,2635,9.580235704778127
52,2636,15.315154641869732
52,2637,11.319281458852906
52,2638,11.512983888389972
53,2651,36.111601889127805
53,2652,39.984196722515435
53,2653,38.39810729026194
53,2654,33.71964812279418
53,2655,32.999466955656615
53,2656,26.199949085717645
53,2657,29.87847536801825
53,2658,23.02843272686463
53,2659,24.695793092246966
53,2660,22.786387503143565
53,2661,19.62577566504869
53,2662,21.13567158579496
53,2663,17.812647968534197
53,2664,16.802888810631988
53,2665,17.45733574033131
53,2666,12.62410372495454
53,2667,12.813840508458995
54,2689,30.751062333579025
54,2690,33.28575253487296
54,2691,35.01608312129427
54,2692,28.24742674827134
54,2693,29.603744745260407
54,2694,26.221937835212422
54,2695,25.642417073254922
54,2696,21.290671080347547
54,2697,20.47892197966983
54,2698,19.56078171729736
54,2699,20.015386641029526
54,2700,17.39407449960437
54,2701,17.84598782658298
54,2702,17.88684055209516
54,2703,15.173496454951776
54,2704,11.711334586145822
54,2705,13.053105622527944
55,2775,25.727617442603858
55,2776,31.682298481459437
55,2777,34.92869675160149
55,2778,32.38302826880902
55,2779,27.05657154322209
55,2780,26.795453131194694
55,2781,23.209379911427348
55,2782,23.446489870544585
55,2783,21.623078584675323
55,2784,19.250240921971173
55,2785,19.97041404246972
55,2786,30.96480756998678
55,2787,8.206245973704963
55,2788,16.164016127589584
55,2789,15.50658658146616
55,2790,15.021396428349624
55,2791,12.202225774524688
55,2792,9.857584163545022
56,2791,30.136525332922993
56,2792,34.89697158336094
56,2793,34.23034876585688
56,2794,34.53985959290919
56,2795,30.836887657648496
56,2796,28.725860416884704
56,2797,24.48182523251067
56,2798,26.135592162605015
56,2799,21.43296495080421
56,2800,20.908512622114728
56,2801,21.697084754702036
56,2802,19.602715373043146
56,2803,17.184375375506576
56,2804,18.299959748987025
56,2805,15.575593113896797
56,2806,14.423686265948303
56,2807,14.477805197236659
56,2808,13.67605671286855
56,2809,11.035597622392837
57,2845,27.363054156308852
57,2846,32.94633239507161
57,2847,33.81707131863313
57,2848,30.309779942030936
57,2849,30.869715213781774
57,2850,29.59878534078135
57,2851,27.66463369130656
57,2852,25.64633041620765
57,2853,24.449794292446132
57,2854,20.502985417846947
57,2855,22.17289656400334
57,2856,19.76903781295216
57,2857,17.32133969664303
57,2858,18.388380110267484
57,2859,15.769143998620429
57,2860,16.972974389788835
57,2861,16.312108933928876
57,2862,15.321110486981858
57,2863,10.737687349321595
57,2864,10.848776400087567
58,2896,32.22116500138733
58,2897,35.57109117508642
58,2898,30.735239982600177
58,2899,34.6679350733826
58,2900,28.41969162225279
58,2901,30.05959153174884
58,2902,20.6919363141101
58,2903,53.436668515197034
58,2904,27.328448295598697
58,2905,22.063862085338958
58,2906,19.127590209249487
58,2907,20.498130619522705
58,2908,17.01280921697955
58,2909,13.469358980653565
58,2910,14.59464758634339
58,2911,15.043547451499117
58,2912,14.180427342651058
58,2913,13.524435460570166
58,2914,12.501904964445067
58,2915,10.467963069679437
58,2916,8.038462400435145
58,2917,11.975077539680516
59,2934,29.02541220187687
59,2935,32.314851880068495
59,2936,30.46718001366268
59,2937,31.611163616175478
59,2938,25.12657195330166
59,2939,24.93051588534919
59,2940,25.386502146725938
59,2941,23.570992648597848
59,2942,19.178718477484566
59,2943,18.436808735135884
59,2944,18.60607758164115
59,2945,18.075301945213102
59,2946,15.803493708369645
59,2947,16.030898094180433
59,2948,14.54038783907663
59,2949,12.05121874809505
59,2950,13.552085012195377
59,2951,12.258667498825064
60,2977,29.155048727995
60,2978,29.527328610415612
60,2979,27.200134098535226
60,2980,31.26562267541397
60,2981,25.666446983819345
60,2982,25.32889634370408
60,2983,21.520117968325128
60,2984,23.43275964259735
60,2985,19.310654997822606
60,2986,19.039051830772376
60,2987,15.95935687422503
60,2988,17.423641830686222
60,2989,16.451105028388316
60,2990,14.196551442149126
60,2991,17.008666545150003
60,2992,14.671086519954297
60,2993,14.079062640669763
60,2994,10.957694873212056
60,2995,10.530642271043964
61,3002,28.842241466051117
61,3003,33.37389796971753
61,3004,30.377964377409302
61,3005,30.16656070947176
61,3006,24.271143078808844
61,3007,35.6101763248388
61,3008,16.99682727456431
61,3009,21.75377056002277
61,3010,20.7864654064146
61,3011,19.090764820579512
61,3012,62.13755071162207
61,3013,42.50120580197226
61,3014,37.6727655529917
61,3015,14.37409222126293
61,3016,3.8083783909672504
61,3017,9.822400957344428
61,3018,10.504052862527075
61,3019,10.580049231646793
61,3020,11.638965904714992
62,3010,13.044000864028437
62,3011,26.886278092866526
62,3012,56.58845186232636
62,3013,35.622391104705265
62,3014,34.58906203507836
62,3015,26.30817621946858
62,3016,40.48056095837914
62,3017,25.04477262496557
62,3018,20.923640280966154
62,3019,22.65522480010632
62,3020,19.878657013181826
62,3021,18.331678211686132
62,3022,17.334538847211473
62,3023,17.435558885333197
62,3024,15.721045285466461
62,3025,15.743126571175974
62,3026,14.082674235103314
62,3027,14.46708172560026
62,3028,12.520507425067853
62,3029,12.115444242956665
62,3030,10.860198587177486
62,3031,9.752498567106281
62,3032,11.081825494764503
63,3039,30.737372338767017
63,3040,34.35937106610028
63,3041,29.263262450690465
63,3042,30.021949410433844
63,3043,27.37060725689479
63,3044,26.364234387870482
63,3045,25.131155848508115
63,3046,23.109684884544574
63,3047,20.640781223778063
63,3048,19.0687143802613
63,3049,17.080180943015637
63,3050,16.1630907654737
63,3051,18.25948387384129
63,3052,14.47951376438429
63,3053,14.402471333739891
63,3054,14.865584224465467
63,3055,11.147100403903172
63,3056,11.575239300730146
64,3054,27.07731842995229
64,3055,28.628447949881846
64,3056,32.007417082792934
64,3057,39.88586694001528
64,3058,27.175455093389196
64,3059,27.40888506173659
64,3060,26.29804551600999
64,3061,21.8877455592199
64,3062,22.4238708615268
64,3063,19.34087276459125
64,3064,19.73762512206723
64,3065,18.139685690406594
64,3066,21.743905395265994
64,3067,15.298252701756947
64,3068,16.87535539269783
64,3069,15.985102057454473
64,3070,14.137408733370732
64,3071,13.968774229285918
64,3072,13.087805360558253
64,3073,10.613859817384014
64,3074,9.99612495303353
65,3079,25.627415478234624
65,3080,27.334837317462465
65,3081,28.392633497720645
65,3082,30.37885218858244
65,3083,24.01122361422063
65,3084,24.35407429933167
65,3085,21.830340921875404
65,3086,21.782743781809373
65,3087,20.626953095194455
65,3088,18.060662448409815
65,3089,16.70160323381163
65,3090,16.66956558823917
65,3091,15.883832573888203
65,3092,16.274755150077183
65,3093,14.819291979077427
65,3094,15.268123447892664
65,3095,14.729412496092865
65,3096,13.769634962079758
65,3097,11.831096559765308
65,3098,9.314425438641045
65,3099,11.882302612068633
66,3096,28.941955268378507
66,3097,30.92480778694768
66,3098,30.742707252497638
66,3099,29.907408356672512
66,3100,26.25086277722902
66,3101,22.787709832187907
66,3102,22.148127704863185
66,3103,20.651767551895727
66,3104,21.02913960814894
66,3105,23.339847922321486
66,3106,18.168329000476636
66,3107,13.349615782497228
66,3108,12.176896333696881
66,3109,35.15755087136673
66,3110,1.3677112665025242
66,3111,10.869196057321805
66,3112,10.222184211014103
66,3113,10.602329000832759
66,3114,10.066308975218154
67,3095,22.364348620180767
67,3096,27.732456028457122
67,3097,33.97258847952565
67,3098,28.512410223479584
67,3099,32.78304219246563
67,3100,26.81721657514153
67,3101,28.85386884212043
67,3102,22.82377213240124
67,3103,22.84709393977762
67,3104,21.439521610741114
67,3105,24.777554869647922
67,3106,22.032897323374364
67,3107,13.66865918040062
67,3108,13.621110320093958
67,3109,15.650507211682735
67,3110,15.705511271951128
67,3111,14.474465847018262
67,3112,15.470716059205499
67,3113,13.84772345423974
67,3114,12.135163843629847
67,3115,10.173658356072544
67,3116,11.836766749618588
68,3106,4.803962074221137
68,3110,1.2529896665363658
68,3111,31.284628808504607
68,3112,25.76772451400354
68,3113,32.7438122034138
68,3114,29.751722216601493
68,3115,26.954371333127614
68,3116,27.067662477489055
68,3117,23.413176834579623
68,3118,22.877638936047337
68,3119,21.21470823883679
68,3120,19.426943510774663
68,3121,16.040417253968595
68,3122,17.38252356648791
68,3123,16.24946862458929
68,3124,16.757222861054895
68,3125,16.948872059581014
68,3126,16.687473356721178
68,3127,13.589760661127887
68,3128,11.556678414342981
68,3129,7.900256216527604
69,3145,31.248794496065635
69,3146,34.171329438681035
69,3147,33.2806992530889
69,3148,32.03618645667529
69,3149,27.976799905305707
69,3150,26.710461974139807
69,3151,25.826765298839344
69,3152,22.08397597074948
69,3153,20.349524170157114
69,3154,21.255075484518468
69,3155,20.241217911240273
69,3156,20.45197919011523
69,3157,15.948772877452264
69,3158,15.587507486346485
69,3159,17.877703607079575
69,3160,10.893437191842285
70,3150,30.10970324277407
70,3151,35.01783728599001
70,3152,27.080435156827594
70,3153,31.513541936869466
70,3154,24.447525143628216
70,3155,30.904023349280298
70,3156,21.414068788294284
70,3157,29.892986118788812
70,3158,21.50363579392861
70,3159,17.84205436706264
70,3160,21.509928256269905
70,3161,19.166128188375474
70,3162,17.13663473725051
70,3163,17.159693688157635
70,3164,14.635134190318682
70,3165,14.973746985200048
70,3166,14.665278196332547
70,3167,12.353203296659446
70,3168,8.464384451510206
70,3169,10.03552056848846
71,3165,26.012207865720203
71,3166,31.335673928255904
71,3167,29.298852682109068
71,3168,29.549813568597948
71,3169,24.65915143489452
71,3170,25.368397235875406
71,3171,23.29046308993929
71,3172,23.85185211897371
71,3173,21.50962650775573
71,3174,19.48581665754706
71,3175,18.18787559866621
71,3176,16.55844971537331
71,3177,16.563985794785935
71,3178,17.91455313563067
71,3179,14.315613359215723
71,3180,15.929832458493603
71,3181,10.70160023868297
71,3182,11.10007524490183
71,3183,8.906391710044725
72,3214,28.12335312367045
72,3215,42.289641201504544
72,3216,19.907767027620462
72,3217,34.51382875440739
72,3218,26.022958159451893
72,3219,24.95558381081124
72,3220,20.09017869829104
72,3221,22.29900330305543
72,3222,17.12586298585279
72,3223,15.636110454800857
72,3224,12.983197867863689
72,3225,21.46378353238533
72,3226,17.148579955104424
72,3227,15.599715560666686
72,3228,13.630567789080471
72,3229,9.282407909633577
72,3230,14.743506163361621
72,3231,11.035620421165543
73,3217,9.171271249650475
73,3218,32.57726579905205
73,3219,30.730929672724162
73,3220,32.8663945197891
73,3221,31.268548965460326
73,3222,29.93189692497849
73,3223,27.66963869333818
73,3224,18.652174025764463
73,3225,29.399634003645073
73,3226,25.76788544655359
73,3227,19.859681725491853
73,3228,19.659366309646703
73,3229,14.960091859105226
73,3230,16.456909328702388
73,3231,18.21010440587066
73,3232,16.02238208055815
73,3233,16.572032421830613
73,3234,15.862869769326679
73,3235,17.6924689114129
73,3236,12.738803029062899
73,3237,11.388957202436805
74,3266,37.153715193279034
74,3267,34.051120877248515
74,3268,35.60294240713828
74,3269,31.802316606051093
74,3270,30.85863769052834
74,3271,27.78112471104221
74,3272,25.161255598073247
74,3273,23.415526449684986
74,3274,20.972315669049024
74,3275,21.06497257948341
74,3276,21.187347024683397
74,3277,16.593314409247494
74,3278,17.91059419513105
74,3279,17.185408025983413
74,3280,17.73004129529352
74,3281,16.69347882269959
74,3282,11.829876154663532
74,3283,10.625621303918091
75,4308,2.5983162224297924
75,4309,6.019463762637874
75,4310,8.562765866519726
75,4311,9.294768199326457
75,4312,8.528565019370822
75,4313,7.229207083579181
75,4314,8.684600517155468
75,4315,8.420802578331715
75,4316,7.3043545335545765
75,4317,8.489954620595404
75,4318,11.555386930706415
75,4319,8.9801189303416
75,4320,9.349161386485084
75,4321,9.557405412199014
75,4322,9.54084478318881
75,4323,10.247043594720019
75,4324,9.082667827601556
75,4325,9.063880294563189
75,4326,8.643833622338109
75,4327,9.068220108742842
75,4328,9.089378044011017
75,4329,6.783596277238288
75,4330,11.699712574484293
75,4331,9.72326315938929
75,4332,7.231201976539143
75,4333,8.491030856968662
75,4334,5.071219056842117
75,4335,10.982823148371974
75,4336,11.050177440049463
75,4337,12.140312343838247
75,4338,6.853402778502773
75,4339,9.149122908713254
75,4340,5.881697461010196
75,4341,6.04102469980837
75,4342,6.417019441720541
75,4343,7.393143698574583
75,4344,8.44007760286499
75,4345,9.518004432315726
75,4346,10.013346746565905
75,4347,5.924221202732311
75,4348,6.000892817975285
75,4349,6.178874149915396
75,4350,6.141271591187745
75,4351,6.2687093764556
75,4352,6.292357742783189
75,4353,5.520539358259346
75,4354,6.829659864307809
75,4355,7.189167067409992
75,4356,7.541118487711864
75,4357,7.064440995456193
75,4358,5.621762573720143
75,4359,5.072111226615696
75,4360,3.8999231904752865
75,4361,5.176770687104301
75,4362,6.421392112971629
76,4373,13.559292107823207
76,4374,11.579321622842588
76,4375,12.175823450090924
76,4376,12.373545169832784
76,4377,11.73369616269465
76,4378,10.968077033760347
76,4379,11.799289584162198
76,4380,11.454369574787512
76,4381,9.411741346116019
76,4382,12.05231040716411
76,4383,9.839167445900014
76,4384,11.207858473056781
76,4385,8.90046000480829
76,4386,8.236277997495383
76,4387,7.974289208652175
76,4388,9.857950955624306
76,4389,12.124739438297777
76,4390,9.322244748475022
76,4391,7.7472831308857115
76,4392,9.862305521959982
76,4393,6.957951262594654
76,4394,8.689057677985966
76,4395,9.832726120943763
76,4396,7.380892038346806
76,4397,6.11100353300693
76,4398,7.82800421118892
76,4399,6.693307757374201
76,4400,5.69294370710963
76,4401,7.906590253116273
76,4402,8.260840326543397
76,4403,6.606825292111758
76,4404,6.959932073952152
76,4405,6.173682063819206
76,4406,5.988582819697177
76,4407,5.581819117070355
76,4408,8.002211675049468
76,4409,7.629687041040333
76,4410,7.510733753444259
76,4411,5.390496142209649
76,4412,7.076377496124722
76,4413,6.847996115681005
76,4414,6.515115201474533
76,4415,4.851089492441188
76,4416,5.01544117927651
76,4417,6.280631795522337
76,4418,4.84968770295478
77,4388,4.157726392147798
77,4389,10.239822417499672
77,4390,13.591041415932498
77,4391,10.800430923702482
77,4392,10.652124881738935
77,4393,11.170191541316347
77,4394,10.761819183828587
77,4395,11.508834511035753
77,4396,11.737065017225694
77,4397,8.259485810996745
77,4398,9.298613145949306
77,4399,10.043269470328916
77,4400,10.159593522550697
77,4401,11.175015494229633
77,4402,6.693839505311403
77,4403,8.82357113063511
77,4404,9.669447317721383
77,4405,9.918242320420331
77,4406,9.70178201794128
77,4407,7.542323470117163
77,4408,9.003283828498724
77,4409,6.472455337640312
77,4410,8.070799782873806
77,4411,11.70128434896702
77,4412,6.807250007988377
78,4388,9.17644456028469
78,4389,13.303005695345664
78,4390,16.858713626864926
78,4391,22.051629871134377
78,4392,16.79212510584926
78,4393,17.98787936568618
78,4394,15.809394568208026
78,4395,17.130552828303156
78,4396,15.99567934871038
78,4397,17.090476602319303
78,4398,12.546543627979867
78,4399,12.841618806117165
78,4400,14.556407332423246
78,4401,12.167530059816874
78,4402,12.647654861205307
78,4403,12.776914536955514
78,4404,12.041282504799376
78,4405,11.231227219107002
78,4406,11.125269234174759
78,4407,9.822712093593644
78,4408,9.499910920860273
78,4409,12.942705899470383
78,4410,12.10507884621861
78,4411,11.820107549431292
78,4412,9.080815762283224
78,4413,6.64805956184524
78,4414,10.05493238568506
78,4415,9.946123212577891
78,4416,9.38320532441326
78,4417,9.651918411249945
78,4418,8.977740481497642
78,4419,9.12440031767073
78,4420,7.886053249235887
78,4421,10.549398958685114
78,4422,5.433665961028226
78,4423,6.339861005545924
78,4424,5.952405855056578
79,4436,13.944744318726453
79,4437,13.010284155609812
79,4442,10.705524444579165
79,4443,9.07966241240682
79,4446,9.855498969554528
79,4447,10.629604384305209
79,4448,10.659383609893059
79,4449,6.128082498904908
79,4450,9.947973936798167
79,4451,6.112479418517375
79,4452,13.217020779841338
79,4453,8.774609416724998
79,4454,6.267603635789211
79,4455,10.819986239077814
79,4456,7.023704275485261
79,4457,8.413712829353098
79,4458,10.90683951974132
79,4459,10.597002133721652
79,4480,6.952319996697769
79,4484,4.619163572787516
79,4485,3.7029943987734537
79,4486,5.702128261328878
79,4487,5.167025215924815
79,4488,10.913404226297517
79,4489,2.7981513552373256
80,4448,16.949030309918918
80,4449,14.77919429539878
80,4450,12.294626533987584
80,4451,11.725982129576154
80,4452,14.294497668735822
80,4453,13.534218817951988
80,4454,12.271159887316283
80,4455,13.272767812016268
80,4456,15.872185081235394
80,4457,11.475723981859582
80,4458,10.216096267106181
80,4459,9.483869969839967
80,4460,11.637492030861308
80,4461,11.096687614919963
80,4462,9.700617939235709
80,4463,9.683371335263066
80,4464,10.019051134588327
80,4465,8.794007822872958
80,4466,11.918515115978705
80,4467,7.5162919610700305
80,4468,8.624528422953414
80,4469,9.46656368673036
80,4470,6.994102075692414
80,4471,9.979137852789957
80,4472,8.817812427880133
80,4473,6.505730152131421
80,4474,8.952653780574988
80,4475,51.44966125489305
80,4476,19.146586954597467
80,4477,31.629834473116908
80,4478,21.047811806206123
80,4479,12.57275685668242
80,4480,17.160397768024044
80,4481,0.8493157848711438
80,4482,3.5899785161025513
80,4483,8.185776025058468
80,4484,6.032180115577472
80,4485,5.123992525042123
80,4486,4.030423723162023
80,4487,3.99053625762542
81,4463,16.40482351183052
81,4464,15.218357741835762
81,4465,18.796114772561953
81,4466,17.694318294528667
81,4467,20.852319002140824
81,4468,18.117273151878145
81,4469,17.18651711941107
81,4470,17.598739117374954
81,4471,13.296681046488548
81,4472,17.79315099120494
81,4473,20.81384137273249
81,4474,13.545846194021925
81,4475,13.896811902525805
81,4476,13.274818360808153
81,4477,13.612340837710093
81,4478,12.692597955467843
81,4479,12.918733656408973
81,4480,7.687247917057614
81,4481,14.799414128057538
81,4482,13.46363916993409
81,4483,11.096169948580089
81,4484,10.50415679811894
81,4485,12.901689559223836
81,4486,8.660189062358672
81,4487,3.8474950566895516
81,4488,14.849474877111467
81,4489,6.949989795686197
81,4490,10.075286328794578
81,4491,9.620917439462668
81,4492,10.566898360843021
81,4493,8.910602778198108
81,4494,7.554115131498886
82,4489,15.03430187702478
82,4490,15.043707042935504
82,4491,16.192911565307025
82,4492,16.969694048157596
82,4493,14.690946936610283
82,4494,13.512113392355747
82,4495,18.06560978292495
82,4496,15.543248355391734
82,4497,12.995093464853964
82,4498,12.569561004641173
82,4499,13.527713119976752
82,4500,11.469127088787452
82,4501,14.35315221548366
82,4502,10.097331404680808
82,4503,10.905155763032221
82,4504,11.241299584510179
82,4505,9.26324084401315
82,4506,11.805575340980212
82,4507,9.426812008025138
82,4508,10.811840370299583
82,4509,8.623546063895581
82,4510,8.197219669820509
82,4511,9.109831228854086
82,4512,9.770464673640289
82,4513,7.904402241106759
82,4514,10.518666207792467
82,4515,9.087479710580727
82,4516,8.641260713340571
82,4517,8.447140529747456
82,4518,7.487403899432719
82,4519,9.926691278817245
82,4520,5.4874237999291955
82,4521,4.656979031861755
82,4522,7.077058777214504
82,4523,5.078928396106777
83,4554,20.933019965891233
83,4555,21.99615508318385
83,4556,20.846313536156483
83,4557,19.456414282325802
83,4558,18.73517632484809
83,4559,19.9212545156377
83,4560,17.741144299510673
83,4561,15.738679468634874
83,4562,14.445565044882787
83,4563,14.333366900675117
83,4564,14.524019658568411
83,4565,13.75849440694129
83,4566,13.009836226704325
84,4594,37.04907417298101
84,4595,37.93659299610105
84,4596,39.28688675165958
84,4597,33.57648521662427
84,4598,30.061777532106657
84,4599,29.481629133209402
84,4600,29.33996558189976
84,4601,23.397630751137623
84,4602,26.424128115163636
84,4603,21.89969614148576
84,4604,19.906364232305673
84,4605,19.236651510004055
84,4606,17.713651657095433
84,4607,18.279332220557986
84,4608,14.909600615504372
84,4609,11.802413016551656
84,4610,14.304912686350807
86,4734,32.47167795894869
86,4735,38.300539255149836
86,4736,33.68490278721526
86,4737,30.923461318022206
86,4738,30.840471088870487
86,4739,29.3230623006879
86,4740,24.13632988930229
86,4741,26.06474697590393
86,4742,21.853556781996037
86,4743,19.83152389526762
86,4744,20.73035225272591
86,4745,18.16866964100862
86,4746,25.161199271683934
86,4747,8.90142895281492
86,4748,14.255554676058745
86,4749,18.55842143296246
86,4750,14.970429092648622
86,4751,13.475263863804637
86,4752,9.82380442320798
86,4753,10.647913813593123
87,4786,29.917083084589237
87,4787,31.630751788622472
87,4788,28.379882276043677
87,4789,29.222538471227736
87,4790,24.36866819859036
87,4791,25.670920908456186
87,4792,24.65565651653936
87,4793,23.238672316078997
87,4794,19.55083340406807
87,4795,17.243774235239744
87,4796,17.889359146360142
87,4797,15.227703899148159
87,4798,16.1206340789827
87,4799,14.6757723390981
87,4800,14.805740118029679
87,4801,13.842415362599267
87,4802,12.045423835509814
87,4803,10.509513840081398
87,4804,11.531523317100913
87,4805,11.07529163360816
88,4796,26.62962287664943
88,4797,35.522304475314534
88,4798,35.561263561255856
88,4799,27.189657390103736
88,4800,29.384962320333603
88,4801,24.756692647938884
88,4802,23.28014463185073
88,4803,22.318112701182038
88,4804,19.394909888509794
88,4805,21.08626395464363
88,4806,18.047782480707472
88,4807,16.430694758895328
88,4808,16.418490707877567
88,4809,16.19004026054508
88,4810,16.192463636401538
88,4811,13.265096694233673
88,4812,13.178059011700391
88,4813,11.677839159959541
89,4833,26.803038418298332
89,4834,30.35981923340198
89,4835,26.048216521745143
89,4836,27.47586518526624
89,4837,23.454356789593593
89,4838,25.232741832720247
89,4839,20.93498200178563
89,4840,23.250382840638018
89,4841,19.69648674130832
89,4842,18.53132173418051
89,4843,17.103832662108964
89,4844,15.102849751713897
89,4845,16.408141404381944
89,4846,15.799664855006501
89,4847,16.02646708488783
89,4848,12.858184129002268
89,4849,11.78077965974205
89,4850,14.990223795178537
89,4851,9.72499251365855
89,4852,9.940953254694621
90,4878,32.76986181736645
90,4879,41.31581425667631
90,4880,33.807176649577194
90,4881,25.547276437269492
90,4882,28.852691352373146
90,4883,23.720378279690696
90,4884,21.806899756182005
90,4885,21.81089490652518
90,4886,19.121584743265142
90,4887,21.898662149910518
90,4888,17.30280026792595
90,4889,17.62095451355331
90,4890,16.849607527259362
90,4891,16.413575559857772
90,4892,16.82847440241906
90,4893,12.299447804691855
90,4894,10.437709093095949
91,4888,25.690919458852974
91,4889,31.883405148989347
91,4890,36.33569777012594
91,4891,34.028338193900204
91,4892,31.6511231660681
91,4893,28.52069556713672
91,4894,27.58538782597137
91,4895,27.133153974996038
91,4896,22.794533371929887
91,4897,19.351842999462164
91,4898,21.487046331171495
91,4899,20.191103517998854
91,4900,17.817050814632147
91,4901,15.523578375581016
91,4902,15.944536328307578
91,4903,16.79663658142424
91,4904,15.18283858895604
91,4905,16.597509384158577
91,4906,11.065858975047172
91,4907,10.508050695063774
92,4906,33.56251090763283
92,4907,26.84882909060059
92,4908,28.368552625184936
92,4909,28.46049338577722
92,4910,21.97336032987078
92,4911,24.24865007400995
92,4912,18.527901917699687
92,4913,22.74504661558895
92,4914,21.369710415605983
92,4915,18.564362525943636
92,4916,14.458571076396005
92,4917,15.605306625358228
92,4918,15.218996107581306
92,4919,16.367166638377583
92,4920,32.09458351133612
92,4921,26.363089084630488
92,4922,8.161738067866997
92,4923,7.658544257284735
92,4924,7.00622700154423
92,4925,9.883012846114218
93,4936,31.064124405390242
93,4937,31.768121123320224
93,4938,34.55552369354388
93,4939,29.2280611395894
93,4940,25.204820036893135
93,4941,26.291774511342513
93,4942,21.753006130445797
93,4943,22.433440983299906
93,4944,20.51269903779438
93,4945,18.699523061504333
93,4946,18.650909364227193
93,4947,18.204866051677513
93,4948,16.01229295134863
93,4949,17.063980400553557
93,4950,13.398741781714243
93,4951,17.23275840282783
93,4952,11.44762918352495
93,4953,10.544780194761467
94,4950,28.870919644838356
94,4951,33.96333485842427
94,4952,34.79226887224325
94,4953,32.91561841965377
94,4954,29.941354393965007
94,4955,30.51594257355343
94,4956,24.296530187117547
94,4957,24.627034664158952
94,4958,22.077941000465973
94,4959,20.696628838766955
94,4960,19.01769876480481
94,4961,20.71940213442261
94,4962,17.641000002626114
94,4963,17.110239118328877
94,4964,15.90155526995975
94,4965,15.508206635716663
94,4966,15.137072056534919
94,4967,13.05399611591625
94,4968,11.247689276935908
94,4969,10.70722684264396
95,4964,28.876002430921577
95,4965,39.7651568055232
95,4966,35.20507693291411
95,4967,28.58800560234515
95,4968,31.921342313295995
95,4969,27.558123171334984
95,4970,23.2026153802753
95,4971,23.4342053532647
95,4972,20.840352326635692
95,4973,18.911154717210717
95,4974,19.26084235309569
95,4975,18.89654338360209
95,4976,19.320182204250365
95,4977,16.30116552113653
95,4978,17.972559928897617
95,4979,11.874622106554487
95,4980,10.864722132684962
96,4968,26.6522017121368
96,4969,29.77704763413068
96,4970,23.236574828612838
96,4971,28.188820481305964
96,4972,23.79221320152756
96,4973,23.80388885736939
96,4974,20.963968634594686
96,4975,19.19612869620705
96,4976,23.438942134385
96,4977,18.288088291874114
96,4978,16.757867932322977
96,4979,15.291260182860555
96,4980,15.455947816374994
96,4981,14.548012018196292
96,4982,13.604602664711798
96,4983,15.259116590026075
96,4984,13.288474827998039
96,4985,12.534330189230552
96,4986,11.214459389450399
96,4987,11.204057782890642
96,4988,9.452438503498964
96,4989,8.692582100631537
97,5006,29.950098395332272
97,5007,39.36608165503332
97,5008,35.52818924189321
97,5009,32.768695056421684
97,5010,31.149297952658173
97,5011,25.34614831209687
97,5012,24.78547275066869
97,5013,23.66369783877116
97,5014,19.359338432554285
97,5015,23.419608771805652
97,5016,24.27490621805674
97,5017,15.999002605668466
97,5018,13.479407876732646
97,5019,16.93939581513742
97,5020,13.709224909536978
97,5021,19.20739129186059
97,5022,13.74039083719527
97,5023,10.69168411195491
97,5024,11.045112758869244
97,5025,10.94582140445927
98,5008,26.28256380558537
98,5009,29.41066592930243
98,5010,29.419723749166618
98,5011,30.765554308897418
98,5012,28.973471224313776
98,5013,25.56974261997822
98,5014,21.43728196621368
98,5015,18.332842290405107
98,5016,24.71642196178928
98,5017,18.805114924898064
98,5018,17.3440352082287
98,5019,18.202637135986137
98,5020,16.258604228488235
98,5021,17.35142603516924
98,5022,15.551466643813368
98,5023,14.8817807436019
98,5024,14.493073672048784
98,5025,11.809080988171067
98,5026,8.848239406945082
98,5027,11.734296977513987
99,5063,28.24140787123189
99,5064,29.929525852209323
99,5065,27.604385912423858
99,5066,29.521883726125868
99,5067,22.924542725074485
99,5068,25.354109108453073
99,5069,21.296097189192242
99,5070,22.535153031337654
99,5071,19.80141207576192
99,5072,18.31235021353132
99,5073,17.252929955724337
99,5074,17.91381150483169
99,5075,16.131019592288368
99,5076,16.229959577325236
99,5077,14.660434126846441
99,5078,15.048572570088519
99,5079,11.860540509226299
99,5080,14.02551904320996
99,5081,10.600422620767892
99,5082,10.129840448500742
100,5076,29.72759306431408
100,5077,33.25197011230675
100,5078,33.914073407656744
101,5109,29.169221520408964
101,5110,34.611335098750324
101,5111,36.40127509833106
101,5112,28.05095762014947
101,5113,29.69457775352866
101,5114,23.92211794853686
101,5115,25.29962003231552
101,5116,22.694843709473357
101,5117,20.148636102666085
101,5118,21.19291394949381
101,5119,18.270346820358096
101,5120,16.809053868046746
101,5121,17.663163095716175
101,5122,16.899849325421837
101,5123,13.837115317585837
101,5124,13.411896675818257
101,5125,10.612357109787192
101,5126,12.680930346253056
102,5135,29.68699514866466
102,5136,33.003712892538914
102,5137,30.120665431028637
102,5138,32.32972741125361
102,5139,26.13579332829042
102,5140,25.841045379643813
102,5141,22.966138422493735
102,5142,24.834216535078696
102,5143,20.45172840357234
102,5144,20.658459663395224
102,5145,18.23617681859991
102,5146,17.595043033364938
102,5147,16.816672682765493
102,5148,16.954955309632815
102,5149,13.79734888672123
102,5150,16.006539613011686
102,5151,14.686900824311317
102,5152,11.00108161568079
102,5153,11.14747658372147
104,5221,30.686217248445896
104,5222,28.547136783605534
104,5223,29.75800395012494
104,5224,26.882182359681682
104,5225,24.537389874463194
104,5226,23.140109181408718
104,5227,20.159017592658223
104,5228,25.765981078153015
104,5229,19.50575485825927
104,5230,17.664222568277058
104,5231,16.58825576304541
104,5232,17.15870797634466
104,5233,15.251181274655515
104,5234,14.25310045479999
104,5235,14.465280622246759
104,5236,13.457254171374139
104,5237,14.83426943421659
104,5238,11.91549360751496
104,5239,9.941547363998483
104,5240,10.090157836677653
105,5223,28.963074982172053
105,5224,31.865144669993313
105,5225,33.19510996342366
105,5226,32.13035076857253
105,5227,30.612944662555293
105,5228,30.92309653759618
105,5229,25.00246077776453
105,5230,26.56630933285288
105,5231,25.18800795076989
105,5232,18.613799661401636
105,5233,21.002186089758283
105,5234,19.768191575993914
105,5235,18.677476644519707
105,5236,16.04419380426726
105,5237,16.16361916065538
105,5238,16.07813045381677
105,5239,14.738471657040668
105,5240,16.609899848702877
105,5241,11.146337315442395
105,5242,11.075299680227337
106,5290,27.746553719049253
106,5291,28.49207639694781
106,5292,25.773858726011444
106,5293,28.316195905214222
106,5294,21.576719284061912
106,5295,23.738746047007815
106,5296,21.182536482815188
106,5297,19.587947130207144
106,5298,19.57189410925301
106,5299,17.535354495039552
106,5300,15.939171910289122
106,5301,15.52652209997486
106,5302,15.855335444203849
106,5303,13.740740865471713
106,5304,13.528765887024711
106,5305,28.373013138776702
106,5306,3.004736602304829
106,5307,9.480194672944048
106,5308,10.966902226211824
106,5309,8.66500765084777
106,5310,9.370441362263637
107,5297,30.126990079885754
107,5298,30.052545368677396
107,5299,30.321860611423237
107,5300,32.937250435358884
107,5301,29.96377766132951
107,5302,27.902449071393047
107,5303,25.1626878976872
107,5304,24.320055842404436
107,5305,25.452004373078644
107,5306,21.444998681534287
107,5307,19.447943866256768
107,5308,18.85949805379289
107,5309,19.617475569238163
107,5310,15.54035693407368
107,5311,16.17347627878511
107,5312,14.257188141348815
107,5313,14.730702638618563
107,5314,14.089869260790767
107,5315,13.981945216658513
107,5316,10.918626487257269
107,5317,10.983861163252934
108,5321,26.50215893984368
108,5322,25.818823277955424
108,5323,26.58692479134135
108,5324,25.405379533754704
108,5325,28.04854363203607
108,5326,23.751542866234736
108,5327,20.87154775856858
108,5328,20.03856226802271
108,5329,18.888441771272603
108,5330,17.952822893861526
108,5331,17.223937958470117
108,5332,14.539580494168314
108,5333,16.449999958280024
108,5334,14.972243607036559
108,5335,13.887261897328278
108,5336,12.569599896671889
108,5337,34.2461657524177
108,5338,2.3151745274651128
108,5339,6.62801407277716
108,5340,11.359452903272983
108,5341,8.535769432784825
108,5342,10.795369595283708
109,5351,25.632278323178625
109,5352,28.472391664967276
109,5353,27.956806719308695
109,5354,28.381569385534213
109,5355,27.149198949342406
109,5356,24.371827840792587
109,5357,22.91153669357756
109,5358,22.448607534174617
109,5359,22.233907431352687
109,5360,18.368762433532556
109,5361,17.452621757987636
109,5362,17.646149843934708
109,5363,16.662206947794974
109,5364,14.72305029630954
109,5365,14.904312640431508
109,5366,14.208779633048023
109,5367,13.940291851751825
109,5368,12.011919021608836
109,5369,13.337620943787368
109,5370,10.476630628103617
110,5360,39.40690487623999
110,5361,37.83112049103536
110,5362,32.058341503149684
110,5363,32.00098782776149
110,5364,30.59303730726851
110,5365,29.36870545149434
110,5366,24.22731041908746
110,5367,25.09862333534864
110,5368,23.06116372347337
110,5369,20.203797072176183
110,5370,21.773467361915895
110,5371,18.42272043228516
110,5372,16.20430424809778
110,5373,18.916900008920617
110,5374,16.77691563963032
110,5375,13.828843384983907
110,5376,14.788889139893612
110,5377,14.09457653760189
110,5378,9.70808319747641
110,5379,10.255815759303227
111,5433,24.971728026871883
111,5434,33.980820178968216
111,5435,44.01172667742651
111,5436,31.25970840454724
111,5437,34.02160853148183
111,5438,26.46364510058003
111,5439,21.46685063839386
111,5441,21.813476532702015
111,5442,14.717805236570458
111,5443,19.98707592487733
111,5444,16.324477940801057
111,5445,15.631122887126555
111,5446,11.379502415659308
111,5452,12.292426228522789
113,5443,8.499218970535857
113,5444,6.932076662780234
113,5445,6.418787688013608
113,5449,4.649774618446926
113,5450,31.961739063269295
113,5451,34.96849268675546
113,5452,38.287240862826785
113,5453,35.78405052424189
113,5454,33.736870586878815
113,5455,29.593259990221192
113,5456,31.231038272364856
113,5457,25.915616154675874
113,5458,24.443094134335613
113,5459,23.5173940658449
113,5460,21.269057840113103
113,5461,17.968323379758594
113,5462,18.84873837232965
113,5463,18.13528820871379
113,5464,18.18387776613597
113,5465,16.38413295150129
114,5467,26.906032562242096
114,5468,29.689403772360034
114,5469,24.681153595452454
114,5470,29.018795192226822
114,5471,29.382907748228195
114,5472,22.64758855104897
114,5473,21.882685571913306
114,5474,20.238256752480645
114,5475,21.421029120687933
114,5476,18.70309576392546
114,5477,17.568742632856917
114,5478,17.553629726174986
114,5479,48.74513626099603
114,5480,9.670925885440843
114,5481,9.41094540059085
114,5482,12.182117253544371
114,5483,15.554414391520735
114,5484,11.392452120775117
114,5485,11.588315069677751
114,5486,10.489152520897091
115,5503,45.88874459267576
115,5505,37.349607646472734
115,5506,112.6109790801426
115,5507,25.206528604035622
115,5509,21.9991564750637
115,5510,34.31768953800884
115,5511,33.08896690607729
115,5512,32.16310322285339
115,5513,32.00234234331401
115,5515,25.9326401352934
115,5516,23.858978748326283
115,5517,19.662786126126722
115,5518,23.414029777054676
115,5519,16.76433607936239
115,5521,18.38084980845164
115,5522,17.004927545789286
115,5523,13.739488273861758
115,5524,13.022606223814979
115,5525,13.023323714735715
115,5526,10.26442162692751
116,5528,23.91662478447436
116,5529,28.361651301389617
116,5530,30.89270174503941
116,5531,28.706905245766258
116,5532,23.66979718208784
116,5533,22.474000006918608
116,5534,22.074967771757276
116,5535,20.71279585361893
116,5536,20.000782012943432
116,5537,19.836314320568217
116,5538,16.727922409764318
116,5539,18.170410394672196
116,5540,15.198546946051762
116,5541,15.954744815829592
116,5542,16.121763288966516
116,5543,12.885554730894746
116,5544,15.304822772744362
116,5545,12.96333611010842
116,5546,11.276284307243683
116,5547,9.87966544926363
117,5548,57.00973570347967
117,5549,32.53970950840239
117,5550,35.40622115135898
117,5551,55.07832527161741
117,5552,37.326728403549176
117,5553,28.28094899654951
117,5554,26.491172611718678
117,5555,21.849163323645172
117,5556,20.316103845824337
117,5557,22.69275158644174
117,5558,18.947542905811265
117,5559,18.06137055157691
117,5560,18.678355067972085
117,5561,15.719812810424118
117,5562,15.442059338095877
117,5563,13.856291770927971
117,5564,14.944505542519682
117,5565,10.989811643960278
117,5566,11.176635548474628
118,5552,30.511557161792403
118,5553,28.597575724130596
118,5554,31.617600917822454
118,5555,30.595462024217973
118,5556,25.036337077604838
118,5557,22.133564651016822
118,5558,22.9743620753334
118,5559,23.256401717650913
118,5560,20.64011067152434
118,5561,16.346793919804963
118,5562,17.28533372283326
118,5563,16.939815580836214
118,5564,17.489342540506026
118,5565,16.55388325453134
118,5566,14.656870812180575
118,5567,15.003055483095125
118,5568,11.653150767090255
118,5569,11.105251908304517
119,5595,29.67321127651604
119,5596,31.347990632063425
119,5597,27.003243863587983
119,5598,30.47303527594219
119,5599,25.909527540193654
119,5600,26.15435153246446
119,5601,21.141457110647593
119,5602,22.16586783527194
119,5603,20.848795920614574
119,5604,17.77044877410289
119,5605,16.61506041884753
119,5606,16.651981025925704
119,5607,17.145734131339623
119,5608,14.925141334536661
119,5609,13.67599099873797
119,5610,13.545005321505382
119,5611,12.039009332659255
119,5612,12.91728526354093
119,5613,10.804780796164707
119,5614,10.568968355657773
120,5597,24.829772114758665
120,5598,28.527146279817536
120,5599,29.873934388145422
120,5600,33.76593232155518
120,5601,21.8736438453241
120,5602,27.081875503049346
120,5603,23.136386275296047
120,5604,22.54411160946341
120,5605,20.149574875835615
120,5606,18.806089907874977
120,5607,18.73421072960273
120,5608,15.803175866606995
120,5609,17.223974168291818
120,5610,16.533043831590128
120,5611,14.302065521481499
120,5612,15.439444184306357
120,5613,12.137258648866167
120,5614,13.744556307795397
120,5615,8.596006482841295
120,5616,12.27074682712799
121,5624,26.987936496720813
121,5625,30.9288096427979
121,5626,35.18565773964629
121,5627,35.48581838605973
121,5628,32.19497054815933
121,5629,30.958692133432827
121,5630,24.960948228841026
121,5631,27.609090507016365
121,5632,25.414853096013356
121,5633,18.19403260946636
121,5634,22.793068885791563
121,5635,20.35536065698075
121,5636,18.401419669393388
121,5637,16.93711057305673
121,5638,16.642192304125853
121,5639,16.83851122856475
121,5640,16.677193790677528
121,5641,13.25749263167645
121,5642,11.478638201946108
121,5643,11.273709386589386
122,5678,33.14452081919376
122,5679,39.285508096225925
122,5680,35.98146110773802
122,5681,35.7674127816971
122,5682,33.15685361624424
122,5683,29.881541132932888
122,5684,26.3860622048243
122,5685,26.354854702954768
122,5686,21.607352793221004
122,5687,21.425760537390204
122,5688,21.55645251273006
122,5689,19.289488345388435
122,5690,17.844766080383035
122,5691,17.773003578189574
122,5692,16.96817994116869
122,5693,15.391746461394513
122,5694,15.563190579417464
122,5695,12.259958982461379
123,5975,27.68767386675432
123,5976,27.459734380250673
123,5977,3.897427394984159
123,5978,55.50499498845251
123,5979,15.266990214589296
123,5980,8.544030636550696
123,5981,3.5174556076508647
123,5982,3.1297473236924676
123,5983,3.969893641770676
123,5984,2.2028928995121175
123,5985,4.891867116094609
123,5986,3.2262521982199415
123,5987,3.5943273827440736
123,5988,4.218112640080678
123,5989,2.1080380864445587
123,5990,4.200560599566342
123,5991,3.8008256256587916
123,5992,3.619173020122584
123,5993,2.8475997224455774
123,5994,4.183632172644971
123,5995,3.863845467565467
123,5996,30.69145023823395
123,5997,24.306663572793074
123,5998,8.54151539504698
123,5999,5.604313127693647
123,6000,13.55404436588557
123,6001,11.396676599981667
123,6002,5.968871265646742
123,6003,4.474809430540499
123,6004,4.67787578702066
123,6005,1.7324319295588604
123,6006,1.9588539563109393
123,6007,2.422160636634117
123,6008,5.117545500398701
123,6009,0.4655125038695935
123,6010,1.101668067276697
123,6011,2.142448313534686
123,6012,4.603788815439664
123,6013,1.6512426361433166
123,6014,1.9287651032213233
123,6015,2.752579282969784
123,6016,2.008166033775014
123,6017,1.7535519786170095
123,6018,2.0904513448480952
123,6019,2.028527688235448
123,6020,2.4769482761608805
123,6021,1.240702299401411
123,6022,1.5486727841201526
123,6023,1.0654848162086938
123,6024,0.8513702731575187
123,6025,0.7085083611310938
123,6026,1.484724730253515
123,6027,0.5107401218262683
123,6028,0.5106532853097739
123,6029,0.559897930361442
123,6030,0.5005210312084359
123,6031,0.491938674822198
123,6032,0.7966913469137347
123,6033,0.0
123,6034,0.0
123,6035,0.46581060625622
123,6036,1.4078133925798357
123,6037,0.4766973573715443
123,6038,0.46571450773602746
123,6039,0.7869543414564506
123,6040,0.4587965877727587
123,6041,0.0
123,6042,0.7845767308022539
123,6043,0.9540819469841233
123,6044,0.48080453183511523
123,6045,0.6490122294050115
123,6046,0.4816879425198798
123,6047,0.42657185811557913
123,6048,0.4857477173210157
123,6049,0.0
123,6050,0.0
123,6051,0.0
123,6052,1.052268063648997
123,6053,0.0
123,6054,0.4775741044432875
123,6055,0.4775741044432875
123,6056,1.980879753827035
123,6057,0.48569637816409
123,6058,0.6483615003527501
123,6059,0.48168794251953756
123,6060,0.481660491786993
123,6062,0.0
123,6063,0.48166049178665077
123,6064,1.0173267591746686
123,6065,0.644720611162612
123,6066,0.4933451581747321
123,6067,0.49334515817438157
123,6068,0.481660491786993
123,6069,0.0
123,6070,0.0
123,6071,0.640772525221237
123,6072,0.4858249565587414
123,6073,0.47496775165209687
123,6074,0.9607926663006396
123,6075,0.4858249565587414
123,6076,0.42423292994507644
123,6077,0.4242329299447751
123,6078,0.9715726319702412
123,6079,0.0
123,6080,0.6384743750096638
123,6081,0.48166049178665077
123,6082,0.0
123,6083,0.640772525221237
123,6084,0.9714440535748996
123,6089,0.12813547812402978
123,6090,0.4933451581747321
123,6091,0.0
123,6095,0.10693320888092933
123,6096,0.0
123,6097,0.0
123,6098,0.0
123,6099,0.0
123,6100,0.0
123,6101,0.48569637816409
123,6102,0.0
123,6103,1.0606927145274605
123,6104,0.4775741044432875
123,6105,0.0
123,6106,0.6376719754185991
123,6107,0.0
123,6108,0.42423292994507644
123,6109,1.0606927145267069
123,6110,0.48569637816409
123,6111,0.0
123,6112,0.42773283552386926
123,6113,0.0
123,6114,0.0
123,6115,0.481660491786993
123,6116,0.0
123,6117,0.48166049178665077
123,6118,0.0
123,6119,0.4933451581747321
123,6120,0.9749854914839048
123,6121,1.5009804256263382
123,6122,1.4465402998033063
123,6123,0.9715726319702412
123,6124,0.47496775165175936
123,6125,0.4215942649171595
123,6126,0.4215942649171595
123,6127,0.6101179774847486
123,6128,0.4433674737811971
123,6129,0.0
123,6130,0.0
123,6131,0.0
123,6132,0.4215942649171595
123,6133,0.0
123,6134,0.47496775165175936
123,6135,0.0
123,6136,0.0
123,6137,0.4858249565587414
123,6138,1.0508117079729427
123,6140,0.24667257908736606
123,6141,0.4933451581747321
123,6142,0.48166049178665077
123,6143,0.0
123,6144,0.481660491786993
123,6145,0.0
123,6146,0.0
123,6147,0.481660491786993
123,6148,0.481660491786993
123,6149,1.5076204016796981
123,6150,0.0
123,6151,0.0
123,6152,0.6376719754185991
123,6153,0.6095839245246074
123,6154,1.4054933656009847
123,6155,0.6454355036841127
123,6156,0.0
123,6157,1.0606927145274605
123,6158,0.48569637816409
123,6159,0.42773283552356534
123,6160,0.481660491786993
123,6161,0.481660491786993
123,6169,0.0
123,6170,0.0
123,6171,0.6645267968998682
123,6173,0.21361194318164664
123,6174,1.0556355770671928
123,6175,0.48569637816409
123,6176,0.0
123,6177,1.518335156141935
123,6178,0.4775741044432875
123,6179,0.0
123,6180,0.4775741044432875
123,6181,0.0
123,6182,0.4775741044432875
123,6183,0.4775741044432875
123,6184,0.4242329299447751
123,6185,0.0
123,6186,0.9715726319702412
123,6187,1.0556355770679429
123,6191,0.12333628954366112
123,6192,0.9633483923966725
123,6193,0.9633483923973569
123,6194,0.0
123,6195,1.4451375044874903
123,6196,1.4451375044885173
123,6197,1.0508117079736894
123,6198,0.4857477173210157
123,6199,0.48574771732067057
123,6200,0.9607926663013225
123,6201,0.4215942649171595
123,6202,0.44336747378088204
123,6203,0.0
123,6204,0.0
123,6205,0.4433674737811971
123,6206,0.0
123,6207,0.0
123,6208,0.0
123,6209,0.42159426491686
123,6210,0.47496775165209687
123,6211,0.47496775165209687
123,6212,0.0
123,6213,1.4465402998022785
123,6214,0.42657185811557913
123,6215,0.9634769707920083
123,6216,0.9634769707920083
123,6217,0.0
123,6218,0.0
123,6219,0.4816879425198798
123,6220,0.9541443921620733
123,6221,1.4358315803113455
123,6222,0.0
123,6223,0.0
123,6224,0.42657185811527604
123,6225,0.9715726319702412
123,6226,0.47496775165209687
123,6227,0.42159426491686
123,6228,1.5098694339397574
123,6229,0.48569637816409
123,6230,0.0
123,6231,0.9714440535748996
123,6232,0.4858249565587414
123,6233,0.0
123,6234,0.971572631969551
123,6235,0.48569637816409
123,6236,0.0
123,6237,0.0
123,6238,1.6430642455807865
123,6239,1.1097724456342284
123,6240,0.8116400521250194
123,6241,1.1024530325087118
123,6242,0.6463977461677463
123,6243,0.481660491786993
123,6245,0.24667257908727844
123,6246,0.4933451581747321
123,6247,0.481660491786993
123,6248,1.0541818197818706
123,6249,1.0541818197811217
123,6250,0.481660491786993
123,6252,0.21386641776185866
123,6253,1.4572691358628789
123,6254,0.0
123,6255,0.4858249565587414
123,6256,0.6454355036836541
123,6257,0.6454355036841127
123,6258,0.4857477173210157
123,6259,0.0
123,6260,0.4857477173210157
123,6261,0.4857477173210157
123,6262,0.0
123,6263,0.6384743750092101
123,6264,0.481660491786993
123,6265,0.481660491786993
123,6267,0.24667257908727844
123,6269,0.24667257908736606
123,6270,0.49334515817438157
123,6271,0.0
123,6272,0.4272238863632933
123,6274,0.332263398449816
123,6278,0.16613169922493753
123,6279,0.9788366407157937
123,6280,0.6430373573677031
123,6281,0.9674557764078198
123,6282,1.5098694339397574
123,6283,0.6430373573677031
123,6284,0.6430373573672462
123,6285,0.0
123,6286,0.0
123,6287,0.0
123,6288,0.4856963781637449
123,6289,0.0
123,6290,0.6520350789652571
123,6294,0.12041512294672688
123,6295,0.0
123,6296,0.481660491786993
123,6297,0.481660491786993
123,6298,0.0
123,6300,0.24667257908727844
123,6301,0.4933451581747321
123,6302,0.664526796899396
123,6303,0.49315166194001714
123,6305,0.0
123,6306,0.4856963781637449
123,6307,0.9715726319702412
123,6308,0.4858249565587414
123,6309,0.4858249565583963
123,6310,0.4858249565587414
123,6311,0.9714440535755898
123,6314,0.0
123,6316,0.32033869531012
123,6318,0.0
123,6319,0.4933451581747321
123,6320,0.0
123,6321,0.4933451581747321
123,6322,0.4933451581747321
123,6323,0.0
123,6324,0.49334515817438157
123,6327,0.21355913020669604
123,6329,0.24657583097000857
123,6330,0.49315166194001714
123,6333,0.16189879272132499
123,6334,0.4856963781637449
123,6335,1.5183351561430138
123,6336,0.4775741044432875
123,6337,0.6376719754190522
123,6338,0.0
123,6339,0.9715726319702412
123,6340,0.42657185811557913
123,6341,0.481660491786993
123,6342,0.48166049178665077
123,6343,0.0
123,6344,0.9749854914845977
123,6345,0.49334515817438157
123,6346,0.0
123,6347,0.0
123,6348,0.0
123,6349,0.0
123,6350,0.9633483923973569
123,6351,0.9633483923973569
123,6356,0.08554656710474955
123,6357,1.4572691358628789
123,6358,0.47496775165209687
123,6359,0.0
123,6360,1.515186242759529
123,6361,1.0678930208089092
123,6362,0.0
123,6363,0.4242329299447751
123,6364,1.0606927145274605
123,6365,0.4857477173210157
123,6366,1.0508117079736894
123,6367,0.0
123,6368,0.0
123,6372,0.0
123,6373,1.4451375044885173
123,6374,1.4451375044874903
123,6375,0.481660491786993
123,6376,0.481660491786993
123,6377,0.9633483923966725
123,6378,0.4816879425198798
123,6379,0.6520350789652571
123,6380,0.49315166194001714
123,6382,0.7322903349994468
123,6383,0.0
123,6384,0.48574771732067057
123,6385,1.0606927145274605
123,6386,0.0
123,6387,0.0
123,6388,0.0
123,6389,0.42423292994507644
123,6390,0.4858249565587414
123,6391,0.640772525221237
123,6392,0.0
123,6393,0.9749854914845977
123,6394,0.0
123,6395,0.9749854914839048
123,6396,0.481660491786993
123,6398,0.2408302458934965
123,6399,0.48168794251953756
123,6400,0.9633483923973569
123,6402,0.0
123,6405,0.2215089322999036
123,6406,0.42722388636298975
123,6410,0.4961239686236773
123,6411,0.6376719754185991
123,6412,0.4775741044429482
123,6413,0.0
123,6414,1.28618845716053
123,6415,0.652035078964794
123,6420,0.08554656710476169
123,6421,1.445137504489544
123,6422,0.9634769707913238
123,6423,0.48168794251953756
123,6424,0.9633483923980414
123,6425,0.0
123,6426,0.49334515817438157
123,6427,1.055635577068693
123,6431,0.26390889426689196
123,6433,0.32033869531012
123,6434,0.9714440535748996
123,6435,0.0
123,6436,0.0
123,6437,0.4858249565583963
123,6438,0.4749677516524343
123,6439,0.47496775165175936
123,6440,1.0541818197811217
123,6441,0.4265718581158823
123,6442,0.6384743750092101
123,6443,0.0
123,6448,0.0986690316349324
123,6452,0.12333628954368303
123,6453,0.0
123,6454,0.0
123,6455,0.0
123,6456,0.0
123,6457,0.6645267969003403
123,6458,0.9788366407150982
123,6459,0.48574771732067057
123,6460,0.9607926663020052
123,6461,0.47496775165175936
123,6462,0.47496775165175936
123,6463,0.0
123,6464,1.4465402998022785
123,6465,0.0
123,6466,0.0
123,6467,0.4856963781637449
123,6468,0.42773283552356534
123,6470,0.3192371875048319
123,6471,0.4857477173213608
123,6472,0.42549025733002116
123,6473,0.48168794251953756
123,6474,0.481687942520222
123,6475,0.9633483923966725
123,6476,0.0
123,6477,0.0
123,6478,0.0
123,6479,0.0
123,6480,0.0
123,6481,0.0
123,6482,1.050811707974436
123,6483,0.4858249565583963
123,6484,0.971572631969551
123,6485,0.9715726319709317
123,6486,0.971572631969551
123,6487,0.4856963781637449
123,6488,0.4856963781644351
123,6489,0.971572631969551
123,6490,0.0
123,6491,0.4749677516524343
123,6492,1.0477555822575693
123,6493,0.42549025733002116
123,6494,0.4857477173213608
123,6495,0.6384743750092101
123,6496,0.0
123,6499,0.0
123,6500,0.48166049178665077
123,6501,0.0
123,6502,0.4816604917873352
123,6503,0.0
123,6504,0.5232545547184652
123,6505,0.5232545547192088
123,6506,0.0
123,6507,0.0
123,6508,0.42773283552356534
123,6509,0.0
123,6510,0.4931516619403675
123,6511,0.4931516619396667
123,6512,0.0
123,6513,1.4572691358639143
123,6514,0.971572631969551
123,6515,0.48574771732067057
123,6516,1.050811707974436
123,6517,0.664526796899396
123,6520,0.2215089322999036
123,6525,0.0963320983573849
123,6526,0.48166049178665077
123,6527,0.0
123,6528,0.0
123,6529,0.0
123,6530,0.0
123,6531,0.0
123,6532,0.4816604917873352
123,6533,0.0
123,6534,0.0
123,6535,0.4265718581158823
123,6536,0.48574771732067057
123,6537,0.0
123,6538,0.6454355036845714
123,6539,1.0606927145267069
123,6540,0.42644193861611723
123,6541,0.9796708077201217
123,6542,0.4242329299447751
123,6543,0.4242329299447751
123,6544,0.0
123,6545,0.0
123,6546,1.060692714528214
123,6547,0.0
123,6548,0.0
123,6549,0.6384743750101175
123,6550,0.0
123,6551,1.0508117079729427
123,6552,0.42549025733062584
123,6553,0.48178902827178627
123,6554,0.9634769707913238
123,6555,0.0
123,6556,0.48166049178665077
123,6557,0.4277328355241732
123,6558,0.0
123,6559,0.4276669537646371
123,6560,0.0
123,6561,0.0
123,6562,0.4276669537646371
123,6563,0.6406892510136829
123,6564,0.6406892510127724
123,6565,1.518335156141935
123,6566,0.47757410444362686
123,6567,0.0
123,6568,1.4572436548762018
123,6569,0.48973142635121786
123,6571,0.32786786556250425
123,6572,0.4856963781637449
123,6573,0.0
123,6574,0.4931516619403675
123,6575,0.0
123,6577,0.529449870810018
123,6580,0.0
123,6581,0.0
123,6582,0.0
123,6583,0.489788213744509
123,6584,0.4252325976265282
123,6585,0.493924221955689
123,6586,0.4939242219549871
123,6587,0.0
123,6588,0.4251683084298067
123,6589,0.4979953542349175
123,6590,0.6806294387202954
123,6591,0.0
123,6592,0.6120820669454186
123,6593,0.48923630733017925
123,6594,0.4891505185519137
123,6595,0.7043796870853875
123,6596,0.9901976399132674
124,6691,10.4698855429983
124,6692,4.45116173475753
124,6693,4.885424785313491
124,6694,4.5572327077430215
124,6695,3.181184381244939
124,6696,6.904848888522706
124,6697,3.7440013512949863
124,6698,4.9000066146229475
124,6699,4.552997499708502
124,6700,7.6949733495672925
124,6701,6.429104804989387
124,6705,6.078302040697354
124,6706,3.322559930382459
124,6707,4.301679208878615
124,6708,10.485192909831406
124,6709,7.807980179782687
124,6710,6.550230011349914
124,6711,7.8067483752925995
124,6712,6.500836461779129
124,6713,3.9267684146797612
124,6714,5.250603854653534
124,6715,10.129611119622771
124,6716,9.199068322786115
124,6717,4.287527874109936
124,6718,5.177095904943679
124,6719,6.090535596018609
124,6723,7.867982536553107
124,6724,3.9351680874860313
124,6725,5.943464711305439
124,6726,6.016219630834363
124,6727,6.754783988005106
124,6728,4.633906669912352
124,6729,60.444599389998984
124,6730,33.26052904132053
124,6731,10.949219092721107
124,6732,4.322706051174757
124,6733,4.209685139355891
124,6734,4.314806610343633
124,6735,2.76175042614592
124,6736,11.286885738367028
124,6737,12.233411818736494
124,6738,18.618924021737822
124,6739,16.74976497887708
124,6740,21.98279500006505
124,6741,9.276720955976339
124,6742,0.7034013513472058
124,6743,11.211262866848932
124,6744,1.1187050398449343
124,6745,0.7197726331647529
124,6746,6.578694954520487
124,6747,4.520899169144702
124,6748,5.212577842173294
124,6749,3.493979573252995
124,6750,3.6678564548473673
124,6751,3.4999280422908043
125,6731,4.235999286172607
125,6732,5.1572261005686935
125,6733,10.931422635907303
125,6734,10.055067837233167
125,6735,6.587067469960482
125,6736,6.973982155319461
125,6737,9.477016255254664
125,6738,8.855388164528318
125,6739,12.919715344899245
125,6740,10.755917653435926
125,6741,7.882403433330075
125,6742,5.911066308614568
125,6743,6.877704933282194
125,6744,9.488120600589799
125,6745,9.685511067504697
125,6746,6.926056444651227
125,6747,7.647835537787341
125,6748,7.503798902030921
125,6749,7.373065352446585
125,6750,7.342282980676709
125,6751,8.747347444291409
125,6752,10.357969701299552
125,6753,6.59010238945147
125,6754,7.3583923280201455
125,6755,9.869658797988333
125,6756,6.1467788368432075
125,6757,8.619083538659305
125,6758,8.367525190110694
125,6759,9.397441819305381
125,6760,6.6199225187361845
125,6761,6.941878125067974
125,6762,8.178975284095396
125,6763,6.989840045577685
125,6764,6.49440787732269
125,6765,9.502612575883772
125,6766,6.880067959434091
125,6767,7.144390940662544
125,6768,6.646368429061351
125,6769,6.78777784109733
125,6770,6.077269390222302
125,6771,6.567268744117034
125,6772,5.053483620283403
125,6773,7.0437504351103035
125,6774,6.92464157939587
125,6775,6.179021671411214
125,6776,7.102422416206541
125,6777,5.073246471588457
125,6778,7.190736159678595
125,6779,5.934590622779671
125,6780,3.363099843266685
125,6781,4.010793305931424
125,6782,6.562210097914942
125,6783,2.7777300216243366
125,6784,2.0050169527520416
127,6799,12.692679762851816
127,6800,17.82279744743389
127,6801,16.461882144204303
127,6802,20.787263363618685
127,6803,15.367959290735012
127,6804,5.118954330680136
127,6805,8.910305053003786
127,6806,10.592622756952588
127,6807,14.952089488519917
127,6808,12.953811585896542
127,6809,9.7814168035934
127,6810,8.82196314633695
127,6811,10.837869867676913
127,6812,10.783249363297667
127,6813,9.498919174083767
127,6814,10.96817560493385
127,6815,10.288144424552423
127,6816,9.565206617125629
127,6817,13.471090346567891
127,6818,9.703012481326862
127,6819,9.47244912386802
127,6820,7.331812307234828
127,6821,8.645953908570524
127,6822,8.855388164515734
127,6823,8.948666006322098
127,6824,6.919654682284927
127,6825,7.0770051330291786
127,6826,8.578576147551917
127,6827,7.568669468171328
127,6828,47.73181915280761
127,6829,20.526304543007843
127,6830,1.9512004405277832
127,6831,5.175399743017887
127,6832,6.564587876206646
127,6833,7.941973954435101
127,6834,5.730746760961462
127,6835,9.444853886970527
127,6836,7.310708686705665
127,6837,4.719587489960163
127,6838,4.393796660010042
128,6858,11.761962622398082
128,6859,6.871834918853105
128,6860,13.68428438903146
128,6861,11.24915644525906
128,6862,9.114996492858038
128,6863,13.094072341930854
128,6864,9.803463220591299
128,6865,13.969613760702616
128,6866,8.89523372054909
128,6867,9.54642981290329
128,6868,9.283524379129428
128,6869,8.661128506072291
128,6870,9.386883974070516
128,6871,9.75591100753241
128,6872,9.583176076407298
128,6873,7.499308213587739
128,6874,7.363694384700796
128,6875,13.729265034191737
128,6876,6.525757536288738
128,6877,5.71779102087541
128,6878,5.231684893366999
128,6879,10.631685107940957
128,6880,6.858024224645177
128,6881,8.706359267230349
128,6882,7.418705150491785
128,6883,6.0620505362718085
128,6884,4.928671717641217
128,6885,7.455522492534742
128,6886,8.504734262819706
128,6887,5.408232584592914
128,6888,5.73481164873168
128,6889,8.944884091611101
128,6890,6.550262868401037
128,6891,4.808440692727171
128,6892,7.295347675677381
128,6893,6.642073541876256
128,6894,5.377967543904904
128,6895,5.571761503812801
128,6896,4.583827815954086
128,6897,8.261497467752045
128,6898,5.564228184518352
128,6899,5.081915035848471
128,6900,5.411329194900605
128,6901,7.383198738094367
128,6902,5.0160124898002465
128,6903,5.201809108254633
128,6904,4.297590516505427
128,6905,4.696668013934593
128,6906,3.79607744514748
128,6907,6.143427416687831
128,6908,3.7060906738023873
128,6909,3.4097642451507295
129,6874,21.738385409136516
129,6875,18.952651172866663
129,6876,16.70153751968483
129,6877,17.518530339018543
129,6878,17.654565274706393
129,6879,21.643645763386143
129,6880,17.509877532736493
129,6881,13.45317319034842
129,6882,15.92646494509238
129,6883,14.873941987745305
129,6884,13.680765330784475
129,6885,13.608506619942645
129,6886,14.585461020462203
129,6887,11.87821224331248
129,6888,13.385809510958449
129,6889,10.003735050553926
129,6890,9.561088755721922
129,6891,12.285269647847858
129,6892,11.264793723815878
129,6893,10.121333822602816
129,6894,10.219988152394054
129,6895,10.851653069252183
129,6896,11.070212870846326
129,6897,8.594232201571836
129,6898,10.037052109832397
129,6899,6.859915852552931
129,6900,9.457854554052282
129,6901,7.104851156469525
129,6902,6.124160438781586
129,6903,7.5149428099355395
131,7090,36.838292777519456
131,7091,43.09257119897947
131,7092,36.370614767055976
131,7093,35.869301855545764
131,7094,35.71036756041914
131,7095,31.126011013968757
131,7096,25.99893361332397
131,7097,27.876171469674155
131,7098,21.911477744568106
131,7099,23.15495252611359
131,7100,20.388437658537924
131,7101,17.760232239952536
131,7102,20.46793162824585
131,7103,18.43063160776149
131,7104,15.549272596828136
131,7105,16.62202879788003
131,7106,12.81503409146607
132,7109,27.413715720162674
132,7110,28.5844087600968
132,7111,25.471023917185153
132,7112,30.617576837524012
132,7113,24.35379534962008
132,7114,23.507727384555235
132,7115,20.168886780728513
132,7116,19.490965157764997
132,7117,19.590029865493293
132,7118,19.156104773273206
132,7119,17.51013636590643
132,7120,16.396341025820927
132,7121,42.243252396621976
132,7122,4.365656599400195
132,7123,9.640761092300252
132,7124,12.046410888444413
132,7125,11.901469677680604
132,7126,12.611522823565707
132,7127,9.956919103869911
132,7128,10.214440003032227
133,7132,31.47115230563165
133,7133,38.255470097045404
133,7134,33.14813643692228
133,7135,33.18781971934476
133,7136,31.547638177855564
133,7137,28.764615654930658
133,7138,27.269324362302786
133,7139,28.87250483034564
133,7140,20.534195601929653
133,7141,22.992375791093757
133,7142,21.802900582540804
133,7143,20.651794373978543
133,7144,17.678449004904614
133,7145,18.205602318039162
133,7146,17.352559268490364
133,7147,15.402042120687236
133,7148,15.348422080270543
133,7149,11.761680990468232
134,7157,26.89442664387288
134,7158,26.043570935712843
134,7159,28.506726622566898
134,7160,28.72755557301273
134,7161,28.602492213234576
134,7162,24.11258161066729
134,7163,23.07722747327996
134,7164,21.9378465413935
134,7165,21.625432223070526
134,7166,16.695123016849443
134,7167,16.869392842045738
134,7168,15.957290232173387
134,7169,15.641114115729252
134,7170,14.604161381714025
134,7171,15.321381390108693
134,7172,13.110303729765862
134,7173,14.400463700287128
134,7174,11.40677779913986
134,7175,13.718809783451691
134,7176,9.37882259487626
135,7177,28.148394227053494
135,7178,34.483428597432614
135,7179,31.78952246902747
135,7180,33.453972637683776
135,7181,32.357818186266556
135,7182,27.970091700579335
135,7183,25.067413151251365
135,7184,27.120858728871777
135,7185,22.031942456980715
135,7186,20.93566060065152
135,7187,19.71385672687476
135,7188,68.78233730799255
135,7189,30.94846755264606
135,7190,32.77742028234712
135,7191,6.594354361301698
135,7192,11.839552223676346
135,7193,14.412568509571331
135,7194,14.016442447913521
135,7195,11.862485110753667
136,7195,25.911670625196553
136,7196,30.824329555062672
136,7197,26.134479045854548
136,7198,26.818673014627088
136,7199,24.62253928186749
136,7200,22.959676980960545
136,7201,20.004832148541706
136,7202,23.120775818845797
136,7203,21.516472846258598
136,7204,16.790546625843998
136,7205,15.844161361470329
136,7206,78.29832673068809
136,7207,36.976863741908325
136,7208,51.14419519898659
136,7209,2.8563594818100624
136,7210,8.434760794051211
136,7211,23.958475291716717
136,7212,5.1743566989872205
136,7213,9.344631806024468
136,7214,8.284793123598629
136,7215,9.71284143626193
137,7200,24.436841905104533
137,7201,32.30370730160015
137,7202,30.401157438782686
137,7203,27.409424185738846
137,7204,22.5321891903762
137,7205,24.24824506046593
137,7206,22.54113972185889
137,7207,20.511795133370935
137,7208,18.65335553883552
137,7209,15.74557542800098
137,7210,16.43502116204803
137,7211,18.076065033664992
137,7212,15.345570892087716
137,7213,14.515877813114017
137,7214,13.151010274880358
137,7215,14.725660085670567
137,7216,9.52457182110222
137,7217,13.721108436577452
137,7218,9.382862672204938
137,7219,9.974175766119492
137,7220,10.895432084793239
137,7221,10.006440058359665
138,7256,36.37883037326859
138,7257,36.62109822038166
138,7259,31.15577012298898
138,7263,16.309957802298932
138,7264,32.24911093710203
138,7265,29.721933603271538
138,7266,120.22279858600108
138,7267,60.14236271378301
138,7268,27.007538080201638
138,7269,20.295221507567746
139,7262,47.07044541833377
139,7263,32.920121848613164
139,7264,31.554048657401157
139,7265,31.563036739810055
139,7266,28.43296319248878
139,7267,28.82559567688421
139,7268,26.37888997791848
139,7269,22.500466704389055
139,7270,22.81437635420586
139,7271,21.998590528985
139,7272,18.80805194376937
139,7273,18.513729125251835
139,7274,16.969124078766043
139,7275,16.45359143613927
139,7276,15.524632483712837
139,7277,16.766857355848302
139,7278,16.588430106631378
139,7279,14.910822361700058
139,7280,11.42627611757364
139,7281,9.690106362099458
140,7301,32.017550468428446
140,7302,37.194283604655716
140,7303,34.3387341499153
140,7304,31.811763346178946
140,7305,35.14149248603202
140,7306,26.735481619821222
140,7307,30.26031464341055
140,7308,23.539916574942946
140,7309,19.858983010043477
140,7310,23.35891038181522
140,7311,76.61779940124407
140,7312,30.940243899806408
140,7313,43.90583306554973
140,7314,6.278611421581871
140,7315,15.266422927371798
140,7316,13.333122879278866
140,7317,13.707736283533714
140,7318,10.184041857714211
140,7319,10.966055989275414
141,7314,26.24975770710556
141,7315,28.516476452336025
141,7316,28.05024951698947
141,7317,30.09293407200228
141,7318,25.66013038157104
141,7319,23.656026721022187
141,7320,22.705620825279063
141,7321,22.031074762364398
141,7322,20.232719331969403
141,7323,18.96725848316176
141,7324,15.512632280602258
141,7325,17.4056401848704
141,7326,13.986071795217988
141,7327,16.690277606264033
141,7328,17.616547644129323
141,7329,13.451016694300447
141,7330,12.94125348330721
141,7331,11.91058516501771
141,7332,10.150720775136644
141,7333,10.41637346147958
142,7334,35.75152873991091
142,7335,36.584073007140056
142,7336,35.74430286882479
142,7337,34.66853320596829
142,7338,33.8453310728381
142,7339,27.703155577168594
142,7340,27.126933932290505
142,7341,24.730232656024537
142,7342,20.66301003097431
142,7343,22.11321473120512
142,7344,19.85916540028471
142,7345,17.422283291807798
142,7346,18.694345057027654
142,7347,19.167501479377478
142,7348,16.439111530772383
142,7349,14.64565783740422
142,7350,11.646067053073647
142,7351,12.547383159392615
143,7360,37.02372729781658
143,7361,31.748194992526024
143,7362,33.004501461965845
143,7363,29.03872936966676
143,7364,25.79512864349953
143,7365,26.084321737276085
143,7366,23.407766819021532
143,7367,19.45345580576855
143,7368,20.04422843455243
143,7369,20.45664489271117
143,7370,17.918935865154637
143,7371,18.444706499593345
143,7372,15.94861462711472
143,7373,16.951040625563532
143,7374,13.807285130036515
143,7375,11.081428527826363
143,7376,11.8357971310555
144,7413,27.72146970036167
144,7414,32.59645700453044
144,7415,29.23805505035812
144,7416,32.92818725112095
144,7417,24.147061407553718
144,7418,26.669577062116332
144,7419,22.119444161673638
144,7420,26.128873229013426
144,7421,20.113905519265348
144,7422,18.131804019203447
144,7423,18.046379685392687
144,7424,13.29135552049892
144,7425,17.658268064251452
144,7426,21.935785263765556
144,7427,25.230343937896787
144,7428,6.02283127605607
144,7429,9.769177883858452
144,7430,8.477157801397405
144,7431,10.141439661378442
144,7432,10.418877303609786
145,7459,29.364362955078363
145,7460,32.37898886206711
145,7461,31.839789748175548
145,7462,32.979492545111
145,7463,29.32455897333905
145,7464,24.421491622912313
145,7465,25.182257294641964
145,7466,24.6251168847308
145,7467,22.593008279788858
145,7468,18.507435321798393
145,7469,18.234814256446256
145,7470,18.946606814851606
145,7471,17.262753546253645
145,7472,14.37995955347279
145,7473,15.61730682849085
145,7474,14.348406046642003
145,7475,11.603870540851378
145,7476,13.007485270493529
146,7467,34.07443732021496
146,7468,32.62378603218317
146,7469,34.49742704633036
146,7470,26.96239650248102
146,7471,30.10637998583671
146,7472,26.443418562398733
146,7473,24.708190262305017
146,7474,25.44907003643443
146,7475,20.78572109340558
146,7476,20.218636393536716
146,7477,21.181757301111414
146,7478,17.47305750845969
146,7479,17.484455555668468
146,7480,14.658582061542493
146,7481,16.050336062899962
146,7482,15.97597450019382
146,7483,11.882932931178688
146,7484,14.512679278843132
146,7485,10.12048423291173
146,7486,12.097705453628073
147,7498,31.819847524149825
147,7499,37.80156791213613
147,7500,30.065776705726503
147,7501,33.06077688930728
147,7502,30.508614778546423
147,7503,26.98904156683495
147,7504,24.226567447173124
147,7505,26.49276852610137
147,7506,21.72933161257586
147,7507,19.464641958492816
147,7508,21.138041317452107
147,7509,18.611450046291367
147,7510,16.52447149159027
147,7511,15.068223774425427
147,7512,16.94016963242618
147,7513,16.248189210906503
147,7514,12.351847439998028
147,7515,12.680426090949247
147,7516,9.514653012165141
147,7517,11.291047185653632
148,7500,32.36394435165657
148,7501,38.63293468950202
148,7502,32.80607432129983
148,7503,27.021992504582887
148,7504,30.603500604613863
148,7505,29.380595684078237
148,7506,24.1847035288687
148,7508,21.94846808910807
148,7509,19.429270327081277
148,7510,22.559303641339792
148,7511,19.27855700253454
148,7512,17.843315005293302
148,7513,14.860123246921704
148,7514,9.612655565137715
148,7515,12.823637276881334
149,7591,25.49946874382431
149,7592,24.695884287344697
149,7593,27.758889198289022
149,7594,23.718232512495632
149,7595,22.130551189172866
149,7596,26.429253816628652
149,7597,19.636811614026513
149,7598,18.62843647598267
149,7599,20.832612812538024
149,7600,20.60021147130866
149,7601,15.97109153865951
149,7602,15.487522780909318
149,7603,15.07509022950355
149,7604,15.215781480066143
149,7605,16.00703716279532
149,7606,13.391418009989565
149,7607,11.193714514384913
149,7608,13.739614337675695
149,7609,15.48920854925317
149,7610,12.586032450210574
149,7611,10.457851141685857
149,7612,7.127113491293122
149,7613,7.945338785655572
151,7638,32.08749443295537
151,7639,36.58917456863439
151,7640,67.12287604805374
151,7641,38.41331273320831
151,7642,35.16149640081514
151,7643,30.931853950007824
151,7644,28.556964397456394
151,7645,21.50061294435355
151,7646,25.539393425011024
151,7647,21.14397168158403
151,7648,19.490955770005744
151,7649,18.337432891147127
151,7650,17.459099292746195
151,7651,15.508899986735994
151,7652,18.865185678022378
151,7653,14.635191857807301
151,7654,14.522973597042283
152,7662,30.803740918620566
152,7663,32.24838674071384
152,7664,38.361849188785
152,7665,31.971301138384675
152,7666,24.726912081264096
152,7667,28.733410835251416
152,7668,22.821052372443923
152,7669,23.5811904072976
152,7670,20.541695058335286
152,7671,18.116649538295057
152,7672,19.01354938744526
152,7673,18.370354324569842
152,7674,17.554097771660558
152,7675,18.18726003169083
152,7676,16.638733595601153
152,7677,17.844715118424435
152,7678,12.098220437758933
152,7679,11.628239750856173
153,7680,30.574680268792303
153,7681,32.079815268500134
153,7682,34.23623621466889
153,7683,32.58515954015972
153,7684,27.410491704926773
153,7685,31.12708926203698
153,7686,28.259770274147833
153,7687,28.606604039654403
153,7688,23.834584057352764
153,7689,22.548231482494263
153,7690,22.095288187254095
153,7691,20.035935044306857
153,7692,17.219944149246945
153,7693,18.330197632303395
153,7694,15.3432440757891
153,7695,15.42099863289998
153,7696,16.701915711179666
153,7697,14.155319184057623
153,7698,12.524452954524309
154,7724,40.02815544608896
154,7725,41.69840723274005
154,7726,37.739402353744275
154,7727,35.363064408334466
154,7728,32.690210938436955
154,7729,32.35763579605354
154,7730,27.59333252909309
154,7731,25.368831753717796
154,7732,24.77022707464564
154,7733,20.667946636666215
154,7734,18.60412895678522
154,7735,19.005493372696044
154,7736,18.748494833698217
154,7737,19.40516665576896
154,7738,12.429407536994795
154,7739,12.406784445041032
155,7724,33.083881437808564
155,7725,28.9038196205945
155,7726,36.52717262504616
155,7727,30.927650928525445
155,7728,26.697206497178723
155,7729,23.863248825061035
155,7730,23.264096975347694
155,7731,21.234215944994556
155,7732,22.6339280605522
155,7733,20.90340971945647
155,7734,20.050832033147092
155,7735,15.6217284500741
155,7736,18.150878548612848
155,7737,14.958233088247278
155,7738,13.695911765111028
155,7739,15.082726478568945
155,7740,11.944665312760918
155,7741,7.613481804735432
156,7745,37.72283971307732
156,7746,36.97151273492361
156,7747,43.393584787823414
156,7748,38.03679227827033
156,7749,31.602483987836973
156,7750,33.44596087930876
156,7751,27.850253283963262
156,7752,26.28571808340556
156,7753,25.085901617991013
156,7754,25.26830255983967
156,7755,21.91255733372774
156,7756,19.076085090627448
156,7757,16.076877862229665
157,7787,28.108582198605465
157,7788,36.41571611169312
157,7789,35.288244187813824
157,7790,26.888187825666023
157,7791,29.937296211746744
157,7792,27.10222542284533
157,7793,24.577386975275818
157,7794,22.941132187864188
157,7795,19.294049441804553
157,7796,21.076830625553228
157,7797,19.785149842490565
157,7798,16.87074199318023
157,7799,17.247518599049044
157,7800,16.818072795859315
157,7801,15.932273268691496
157,7802,12.718011885892992
157,7803,9.620965048665846
157,7804,11.810966581100143
158,7870,34.093515872937886
158,7871,38.259667754208074
158,7872,40.89366137979323
158,7873,34.179131984693214
158,7874,32.20062196257659
158,7875,27.935796976075185
158,7876,28.782331645474017
158,7877,23.463833034059885
158,7878,26.266019940362842
158,7879,22.252839803684296
158,7880,19.6687527001083
158,7881,18.931512683620305
158,7882,18.260145038382927
158,7883,18.39716166256917
158,7884,15.093243420116332
158,7885,15.398922711624799
158,7886,11.101735532278102
158,7887,13.35775092243465
159,7884,22.47704699634356
159,7885,24.17237877847963
159,7886,25.050880014883578
159,7887,23.635813593852347
159,7888,25.334944725059664
159,7889,22.021385282266795
159,7890,19.575017541636942
159,7891,19.206806570308988
159,7892,18.28493937849063
159,7893,17.90321409701385
159,7894,17.03085109593033
159,7895,15.42821645735905
159,7896,13.644590377820027
159,7897,15.493666380635919
159,7898,13.234884291880514
159,7899,11.87477633358128
159,7900,13.730844855301509
159,7901,20.64215451477902
159,7902,13.957633674157439
159,7903,4.486180320379823
159,7904,8.087076768274938
159,7905,11.009279116998195
159,7906,7.760053128000105
159,7907,8.221049755819168
159,7908,7.995706647630415
160,7902,28.962994515922183
160,7903,36.14001989362775
160,7904,37.0844712853242
160,7905,29.23546135428227
160,7906,30.006623268112087
160,7907,25.178622901462568
160,7908,28.412666916832695
160,7909,22.58505821226872
160,7910,21.474234759827116
160,7911,22.06155136226479
160,7912,19.751434475173383
160,7913,20.14386445285722
160,7914,16.67672574519258
160,7915,17.751445323219755
160,7916,14.787218123687841
160,7917,11.343284547323146
161,7909,33.317319452745565
161,7910,37.44513183835575
161,7911,33.58748763797949
161,7912,35.52172243593306
161,7913,33.242748677760794
161,7914,26.84886127708969
161,7915,24.969179928289993
161,7916,26.35097891094697
161,7917,21.66047528385008
161,7918,22.89419353007099
161,7919,19.178844541328708
161,7920,20.17353504895132
161,7921,15.809289962067679
161,7922,19.771584570397753
161,7923,15.858061909667487
161,7924,14.547715634120822
161,7925,15.375156998626473
161,7926,10.487309843296408
162,7950,29.408565759643768
162,7951,34.39649015663294
162,7952,31.502756774454156
162,7953,32.30619102714794
162,7954,28.533307313904473
162,7955,29.430468678501196
162,7956,24.32211041449256
162,7957,26.8135231733566
162,7958,22.61853218077456
162,7959,20.47344088553335
162,7960,21.632194072027808
162,7961,20.028196871270424
162,7962,15.794808715573815
162,7963,17.949581444279787
162,7964,17.053411155930377
162,7965,15.624039173118227
162,7966,12.826445549738152
162,7967,14.115436077110699
162,7968,10.898046568030505
162,7969,11.238864809284896
163,7950,29.192806184276908
163,7951,32.51906454561477
163,7952,27.330814003969255
163,7953,33.358775675279716
163,7954,28.441704511627904
163,7955,26.684559881711433
163,7956,22.867851555335744
163,7957,22.802569270154713
163,7958,22.135926336038708
163,7959,19.66140076517053
163,7960,18.565299958007532
163,7961,16.080437153569576
163,7962,17.26373791693758
163,7963,17.233945280329166
163,7964,15.88012576102398
163,7965,14.78074327110488
163,7966,12.709939777862665
163,7967,9.883749112481782
163,7968,10.663809254760055
164,7971,22.252327501794074
164,7972,24.049839377390956
164,7973,30.00862687824621
164,7974,24.514153897784595
164,7975,25.16037046908045
164,7976,19.619849324216343
164,7977,22.343586981316864
164,7978,20.88163152336006
164,7979,20.560218393792123
164,7980,17.602719515578066
164,7981,18.46649140118608
164,7982,17.180117368713745
164,7983,14.069609194986775
164,7984,14.622537195675044
164,7985,14.091941267264785
164,7986,13.539226502173172
164,7987,14.237768948070872
164,7988,12.31622636319327
164,7989,11.218158826226217
164,7990,12.368962615722051
164,7991,9.639933630832857
164,7992,7.189450040455955
164,7993,10.0744273513504
165,8008,34.22753781078495
165,8009,38.05628925559958
165,8010,36.447988450560345
165,8011,33.38711053131303
165,8012,29.200576543793044
165,8013,29.406419992473644
165,8014,53.67511153218385
165,8015,30.018996298297782
165,8016,24.7785043716656
165,8017,24.269820749747257
165,8018,19.788845926513087
165,8019,15.676540732397985
165,8020,17.293003499499058
165,8021,17.751637101189544
165,8022,17.048494666806082
165,8023,13.911289125673806
165,8024,13.28576445580737
165,8025,10.213988721365473
165,8026,11.635574251407393
166,8026,29.884338676914183
166,8027,29.22578930857456
166,8028,27.947520911679273
166,8029,30.33801555631993
166,8030,24.704193770907935
166,8031,24.972192049013714
166,8032,25.083415210269855
166,8033,23.293190896499162
166,8034,20.74486434458625
166,8035,16.185355782523573
166,8036,18.1414143741038
166,8037,64.05496001240314
166,8038,34.65981334451013
166,8039,34.1767340898339
166,8040,4.14729394018438
166,8041,9.020346030601123
166,8042,13.158967047923031
166,8043,9.964572787279753
166,8044,9.729933142670898
167,8045,29.723347127422386
167,8046,30.225907266167475
167,8047,35.28538227079493
167,8048,30.817747414096328
167,8049,24.75432693960534
167,8050,27.506909072385067
167,8051,24.99800294636401
167,8052,24.73911076786384
167,8053,23.95614713429179
167,8054,21.366171240795648
167,8055,16.42357885839049
167,8056,21.108437776554755
167,8057,17.983154654519225
167,8058,14.045526981346574
167,8059,16.269644200793525
167,8060,15.182965993895035
167,8061,14.879677891723649
167,8062,14.085435569279142
167,8063,14.681018739952089
167,8064,9.962056204671532
167,8065,9.226537495846797
168,8060,28.44413995745385
168,8061,29.31471258400371
168,8062,29.32664036749293
168,8063,31.590864658384447
168,8064,27.654776573167005
168,8065,24.46170330046356
168,8066,23.01781386139102
168,8067,22.32308417557528
168,8068,21.366346925486123
168,8069,18.95098417999084
168,8070,18.402617275705463
168,8071,15.554775148644287
168,8072,15.88860556482456
168,8073,46.66562497613427
168,8074,6.084693074231914
168,8075,10.554636642331447
168,8076,10.358575880522197
168,8077,9.320986792453661
168,8078,12.195671796792466
169,8072,24.231403470026972
169,8073,30.698356926425486
169,8074,33.026047647029394
169,8075,31.95447832344328
169,8076,27.591717839226913
169,8077,26.6936472058539
169,8078,23.919757604586763
169,8079,25.222450196730108
169,8080,23.48041713239898
169,8081,20.59356629847427
169,8082,21.135164648313673
169,8083,19.135296195735677
169,8084,16.653413325539653
169,8085,18.014460057036572
169,8086,16.403076052657322
169,8087,16.421020030966943
169,8088,13.266727477324153
169,8089,11.163049489254009
170,8098,27.642642259583635
170,8099,31.3427495956706
170,8101,32.2950169443919
170,8102,32.58276432755573
170,8103,24.47378933428466
170,8104,23.164696991431786
170,8105,24.242633879206775
170,8106,20.68455487488642
170,8107,17.15942546726834
170,8108,76.29441082473666
170,8109,12.301826924079323
170,8110,2.2412957623621343
170,8111,8.831035718317283
170,8112,13.425708711140441
170,8113,14.801675230278125
170,8114,11.620010733598487
170,8115,11.77188143133515
170,8116,10.350005552182074
171,8253,1.5796278230837848
171,8254,1.8721864186217745
171,8255,4.12566024810451
171,8256,5.622347630557522
171,8257,2.636233270170702
171,8258,4.344293139872713
171,8259,2.6849470473812196
171,8260,4.1499164700545865
171,8261,2.0988377742458573
171,8262,3.148089610038577
171,8263,2.223024219276543
171,8264,2.6141327060745696
171,8265,1.661460679023608
171,8266,2.1042667329330507
171,8267,3.0595052987321463
171,8268,0.5231024231759018
171,8269,1.8202156014757023
171,8270,0.9123549051578145
171,8271,0.8924940694131624
171,8272,0.6582608632739991
171,8273,0.5166136147451739
171,8274,0.7308916468179913
171,8275,0.5134201096368189
171,8276,0.7472195941951029
171,8277,1.4329113252473988
171,8278,0.751238130032632
171,8279,0.8899603039021707
171,8280,0.8899603039034355
171,8281,1.4456898719064946
171,8282,0.8563297614463012
171,8283,0.4687792668116675
171,8284,0.0
171,8295,0.03907189111817987
171,8296,0.5574508756404225
171,8297,0.4496960202229703
171,8298,0.42979080229975647
171,8299,0.44234077446202935
171,8300,0.8469627331937988
171,8301,0.0
171,8302,0.6895825266844345
171,8303,0.8037717081602277
171,8304,0.7633274327959686
171,8305,0.0
171,8306,0.8638984523709169
171,8307,0.4640435334299255
171,8308,0.0
171,8309,1.2688332237296767
171,8310,0.6806566379970542
171,8311,0.704100653528807
171,8312,0.7633274327959686
171,8313,1.4674013480557435
171,8314,0.0
171,8315,0.0
171,8316,0.8096801117069933
171,8317,0.0
171,8318,0.4640325531361113
171,8319,0.0
171,8320,0.0
171,8321,0.0
171,8322,0.0
171,8323,1.1262540332967241
171,8324,0.6895825266844345
171,8325,0.8598195668305528
171,8326,0.8835779037322055
171,8327,0.0
171,8328,0.0
171,8329,0.704100653528807
171,8330,0.0
171,8331,0.704100653528807
171,8332,0.4645737307150417
171,8333,1.2896103691303094
171,8336,0.14326360076665334
171,8337,0.42979080229975647
171,8338,0.885757869110317
171,8339,0.4236104059962251
171,8340,0.8835779037322055
171,8341,0.4298773454506135
171,8342,0.4299421375615185
171,8343,0.46457373071438146
171,8344,0.0
171,8345,0.8835779037322055
171,8346,0.42979080230036726
171,8347,0.8857578691090583
171,8348,0.4236104059962251
171,8349,0.0
171,8350,0.0
171,8351,0.0
171,8352,0.4645737307150417
171,8353,0.6970170652490268
171,8354,0.0
171,8355,0.6970170652500174
171,8356,0.6970170652490268
171,8357,0.0
171,8358,0.0
171,8359,0.7535568159069737
171,8360,0.0
171,8361,0.46201871708011827
171,8362,0.7633274327959686
171,8363,0.4640435334299255
171,8364,1.1250593606376853
171,8365,0.5598820885640499
171,8366,0.7041006535298076
171,8367,1.5534026920787494
171,8368,0.8835779037322055
171,8369,0.7041006535298076
171,8370,0.0
171,8371,0.0
171,8372,0.0
171,8373,0.704100653528807
171,8374,0.7041006535298076
171,8375,1.549117192625207
171,8376,0.4496960202229703
171,8377,0.8598195668317747
171,8378,0.8037717081602277
171,8379,0.0
171,8380,1.553402692080957
171,8381,0.42987734545000256
171,8382,0.4299421375621295
171,8383,0.0
171,8384,0.0
171,8385,0.4645737307150417
171,8386,0.0
171,8387,1.2717458512627533
171,8388,0.885757869110317
171,8389,0.0
171,8390,0.8469627331937988
171,8393,0.42352435179053133
171,8394,0.7041006535298076
171,8395,0.464043533429266
171,8396,0.8755892794587231
171,8397,0.46457373071438146
171,8398,0.8037717081602277
171,8399,0.7041006535298076
171,8400,0.46457373071438146
171,8401,1.2896103691303094
171,8404,0.14326360076665334
171,8405,0.42979080230036726
171,8406,0.8857578691090583
171,8407,0.42361040599682714
171,8408,0.4236104059962251
171,8409,0.4236104059962251
171,8410,0.0
171,8411,0.0
171,8412,0.0
171,8413,0.8471350651242093
171,8414,0.42352465912678033
171,8415,0.42352465912678033
171,8416,1.0459222923973774
171,8417,0.6970170652490268
171,8418,0.464043533429266
171,8419,0.4640435334299255
171,8420,1.1250593606376853
171,8421,0.4298773454506135
171,8422,0.0
171,8423,0.8835779037322055
171,8424,0.8835779037334611
171,8425,0.42987734545000256
171,8426,0.42987734545000256
171,8427,0.5585942510520532
171,8428,0.6895825266834545
171,8429,0.0
171,8430,0.8037717081613699
171,8431,1.5534026920787494
171,8432,0.8598195668317747
171,8433,0.6970170652490268
171,8434,0.0
171,8435,0.4640435334299255
171,8436,1.1262540332967241
171,8437,0.6895825266834545
171,8438,0.8598195668317747
171,8439,0.4496960202229703
171,8440,0.8471350651230055
171,8441,0.42361040599682714
171,8442,0.0
171,8443,0.6895825266834545
171,8444,0.0
171,8445,0.8037717081602277
171,8446,0.7041006535298076
171,8447,0.0
171,8448,0.704100653528807
171,8449,0.0
171,8450,1.1262540332967241
171,8451,0.0
171,8454,0.18619808368384133
171,8455,0.4298773454506135
171,8456,0.8596681896592748
171,8458,0.21489540115003095
171,8459,0.42987734545000256
171,8460,0.5598820885648456
171,8461,0.704100653528807
171,8462,1.5534026920787494
171,8463,0.8835779037334611
171,8464,0.8835779037322055
171,8466,0.21489540115003095
171,8467,0.8857578691090583
171,8468,0.4236104059962251
171,8469,0.7041006535298076
171,8470,0.8037717081602277
171,8471,0.8598195668317747
171,8472,0.42979080229975647
171,8473,0.8857578691090583
171,8474,0.0
171,8475,0.5585942510512594
171,8476,0.5585942510512594
171,8477,0.42361040599682714
171,8478,0.0
171,8479,0.0
171,8480,0.7041006535298076
171,8481,0.704100653528807
171,8482,0.7041006535298076
171,8483,1.5534026920787494
171,8488,0.08595816046000015
171,8491,0.15775290783494114
171,8492,0.42802498675860917
171,8493,0.4687792668116675
171,8500,0.06139868604285975
171,8502,0.0
171,8503,1.2717458512627533
171,8504,0.8835779037322055
171,8505,0.0
171,8506,0.42979080229975647
171,8508,0.44287893455484384
171,8509,0.5585942510512594
171,8511,0.21489540115003095
171,8512,0.0
171,8513,1.1171501968066124
171,8514,0.5598385864865897
171,8515,0.42352465912678033
171,8516,0.0
171,8520,0.10590260149909392
171,8521,0.8835779037334611
171,8522,0.8835779037322055
171,8523,0.8471350651230055
171,8524,0.0
171,8527,0.14117488637566034
171,8528,0.45710097067034705
171,8529,0.5598385864865897
171,8530,0.0
171,8531,0.0
171,8532,0.4496960202236093
171,8533,0.42979080229975647
171,8534,0.4423407744614007
171,8535,0.8469627331950023
171,8536,0.8469627331937988
171,8537,0.4234380740670184
171,8538,0.0
171,8539,0.0
171,8540,0.5574508756396304
171,8541,1.2896103691321419
171,8542,0.4299421375615185
171,8543,1.1596544086927203
171,8544,0.7041006535298076
171,8545,0.8471350651230055
171,8546,0.4234380740676201
171,8547,0.0
171,8550,0.14744692482053676
171,8551,0.42979080229975647
171,8552,0.42979080230036726
171,8555,0.29525262303649263
171,8556,0.0
171,8557,0.4235246591273822
171,8558,0.8471350651230055
171,8559,0.0
171,8560,0.0
171,8561,0.5598820885640499
171,8562,1.1596544086927203
171,8563,0.0
171,8564,1.5534026920787494
171,8567,0.0
171,8570,0.14989867340772775
171,8571,0.4234380740676201
171,8572,0.8469627331937988
171,8573,0.5612356401977052
171,8574,0.711270198226622
171,8575,1.5527678467325374
171,8576,0.0
171,8577,0.4234380740676201
171,8579,0.22117038723070034
171,8580,1.2896103691321419
171,8581,0.4299421375615185
171,8582,0.0
171,8583,0.42987734545000256
171,8584,0.0
171,8587,0.0
171,8588,0.4298773454506135
171,8589,0.8596681896592748
171,8590,0.0
171,8593,0.29525262303649263
171,8594,0.42361040599682714
171,8595,0.4236104059962251
171,8596,0.42361040599682714
171,8597,0.8471350651230055
171,8598,0.4496960202229703
171,8600,0.0
171,8601,0.0
171,8602,0.4298773454506135
171,8603,0.8596681896592748
171,8604,0.8596681896592748
171,8605,0.6806127587339512
171,8606,0.42352465912678033
171,8607,0.5585942510520532
171,8608,0.8598195668305528
171,8609,0.8598195668305528
171,8611,0.21489540115003095
171,8613,0.44287893455484384
171,8614,0.4236104059962251
171,8615,0.0
171,8616,0.8471350651242093
171,8617,0.8471350651230055
171,8618,0.8471350651230055
171,8619,0.4234380740676201
171,8624,0.16939254663885603
171,8631,0.07979917872164088
171,8632,0.8598195668317747
171,8633,0.4299421375615185
171,8634,0.5855509126555904
171,8635,0.4687792668123337
171,8636,0.0
171,8643,0.06424228860330755
171,8644,0.0
171,8645,0.0
171,8646,0.0
171,8647,0.5574508756396304
171,8648,0.42979080229975647
171,8649,0.42979080230036726
171,8654,0.177151573821862
171,8664,0.055859425105157685
171,8665,0.0
171,8666,0.42979080230036726
171,8678,0.0
171,8680,0.23662936175246774
171,8682,0.0
171,8683,0.42802498675860917
171,8684,0.42802498675860917
171,8685,1.3028540276002811
171,8686,0.45982211362547004
171,8687,0.8563297614450843
171,8688,0.6827431451535474
171,8689,0.8857578691090583
171,8690,0.4236104059962251
171,8691,0.5598820885648456
171,8692,0.0
171,8698,0.17289213370531142
171,8700,0.21171903703365963
171,8706,0.07494933670386388
171,8707,0.5585942510520532
171,8708,0.8857578691090583
171,8711,0.18581695854663144
171,8712,0.0
171,8713,0.4234380740676201
171,8714,0.0
171,8715,0.0
171,8716,0.4234380740676201
171,8717,0.0
171,8719,0.2248480101116449
171,8723,0.0
171,8724,0.4496960202236093
171,8726,0.2117190370335092
171,8730,0.11058519361542875
171,8731,0.0
171,8732,0.0
171,8735,0.29525262303649263
171,8737,0.2792971255256297
171,8738,0.8835779037334611
171,8739,0.5598820885640499
171,8740,0.5598820885640499
171,8741,0.0
171,8742,0.8755892794574788
171,8743,1.1250593606376853
171,8744,0.8596681896604966
171,8748,0.1074477005749773
171,8749,0.0
171,8750,0.42979080229975647
171,8751,0.42979080229975647
171,8752,0.8598195668317747
171,8753,0.8037717081602277
171,8754,1.5534026920787494
171,8755,0.0
171,8756,0.0
171,8770,0.04797322708847248
171,8772,0.3358125896193755
171,8773,0.42979080229975647
171,8774,0.0
171,8775,0.42979080229975647
171,8776,0.0
171,8777,0.42979080230036726
171,8778,1.2717458512627533
171,8779,0.704100653528807
171,8780,0.0
171,8781,1.549117192625207
171,8782,0.4235246591273822
171,8783,0.42352465912678033
171,8784,0.5598385864865897
171,8785,0.8812013827272324
171,8789,0.3176432638428609
171,8790,0.8755892794574788
171,8791,1.2702910043310751
171,8792,0.4236104059962251
171,8793,0.4236104059962251
171,8794,0.0
171,8795,0.5585942510512594
171,8796,0.4298773454506135
171,8797,0.42987734545000256
171,8798,0.8835779037322055
171,8799,0.8471350651242093
171,8805,0.07057301234453649
171,8806,0.88120138272598
171,8807,1.2688332237314799
171,8808,0.0
171,8809,1.5534026920787494
171,8810,0.0
171,8811,0.42979080229975647
171,8814,0.42987012304364003
171,8815,0.8598195668305528
171,8816,0.0
171,8817,0.5877872463312719
171,8818,0.0
171,8819,0.42802498675921746
171,8820,0.0
171,8822,0.2927754563280033
171,8823,0.914651881902942
171,8836,0.0452144035639687
171,8837,0.42987734545000256
171,8838,0.4298773454506135
171,8839,0.0
171,8840,0.42987734545000256
171,8841,0.4299421375621295
171,8842,0.8598195668305528
171,8845,0.19592908211051677
171,8846,1.9859895296412886
171,8847,0.0
171,8848,1.1250593606376853
171,8852,0.2593382005580286
171,8853,0.0
171,8854,0.4234380740670184
171,8856,0.21171903703365963
171,8857,0.0
171,8858,0.4423407744614007
171,8860,0.44287893455484384
171,8861,0.8857578691090583
171,8865,0.13936271890995708
171,8866,0.8471350651242093
171,8867,0.0
171,8868,0.704100653528807
171,8869,1.1596544086943683
171,8870,0.5855509126555904
171,8871,0.5855509126564226
171,8872,0.6744907842945582
171,8873,0.45982211362547004
171,8874,0.4645737307150417
171,8875,0.0
171,8876,0.4645693302152164
171,8877,0.879149995745028
171,8878,0.42352465912678033
171,8879,0.42352465912678033
171,8884,0.0
171,8891,0.07963583937713854
171,8892,0.8596681896592748
171,8894,0.21493867272515402
171,8895,0.42979080229975647
171,8896,1.2896103691321419
171,8897,0.8037717081602277
171,8898,1.1596544086927203
171,8899,1.8778103403764161
171,8900,1.4505376294247836
171,8901,0.8037717081602277
171,8902,0.0
171,8903,1.1596544086927203
171,8904,1.1250593606376853
171,8905,0.6970170652500174
171,8906,0.0
171,8907,0.6970170652500174
171,8908,0.6970170652490268
171,8909,0.8037717081602277
171,8910,0.0
171,8911,0.7633274327959686
171,8912,1.4674013480536583
171,8913,0.8471350651242093
171,8914,0.8471350651230055
171,8915,0.5598820885640499
171,8916,0.4298773454506135
171,8917,0.0
171,8918,0.0
171,8919,0.0
171,8920,0.0
171,8921,0.0
171,8922,0.0
171,8923,0.0
171,8924,0.4298773454506135
171,8925,0.42987734545000256
171,8926,1.5534026920787494
171,8927,1.1262540332983249
171,8928,0.5585942510512594
171,8929,0.0
171,8930,0.4298773454506135
171,8931,0.42987734545000256
171,8932,0.0
171,8933,0.4496960202229703
171,8934,0.0
171,8935,0.0
171,8936,1.045922292395891
171,8937,0.8037717081602277
171,8938,0.0
171,8939,0.7633274327959686
171,8940,0.46201871708011827
171,8941,0.0
171,8942,1.4505376294247836
171,8943,0.8598195668305528
171,8944,0.4298773454506135
171,8945,0.0
171,8946,0.0
171,8947,0.42987734545000256
171,8948,1.55408632010142
171,8949,1.125059360639284
171,8950,0.0
171,8951,1.1596544086927203
171,8952,1.1596544086943683
171,8953,0.42987734545000256
171,8954,0.0
171,8955,0.8835779037334611
171,8956,0.704100653528807
171,8957,0.7633274327970533
171,8958,1.8948569521298253
171,8959,0.42987734545000256
171,8960,0.0
171,8961,0.4687792668116675
171,8962,1.1452950350934368
171,8963,0.42361040599682714
171,8964,1.1262540332967241
171,8965,0.0
171,8966,0.7633274327970533
171,8967,1.4970161207012624
171,8968,0.6970170652490268
171,8969,1.125059360639284
171,8970,0.0
171,8971,0.0
171,8972,0.0
171,8973,0.46430035494244193
171,8974,0.4643003549431017
171,8975,0.4299421375615185
171,8976,0.6895825266834545
171,8977,0.8469627331950023
171,8978,0.0
171,8979,0.4234380740670184
171,8980,0.0
171,8981,0.42352465912678033
171,8982,0.4235246591273822
171,8983,0.0
171,8984,2.3112117312836746
171,8985,1.894856952132518
171,8986,0.45710721518820985
171,8987,0.5585942510512594
171,8988,0.0
171,8989,0.0
171,8990,0.0
171,8991,0.4496960202236093
171,8992,0.0
171,8993,0.0
171,8994,0.0
171,8995,0.4496960202229703
171,8996,0.0
171,8997,0.42979080229975647
171,8998,0.42979080229975647
171,8999,0.0
171,9000,1.6614843159905517
171,9001,1.1215197667473777
171,9002,0.6786368507898065
171,9003,0.8598195668305528
171,9004,0.6970170652490268
171,9005,1.5540863201036283
171,9006,0.42987734545000256
171,9007,0.8596681896604966
171,9010,0.0
171,9011,0.0
171,9012,0.6827431451525772
171,9013,0.42802498675921746
171,9014,0.914651881902942
171,9015,0.4299421375615185
171,9016,0.6970170652500174
171,9017,1.1250593606376853
171,9018,0.42987734545000256
171,9019,0.4687792668123337
171,9020,0.42802498675860917
171,9021,0.42802498675921746
171,9022,0.4687792668116675
171,9023,0.0
171,9024,0.0
171,9025,0.8835779037322055
171,9026,0.8471350651230055
171,9027,0.6806127587339512
171,9028,0.42987734545000256
171,9029,0.0
171,9030,0.42979080230036726
171,9032,0.6358729256318285
171,9033,0.0
171,9034,0.704100653528807
171,9035,0.7633274327970533
171,9036,1.8889773823311202
171,9037,0.42352465912678033
171,9038,1.5491171926274083
171,9039,0.7633274327959686
171,9040,1.8948569521298253
171,9041,0.0
171,9042,0.0
171,9043,0.42987734545000256
171,9044,0.8598195668317747
171,9045,1.4505376294247836
171,9046,0.7535568159080445
171,9047,0.6970170652490268
171,9048,0.5832982761782405
171,9049,0.6786368507898065
171,9050,0.6786368507888422
171,9051,0.4281538585198716
171,9052,0.9141534101226299
171,9053,0.8037717081602277
171,9054,1.1262540332967241
171,9055,0.4235246591273822
171,9056,1.6790583170941824
171,9057,1.125059360639284
171,9058,0.42987734545000256
171,9059,0.4496960202229703
171,9060,1.0459222923973774
171,9061,0.6895825266834545
171,9062,1.1262540332967241
171,9063,0.0
171,9064,0.0
171,9065,0.0
171,9066,0.0
171,9067,1.1596544086927203
171,9068,0.4299421375615185
171,9069,0.4645737307150417
171,9070,0.704100653528807
171,9071,0.7041006535298076
171,9072,0.46457373071438146
171,9073,0.0
171,9074,0.6970170652500174
171,9075,0.464043533429266
171,9076,0.0
171,9077,0.0
171,9078,0.8037717081602277
171,9079,0.8037717081602277
171,9080,0.7041006535298076
171,9081,0.0
171,9082,1.4674013480557435
171,9083,0.0
171,9084,0.7633274327959686
171,9085,0.0
171,9086,0.0
171,9087,1.1262540332967241
171,9088,1.1262540332983249
171,9089,0.8037717081602277
171,9090,0.46457373071438146
171,9091,0.7041006535298076
171,9092,0.0
171,9093,0.8815785683686992
171,9094,0.46456933021587665
171,9095,0.8471350651230055
172,9129,10.688490942115084
172,9130,8.468676656492306
172,9131,7.856762856241022
172,9132,7.2497400641507275
172,9133,8.50296601652664
172,9134,5.7101225852937105
172,9135,10.739155188212624
172,9136,8.285853937264019
172,9137,9.47956569492332
172,9138,10.0688242167326
172,9139,6.02222777902772
172,9140,6.723133251067536
172,9141,7.339742928750037
172,9142,10.408391207451263
172,9143,8.324858620758567
172,9144,7.51997597516267
172,9145,6.189348176118545
172,9146,4.682499580089536
172,9147,6.7427710443700635
172,9148,8.160220608111022
172,9149,9.366697669037755
172,9150,10.417648851866161
172,9151,7.2778932005129775
172,9152,6.934239864355672
172,9153,8.134390935297619
172,9154,4.433350861070273
172,9155,7.875364646322737
172,9156,8.477959111328556
172,9157,7.300677225000346
172,9158,7.720054015513286
172,9159,5.2301945909831
172,9160,6.459636390215073
172,9161,4.263147599992956
172,9162,6.6336151957477965
172,9163,4.800723306839064
172,9164,8.091484978790913
172,9165,6.480448991056942
172,9166,6.358277052646698
172,9167,4.716023840007754
172,9168,5.913641899821117
172,9169,6.305682286625875
172,9170,4.7598484531020615
172,9171,3.4280944615633673
172,9172,6.097070127722482
172,9173,4.104198552665995
172,9174,6.231606379157012
172,9175,6.249689161774299
172,9176,4.601052962241203
172,9177,4.861650690440785
172,9178,6.219609528776801
172,9179,4.446583874521365
172,9180,2.393564935775788
172,9181,5.01229058950883
172,9182,7.009003758436856
172,9183,4.764198996124215
172,9184,3.1724658608420353
172,9185,5.646509304647813
172,9186,3.5238137841206645
172,9187,2.4992109462606042
172,9188,4.220602735880876
173,9136,4.282172508535578
173,9137,3.907816596327213
173,9138,3.2581386342674326
173,9139,6.607405319806533
173,9140,5.776698365804578
173,9141,6.036561504011876
173,9142,6.962778568264261
173,9143,6.434974148866223
173,9144,6.073341295128624
173,9145,4.823344051835454
173,9146,6.569242179399743
173,9147,7.109797820445238
173,9148,6.646104231473384
173,9149,5.410561412577782
173,9150,9.516989886755844
173,9151,7.697251886125442
173,9152,5.9647078067118535
173,9153,5.286787860092796
173,9154,6.10577322542355
173,9155,6.732626929885312
173,9156,5.5700502544613
173,9157,8.055812269456561
173,9158,6.09320439397977
173,9159,8.387778550382139
173,9160,7.416456118232796
173,9161,5.754197984930909
173,9162,4.652596972880367
173,9163,7.832650467760534
173,9164,6.893195360895445
173,9165,8.04661832749432
173,9166,6.551909074193238
173,9167,6.921815201636588
173,9168,8.565861806269078
173,9169,6.138279587035994
173,9170,3.725894428787709
173,9171,6.9794096052710115
173,9172,5.62773920595358
173,9173,6.285052746531132
173,9174,5.888217911129584
173,9175,6.875644326206505
173,9176,6.2011498957840665
173,9177,9.596381261953498
173,9178,6.313354074951756
173,9179,4.66569218784332
173,9180,4.759767986838379
173,9181,5.349174030122405
173,9182,5.633646771316884
173,9183,7.556232064958522
173,9184,7.311731278892591
173,9185,5.76994054019976
173,9186,6.813522353764863
173,9187,5.999365970489293
173,9188,5.890623182063692
173,9189,5.950750932094391
173,9190,5.890908837315407
173,9191,6.582989171153334
173,9192,4.410821311173566
173,9193,6.407470107075274
173,9194,5.053205341105288
173,9195,5.495848953721096
173,9196,5.8406811207586005
173,9197,8.306341320272011
173,9198,4.446603991088977
173,9199,6.00873894990037
173,9200,4.05515972524674
173,9201,6.602610871192415
173,9202,4.940128102903091
173,9203,4.430663622913478
173,9204,5.8092308789461935
173,9205,7.06005558372186
174,9214,15.609501600257516
174,9215,15.015423148862789
174,9216,13.978805691016513
174,9217,15.234138518564063
174,9218,13.335830569260452
174,9219,12.565156817447646
174,9220,14.64663416146483
174,9221,14.63256999851604
174,9222,14.373160153620043
174,9223,12.137778997415056
174,9224,13.701020032179896
174,9225,12.066334336989906
174,9226,11.775252968066868
174,9227,10.32346710563645
174,9228,10.178574174637356
174,9229,11.52664974331266
174,9230,10.731338560590968
174,9231,9.608316421503874
174,9232,7.961346879608719
174,9233,9.850075319404331
174,9234,9.180143326516223
174,9235,6.476875618106057
174,9236,7.870135009284763
174,9237,9.252176061267887
174,9238,46.619083285374124
174,9239,34.266502261144275
174,9240,9.073832631106503
174,9241,38.55100125077893
174,9242,7.654223889108557
174,9243,3.849694132802901
174,9244,31.623389124899067
174,9245,12.249181866639546
174,9246,0.5063397064809636
174,9247,4.866203069684401
174,9248,3.845192044971406
174,9249,5.305016487841663
174,9250,7.377853766079943
174,9251,6.290739029642702
174,9252,3.8897867873346423
174,9253,5.2177561819526685
174,9254,5.7906532287568035
175,9230,13.56278836728376
175,9231,14.49913412331793
175,9232,14.080681353820255
175,9233,17.878105938425456
175,9234,14.617085605852278
175,9235,17.758441865460334
175,9236,12.546569108956595
175,9237,14.048219919197527
175,9238,14.13416057826374
175,9239,13.124110400670013
175,9240,12.144277989858137
175,9241,13.11698243023158
175,9242,11.923746764653782
175,9243,11.002514585846994
175,9244,13.17448899151093
175,9245,10.70697203277994
175,9246,10.247133448729297
175,9247,10.07055155932388
175,9248,9.800575152034515
175,9249,11.111327782283398
175,9250,7.912388518448597
175,9251,7.59508721530049
175,9252,8.000412583358411
175,9253,6.069022268053765
175,9254,9.48698669671527
175,9255,8.877011463054147
175,9256,9.154146686191645
175,9257,6.647374257451381
175,9258,10.343546792859508
175,9259,7.718953639264926
175,9260,5.62789276242768
175,9261,6.18384629487675
175,9262,7.575677409764229
175,9263,6.384008824831094
175,9264,7.8244127333124185
175,9265,6.811831891533227
175,9266,6.549271121627089
175,9267,6.40016712247998
175,9268,6.845942884680107
175,9269,7.401377409703311
175,9270,4.436048828063126
175,9271,6.646478399640406
175,9272,7.386357039209401
175,9273,5.247520655390916
175,9274,3.7789186835323374
175,9275,4.160533659158008
175,9276,4.06266186386139
176,9273,17.858570069065497
176,9274,19.132190197723624
176,9275,16.015327870837602
176,9276,13.436086177819053
176,9277,14.441084414733671
176,9278,11.99664652346951
176,9279,14.683931618921399
176,9280,15.423588305725774
176,9281,18.465587496748064
176,9282,12.054808884870049
176,9283,9.393470138306581
176,9284,15.150677561752198
176,9285,10.513404384264971
176,9286,11.101092472666783
176,9287,10.02238713204348
176,9288,10.061458200225445
176,9289,12.849751263850314
176,9290,6.1695300042597685
176,9291,9.032991975554099
176,9292,10.347053110594224
176,9293,7.581373751159604
176,9294,8.46599578858192
176,9296,41.5895417332732
176,9297,0.9919874276960783
176,9298,33.76070201395215
176,9299,6.153680831199521
176,9300,3.016934953628427
176,9301,6.791465878483159
176,9302,7.413090616471357
176,9303,6.186740398403817
176,9304,7.783557325597595
176,9305,7.354971840984358
176,9306,9.47266906499378
176,9307,7.19298988581358
176,9308,4.595521241424117
176,9309,5.597208626565454
176,9310,6.681497320538876
177,9283,9.052327349777359
177,9284,19.221307933320706
177,9285,15.760450959219963
177,9286,16.035966128102682
177,9287,27.985621690735805
177,9288,23.621509373209502
177,9289,14.689458310596581
177,9290,13.736878484480506
177,9291,13.317701518547727
177,9292,10.982864052051648
177,9293,9.924003034825017
177,9294,11.892411857854215
177,9295,11.299144774669589
177,9296,12.79435962439747
177,9297,9.271305575962092
177,9298,9.7911612689445
177,9299,9.167461842306846
177,9300,10.869861915702028
177,9301,10.79570487141057
177,9302,6.762029305106592
177,9303,9.677554965014275
177,9304,8.240021020169811
177,9305,7.565366998321738
177,9306,9.894431009883588
177,9307,8.259725198157193
177,9308,7.9710048437077745
177,9309,8.900569975371576
177,9310,6.612810641533191
177,9311,8.332716822619945
177,9312,8.71899314224274
177,9313,8.411837294705412
177,9314,5.555640086528797
177,9315,10.352579131717153
177,9316,5.137806236748601
177,9317,9.814891442651495
177,9318,6.5174024552073515
177,9319,7.935275137431685
177,9320,3.6134166643005003
177,9321,4.351120702926302
178,9303,12.228444367640915
178,9304,22.64883309601579
178,9307,15.058429241186982
178,9308,12.538214027875208
178,9309,12.546806484454413
178,9310,15.16241490842291
178,9312,11.099947839969678
178,9313,10.896181762228386
178,9314,12.390264719718317
178,9315,15.160620510570398
178,9319,9.757868349554096
178,9336,7.753880655064225
178,9337,2.304607965050949
178,9338,2.9052635282304484
179,9326,17.152105718842318
179,9327,19.262001067417497
179,9328,15.445669591418948
179,9329,15.377210229627373
179,9330,17.794343233124707
179,9331,14.426474422209036
179,9332,21.23072236778283
179,9333,16.440554559222395
179,9334,12.869477570050332
179,9335,9.867112040528689
179,9336,13.372777998440577
179,9337,12.105762809508807
179,9338,10.112211629757542
179,9339,13.085234463208181
179,9340,16.106332540503846
179,9341,12.57104024292182
179,9342,11.84526801108708
179,9343,10.153713449830583
179,9344,10.737122073779334
179,9345,11.598677784198548
179,9346,8.690506741412438
179,9347,11.090731769794512
179,9348,10.368390753859938
179,9349,8.815322667368324
179,9350,40.1680782437119
179,9351,11.156826764339462
179,9352,6.14555574954115
179,9353,5.919681563970398
179,9354,8.88491459190391
179,9355,7.751734927303689
179,9356,4.994820021090336
179,9357,7.313762381679512
180,9347,0.3585891396953635
180,9348,5.311159417030479
180,9349,20.74453979732493
180,9350,11.574234813445846
180,9351,13.92397731541875
180,9357,14.690848588946405
180,9358,12.465385347598374
180,9359,5.077820308503891
180,9361,13.481463789942563
180,9362,9.45622377097123
180,9363,8.285797610886481
180,9364,10.8440007269327
180,9365,9.464789405460284
180,9368,9.33390140533412
180,9369,9.157498776921019
180,9370,9.173668473954276
180,9371,7.456142753369438
180,9372,9.835889786476827
180,9373,8.13453510403217
180,9374,11.308733671913895
180,9375,4.4955056905723465
180,9376,11.094215959304856
180,9377,9.802862405785893
180,9378,1.861531678586246
180,9379,9.076380059118398
180,9380,4.858814924959787
180,9381,13.550255745642406
180,9382,6.5514537692129595
180,9383,9.440571069712577
180,9384,8.974567428226647
180,9385,1.1163321230570695
180,9386,3.588630370793891
180,9387,4.549544826147613
180,9388,6.630630567675899
181,9354,4.141980484125879
181,9355,17.31823101641323
181,9356,16.345189958802447
181,9357,18.163800090567896
181,9358,15.611431449643732
181,9359,14.347039461128524
181,9360,19.41870912911274
181,9361,12.468027323478042
181,9362,16.62215486168011
181,9363,13.738061338675596
181,9364,16.39759495853539
181,9365,14.808669090263422
181,9366,17.709350734965216
181,9367,13.459053933613568
181,9368,13.184465467923095
181,9369,14.73570227624326
181,9370,12.96838670968346
181,9371,13.490897119057529
181,9372,10.6350070238059
181,9373,9.075970351691373
181,9374,18.5349695384671
181,9375,6.473935917016532
181,9376,16.14283874630102
181,9377,7.597184702760931
181,9378,5.358041413125635
181,9379,10.949526205653312
181,9380,6.56360886991621
181,9381,11.618151962751167
181,9382,7.322350144392952
181,9383,13.514413386576415
181,9384,8.425666764374238
181,9385,5.761884525423523
181,9386,6.691715195771608
181,9387,8.996790200467276
181,9388,7.616719901568665
181,9389,6.8933844566309945
181,9390,6.707239821549798
181,9391,8.38673651219177
182,9375,15.729390978805124
182,9376,28.474220931515433
182,9377,22.045487612505937
182,9378,10.972064137453188
182,9379,22.551434040058044
182,9380,16.054942756905852
182,9381,23.0297175049664
182,9382,11.463114917288715
182,9383,19.375589936961752
182,9384,17.818693667641107
182,9385,8.889867290862538
182,9386,13.493873029940378
182,9387,16.238916814318934
182,9388,11.794890761386155
182,9389,13.290565609925146
182,9390,9.827688261861542
182,9391,14.661989808095917
182,9392,14.14716258644334
182,9393,9.890349358315177
182,9394,12.165958285342791
182,9395,11.941336691373438
182,9396,9.253915473827195
182,9397,15.578814446918146
182,9398,6.553459390994535
182,9399,10.254771038899213
182,9400,8.903093263502335
182,9401,5.40337141602955
182,9402,7.527175024158648
183,9393,8.153760507698657
183,9394,18.575598299520223
183,9395,18.651751577844617
183,9396,19.58640351893299
183,9397,21.738122552622166
183,9398,17.029103636732927
183,9399,17.399312853828995
183,9400,18.491792678823547
183,9401,12.777331620448251
183,9402,13.925075680030137
183,9403,15.216190516940914
183,9404,17.859223186960623
183,9405,19.515272676962482
183,9406,9.592538326973775
183,9407,14.026936590684297
183,9408,16.819895356884935
183,9409,11.75517395138139
183,9410,10.290425643334212
183,9411,13.650562316172293
183,9412,14.053183346979582
183,9413,10.508322268733998
183,9414,12.982464283698118
183,9415,10.215618833894272
183,9416,9.495957344779068
183,9417,11.31211727857011
183,9418,9.882434159512233
183,9419,9.764729440221132
183,9420,8.71224403380902
183,9421,11.423896998177428
183,9422,10.070878118271443
183,9423,10.838848203415095
183,9424,7.982528284199345
183,9425,7.230723872777101
183,9426,7.052400559183328
184,9395,8.559651151295098
184,9396,4.342765621844904
184,9398,15.569948405019424
184,9399,13.429898321640785
184,9401,15.443979799739566
184,9404,11.602739989757099
184,9405,14.92012158037589
184,9406,9.055162444706099
184,9408,9.969652220608788
184,9409,10.79957932233258
184,9410,13.890799731028793
184,9411,11.538879275316058
184,9412,14.1213262081074
184,9413,11.009914129982471
184,9414,10.591236725444144
184,9415,11.845993548625607
184,9416,10.637513548145433
184,9417,9.886907413596818
184,9418,9.686923250551036
184,9419,10.113004222521443
184,9420,8.942344039673998
184,9421,9.049476161607389
184,9422,8.890383616085273
184,9423,9.335474073882096
184,9424,8.493036478765584
184,9425,8.913731575007647
184,9426,9.251533001656568
184,9427,8.705406412490179
184,9428,7.5876608490905095
184,9429,10.449747517699619
184,9430,7.824476435787641
184,9431,7.006649449464075
184,9432,4.8707986995622115
184,9433,4.928804486987454
185,9430,22.3335997760499
185,9431,25.357354581343078
185,9432,21.894150674363022
185,9433,18.120680898418694
185,9434,23.69751244782189
185,9435,22.029189169426928
185,9436,17.911492735138314
185,9437,17.063702791920516
185,9438,16.725654602065994
185,9439,15.787409842006236
185,9440,17.819555997839394
185,9441,16.871416568771448
185,9442,13.450898677103792
185,9443,12.659480720751962
185,9444,12.51056447626298
185,9445,11.40993341802967
185,9446,10.632093474278582
185,9447,11.310266554349836
185,9448,11.99720844625813
185,9449,12.319677025090932
185,9450,10.380514338607245
185,9451,11.414766758674503
185,9452,10.161401331433956
185,9453,10.336241796607451
185,9454,8.575431257481958
185,9455,6.683692038065314
185,9456,7.812423259015855
186,9453,31.51074171064672
186,9454,29.163921475395544
186,9455,37.12512016299763
186,9456,21.51011869310232
186,9457,23.806026577971174
186,9458,20.5947424471273
186,9459,22.500238716590815
186,9460,20.892297327537467
186,9461,16.90798714756101
186,9462,18.376880139103072
186,9463,17.949582785384294
186,9464,14.261321425430632
186,9465,13.639640361063655
186,9466,12.813038527977199
186,9467,16.529003083697447
186,9468,11.531834453338446
186,9469,14.336136281503366
186,9470,9.504124000663664
186,9471,14.886028021587558
186,9472,12.998954504721667
186,9473,10.830335542554083
186,9474,11.643315106640916
186,9475,7.873564213510299
186,9476,10.953968614334226
186,9477,10.20398609341119
186,9478,8.913718163962573
186,9479,7.391619533296619
186,9480,7.270821556455549
186,9481,7.410753071304345
186,9482,9.37805213035006
187,9463,17.653523236529193
187,9464,17.675302773705024
187,9465,19.250848442306207
187,9466,23.919811248801054
187,9467,19.987580180157927
187,9468,17.41562202571932
187,9469,18.871066421287534
187,9470,15.851819068185327
187,9471,13.71803596617039
187,9472,19.862244576205583
187,9473,13.59221220015784
187,9474,14.129607528460955
187,9475,13.011876046650906
187,9476,13.851255923502512
187,9477,10.452380105862588
187,9478,12.077346146100542
187,9479,10.209697186941646
187,9480,10.676908493051704
187,9481,10.064224228257752
187,9482,10.078787282118428
187,9483,10.40538243948881
187,9484,9.615850746626704
187,9485,10.442559868106803
187,9486,9.099413529033773
187,9487,9.699856191868589
187,9488,6.80156975985192
187,9489,10.399757847184583
187,9490,6.416085362431105
187,9491,8.384054303176876
187,9492,5.6047094240755975
187,9493,6.286679506298664
187,9494,6.579459384089732
188,9489,26.06750696896173
188,9490,24.971162080752
188,9491,21.703931093235685
188,9492,21.58805564044802
188,9493,24.909203052508012
188,9494,20.383112132567824
188,9495,19.127334058274975
188,9496,18.23003724219073
188,9497,14.870845377437615
188,9498,21.18534341453422
188,9499,14.593653827918928
188,9500,13.578506112091748
188,9501,13.202351778738898
188,9502,11.811956316243425
188,9503,12.998230308287647
188,9504,13.333715647452209
188,9505,13.467295020830958
188,9506,12.435214519494371
188,9507,11.89090713859686
188,9508,10.48380151390493
188,9509,8.644241988654484
188,9510,10.522351562986408
188,9511,8.909295201297017
188,9512,8.029572218652433
188,9513,8.93596976996281
189,9520,25.349050462232974
189,9521,20.95499798657416
189,9522,16.843065619460074
189,9523,22.055607587087792
189,9527,17.26812601089821
189,9528,15.947867631904073
189,9529,19.201008975496006
189,9530,14.460773170007506
189,9531,12.78952762483896
189,9532,11.29081517458989
189,9533,10.880974307650721
189,9534,12.79560282825769
189,9535,9.42220665515326
189,9536,52.438060641261934
189,9537,16.701140552750626
189,9538,19.183090478199286
189,9539,2.944718152283116
189,9540,5.7265491038531575
189,9541,9.214437380441463
189,9542,8.617395758624436
189,9543,7.492452487345677
189,9544,5.284324586396255
189,9545,7.1689244359695
189,9546,7.58185856044982
189,9547,6.379550322887018
190,9522,7.189163044096469
190,9523,48.555348515485726
190,9524,35.019240081342126
190,9525,30.22734761236552
190,9526,23.53956788777101
190,9527,27.091059386754836
190,9528,22.414190769184092
190,9529,20.27327299117005
190,9530,21.68752402069157
190,9531,18.127706944933202
190,9532,18.57336670161983
190,9533,18.880086690177794
190,9534,15.704070925704551
190,9535,14.565935879959003
190,9536,15.707524269811225
190,9537,15.60602545737422
190,9538,13.597663789999933
190,9539,12.04050064086298
190,9540,13.468122482292914
190,9541,11.087407842288565
190,9542,13.053832501166342
190,9543,11.410708576434974
190,9544,10.834268331537563
190,9545,10.614206492895418
190,9546,8.679518401630666
190,9547,8.455654531712975
190,9548,7.979844734068602
191,9588,22.283457219620942
191,9589,24.478394687163227
191,9590,23.06873559950602
191,9591,22.396171689053876
191,9592,24.006819427001115
191,9593,20.012992769469513
191,9594,18.150629103200256
191,9595,17.623758763065858
191,9596,18.14734876157504
191,9597,16.96836903690424
191,9598,16.45492047070615
191,9599,16.375883817687622
191,9600,12.223444730037157
191,9601,14.39330622553089
191,9602,55.85281848912551
191,9603,31.324647366984554
191,9604,4.34692338108794
191,9605,18.01933228971213
191,9606,0.4904741048810357
191,9607,6.281771063810339
191,9608,7.298098951574407
191,9609,12.509643137448586
191,9610,9.157654345043882
191,9611,7.689844295378565
191,9612,9.913875013584788
192,9619,35.4630464315737
192,9620,24.933941066252352
192,9621,23.596519231817727
192,9622,25.28382986782688
192,9623,23.558861017215122
192,9624,22.681682109853394
192,9625,19.14109647273038
192,9626,18.107328861942566
192,9627,16.878022849575135
192,9628,17.021554559460515
192,9629,17.00269460677231
192,9630,16.194068938508458
192,9631,15.483530312768647
192,9632,15.381444096579235
192,9633,11.614954769605417
192,9634,9.480753913516917
192,9635,10.411224290738039
194,9706,31.902188658697977
194,9707,35.88203161958143
194,9708,32.83045828340759
194,9709,32.281420826895406
194,9710,31.18580549958204
194,9711,26.570434570298907
194,9712,24.92870539425528
194,9713,24.041020274184156
194,9714,22.465363293874695
194,9715,19.222687929858864
194,9716,20.63856437804192
194,9717,18.108018189659393
194,9718,15.659842640153501
194,9719,16.936516463771962
194,9720,16.425849348298254
194,9721,15.55172279478534
194,9722,12.908137589686465
194,9723,14.597559124223869
194,9724,11.292904615412493
194,9725,11.110480204218904
196,9756,31.021101772769317
196,9757,37.65684932473747
196,9758,35.69900035856328
196,9759,28.42299073933101
196,9760,29.5816782117159
196,9761,23.788197934615365
196,9762,26.455375850187117
196,9763,23.202379345914963
197,9800,31.97168201206479
197,9801,31.971810758097504
197,9802,33.043216466933735
197,9803,27.983159422860137
197,9804,31.578247547133504
197,9805,28.709201216723805
197,9806,24.18739646671965
197,9807,24.550621211551107
197,9808,20.36295667289646
197,9809,20.327855944623085
197,9810,20.46940818430855
197,9811,18.02184820174249
197,9812,17.037175744763243
197,9813,15.240107774748358
197,9814,16.055383980265987
197,9815,16.074037402860046
197,9816,13.956343531621275
197,9817,12.190302014344654
197,9818,8.780342638488092
197,9819,9.241288974889576
198,9858,15.604640096418027
198,9859,29.454748034462167
198,9860,35.35843223336575
198,9861,28.435562252983804
198,9862,30.71555793283799
198,9863,26.880489885831487
198,9864,23.509816825377833
198,9865,24.438740909087077
198,9866,23.488005101702118
198,9867,23.89125376938551
198,9868,20.62287613748449
198,9869,16.948602497593082
198,9870,19.87468332051214
198,9872,15.827490091327002
198,9873,13.767503947012534
198,9874,16.135124713197126
198,9875,16.05894193052424
198,9876,13.846096694462368
198,9877,13.956697583211241
198,9878,10.097674056882461
198,9879,9.940258562559764
198,9880,7.543724253780551
199,9903,28.299292623982257
199,9904,34.54929292200229
199,9905,28.415716588523008
199,9906,31.426380872710364
199,9907,27.47788488867398
199,9908,27.412565052495285
199,9909,23.26300263403656
199,9910,22.5748094916549
199,9911,21.985756158817487
199,9912,16.95064365862933
199,9913,19.979997575301223
199,9914,19.736907631148732
199,9915,16.409516036502072
199,9916,13.014562278997815
199,9917,15.22947147487815
199,9918,15.445916354648318
199,9919,14.257114380611036
199,9920,14.02875512837646
199,9921,11.568905264149697
199,9922,11.682672500604376
199,9923,9.066498130555283
199,9924,10.606096833953968
200,9928,32.08907961846036
200,9929,38.896271288375026
200,9930,31.86100065711058
200,9931,28.595352172836936
200,9932,27.398239374185685
200,9933,26.00001186131101
200,9934,23.76865267752385
200,9935,20.631598681230237
200,9936,18.323508203020257
200,9937,19.090194851150287
200,9938,18.01740378143042
200,9939,17.85053551196139
200,9940,16.166426092377975
200,9941,19.070032686012446
200,9942,13.4072390198639
200,9943,9.190890267486639
200,9944,11.970641165982643
201,9940,31.872611939890767
201,9941,35.98909735682899
201,9942,28.5038995742652
201,9943,30.608191788180903
201,9944,27.002197802091363
201,9945,35.164811611157546
201,9946,25.892605483555503
201,9947,21.24208286403523
201,9948,22.896296381938665
201,9949,19.470336288231437
201,9950,16.78281113504505
201,9951,17.85652622579615
201,9952,17.353229820744087
201,9953,15.382533073417424
201,9954,14.529461860649304
201,9955,15.048946738256792
201,9956,13.818376064293467
201,9957,16.174436509623934
201,9958,13.612233549349497
201,9959,11.90181165933
201,9960,10.019162446269565
201,9961,10.142103508109628
202,9978,29.299399852737697
202,9979,29.810030758365638
202,9980,29.771380126503363
202,9981,28.458757996544584
202,9982,28.965199291732425
202,9983,27.517318725571858
202,9984,26.825367808328256
202,9985,21.278358399887367
202,9986,22.04455286263292
202,9987,20.61031267045874
202,9988,17.11733356119759
202,9989,18.73477533458705
202,9990,18.353593200435785
202,9991,16.725689470783188
202,9992,14.51221257447454
202,9993,13.676223009817758
202,9994,14.457262158407008
202,9995,14.976215958587614
202,9996,13.683380484593439
202,9997,11.885727792972206
202,9998,11.040878221386983
202,9999,9.938096031555633
202,10000,8.989430889482668
203,10026,22.99367934464232
203,10027,26.493763625645894
203,10028,28.292493224129508
203,10029,26.821593940244306
203,10030,29.814333021667892
203,10031,25.11081933973935
203,10032,20.28019711377081
203,10033,23.58912974594817
203,10034,20.43688371776489
203,10035,24.289167523406185
203,10036,20.08575171231196
203,10037,15.502685308448491
203,10038,15.96149995924494
203,10039,15.945487171403357
203,10040,16.363711953154777
203,10041,14.001853913081506
203,10042,11.93062528967247
203,10043,13.425118625157165
203,10044,14.893717914833262
203,10045,15.334331095210816
203,10046,14.749440550817551
203,10047,9.468845576043053
203,10048,7.703207060690754
203,10049,9.279883280404901
203,10050,10.135123059148372
204,10058,26.913532018647732
204,10059,28.795168697819285
204,10060,30.596518814591583
204,10061,30.148587226852253
204,10062,27.724508643136147
204,10063,27.809094786669274
204,10064,23.508049249637022
204,10065,21.156234741200116
204,10066,20.762234330196193
204,10067,18.181298822155235
204,10068,19.32764142750705
204,10069,16.505897194162124
204,10070,14.782312363378592
204,10071,16.00102096797491
204,10072,17.655887603750735
204,10073,19.06469643115022
204,10074,6.592765823012626
204,10075,16.597470492116067
204,10076,7.093896344300456
204,10077,8.674602583058618
205,10075,39.77558255193583
205,10076,20.151966065158074
205,10077,23.39927494528038
205,10078,22.469957917917203
205,10079,23.367815315711464
205,10081,19.840790927414076
205,10082,18.991217315214264
205,10083,20.02248778938223
205,10084,17.480966001740097
205,10085,15.904843658223312
205,10086,15.275392234317595
205,10087,18.040042966595006
205,10088,15.795007199063363
205,10089,13.410037904970938
205,10090,12.343736439936999
205,10091,13.307611048233692
205,10092,12.347892522805573
205,10093,11.484518945211258
205,10094,10.990118756900292
205,10095,11.739043146365837
205,10096,11.304368376742154
205,10097,8.306036218996567
205,10098,7.498307079072932
205,10099,9.039546623834248
205,10100,8.172706961627595
206,10131,19.417953014373506
206,10132,12.716764658701065
206,10133,10.115227773780417
206,10134,6.720325648781199
206,10135,9.28127668798814
206,10136,6.898738816376972
207,10116,4.967323243617823
207,10117,18.38224053381933
207,10118,26.43925309179861
207,10119,30.49729317429455
207,10120,29.179156422600126
207,10121,30.99975407126385
207,10122,25.79734951256386
207,10123,29.260354936107923
207,10124,22.67883628608859
207,10125,22.977838218200375
207,10126,20.74498504399192
207,10127,18.996461033838383
207,10128,19.12511587141966
207,10129,18.011091202488267
207,10130,17.375881075874872
207,10131,15.59629172085918
207,10132,14.717594683183703
207,10133,14.543161243192863
207,10134,15.260505974284948
207,10135,12.678000032913294
207,10136,12.949587106698088
207,10137,10.346762090916108
207,10138,10.24330928922631
208,10160,35.083487033875905
208,10161,32.81819254158249
208,10162,33.66669327018923
208,10163,31.930689811735583
208,10164,30.90935558079092
208,10165,23.632171154010127
208,10166,26.028781235241723
208,10167,22.09760427473845
208,10168,18.96576181053145
208,10169,18.643930256383687
208,10170,15.542305558911956
208,10171,23.50777566435091
208,10172,35.439998209458345
208,10173,21.210232973087905
208,10174,7.036663368350707
208,10175,7.432805523272528
208,10176,9.552733004088283
208,10177,8.54202702642264
209,10179,22.710014283645457
209,10180,28.284623622920012
209,10181,32.93799608944162
209,10182,33.78259152177069
209,10183,26.226551234708722
209,10184,28.87773513792468
209,10185,25.126185715221368
209,10186,23.785336017596475
209,10187,28.138888478264718
209,10188,22.511689066907376
209,10189,16.350362598887664
209,10190,19.2532074451348
209,10191,20.988962799329773
209,10192,14.100237339727817
209,10193,15.54217681287924
209,10194,15.592932254090185
209,10195,13.64246204494732
209,10196,15.958229005351274
209,10197,13.740204423658971
209,10198,12.46663793920833
209,10199,10.353475660095095
209,10200,9.280647709960958
210,10203,27.444885671124723
210,10204,33.74929726122083
210,10205,30.496697723893245
210,10206,33.375340998155686
210,10207,28.192736506487737
210,10208,26.458996832357222
210,10209,25.765605568872623
210,10210,25.243159532569955
210,10211,21.301959156979155
210,10212,18.998773097982223
210,10213,20.450037270802977
210,10214,17.672270536413688
210,10215,38.50874304769453
210,10216,16.70865073801607
210,10217,2.24740918725614
210,10218,10.808949619526102
210,10219,10.198139548310973
210,10220,10.504411607975355
211,10222,30.65336823461872
211,10223,32.93812215326532
211,10224,29.480400681522482
211,10225,30.851076543315365
211,10226,27.41809576748399
211,10227,28.16867709162413
211,10228,25.53000569342261
211,10229,26.037637889371904
211,10230,20.464419275540845
211,10231,19.036369621743955
211,10232,21.532079279442346
211,10233,18.69952440260884
211,10234,16.1751124262727
211,10235,16.30150347949557
211,10236,15.890838503829455
211,10237,16.4244170486843
211,10238,14.944586008800748
211,10239,13.30110669135367
211,10240,9.910515546793636
211,10241,10.874676480899211
212,10265,25.941939353929598
212,10266,34.746668636830464
212,10267,36.07337504623475
212,10268,27.380791604504882
212,10269,29.310748279121356
212,10270,28.771798610672537
212,10271,28.215312659766113
212,10272,25.350174307810214
212,10273,24.8226723074786
212,10274,22.58319675924448
212,10275,20.77747061847578
212,10276,19.790470004071604
212,10277,20.069615542906895
212,10278,15.69086104630621
212,10279,17.0058636367234
212,10280,15.095442831529995
212,10281,15.572103559962889
212,10282,16.28819972278169
212,10283,16.48239567875019
212,10284,13.383599370711154
213,10278,23.665366172778423
213,10279,28.217879533753266
213,10280,31.10493689778296
213,10281,25.613014698015462
213,10282,22.935180366060138
213,10283,21.83992311357335
213,10284,21.867406368244428
213,10285,18.42480719091184
213,10286,19.698766618956977
213,10287,17.70157098769236
213,10288,16.286284625545058
213,10289,14.49924945830557
213,10290,15.844712555400372
213,10291,14.537623822702278
213,10292,14.226164370767945
213,10293,13.196355700486107
213,10294,13.691921979201371
213,10295,12.984423637383495
213,10296,14.930665344013443
213,10297,9.503322690720465
213,10298,8.583675026889225
213,10299,8.897752985366331
213,10300,9.881160780782412
214,10298,27.844583094105783
214,10299,31.200391352205042
214,10300,33.71146738527481
214,10301,30.731610953792106
214,10302,31.040885746507268
214,10303,27.40732938049822
214,10304,25.595022439943573
214,10305,21.904705166836635
214,10306,25.600124001489895
214,10307,22.726158499738382
214,10308,17.004691511383893
214,10309,19.156220108260847
214,10310,18.090638816373115
214,10311,18.31660285591142
214,10312,15.150669515125154
214,10313,14.957866966738
214,10314,15.82074701785232
214,10315,13.812107741825667
214,10316,14.967162162079118
214,10317,10.774217024440022
215,10329,24.95639652012502
215,10330,28.327780365969673
215,10331,27.870579063878107
215,10332,27.245782613779053
215,10333,28.966803252682176
215,10334,24.29383456705758
215,10335,23.248419463655637
215,10336,23.262699544417877
215,10337,21.82913526891545
215,10338,18.958171159046252
215,10339,17.376355826845817
215,10340,17.306627780190198
215,10341,15.016026645912476
215,10342,15.356649756423725
215,10343,16.094630062571877
215,10344,26.153420805954877
215,10345,6.572228819128489
215,10346,9.907054156073999
215,10347,11.45328998565088
215,10348,10.809990987176134
216,10355,28.009887635733328
216,10356,29.174124598488188
216,10357,32.8533214330972
216,10358,28.80193322895484
216,10359,29.03289824722712
216,10360,26.22335135939122
216,10361,28.349972963318628
216,10362,22.110607624042643
216,10363,23.681137561819636
216,10364,20.767934024323328
216,10365,18.62082570790292
216,10366,18.73113557698046
216,10367,17.087135910979114
216,10368,61.91637039181403
216,10369,25.692909657978536
216,10370,9.09308150410187
216,10371,11.925102621327756
216,10372,13.439086228602209
216,10373,13.294036388390417
216,10374,11.93297088147295
216,10375,9.944343566889444
216,10376,10.706976726645715
216,10377,10.536705404529618
217,10419,29.89609479906894
217,10420,31.175001561625745
217,10421,31.235745549230373
217,10422,45.17369449136331
217,10423,33.16060334442349
217,10424,33.59218150380329
217,10425,24.7519022226207
217,10426,53.34003388878955
217,10427,28.44169110062325
217,10428,21.950224935997223
217,10429,29.437163472160538
217,10430,17.17932611705435
217,10431,63.302139043775604
217,10432,31.973677575617305
217,10433,32.33900785444513
217,10434,7.573076337572039
217,10435,10.4902790486908
217,10436,12.53683134912803
217,10437,11.98723867534978
217,10438,11.016344055543428
218,10460,26.373474597954896
218,10461,29.827738702281952
218,10462,26.481055319295688
218,10463,27.9238423705355
218,10464,29.117768704876312
218,10465,25.49461394547112
218,10466,21.76059812309337
218,10467,24.15034711359696
218,10468,21.79749324916678
218,10469,17.826844900862696
218,10470,17.484863251438732
218,10471,17.29693427683496
218,10472,16.06234431265963
218,10473,15.862146913997165
218,10474,15.786083489670805
218,10475,13.543319553129898
218,10476,14.240507483475076
218,10477,12.210258990537305
218,10478,11.39215171336545
218,10479,10.35878710448212
219,10489,31.195689439757597
219,10490,37.21612751482014
219,10491,31.709351241617433
219,10492,32.761804461462425
219,10493,30.69922059772828
219,10494,27.054052948976327
219,10495,25.227567851530523
219,10496,27.909599840666406
219,10497,21.040569841850964
219,10498,21.292759180058077
219,10499,21.524147987385298
219,10500,19.627791345109436
219,10501,16.900800168505608
219,10502,17.64654681088145
219,10503,16.398084461680607
219,10504,15.543882697812712
219,10505,16.069909483208967
219,10506,11.930201500648117
220,10501,28.823119997963463
220,10502,31.02884262803039
220,10503,28.584269285187403
220,10504,27.753299474701986
220,10505,24.158852398417512
220,10506,24.03011709450446
220,10507,23.95379751922879
220,10508,21.177377253759996
220,10509,18.690352588882423
220,10510,17.932714372889617
220,10511,16.872820705166767
220,10512,15.623493343583696
220,10513,22.999014258405623
220,10514,10.483936965460183
220,10515,12.065076380961921
220,10516,13.197421878588282
220,10517,13.22764500974932
220,10518,12.53842324017837
220,10519,10.594471469531157
220,10520,8.972182273860156
221,10607,1.7258005030456638
221,10609,3.1846095621569557
221,10611,3.830615244806575
221,10612,4.696000143883211
221,10613,2.3375746607801715
221,10615,2.19483336433656
221,10616,2.638369984927193
221,10617,3.3505769446475053
221,10618,3.2932735607011163
221,10619,3.7491468340192564
221,10620,1.5123687498263727
221,10621,2.3446132801494466
221,10622,2.268489003180297
221,10623,1.6377445869139398
221,10624,2.3681929148755154
221,10625,0.8574763219799185
221,10626,1.0555090941483343
221,10627,1.3256378006202119
221,10628,1.39403932727802
221,10629,1.385781979187614
221,10631,3.1574478372937764
221,10632,2.9725624993470525
221,10633,1.3450554013245377
221,10634,2.339311726390119
221,10635,1.050396300853254
221,10636,1.2962640915059374
221,10637,1.9607776030888062
221,10638,1.991289909930848
221,10642,1.1625081114469142
221,10645,1.8434679508208531
221,10647,0.8324454445393549
221,10648,1.015422139316278
221,10649,1.4215300418449457
221,10652,1.2367266789078244
221,10653,0.6091340677809579
221,10660,0.4366105103067415
221,10661,0.4766564117742127
221,10662,0.47669190913414405
221,10663,0.6620915606623949
221,10671,0.0576310796896008
221,10677,0.11136819608509119
221,10681,0.11919008684342726
221,10696,0.0
221,10697,0.4454574175176726
221,10708,0.2131415107710806
221,10709,0.4733575042334757
221,10711,0.23051141062756
221,10714,0.5748041532933494
221,10715,0.44478707481152907
221,10716,0.0
221,10717,0.9534844011063466
221,10725,0.057243385235780216
221,10727,0.3268895717338378
221,10728,0.47669190913414405
221,10729,0.9533482789988408
221,10731,0.23832820588727566
221,10733,0.23832820588727566
221,10734,0.6485823635008593
221,10735,0.4986285232012039
221,10747,0.03944645868614166
221,10748,1.4300723746411637
221,10749,0.47672405373348437
221,10753,0.16552289016542232
221,10760,0.0
221,10764,0.11525570531373905
221,10769,0.18441429175437546
221,10771,0.23052431875844417
221,10776,0.0
221,10779,0.15367427375167025
221,10796,0.0
221,10797,0.0
221,10798,0.0
221,10799,0.6563919503247748
221,10807,0.0581725349184138
221,10808,0.662091560661454
221,10809,0.6373465899374801
221,10811,0.2305412711576086
221,10813,0.4610357293860042
221,10819,0.07889291737228332
221,10821,0.5242970539257974
221,10835,0.06586224705513008
221,10836,0.6563919503238419
221,10837,0.0
221,10840,0.21792638115584023
221,10841,0.46108254231554485
221,10843,0.23055417928832894
221,10845,0.0
221,10846,0.0
221,10847,0.9221909008915474
221,10848,0.4579470818859976
221,10849,0.6620915606623949
221,10850,0.662091560661454
221,10851,0.4579470818859976
221,10852,0.461048637517216
221,10853,0.46104863751656067
221,10854,0.6537791434672111
221,10855,0.6537791434681401
221,10857,0.5242970539257974
221,10864,0.06809377311062945
221,10867,0.15512675978242763
221,10871,0.1163450698368483
221,10872,0.0
221,10873,0.9534160047764668
221,10877,0.16705229412767633
221,10879,0.670290319248691
221,10883,0.160773703828486
221,10884,0.9634794853622752
221,10888,0.2624144009315
221,10891,0.16620950773357715
221,10893,0.23051141062739622
221,10894,0.4653802793477238
221,10895,0.6537791434672111
221,10897,0.0
221,10899,0.2305412711576086
221,10900,0.45104202814377126
221,10901,0.6682091765102306
221,10902,0.9220714587726634
221,10903,0.4733575042334757
221,10904,0.6702507985752372
221,10905,0.4653802793477238
221,10911,0.10939865838735881
221,10912,0.6563919503238419
221,10913,0.47665641177489004
221,10914,0.4766564117742127
221,10915,0.0
221,10916,0.4653802793477238
221,10921,0.09307605586946541
221,10923,0.32819597516192095
221,10924,0.0
221,10925,0.0
221,10935,0.04986285232007787
221,10940,0.2839250005781005
221,10943,0.0
221,10944,0.0
221,10950,0.07684709038585133
221,10951,0.46108254231488954
221,10963,0.03842071979306948
221,10964,0.46104863751656067
221,10965,0.46104863751656067
221,10966,0.4610228212554475
221,10967,0.0
221,10975,0.11525893234648056
221,10976,1.0371092241252124
221,10987,0.11913904581557681
221,10999,0.0874714669771563
221,11005,0.0
221,11006,0.0
221,11007,0.6537791434681401
221,11008,0.46108254231488954
221,11009,0.9221311379219344
221,11010,0.4653802793477238
221,11014,0.1640979875810188
221,11021,0.07123264617154271
221,11022,1.4957989007226922
221,11023,0.4579470818859976
221,11024,0.9220714587726634
221,11025,0.9467804711307212
221,11026,0.9467804711307212
221,11027,0.0
221,11035,0.11834755889140322
221,11036,0.6868458772074643
221,11037,0.4654656071213487
221,11039,0.23273280356083972
221,11041,0.0
221,11042,0.4766564117742127
221,11047,0.1297164727002456
221,11049,0.4794276785106421
221,11054,0.1844262275844393
221,11055,0.6373465899383858
221,11069,0.10684277862310367
221,11072,0.31961845234035235
221,11073,0.662091560661454
221,11074,0.4579470818866484
221,11075,0.6682091765102306
221,11077,0.5330439889804589
221,11078,0.6621268065642903
221,11079,0.0
221,11080,0.0
221,11081,0.0
221,11082,1.4748126268400255
221,11083,0.0
221,11085,10.0508601218482
221,11086,15.100252032272243
221,11087,3.6681977659445115
221,11090,0.7665348239242741
221,11091,0.6702507985761897
221,11106,0.04468338657170365
221,11123,0.05475564038052223
221,11127,0.11636640178041986
221,11138,0.043335628103126404
221,11139,0.662091560661454
221,11171,0.0144077699224002
221,11173,0.2289735409429988
221,11174,0.0
221,11178,0.4832308832555254
221,11185,0.06561216698694017
221,11186,1.0662615671748428
221,11187,0.4766564117742127
221,11190,0.21792638115584023
221,11191,0.4579470818866484
221,11192,0.47669190913414405
221,11194,0.2383459545672414
221,11195,0.4767240537328069
221,11196,0.45104202814441213
221,11198,0.23055417928832894
221,11199,0.4611083585773132
221,11200,0.45104202814377126
221,11205,0.21115688793362386
221,11207,0.3310457803309622
221,11211,0.11448677047154009
221,11217,0.07632451364770243
221,11227,0.06620915606618304
221,11255,0.0
221,11275,0.033512539928778534
221,11281,0.11170846642925912
221,11283,0.0
221,11293,0.0
221,11296,0.3196184523405038
221,11297,0.4986285232004953
221,11298,0.4986285232004953
221,11299,0.4986285232012039
221,11304,0.18441429175432303
221,11305,0.46108254231554485
221,11309,0.2578095719217851
221,11316,0.06809377311064328
221,11325,0.07447231095283942
221,11333,0.05762785265687976
221,11336,0.15778583474456664
221,11337,0.0
221,11345,0.0837813498219493
221,11347,0.2326901396736966
221,11348,0.6563919503238419
221,11355,0.14929153823428246
221,11356,0.4579470818859976
221,11357,0.46108254231554485
221,11360,0.4610513336956326
221,11361,0.7137368246909306
221,11364,0.3624879196286064
221,11367,0.15367427375167025
221,11368,1.045040767639341
221,11369,1.045040767640826
221,11370,1.045040767639341
221,11371,0.4766919091348215
221,11372,0.46538027934706244
221,11373,0.0
221,11384,0.06093189077959851
221,11392,0.0837813498219493
221,11393,0.46102282125479244
221,11405,0.038418568437922115
221,11406,0.46538027934706244
221,11407,0.4653802793477238
221,11408,0.46102282125479244
221,11409,0.46102282125479244
221,11411,0.4794276785106421
221,11412,0.46916697174286687
221,11415,0.3624879196286064
221,11416,0.0
221,11418,0.23052431875828033
221,11423,0.09221650846303034
221,11435,0.07684426149354004
221,11436,0.662091560661454
221,11437,0.47669190913414405
221,11438,0.47665641177489004
221,11439,0.4766564117742127
221,11441,0.32819597516215415
221,11442,0.0
221,11443,0.46102282125479244
221,11444,0.0
221,11451,0.06648289704960735
221,11453,0.2326901396736966
221,11461,0.11985691962763922
221,11462,0.4986285232004953
221,11463,0.4986285232012039
221,11464,0.4986285232004953
221,11465,0.0
221,11466,0.0
221,11467,0.0
221,11469,0.2366787521169061
221,11470,0.0
221,11472,0.3351253992878568
221,11473,0.0
221,11476,0.15367427375167025
221,11477,0.0
221,11478,0.0
221,11479,0.4733575042334757
221,11480,0.0
221,11481,0.4733575042334757
221,11482,0.7137368246919448
221,11483,0.4872406180945526
221,11484,0.6702507985752372
221,11485,0.0
221,11486,0.0
221,11490,0.11525570531373905
221,11492,0.0
221,11493,0.4733575042334757
221,11494,0.0
221,11495,0.6702507985752372
221,11496,0.0
221,11498,0.23051141062739622
221,11499,0.0
222,10584,3.597265742717333
222,10585,7.347611859447486
222,10586,7.205248922105917
222,10587,5.333571285006656
222,10588,3.1580875441460723
222,10589,7.348156347867068
222,10590,6.382235214110924
222,10591,3.3112480491429883
222,10592,0.7638255693014528
222,10593,1.926666107027737
222,10594,5.978358238940908
222,10595,0.0
222,10596,2.0523135177809784
222,10597,4.315967336294827
222,10598,4.984584040937258
222,10599,5.8722943067604065
222,10600,5.507816970345541
222,10620,0.24704653769731172
222,10622,2.595750186592857
222,10623,9.922993183130911
222,10629,0.37112270481883075
222,10656,0.41144793232282606
222,10657,9.348201155671038
222,10658,4.383730329570912
222,10659,8.01164969801493
222,10660,5.609857924287653
222,10661,0.6699399556961209
222,10662,3.947713784871466
222,10663,4.380948208276442
222,10664,2.2346567921329035
222,10665,6.4824398606982445
222,10666,1.961174402387734
222,10667,3.9691533520797453
222,10668,2.078002542256246
222,10671,0.4121860954912313
222,10672,1.574440430848985
222,10673,2.6395578682409133
222,10674,1.782228983940315
222,10675,0.0
222,10678,2.122431546449581
222,10679,3.9366848766783606
222,10681,0.8429971709849128
222,10682,0.9279765095570183
222,10683,1.0676788631821177
222,10684,2.9630835726842024
222,10687,1.2808997556566706
222,10688,0.899229347706659
222,10689,1.0371857509011686
222,10691,1.2320010457190342
222,10692,4.287094026801777
222,10694,1.2483062781396013
222,10697,0.5560703761875418
222,10698,2.1499730832863775
222,10699,2.29566380381793
222,10700,1.405131854116198
222,10701,0.0
222,10702,2.5666083209239936
222,10703,2.9888518899663894
222,10706,1.4957662671803862
222,10708,2.468391191214814
222,10709,0.5287954537195243
222,10710,2.2445611841997057
222,10711,1.0356669500464863
222,10712,5.454022586342882
222,10714,1.938319634646563
222,10715,4.134464934466155
222,10716,0.5389153445144429
222,10717,5.422900244590846
222,10718,5.326936505732196
222,10719,2.3001761175713002
222,10720,1.838903557508243
222,10722,0.9194517787547748
222,10723,2.465374544261625
222,10724,3.383027650418974
222,10726,1.2446242757135224
222,10727,0.9122290927925063
222,10728,4.719507023689717
222,10729,3.946871906516917
222,10730,0.4229909414429339
222,10731,3.968161270020362
222,10732,2.4520258605502496
222,10733,0.7190795335914986
222,10734,0.6446052761745136
222,10735,0.49608063418463283
222,10736,3.876898773012562
222,10737,2.254106663166324
222,10738,1.7295203916744226
222,10739,1.0769653413439249
222,10740,0.6343955313783619
222,10741,2.7975622750844176
222,10742,1.6418414935461227
222,10743,0.7008061045777193
222,10744,1.4580164663506896
222,10745,1.3868178986005841
222,10746,3.96970421076182
222,10748,1.4107817597680026
222,10749,0.4930266877640798
222,10750,3.2038289308531582
222,10751,2.630350682883109
222,10753,0.21138879004870093
222,10754,1.820965111254714
222,10755,3.3932187035710677
222,10756,2.5114828906940487
222,10757,1.9684207253175994
222,10758,1.2027009297156142
222,10759,5.225296542045782
222,10760,4.8598857969089835
222,10761,1.1570856906467717
222,10762,0.9379648044700593
222,10763,1.404386451469149
222,10764,5.996150672432693
222,10765,0.9476538654411951
222,10767,0.5752321192995858
222,10768,1.4877973683170813
222,10769,1.9301008433121116
222,10770,2.7349392324672057
222,10771,2.087987568231336
222,10772,2.7468204125747935
222,10773,0.4341730708254143
222,10775,1.91565563902297
222,10776,3.8313112780432177
222,10777,2.4464203789852457
222,10778,5.266107022759605
222,10780,1.1512300092729237
222,10781,1.2755632214241657
222,10782,3.695817478004479
222,10783,3.9987176656702568
222,10784,2.853372842071981
222,10785,1.102728797123839
222,10786,4.0301102399805435
222,10787,0.0
222,10788,3.6364809796247184
222,10789,2.061394471674103
222,10790,2.623460926114171
222,10791,0.4801708180461721
222,10792,1.7461494170120366
222,10793,4.243993945417618
222,10794,1.8977642990666006
222,10795,1.5770979970685521
222,10796,0.38555170409416456
222,10802,1.9070150703191033
222,10804,7.904726117845305
222,10805,0.3791879955682627
222,10806,0.9376669954503747
222,10807,0.6471130158758088
222,10808,1.1856408230954305
222,10809,0.7522843591865028
222,10810,0.6471709767362401
222,10811,1.017681565135197
222,10812,1.434680912642937
222,10814,2.014433015138312
222,10815,0.7934714388098233
222,10816,1.2365582864742797
222,10817,1.2365582864725224
222,10818,4.0823305025675864
222,10819,9.520533084878045
222,10820,6.512546315785891
222,10821,11.75270900131341
222,10822,6.049297302958254
222,10824,0.6491428613664012
222,10825,1.2807283177965287
222,10826,1.2728561181568547
222,10831,0.24291972443462798
222,10832,0.9967557247737174
222,10833,0.379009502939686
222,10834,0.5762105388563904
222,10835,1.1285397782932056
222,10836,1.7506166361263378
222,10837,1.3760122004889361
222,10838,0.3763382742184843
222,10839,0.37625541910509885
222,10840,2.3067943006742118
222,10843,0.5070631206035422
222,10844,1.5211893618120678
222,10845,2.222552653400953
222,10846,0.8901683427401533
222,10848,1.1952484957867706
222,10849,1.372420554981884
222,10850,2.3650921136128726
222,10851,1.9026948697855277
222,10852,3.5202588513525557
222,10853,1.0862449463451311
222,10854,3.3638478443009334
222,10855,2.50649431720604
222,10856,4.479524083433244
222,10857,1.216953098775063
222,10858,0.9865991212422568
222,10859,1.789714023469963
222,10860,1.0640667658308887
222,10861,1.6074253991238001
222,10862,0.0
222,10863,1.3851188030106507
222,10864,0.48587969038610634
222,10865,0.37620672024767227
222,10866,1.2737735174607894
222,10867,1.3668631017201107
222,10868,0.9449431579555208
222,10870,2.138835545629689
222,10871,1.5365383028998045
222,10872,3.570550270376763
222,10873,0.0
222,10874,0.0
222,10877,1.14823009818788
222,10879,1.9467400945713098
222,10880,0.0
222,10882,0.8668356388809022
222,10883,0.3763382742179495
222,10884,0.0
222,10885,0.9376669954517071
222,10886,0.8515037130560095
222,10887,1.1285397782916018
222,10888,1.7506166361288256
222,10893,0.7975834831593608
222,10894,0.7849310338504302
222,10896,1.1225530877711623
222,10897,1.037750104441708
222,10898,2.275278177111177
222,10899,2.9801162704852504
222,10900,1.6165418922892885
222,10901,1.0640667658293765
222,10902,2.4766010977350352
222,10903,6.608812808987097
222,10904,0.48845314420734687
222,10905,0.6383849820127929
222,10906,1.3265905715518365
222,10907,0.0
222,10908,2.799184340982197
222,10912,0.18952706828710456
222,10913,2.046084925534202
222,10914,2.4222010374056824
222,10915,0.8498511370267097
222,10916,1.0498560871938478
222,10918,1.946286298333603
222,10919,3.4045795351297823
222,10920,1.5180840343229158
222,10921,1.518084034325073
222,10922,3.868930935857701
222,10923,1.9301008433093685
222,10927,0.5786058772356469
222,10928,2.8088822029516636
222,10929,3.997498601672989
222,10930,5.478080324833607
222,10931,2.946601063011569
222,10932,2.2264978475888952
222,10933,0.6165397725996201
222,10934,1.1729906871908862
222,10937,1.014199890196285
222,10939,1.66538391262326
222,10940,1.9627773575474714
222,10941,1.9764130376297329
222,10944,0.17105522565543002
222,10948,3.1441018357868047
222,10949,4.203133508566864
222,10950,5.0867198780153
222,10951,1.3393432181321683
222,10952,0.6723868427804267
222,10953,2.065952550618784
222,10954,1.2767713051282787
222,10955,2.9668165370848936
222,10956,2.2451061755407293
222,10957,0.5904837884014256
222,10958,1.9565326720466143
222,10959,2.296550106256025
222,10960,4.170673415068605
222,10961,3.4399518370610758
222,10963,0.5503955762834453
222,10965,1.5941967442623566
222,10966,0.4749125149105339
222,10967,1.616154816000827
222,10968,2.4901269748794217
222,10969,2.808882202955655
222,10970,7.391418367620502
222,10971,0.4801708180461721
222,10972,0.7849310338493146
222,10973,1.56259210780183
222,10975,0.9410495124759163
222,10976,2.3762718960630655
222,10978,4.431882351637769
222,10980,0.8117572311313576
222,10981,5.93530006706411
222,10982,3.159599974754346
222,10983,2.1445055678475855
222,10984,2.252622731028835
222,10985,2.1299267560262978
222,10986,0.6471130158748892
222,10987,1.176277566700572
222,10988,0.37338952068273407
222,10989,1.786186918615381
222,10990,2.159238606690256
222,10991,3.3392543345720145
222,10992,1.258832775055718
222,10993,1.0461506992573155
222,10994,0.0
222,10995,0.47591050621097775
222,10996,1.7295203916744226
222,10997,0.6472445279356507
222,10998,0.6472445279356507
222,10999,2.2706780210158017
222,11000,0.0
222,11008,0.3498980426229611
222,11012,0.5115212313830053
222,11013,4.441311322156654
222,11014,5.1931616663906235
222,11015,0.3791879955677238
222,11017,0.882705599069771
222,11018,1.4680465869598032
222,11019,2.358539979907035
222,11020,1.3091958593570447
222,11022,2.2560378536586483
222,11025,0.34591670148073317
222,11026,0.7339606806632102
222,11027,0.9085204359152236
222,11028,2.0650692656625673
222,11029,0.6469949567687181
222,11030,3.463659211996368
222,11031,2.4341346882271235
222,11032,1.1644162517051557
222,11037,0.1398630179464499
222,11038,3.3591301739246404
222,11039,3.3718917891365923
222,11040,0.8407876174892654
222,11041,2.1342005208154062
222,11045,0.6851922534405114
222,11046,1.5744404308512225
222,11047,1.2471248488866862
222,11048,0.36695896647851767
222,11049,2.9262316972043902
222,11050,1.137296184896841
222,11051,4.422503001985672
222,11052,0.36695896647903914
222,11054,0.0
222,11055,0.880166301504578
222,11056,1.7461494170120366
222,11057,2.7665098384047875
222,11058,0.8530863840128587
222,11059,0.36670105531792957
222,11060,4.402431026105116
222,11061,0.0
222,11062,1.9086128287007582
222,11063,0.0
222,11064,0.8898586314167001
222,11065,2.5086959078895132
222,11066,1.0494264308372745
222,11067,1.574440430848985
222,11068,0.8498511370267097
222,11069,0.911457622424597
222,11070,1.2313380371772904
222,11071,0.3762554191056336
222,11072,2.1445055678475855
222,11073,0.4767191084099357
222,11074,1.6467482596650798
222,11076,0.0
222,11077,1.2949159462016677
222,11078,3.3001812547428417
222,11079,1.0465500969434391
222,11080,0.5763262929400084
222,11081,0.8626509737218974
222,11082,0.0
222,11084,0.44492931570835004
222,11085,1.4010792877537834
222,11086,3.3718917891365923
222,11088,1.4703769236805981
222,11089,1.4014635980122072
222,11090,0.7813123147930678
222,11091,0.7813123147941782
222,11093,0.2549661998635716
222,11097,1.2022511567922838
222,11098,0.7582867238666708
222,11099,0.0
222,11101,2.211251500992836
222,11102,0.6305745989089979
222,11103,0.38568045012633145
222,11104,1.0658756643528253
222,11106,0.77955605462209
222,11109,0.46825010329483163
222,11110,3.4410840645463767
222,11111,0.5146105913442721
222,11112,2.344495933501713
222,11113,0.7339606806642532
222,11114,0.7335315272208276
222,11115,0.7335315272208276
222,11116,1.2767713051300933
222,11117,2.148992065339181
222,11118,1.616154816000827
222,11119,1.6452596336618128
222,11121,0.927036982029861
222,11122,0.5248420033601222
222,11123,0.5248420033601222
222,11124,1.6974876075998486
222,11125,1.018930049612597
222,11126,1.2292914278798968
222,11127,2.4884065054379687
222,11128,1.0661279596382887
222,11129,0.9574052039528955
222,11130,2.607887014749038
222,11131,1.572804786264092
222,11132,1.5395293012275393
222,11133,1.0619519278401663
222,11134,1.5528623946003124
222,11135,0.0
222,11136,0.6474334141236212
222,11137,0.7849310338493146
222,11138,2.1299267560262978
222,11139,0.4906253144142502
222,11140,1.0850438196206502
222,11141,1.5273001045002523
222,11142,0.9269005246455696
222,11143,2.152830138801427
222,11144,0.7522843591875719
222,11145,2.8448417410239926
222,11146,0.0
222,11147,2.4701433442520377
222,11148,0.480867144651465
222,11149,0.7468281593180535
222,11150,1.6075675562015894
222,11151,0.6083659082648026
222,11152,0.7522843591875719
222,11153,2.301021683959976
222,11154,1.66479868814264
222,11158,0.29505216982221516
222,11159,1.0619519278401663
222,11160,1.5654652565731937
222,11161,0.6305963918563477
222,11162,0.806086370721047
222,11163,0.4561788775030947
222,11164,0.4561788775024464
222,11165,2.065952550618784
222,11166,0.0
222,11169,1.4835619926452075
222,11170,2.342360224573606
222,11171,2.3423602245769346
222,11172,1.5044198557726793
222,11173,1.7729601077726354
222,11174,0.6367306876933406
222,11176,2.799093313513754
222,11177,3.554804027083769
222,11178,1.574440430848985
222,11181,0.8182020485400844
222,11187,0.8981581404804843
222,11188,3.4428935498030504
222,11189,6.341883391138647
222,11190,2.9583089053615694
222,11191,1.905696596952026
222,11193,3.301624953745107
222,11194,2.2965501062592892
222,11195,1.583938132970715
222,11196,1.0658756643543401
222,11198,1.518975868820367
222,11199,3.831311278048662
222,11200,6.325489729639632
222,11202,1.2540955748411529
222,11203,0.41461842600234994
222,11204,2.789520006625417
222,11205,0.9940558299431305
222,11206,1.4880810119204062
222,11207,2.2445611841997057
222,11208,2.3039841838169233
222,11210,1.1669014021756587
222,11211,2.022517863660016
222,11212,1.049426430835783
222,11213,0.525014041923464
222,11214,3.6118294671159386
222,11215,5.280571505424659
222,11216,3.5812801122697975
222,11217,3.3932187035662458
222,11218,4.196472913024663
222,11219,1.2052034307282204
222,11220,3.015459068117983
222,11221,2.340373210611088
222,11222,3.4962785616499183
222,11223,1.931839585303272
222,11224,1.5381082333638352
222,11232,0.6616764888167522
222,11233,1.4922578819088455
222,11244,0.3911319408904443
222,11247,1.7553690075873662
222,11248,1.8014290742566905
222,11250,1.1639637965711287
222,11251,0.5286122672257104
222,11252,2.9969072341946204
222,11253,2.9668165370806774
222,11254,4.170512482521785
222,11255,0.0
222,11256,2.2864075005042777
222,11257,2.1333854645510053
222,11260,1.9482998549937465
222,11261,2.674292642621818
222,11262,1.0371857509011686
222,11263,0.0
222,11264,1.0609056148672638
222,11265,4.0499693155267975
222,11275,0.7245797216892654
222,11277,3.0795943737036158
222,11278,2.5335594825433643
222,11279,4.935376234350064
222,11280,4.490130878989012
222,11281,1.0377205163235124
222,11283,0.2550319139846177
222,11285,1.1792365461590253
222,11288,1.7806158587335865
222,11289,3.5487056896072353
222,11290,0.8769774902607484
222,11291,0.9478115290411987
222,11292,3.8995366170982435
222,11293,1.176277566700572
222,11294,1.2755632214259782
222,11295,0.5882101133462757
222,11296,1.7404133453981017
222,11297,1.56259210780183
222,11300,0.5742112174629949
222,11302,0.269366372376734
222,11303,6.8098329752648805
222,11304,4.595042802391085
222,11305,2.306817602368307
222,11306,0.0
222,11307,1.552476156504374
222,11308,3.0329873040302973
222,11309,3.148733675478278
222,11310,0.6466885562992017
222,11311,2.94353194534628
222,11312,2.1349188499141736
222,11316,0.4999850504101318
222,11321,1.4530490487814776
222,11322,4.375954605636742
222,11323,1.8018746562292896
222,11324,0.4842884279791945
222,11325,4.224000424144491
222,11326,1.490959692745638
222,11327,2.533559482546965
222,11328,0.9476538654411951
222,11329,1.8584719486525088
222,11330,1.7087129876033111
222,11331,1.6105461493126259
222,11332,0.5146105913450034
222,11333,1.8584719486525088
222,11334,0.4940398083997226
222,11335,0.6576694361871502
222,11336,3.1165253743513377
222,11337,1.3517363648854732
222,11338,1.262237420306758
222,11339,2.761280536650199
222,11340,4.0301102399805435
222,11341,2.399303857239283
222,11342,4.72898829728123
222,11343,1.56259210780183
222,11344,1.3204544316989273
222,11346,1.4199871011081184
222,11347,3.805177509782752
222,11348,0.8901683427388882
222,11349,1.7182745598272215
222,11350,1.7182745598247797
222,11351,2.222552653400953
222,11352,1.5576177835478644
222,11353,3.438881635664134
222,11354,0.7339606806632102
222,11355,2.8067748248602644
222,11356,0.4620866524053236
222,11357,1.0574255324909767
222,11358,1.5057203918687747
222,11359,1.3878454361103825
222,11360,1.1711632646630925
222,11361,2.376444060354209
222,11362,1.2437256518745021
222,11368,0.29892671853302777
222,11369,2.8670199215438217
222,11370,0.7339606806632102
222,11372,0.0
222,11373,0.36695896647851767
222,11374,1.3921246491385249
222,11375,2.5180703960346213
222,11376,1.9658012129356341
222,11377,1.2370632123213336
222,11378,0.0
222,11379,1.5939964167765568
222,11380,1.3393432181340716
222,11381,1.65157020091926
222,11382,3.2137762382655763
222,11383,2.078002542256246
222,11386,0.35742684267459945
222,11390,0.6861365586518169
222,11392,1.0461404733361894
222,11394,2.417350262403969
222,11395,0.955993440001714
222,11396,5.729442536836113
222,11398,6.543309241529932
222,11400,4.14733618497931
222,11401,0.9119285177434785
222,11402,3.4604677185447694
222,11406,0.18105168594044596
222,11407,0.43598724994848087
222,11408,2.1850034035731105
222,11409,2.8803850337848234
222,11410,1.6432352364078209
222,11411,3.858740553257875
222,11412,0.4560501733792475
222,11414,1.4353056997063631
222,11420,0.16935995779930904
222,11421,2.4185227230213227
222,11422,0.899529419838922
222,11423,1.436190661042194
222,11424,0.9959104936578986
222,11425,4.973042160270054
222,11426,0.38546587340514016
222,11427,7.306862398988694
222,11428,3.1989687681181755
222,11429,0.711941337212556
222,11430,0.6295011704793337
222,11431,1.0108419321472242
222,11432,4.2704713717141844
222,11433,1.0609033517534074
222,11434,4.279474206266598
222,11438,0.40788377635189066
222,11439,6.5966637432541475
222,11440,4.987310171124768
222,11443,0.3083433955907705
222,11444,1.7508747987465092
222,11446,0.27703051222493796
222,11447,3.9789464324692396
222,11448,0.6820165179666368
222,11449,0.4561788775030947
222,11450,1.6772530227890972
222,11452,1.5461045689883923
222,11453,0.47591050621097775
222,11454,6.409868672486841
222,11456,2.395201921463489
222,11457,0.7682822272188499
222,11458,2.4698928929852726
222,11460,4.631993249059645
222,11462,0.3775129560379243
222,11465,1.8087137863039287
222,11466,1.1587227601568508
222,11467,2.3144235089409433
222,11468,0.806086370721047
222,11469,2.1987624652703732
222,11471,0.5188750522212227
222,11476,0.7461669445036145
222,11477,0.9240877255805792
222,11478,1.7786514200261077
222,11479,0.9346967842425095
222,11480,0.6369396904489231
222,11481,1.3329312298440075
222,11482,1.2352127395581514
222,11486,1.1392975319175132
222,11489,0.7980648614465888
222,11492,0.8278774470090552
222,11493,8.490601703520246
222,11494,8.978294357665598
222,11496,0.0
222,11498,1.309358635916636
222,11501,1.5144399181007766
222,11502,1.728183478118561
222,11503,0.9940558299417178
222,11504,1.17962563410341
222,11505,0.49430341925516974
222,11506,2.3080745525646327
222,11507,0.9085204359152236
223,11608,2.589112557469474
223,11609,8.653057068581923
223,11610,6.609045490628532
223,11611,7.816553860898788
223,11613,8.62573072314434
223,11614,5.241612084207238
223,11615,5.14159720390772
223,11616,7.665296047932921
223,11617,6.707697808739091
223,11618,9.725579917425902
223,11619,7.067428305751553
223,11620,4.522124603388381
223,11621,5.6922516971878325
223,11622,10.272397175425997
223,11623,6.511553898450382
223,11624,6.772199571138819
223,11625,5.012380108234702
223,11626,11.016295775765506
223,11627,5.557084456091213
223,11628,5.803654566404235
223,11629,5.554045177993317
223,11630,6.866212338215397
223,11631,6.858291104432412
223,11632,5.092487297956807
223,11633,7.035680338736749
223,11634,7.276019006963823
223,11635,5.4589806497146665
223,11636,6.14572741090937
223,11637,8.782671466465272
223,11638,6.6778293997110065
223,11639,3.853678889570649
223,11640,7.121820822354488
223,11641,8.646866530187841
223,11642,5.945677533742725
224,11665,12.078923285001299
224,11666,11.74776434899445
224,11667,12.423886209719978
224,11668,12.055118679994138
224,11669,29.76599156859244
224,11670,20.49267098306561
224,11671,14.423651397241361
224,11672,8.353825137014883
224,11673,23.876179754721825
224,11674,17.676582187430245
224,11675,8.260598927732056
224,11676,11.712784320110051
224,11677,10.657848715791859
224,11678,9.45238016545289
224,11679,9.331950992341037
224,11680,4.278774484995918
224,11681,11.972593814128473
224,11682,7.065218165523279
224,11683,24.04173642395697
224,11684,10.746514499181972
224,11685,9.417326375850658
224,11686,9.131026715035535
224,11687,8.924051374192441
224,11688,9.271306917079775
224,11689,5.857153907415254
224,11690,8.613452240820294
224,11691,7.384110689169924
224,11692,5.492137446996741
224,11693,7.572224736209811
224,11694,7.38028518856243
224,11695,7.300752997394642
224,11696,6.41639113426792
224,11697,7.558636665340371
224,11698,7.087035253640364
224,11699,5.68461611867468
224,11700,6.020655333992739
224,11701,5.9397330880134716
224,11702,8.765897601850853
224,11703,6.405748128887714
224,11704,9.335293024773591
224,11705,5.24667374790192
224,11706,8.289776667948296
224,11707,7.225631698972599
224,11708,4.213976673779716
224,11709,5.985405743119038
224,11710,3.522096164527759
225,11673,7.544836699958757
225,11674,20.258409529942817
225,11675,46.72171533105367
225,11676,18.060124665489493
225,11677,15.318358540548905
225,11678,15.56252136825719
226,11722,14.808237254612024
226,11723,14.498513191930982
226,11724,10.529553964743654
226,11725,10.384764969343594
226,11726,9.320388659830092
226,11727,11.029507666836281
226,11728,11.67393922805189
226,11729,8.00286546349116
226,11730,9.58446621895708
226,11731,10.858581885689903
226,11732,12.20619544387974
226,11733,10.721950158471344
226,11734,9.062303826208247
226,11735,7.972219213850596
226,11736,9.510777220125101
226,11737,8.499713838096085
226,11738,9.8814122378916
226,11739,8.703361898656208
226,11740,7.167541757222324
226,11741,9.123877286919308
226,11742,8.078113496299427
226,11743,8.703758865590412
226,11744,8.573656976230788
226,11745,6.7263954877818986
226,11746,6.790409088140942
226,11747,8.66994425653968
226,11748,6.338289901610946
226,11749,6.6657225787700245
226,11750,7.188277915116448
226,11751,7.550705373283338
226,11752,9.474933519968067
226,11753,5.193211287257399
226,11754,7.4481953680477195
226,11755,5.936930850153601
226,11756,9.008354544634978
226,11757,6.036759987478978
226,11758,7.075451463457303
226,11759,6.789588332172736
226,11760,5.695826411252434
226,11761,5.833952128884192
226,11762,5.453439876434397
226,11763,6.533892676240188
226,11764,4.934470988807538
226,11765,6.3805702328649305
226,11766,5.6319140642932615
226,11767,4.683796763417709
227,11742,12.464932054274858
227,11743,30.45203357933394
227,11744,16.60865396262726
227,11745,16.989746242752922
227,11746,18.273857831971576
227,11747,16.69071614741425
227,11748,12.338663041585333
227,11749,15.331957340254423
227,11750,12.880190312855806
227,11751,16.51097193359484
227,11752,19.221482276933983
227,11753,14.443852454416515
227,11754,14.157801568500906
227,11755,9.685610979804265
227,11756,10.889016911381875
227,11757,11.427493840466402
227,11758,14.00186866521119
227,11759,10.15528723597007
227,11760,7.539067268378439
227,11761,9.145144522185417
227,11762,8.937260583038526
227,11763,11.510382145653702
227,11764,11.484020054334488
227,11765,9.878306239838315
227,11766,9.411914348610855
227,11767,8.347199410195849
227,11768,8.110031113024379
227,11769,8.331785425551363
227,11770,9.177000448103025
227,11771,8.12916867435718
227,11772,8.30391660332255
227,11773,6.549200043078887
227,11774,9.560886919507139
227,11775,6.256102323528904
227,11776,7.93296441435408
227,11777,6.985404342419302
227,11778,5.75971327721778
227,11779,4.913816638288369
227,11780,5.39935514331355
229,11772,8.545145094390314
229,11773,13.95424470304729
229,11774,13.361001759779684
229,11775,12.145215421908842
229,11776,13.120210468762362
229,11777,11.12641118467866
229,11778,13.633538335554777
229,11779,12.588131278746841
229,11780,11.264715939770452
229,11781,11.563141196960256
229,11782,15.05181536079822
229,11783,10.055033639068228
229,11784,10.021683722729325
229,11785,8.786019533880594
229,11786,10.29495052992771
229,11787,10.543187633151383
229,11788,9.505949243911806
229,11789,8.607542663808236
229,11790,9.094438701863405
229,11791,9.444958493122108
229,11792,8.28721247613006
229,11793,8.62234242260015
229,11794,7.787915244705607
229,11795,8.635820522899978
229,11796,7.724622488028875
229,11797,5.434355288741193
229,11798,9.330125749106402
229,11799,7.740466296679861
229,11800,8.149997368450764
229,11801,8.029200062151617
229,11802,7.812915444381191
229,11803,6.232368126508385
229,11804,7.332139536734645
229,11805,7.335169091827389
229,11806,6.9772866368258075
229,11807,5.7640282809786765
229,11808,5.297873765227468
229,11809,6.25207230448403
229,11810,6.511428505188189
229,11811,4.990305192766021
229,11812,5.76903462409678
229,11813,6.084531471138766
229,11814,4.470310695467092
229,11815,4.558404162523799
229,11816,5.320745967333388
230,11794,8.130474910147433
230,11795,19.746441543092164
230,11796,15.200804024948594
230,11797,18.469292968502135
230,11798,15.000198930494264
230,11799,19.230703711527195
230,11800,14.285305738441789
230,11801,16.637554764739107
230,11802,14.770375192178808
230,11803,14.744520038358775
230,11804,15.121686905614748
230,11805,13.629760444176673
230,11806,15.084893703452975
230,11807,11.955862194310573
230,11808,12.524789571755678
230,11809,10.022233575577378
230,11810,12.914192676555935
230,11811,12.903015911572531
230,11812,10.923747494811192
230,11813,10.082951411614053
230,11814,9.598668515677309
230,11815,9.454675465817385
230,11816,11.076155304918826
230,11817,11.238377317780468
230,11818,9.49818290769568
230,11819,10.214201956996671
230,11820,8.349477276201744
230,11821,8.887396305807568
230,11822,8.769521936769769
230,11823,9.72820043563345
230,11824,8.535617217429296
230,11825,8.462459295983754
230,11826,8.255922496314593
230,11827,8.783168345697762
230,11828,8.35341744124462
230,11829,7.992282137270653
230,11830,4.058349877599593
232,11818,17.628008723249955
232,11819,16.2519523501544
232,11820,14.10812169312709
232,11821,14.331895709050816
232,11822,15.557757765046745
232,11823,12.380634248250349
232,11824,11.892969757329315
232,11825,16.00358247756139
232,11826,13.792494088404275
232,11827,12.336411327134861
232,11828,10.649601593608176
232,11829,10.152253657574228
232,11830,8.608285635717591
232,11831,9.742354452605031
232,11832,9.625353142627889
232,11833,10.296305716032483
232,11834,14.728685617439364
232,11835,10.26285991073588
232,11836,7.6906523108443015
232,11837,9.906563982362448
232,11838,7.632522806532172
232,11839,8.892048597331268
232,11840,8.959360644216723
232,11841,4.1361413151063395
232,11842,8.896371647711018
232,11843,9.675359576935588
232,11844,6.750897467142523
232,11845,8.848776519294026
232,11846,21.11211106183065
232,11847,1.3934194017194534
232,11848,2.424088809637975
232,11849,6.953569203621513
232,11850,10.279279053205954
232,11851,6.2642414867845915
232,11852,2.413801364602854
232,11853,5.123770236966373
232,11854,7.254598885770902
232,11855,3.5966498404774
232,11856,3.860819265244416
232,11857,5.192646011714889
232,11858,5.227708853778549
233,11868,18.56939971446041
233,11869,17.502087056652726
233,11870,18.08718279003172
233,11871,16.910896003261687
233,11872,14.7681382298394
233,11873,17.91719108819045
233,11874,17.758605480210242
233,11875,15.427761822931028
233,11876,12.26409092544882
233,11877,13.096916824591151
233,11878,11.218008622521383
233,11879,13.109368979924172
233,11880,13.820819556725676
233,11881,11.222076192492466
233,11882,11.440746635208999
233,11883,9.789510369295833
233,11884,14.304979741566015
233,11885,10.776185765872265
233,11886,4.641365222630511
233,11887,6.9235264509880885
233,11888,8.77025686205231
233,11889,14.180066585533517
233,11890,50.1017493009311
233,11891,28.788337111499267
233,11892,13.000889718525912
233,11893,42.6909506320735
233,11894,4.051500186327805
233,11895,0.4417205974457388
233,11896,4.617636390034584
233,11897,7.055548802014556
233,11898,6.476650312539602
233,11899,5.148316137497339
233,11900,8.128761649127616
233,11901,7.114974483843978
233,11902,2.2171340882798334
233,11903,3.808177225289781
233,11904,8.851813450451136
233,11905,4.754683189098391
234,11882,25.544967055343974
234,11883,22.73374915121823
234,11884,35.011249780636994
234,11885,22.226900160332868
234,11886,46.39153540132057
234,11887,20.126904845227436
234,11888,19.178495854156772
234,11889,23.806595206248502
234,11890,41.58053219316263
234,11891,25.29569327833569
234,11892,21.19070246814597
234,11893,12.91883021592433
234,11894,17.441898286358484
234,11895,13.948748856775778
234,11896,10.455282256016703
234,11897,14.769326448432997
234,11898,12.306279391044043
234,11899,14.197000712169208
234,11900,10.906526371831083
234,11901,11.121282801026377
234,11902,7.600218951709031
234,11903,9.395389258856735
234,11904,15.128607004873164
234,11905,7.65599884093504
234,11906,9.634042158717948
234,11907,12.57729783655357
234,11908,9.513402432198427
234,11909,7.052944377061097
234,11910,7.8102479875158775
234,11911,8.399595022197241
235,11884,26.46446049212056
235,11885,16.307358741775086
235,11886,2.995481975375074
235,11887,17.407069802275338
235,11888,26.7023992538695
235,11889,16.942593008271132
235,11890,12.382643222802503
235,11891,20.008148700017053
235,11892,15.939430743447733
235,11893,7.661693841215029
235,11894,14.175441116107482
235,11895,13.898478895418686
235,11896,10.523628294477497
235,11897,12.527863383286743
235,11898,23.476026356208237
235,11899,14.1241411864886
235,11900,10.656489506358417
235,11901,23.626680672156645
235,11902,9.700153246530771
235,11903,10.383713543409756
235,11904,10.529451370233872
235,11905,7.586124613888011
235,11906,8.606634736056694
235,11907,7.693105190999353
235,11908,9.220464304084828
235,11909,10.130561292166295
235,11910,8.136288598187218
235,11911,8.942860364909365
235,11912,8.302812874312922
235,11913,6.57391458750369
235,11914,9.20142531394488
235,11915,9.358838796610813
235,11916,6.861796081072372
235,11917,5.117826461789375
235,11918,7.808599099512874
235,11919,5.66625572741547
235,11920,6.000035852190763
236,11942,25.037825703608103
236,11943,21.66759923099363
236,11944,22.631629407426434
236,11945,22.147615402925606
236,11946,26.597557067895288
236,11947,21.701828241337164
236,11948,12.86603495477972
236,11949,22.136920094510184
236,11950,17.321669608345708
236,11951,17.228374332180746
236,11952,15.980267375722159
236,11953,13.080334067337974
236,11954,13.54320287703775
236,11955,15.769693851485291
236,11956,13.523444384329553
236,11957,10.776374861607817
236,11958,13.584952801459039
236,11959,12.218926548951574
236,11960,10.922877118001383
236,11961,12.804986536496287
236,11962,10.415226817125713
236,11963,10.841768458495464
236,11964,12.844437807791815
236,11965,9.973644688720368
236,11966,10.161807015547458
236,11967,10.745294094080197
236,11968,10.158258453006315
236,11969,10.821612998853036
236,11970,7.166096046563298
236,11971,7.001960948115995
237,11946,27.819061875368625
237,11947,17.34359398483343
237,11948,15.170619785777916
237,11949,26.45934551956676
237,11950,17.398863583794277
237,11951,13.431859016411586
237,11952,15.516953319325255
237,11953,12.337265610688574
237,11954,11.893767714494343
237,11955,16.44044861198967
237,11956,11.635234951967009
237,11957,10.831704810271578
237,11958,14.916752725831984
237,11959,14.077586084597062
237,11960,10.938739702115472
237,11961,11.841161549085282
237,11962,11.729831099504192
237,11963,11.009180545816898
237,11964,11.562040150159643
237,11965,9.220035150642447
237,11966,10.653699338445817
237,11967,10.413902476424612
237,11968,10.205386206502462
237,11969,11.91386148334633
237,11970,7.729884982105115
237,11971,11.105505377064315
237,11972,8.263176530595368
237,11973,6.672839820381565
237,11974,8.560757562525906
237,11975,5.581434555348879
237,11976,5.636884868142105
238,11948,7.372489348050161
238,11949,27.350445091749272
238,11950,20.59613317250152
238,11951,19.228761792173085
238,11952,17.781579941527326
238,11953,20.08338332175181
238,11954,19.921760112037006
238,11955,16.983311623350332
238,11956,15.711328983298847
238,11957,13.970991075051616
238,11958,14.648863077156202
238,11959,14.129178374998494
238,11960,15.634907484068785
238,11961,13.10046538709924
238,11962,12.394958585494377
238,11963,11.777445673953277
238,11964,11.676618754857765
238,11965,11.18901394307041
238,11966,54.59018468861777
238,11967,25.95994234083755
238,11968,30.99359035490358
238,11969,1.7707985825852763
238,11970,4.908610135314337
238,11971,7.87076398730994
238,11972,6.431348472830344
238,11973,6.500528678294671
238,11974,11.646093875180346
238,11975,9.026320651168975
238,11976,5.99378697573832
238,11977,9.08331960440508
239,11997,18.476508110752192
239,11998,20.424969345320743
239,11999,22.14435249569046
239,12000,22.024868130672633
239,12001,23.83218616245958
239,12002,20.126612484473416
239,12003,18.00822928546938
239,12004,17.46667787431777
239,12005,17.899767458455152
239,12006,14.466521143905867
239,12007,16.577425003066836
239,12008,17.461006343355784
239,12009,12.755651324980885
239,12010,12.583704292785646
239,12011,12.755851149552495
239,12012,11.016248837107746
239,12013,12.165867090236285
239,12014,12.16035783290241
239,12015,58.50072741505491
239,12016,22.634544968625626
239,12017,12.82427430152237
239,12018,18.721914142360646
239,12019,5.253003425900945
239,12020,2.9004620388135374
239,12021,9.761884957560834
239,12022,7.037386894222474
239,12023,7.374612316485447
240,11996,28.74791890385381
240,11997,21.691847741592753
240,11998,23.21403086184268
240,11999,23.90244662763862
240,12000,21.11380085348003
240,12001,21.408521980036276
240,12002,20.70560619236922
240,12003,17.63387605547003
240,12004,18.349949419489057
240,12005,17.410965710894207
240,12006,48.84621262547855
240,12007,21.361484080572485
240,12008,16.913842409840516
240,12009,13.742465525858524
240,12010,11.868470460187263
240,12011,12.437391132109955
240,12012,13.634884804480253
240,12013,12.364162802707474
240,12014,11.16465479134942
240,12015,8.923060968513694
240,12016,10.068958997735598
240,12017,9.68985624610882
240,12018,10.74504062532829
240,12019,10.010371506223247
240,12020,8.884072378273233
240,12021,10.237244144091381
240,12022,8.157004639502167
240,12023,7.688404619689823
240,12024,9.0970444679343
240,12025,6.471266448494461
240,12026,6.336755007502175
240,12027,7.299936935312235
241,12034,20.307558327902896
241,12035,21.702761650105188
241,12036,29.020058512672836
241,12037,25.80624371765724
241,12038,25.412162840389474
241,12039,18.280480206003375
241,12040,21.19260415433753
241,12041,23.62628638746503
241,12042,18.760045766820845
241,12043,19.10362601279235
241,12044,17.427395582214945
241,12045,16.07335880397928
241,12046,15.761210024371177
241,12047,14.66308146714414
241,12048,13.076805621378885
241,12049,14.200248867286245
241,12050,14.599476903669517
241,12051,13.83662447332628
241,12052,14.020433574927685
241,12053,11.141125783318543
241,12054,10.807127729052738
241,12055,9.841836243876825
241,12056,6.450707316395321
241,12057,10.852291435013152
242,12047,21.510841548431834
242,12048,22.345570474851623
242,12049,26.06112062933431
242,12050,23.2159084081531
242,12051,21.82173907755689
242,12052,20.690208971519215
242,12053,23.288690149772176
242,12054,16.12083658575187
242,12055,20.018955320138065
242,12056,18.75250473617548
242,12057,14.499163627637698
242,12058,16.296160519114743
242,12059,15.353923290960086
242,12060,13.619129508746136
242,12061,12.969784140580218
242,12062,13.10884460806176
242,12063,13.944893181336688
242,12064,12.65122354029962
242,12065,12.169654369348024
242,12066,10.67993670702952
242,12067,10.739963874215354
242,12068,12.000638991588175
242,12069,9.687693044552077
242,12070,11.332927197212143
242,12071,10.711852312097756
242,12072,8.832508921618713
242,12073,8.74528348445445
242,12074,8.174018561847491
242,12075,7.07392528652783
242,12076,7.130686864253211
243,12074,21.094333380479924
243,12075,23.125981986510844
243,12076,21.632798910129925
243,12077,19.376589059847337
243,12078,21.44282743333673
243,12079,23.8032451271889
243,12080,19.2116881907161
243,12081,15.878627747289162
243,12082,17.26350858809134
243,12083,16.146355122319545
243,12084,13.816434144966687
243,12085,18.12914192678193
243,12086,13.502123504870182
243,12087,13.737241923802024
243,12088,10.825893804440808
243,12089,13.302540332072128
243,12090,11.455290913575988
243,12091,11.894730627547592
243,12092,12.792706042521608
243,12093,11.159684658044828
243,12094,34.75653111937823
243,12095,6.028811931607024
243,12096,6.550299748784301
243,12097,6.263713762160911
243,12098,6.585567444559543
243,12099,6.875585317617948
243,12100,9.624248743052327
245,12154,21.89792454241586
245,12155,29.666103422668733
245,12156,35.105566978436634
245,12157,23.270917832872573
245,12158,21.949429661024308
245,12159,20.104870498170104
245,12160,18.12737300993661
245,12161,18.95704194902404
245,12162,16.521513015023363
245,12163,16.09234079720053
245,12164,15.101906955234432
245,12165,14.410813003771084
245,12166,13.259639740002294
245,12167,12.233832925551832
245,12168,13.9446102082658
245,12169,12.559422254573802
245,12170,11.809354573482194
245,12171,15.744214206948294
245,12172,14.180408567182916
245,12173,10.852860063308885
245,12174,11.019966378818044
245,12175,10.80804504453583
245,12176,8.179137557740797
245,12177,7.580760195858222
245,12178,5.305806398389009
245,12179,9.724299162621291
246,12165,19.586762934913153
246,12166,21.471233367939448
246,12167,22.146272957313652
246,12168,18.949704766263803
246,12169,17.985856980101733
246,12170,20.205425173033866
246,12171,26.67410463097137
246,12172,17.651168256989035
246,12173,15.151699483386873
246,12174,15.223758369698064
246,12175,13.053347021334647
246,12176,11.463121622794963
246,12177,16.492055654540756
246,12178,9.86291036009284
246,12179,12.40116789936385
246,12180,9.305835664280773
246,12181,12.938484102480945
246,12182,67.01154291635886
246,12183,29.95704531668084
246,12184,11.891723871224997
246,12185,44.858062863390714
246,12186,0.4230144945902448
246,12187,1.142948437481534
246,12188,0.9604757465430889
246,12189,10.295064523810844
246,12190,7.196745648976459
246,12191,9.100707694896391
246,12192,7.651760280128379
246,12193,6.505176275965224
246,12194,8.287420347340493
247,12182,26.365736424946924
247,12183,21.099511384953196
247,12184,17.46789693831504
247,12185,12.470505684625524
247,12186,15.490851402274789
247,12187,14.513522833578316
247,12189,13.453453481200034
247,12190,10.539895892137856
247,12191,12.554547339689229
247,12192,11.147671043867131
247,12193,14.335499256841956
247,12194,11.104326546202268
247,12195,14.335519373409568
247,12196,10.8612949401239
247,12197,8.70318755507024
247,12198,9.360981211061457
247,12199,7.865390181548597
247,12200,9.965518936509756
247,12201,8.463868126268826
248,12210,26.13282948734753
248,12211,30.00308007000342
248,12212,29.594314098343013
248,12213,27.38468080761539
248,12214,20.036842972029927
248,12215,19.572211951007365
248,12216,20.4244168102927
248,12217,18.1269143521693
248,12218,17.722190469494336
248,12219,16.713363379255238
248,12220,16.19130358099109
248,12221,16.633422821775305
248,12222,13.72426003216995
248,12223,16.10134899615418
248,12224,12.54325658084103
248,12225,13.059072196476931
248,12226,10.850407853717021
248,12227,13.216008245956996
248,12228,12.662144154303748
248,12229,11.407460421317941
248,12230,9.810636118063313
248,12231,9.771255254740485
248,12232,6.167274937039262
248,12233,9.13499571382532
248,12234,8.90505060553095
249,12215,32.10008740423468
249,12216,31.139674186734865
249,12217,29.777114689334898
249,12218,25.883941948400608
249,12219,24.75809276106225
249,12220,24.257074892508495
249,12221,24.8730066418874
249,12222,20.247842967499864
249,12223,22.629969120014056
249,12224,19.93604287506963
249,12225,17.735470086327062
249,12226,14.372193217270175
249,12227,17.04389736057878
249,12228,19.046633094539438
249,12229,13.432573825114055
249,12230,13.431974351418313
249,12231,11.766845583909692
249,12232,15.245429277433908
249,12233,13.461981564753321
249,12234,12.154253125184518
249,12235,11.682700663815634
249,12236,9.839284792537423
249,12237,9.507710114116573
249,12238,8.991309776910377
249,12239,10.107627734536724
250,12248,24.598267972456746
250,12249,24.137534201167128
250,12250,23.793304860579717
250,12251,22.659728229034275
250,12252,21.339650899191238
250,12253,21.66150927542532
250,12254,19.709669798602512
250,12255,18.82892623545452
250,12256,16.65930613874537
250,12257,15.971708446755631
250,12258,16.4137713611042
250,12259,14.949924945823652
251,12273,3.7333992496113755
251,12274,1.3554093986761977
251,12277,1.8663315474986322
251,12278,2.4013807252037163
251,12279,1.933900862931216
251,12280,1.494358889759946
251,12281,2.4902641028153076
251,12282,21.991616785546277
251,12283,24.995551407324403
251,12284,24.353363513934074
251,12285,22.34038978817111
251,12286,22.376477569330213
251,12287,24.914283156382215
251,12288,18.843891620653125
251,12289,21.592610031355303
251,12290,17.376802414646797
251,12291,14.654969125999429
251,12292,19.025859385719105
251,12293,14.377175420515334
251,12294,13.784240931285044
251,12295,12.96984583138756
251,12296,14.08164560796111
251,12297,13.531672060482732
251,12298,11.185004711145401
251,12299,12.776335179817375
251,12300,17.688066065302383
251,12301,8.308065310116332
251,12302,10.393239408740914
251,12303,8.390498310323238
251,12304,9.982233121986052
251,12305,7.125815972692295
253,12302,1.9117370992898217
253,12303,24.573926925646607
253,12304,31.600386500342417
253,12305,31.248987615136908
253,12306,30.276719033702623
253,12307,24.809502661250743
253,12308,29.926551282390545
253,12309,21.50560453533026
253,12310,21.351951509733546
253,12311,22.177257835853677
253,12312,18.94473999737724
253,12313,12.202909737836492
253,12314,16.230977475634855
253,12315,18.189091980448
253,12316,16.344362497344576
253,12317,16.48978784679523
253,12318,15.839116126290802
253,12319,15.197499543442245
253,12320,14.075658917419863
253,12321,9.486340954908416
255,12350,22.178087979543786
255,12351,32.78369396923295
255,12352,26.754747927213206
255,12353,27.56357342003366
255,12354,21.15785613654962
255,12355,22.16818124057879
255,12356,20.9443388879192
255,12357,21.405642628689208
255,12358,19.11585956810927
255,12359,18.279073387375064
255,12360,15.849124789252391
255,12361,16.48929432033649
255,12362,14.96420100330541
255,12363,15.128475576652935
255,12364,15.239258855573489
255,12365,15.093710124484923
255,12366,13.46985384823117
255,12367,13.847727477543422
255,12368,11.696091592305875
255,12369,8.437552303083464
255,12370,9.797552973026987
256,12355,24.874763488792155
256,12356,24.748227596270297
256,12357,24.747849404834366
256,12358,23.377701938140355
256,12359,27.372042238698306
256,12360,22.720099389573736
256,12361,21.296567916859225
256,12362,18.999348431815918
256,12363,19.328428655880387
256,12364,19.23203006385773
256,12365,15.751181244842101
256,12366,16.260177344098576
256,12367,13.49733173846508
256,12368,14.562827199690044
256,12369,14.300285875810278
256,12370,14.587201774112868
256,12371,13.140546977531942
256,12372,13.034005612128265
256,12373,12.26476818322508
256,12374,10.692242681989859
256,12375,10.470341518515951
256,12376,8.045100867744146
256,12377,8.818491026767168
257,12396,25.230555832408964
257,12397,28.200185000882026
257,12398,30.35826355217334
257,12399,26.247263252759012
257,12400,25.138931572424426
257,12401,26.757314801202437
257,12402,26.29768073561199
257,12403,21.46646574138497
257,12404,21.892341524351362
257,12405,21.111708730478416
257,12406,17.842635065308027
257,12407,16.982689350858877
257,12408,15.952345579854436
257,12409,16.89041331409544
257,12410,16.43901497127121
257,12411,12.85645812749205
257,12412,12.254779636853623
257,12413,14.459088742746154
257,12414,15.33506199716737
257,12415,13.039933294051174
257,12416,14.398103356374484
257,12417,9.420081675047825
257,12418,9.648845270271133
258,12416,22.021241784115794
258,12417,23.587378263461446
258,12418,31.02515995500885
258,12419,25.631433427357145
258,12420,26.200831532464928
258,12421,20.97982853652955
258,12422,23.434513807284763
258,12423,22.492972612369474
258,12424,20.2439108491128
258,12425,15.799844562999272
258,12426,17.645308971396002
258,12427,16.29856780172877
258,12428,15.214732736341324
258,12429,14.54465925692768
258,12430,15.173370391144248
258,12431,12.561727613204251
258,12432,15.993269383921863
258,12433,12.06999689339974
258,12434,11.851180940860408
258,12435,13.255269080412523
258,12436,9.735861495132236
258,12437,6.853482574220966
258,12438,9.690514057883494
259,12420,26.553523242460017
259,12421,30.511522293118567
259,12422,23.954916000353954
259,12423,28.369714021668226
259,12424,25.50143480303223
259,12425,23.004244565951975
259,12426,21.727928817261073
259,12427,21.067438870687575
259,12428,19.432699531306817
259,12429,17.814462482920117
259,12430,18.779275864379798
259,12431,14.585322886697936
259,12432,15.054612904800756
259,12433,14.344630837433153
259,12434,16.747316122046485
259,12435,27.49826967718718
259,12436,14.729246199123477
259,12437,1.9597820006300912
259,12438,10.27079723776321
259,12439,9.081163778896455
259,12440,8.698344826693853
259,12441,8.655057996519332
260,12436,23.03267866371884
260,12437,25.920572876916978
260,12438,25.473185777687355
260,12439,24.885006844984673
260,12440,27.33511090277227
260,12441,23.883663117907314
260,12442,23.590167760836934
260,12443,22.655750513065193
260,12444,18.412371128814275
260,12445,20.540686547745686
260,12446,20.650116652269073
260,12447,16.658060252657954
260,12448,15.436024367801398
260,12449,15.214853435768616
260,12450,14.831276088945431
260,12451,14.848220944397005
260,12452,11.682157516490118
260,12453,13.598605245344833
260,12454,13.320299237959723
260,12455,11.82375401259544
260,12456,12.223892658942644
260,12457,11.549990326176658
260,12458,11.235829889768576
260,12459,8.948108106847
260,12460,8.794188201435459
261,12481,28.283958435044127
261,12482,28.182278573538664
261,12483,27.76474446056853
261,12484,26.562202870832206
261,12485,31.969257295160762
261,12486,24.625344872462072
261,12487,22.302539795625723
261,12488,13.943464905036256
261,12489,18.25875163077374
261,12490,16.83883175253007
261,12491,16.675151288524535
261,12492,15.666591078034969
261,12493,33.746853768808265
261,12494,8.901927173145761
261,12495,8.322636410589729
261,12496,10.549068376431523
261,12497,12.783499360077993
261,12498,12.70520031451529
261,12499,10.836833864460312
261,12500,10.406527742738168
261,12501,10.234904587263594
262,12482,38.551508188282746
262,12483,26.511849760995652
262,12484,29.066946208462152
262,12485,47.08867907528391
262,12486,38.37762057779256
262,12487,32.523272931559134
262,12488,20.114564001578504
262,12489,17.747994661322096
262,12490,18.361885249605322
262,12491,20.933817923088043
262,12492,15.911452621213401
262,12493,17.686385661354553
262,12494,24.925065636657497
262,12495,10.955820009106754
262,12496,12.247551083575896
262,12497,13.66590455173747
262,12498,13.377103060477088
262,12499,13.985366374266947
262,12500,13.29482227563178
262,12501,10.627004653209971
262,12502,13.706915527594635
262,12503,9.467192664737626
262,12504,8.699541091914496
262,12505,9.291403368123877
263,12543,26.79116159676135
263,12544,25.213201940082595
263,12545,23.507174849498167
263,12546,25.670129656815035
263,12547,25.58668613432529
263,12548,21.476507931936723
263,12549,17.42754578591978
263,12550,20.8034665882481
263,12551,21.308389753092357
263,12552,15.574144721045354
263,12553,16.285715997210755
263,12554,13.25745642184533
263,12555,13.501831144106747
263,12556,14.74292680620393
263,12557,12.269663214694692
263,12558,13.629210591309251
263,12559,12.865497171872233
263,12560,12.87652909756878
263,12561,12.020308971398881
263,12562,13.163799047463359
263,12563,8.307134583599971
263,12564,9.422080591316172
263,12565,8.297675773497152
264,12594,27.544626295591613
264,12595,26.95893108843378
264,12596,25.69145858290148
264,12597,29.243827164158162
264,12598,24.21487838028623
264,12599,21.09197571875583
264,12600,20.362075567235067
264,12601,21.517029404629188
264,12602,18.748367428796655
264,12603,16.510129719964162
264,12604,18.24802011250516
264,12605,13.651039749396343
264,12606,15.529129207126301
264,12607,15.305455774082754
264,12608,50.516220331166174
264,12609,7.173803374167587
264,12610,9.225905165084647
264,12611,5.2191951870891575
264,12612,8.955364152784535
264,12613,10.405140370140002
264,12614,8.084399253125824
264,12615,9.66599933802587
264,12616,9.19143408537747
265,12607,28.11101496222192
265,12608,30.7301679253421
265,12609,31.9008958339528
265,12610,33.17548155787624
265,12611,26.034706234918627
265,12612,26.78231567143024
265,12613,24.002771973631752
265,12614,24.099406599986146
265,12615,24.528007507311674
265,12616,20.657424330730155
265,12617,17.564255297175006
265,12618,19.223489910354317
265,12619,17.691550254837868
265,12620,15.764912813893838
265,12621,27.002822756791833
265,12622,9.616431444878428
265,12623,11.746159046882342
265,12624,13.52928221226969
265,12625,12.43529364466031
265,12626,10.696703195566426
265,12627,9.43414717913532
265,12628,10.625976026052761
266,12630,23.905933499357985
266,12631,27.907499670968086
266,12632,24.50463473799073
266,12633,28.535909056648915
266,12634,23.023462593543673
266,12635,21.887615472098233
266,12636,17.247631251803156
266,12637,20.26883527635491
266,12638,21.869796216507776
266,12639,18.26625779270191
266,12641,14.209867268803562
266,12643,15.231717824928122
266,12644,12.882101386797222
266,12645,13.699021786444332
266,12646,12.633822709333465
266,12647,11.237431839102719
266,12648,10.817604437464901
266,12649,13.564109355223595
266,12650,8.256854563947268
266,12651,7.996263876553259
266,12652,9.523245468744356
267,12655,25.877759456658058
267,12656,35.000271499139046
267,12657,28.23406934740727
267,12658,29.24772977827483
267,12659,25.545720756040858
267,12660,25.199734568618805
267,12661,20.828020870674923
267,12662,20.21553173660198
267,12663,21.80008292200164
267,12664,20.62386855482
267,12665,16.555103659621352
267,12666,15.646062791361732
267,12667,17.263504564753283
267,12668,15.32531350850275
267,12669,15.342678129686957
267,12670,14.70593377947055
267,12671,13.005072623503114
267,12672,13.738148510449058
267,12673,11.199872866267198
267,12674,12.90910989047271
267,12675,9.473148509855193
267,12676,9.032252356405406
267,12677,9.64848048985882
268,12680,27.595357596899333
268,12681,25.568334460245403
268,12682,28.66798907520994
268,12683,21.922756433475723
268,12684,25.263268053518722
268,12685,23.569077551386336
268,12686,22.489980608213365
268,12687,19.83406797050415
268,12688,17.66823247076688
268,12689,18.580375313749343
268,12690,16.19971498846179
268,12691,15.02673670650895
268,12692,15.323009490958958
268,12693,64.59348320957695
268,12694,25.05453586580648
268,12695,8.184565007682428
268,12696,15.862942188992623
268,12697,16.753690391770373
268,12698,1.588249951600216
268,12699,8.618739545353145
268,12700,8.899723738427378
268,12701,8.928019031877719
268,12702,10.109373852619782
270,12730,26.54326915743381
270,12731,27.102885246262993
270,12732,25.123082399391137
270,12733,24.65226620434454
270,12734,26.10531538723564
270,12735,21.63993224503578
270,12736,19.748745560635953
270,12737,19.00977283715229
270,12738,18.86801004411506
270,12739,19.2020885646245
270,12740,15.058219134799884
270,12741,14.013255983603825
270,12742,13.364939242594557
270,12743,13.762539178125971
270,12744,13.050246387731978
270,12745,13.419483304016879
270,12746,12.023358643065897
270,12747,13.590063750736913
270,12748,9.744384214277051
270,12749,12.208618819724697
270,12750,9.101351425047033
270,12751,10.516836270684585
270,12752,8.890939503916243
270,12753,8.985162824387723
270,12754,7.400120794769316
271,12770,28.608157038674026
271,12771,33.197620511085184
271,12772,27.592425942406845
271,12773,28.940498828873135
271,12774,25.741463005566168
271,12775,23.016950190055514
271,12776,21.70105844734989
271,12777,21.088828146476853
271,12778,21.65015414356078
271,12779,18.71468961237904
271,12780,15.013622045530624
271,12781,15.8646024763503
271,12782,18.41585665942913
271,12783,14.447261542074441
271,12784,13.651662021868397
271,12785,13.023227155220432
271,12786,12.847785204642399
271,12787,12.167819738381837
271,12788,12.979921549570445
271,12789,11.764899641269388
271,12790,11.08137220143705
271,12791,9.489313513049172
271,12792,7.51065932213876
271,12793,8.317583128805673
271,12794,10.282054468998723
272,12777,27.095152437711562
272,12778,28.153358995900057
272,12779,26.566344201551196
272,12780,28.512614071395102
272,12781,25.281370282160225
272,12782,18.80182921888154
272,12783,22.163566499937165
272,12784,21.695344001043665
272,12785,20.59081301094974
272,12786,18.082994520654964
272,12787,16.582482308140854
272,12788,15.689463615431752
272,12789,14.64903742074217
272,12790,14.279296249143925
272,12791,13.395488262188698
272,12792,13.301845639937271
272,12793,23.555722832667698
272,12794,7.797159478075444
272,12795,8.62700410186803
272,12796,9.649478942164613
272,12797,7.161369323726805
272,12798,9.803592637176267
273,12796,31.244511008291052
273,12797,24.95314031838094
273,12798,27.4742048978665
273,12799,21.72194346787521
274,12841,24.68700617554049
274,12842,28.467341065432688
274,12843,24.725241064977546
274,12844,26.0023963451622
274,12845,21.94566786291211
274,12846,19.681372493467443
274,12847,24.035945534727976
274,12848,20.5417527258583
274,12849,16.715208739009977
274,12850,19.49597284199581
274,12851,17.01090082527754
274,12852,13.285575360034061
274,12853,15.555299520506702
274,12854,14.416412115110159
274,12855,13.434116095278526
274,12856,12.895662635576533
274,12857,12.504691779624869
274,12858,11.109022423603522
274,12859,11.845203638087556
274,12860,9.81617286802231
274,12861,9.959830641727272
274,12862,8.458409160383288
274,12863,11.222146600495055
274,12864,9.191462248572126
275,12862,28.43598335983955
275,12863,31.498462557821313
275,12864,29.44106340411003
275,12865,28.105140924399418
275,12866,21.92176401617137
275,12867,26.068748831772673
275,12868,22.781162559942086
275,12869,21.505742669125087
275,12870,18.982842117565255
275,12871,19.36817094679904
275,12872,17.559527903811215
275,12873,16.14311903716602
275,12874,15.949890017478634
275,12875,17.046205401436097
275,12876,15.781055688872385
275,12877,14.211272746297073
275,12878,12.347168326389099
275,12879,11.804852485667476
275,12880,10.305142253617397
276,12869,31.274610757856205
276,12870,36.458170115980884
276,12871,34.91375148289608
276,12872,33.80256056788657
276,12873,30.31346797945872
276,12874,27.920741736834923
276,12875,27.482836246515472
276,12876,53.34992051129425
276,12877,22.899225354150385
276,12878,19.253301322477686
276,12879,40.75001835826766
276,12880,25.706865191409975
276,12881,21.19172573091527
276,12882,14.890682995332911
276,12883,16.06766045090431
276,12884,15.323824882521262
276,12885,14.758444726480556
276,12886,12.923469096397218
276,12887,12.98808351160277
276,12888,10.087210088977452
276,12889,10.365636795768628
276,12890,11.47568240759539
277,12899,23.892766535235957
277,12900,31.06172919276202
277,12901,32.39728957417574
277,12902,25.746156871269058
277,12903,27.607926428343134
277,12904,21.59779474141178
277,12905,24.155405759764715
277,12906,20.982988178749093
277,12907,18.442806154506293
277,12908,18.01110863682127
277,12909,17.70456433297814
278,13999,11.577611714579142
278,14000,24.737243950389473
278,14001,16.46667122842379
278,14002,11.864531636215167
278,14003,10.894296839843168
278,14004,13.723805397761428
278,14005,12.795694023346012
278,14006,13.556899577391556
278,14007,13.208536952746007
278,14008,10.778926312902598
278,14009,12.06732407213355
278,14010,10.9854919463496
278,14011,7.393529266104714
278,14012,13.46314832569393
278,14013,8.92984762788631
278,14014,11.11091941596088
278,14015,10.691748484948477
278,14016,12.740884423267508
278,14017,8.2590063661412
278,14018,7.2737297415592765
278,14019,9.558422639974705
278,14020,9.077332913883836
278,14021,6.844802275286797
278,14022,9.425412565478315
278,14023,8.318986594684539
278,14024,5.8225560933238985
278,14025,58.14833879476114
278,14026,25.371243059658237
278,14027,9.041166678053548
278,14028,40.89346557859326
278,14029,11.643690615903001
278,14030,16.86540976163466
278,14031,11.89483657480368
278,14032,4.625475481156742
278,14033,4.638412110498524
278,14034,4.79031432420451
278,14035,8.030219301588685
278,14036,7.514106631264469
278,14037,4.5668430626433905
278,14038,4.0784915909208195
280,14121,6.678755432367072
280,14122,4.2937187477985335
280,14123,4.923671074216076
280,14125,4.751648269591285
280,14126,9.28415603936563
280,14127,4.763152934601639
280,14128,2.5312541238986626
280,14129,1.8209448270516269
280,14130,4.880584068586931
281,14095,24.192481935046263
281,14096,27.207298278756014
281,14097,24.805294275306377
281,14098,19.38235580922936
281,14099,23.504782319023484
281,14100,20.655831098575305
281,14101,19.254346042888987
281,14102,21.22509777541827
281,14103,16.223295629039264
281,14104,20.277504175919855
281,14105,20.18463805313978
281,14106,13.71167778970058
281,14107,14.515853673232883
281,14108,12.19477728006867
281,14109,11.614316403876376
281,14110,6.660987809306481
281,14111,10.550013855079289
281,14112,11.743450015793991
281,14113,10.137995034465472
281,14114,11.034929081807636
281,14115,11.440440863348785
281,14116,10.760844871411575
281,14117,8.31083334983151
281,14118,14.073918163749198
281,14119,7.3378338664836855
281,14120,7.684748098261194
281,14121,7.48421005903228
282,14154,17.457225769774105
282,14155,17.094148546424254
282,14156,21.52020111681988
282,14157,15.589422583594194
282,14158,14.06879112121724
282,14159,16.838685572162685
282,14160,14.686053246273046
282,14161,12.80235260722547
282,14162,13.119861781609071
282,14163,16.17188975216429
282,14164,14.157703667891981
282,14165,11.019577458479565
282,14166,14.871279895319159
282,14167,13.646492064011587
282,14168,12.337017506337165
282,14169,9.983383119115372
282,14170,11.08747355640943
282,14171,11.160813868024237
282,14172,11.362884789715611
282,14173,10.051916241654954
282,14174,10.271432921270547
282,14175,9.54883843661223
282,14176,8.516598343856929
282,14177,9.608490094523933
282,14178,9.77131091059143
282,14179,9.627677947291547
282,14180,8.140543922766211
282,14181,8.375471904881467
282,14182,6.475590839987922
282,14183,7.633069977149516
282,14184,5.514449402694949
282,14185,6.274749040609344
282,14186,7.062374353395165
283,14156,24.81585681440703
283,14157,39.612010717428
283,14158,51.648429036040625
283,14159,35.62922537330053
283,14160,45.1443243027144
283,14161,34.61129218333231
283,14162,24.755879938624965
283,14163,24.124394059203155
283,14164,24.284492433093224
283,14165,24.94624704117722
283,14166,73.4957349301053
283,14167,29.27053123715202
283,14168,13.726569414112266
283,14169,13.872854411614638
283,14170,18.60751390458846
283,14171,16.538341194359287
283,14172,12.98480987550009
283,14173,13.18624779583223
285,14326,29.853439629105065
285,14327,34.485300779276
285,14328,30.84437102082197
285,14329,31.885389983683023
285,14330,35.717443227698915
285,14331,46.27378106121457
285,14332,28.755120635058805
285,14333,24.83623892064063
285,14334,22.050500661154775
285,14335,18.42656135560758
285,14336,23.184612393334405
285,14337,19.27859857680167
285,14338,16.246646940722936
285,14339,15.543733835234473
285,14340,15.821593254774035
285,14341,15.250513404621644
285,14342,15.041360110058159
285,14343,13.661381006214443
285,14344,11.107818782339661
285,14345,9.3366066366519
285,14346,11.320775449254091
286,14423,30.807962715653787
286,14424,32.91782587760286
286,14425,37.3577883839947
286,14426,32.070510685473046
286,14427,27.942864596789715
286,14428,25.508899390720682
286,14429,25.543937087082256
286,14430,23.954843580676513
286,14431,19.23215076329073
286,14432,60.986287593897025
286,14433,35.32280713312952
286,14434,28.33209604027464
286,14435,7.481139600283751
286,14436,12.023326456523547
286,14437,15.290926247849065
286,14438,12.456378489744072
286,14439,12.8506739437697
287,14517,36.490938663515855
287,14518,38.10376435510901
287,14519,34.60381954911518
287,14520,32.074957788019745
287,14521,37.44928658001338
287,14522,29.56726133826084
287,14523,30.157854259041557
287,14524,27.24858283991316
287,14525,21.700653433819483
287,14526,23.192358613035314
287,14527,19.673182368240482
287,14528,15.795840024962487
287,14529,21.26090660693195
287,14530,17.182405292954616
287,14531,16.543128937497883
287,14532,15.37558346988169
287,14533,13.621819764349361
287,14534,11.094504296789724
288,14533,28.60278993839458
288,14534,31.276665329961613
288,14535,29.767555296448126
288,14536,31.582434475360866
288,14537,27.575656771684933
288,14538,24.165375530741738
288,14539,23.578092455885397
288,14540,22.74287402625457
288,14541,19.819689989107992
288,14542,17.767967730776736
288,14543,19.234571456872008
288,14544,18.52490186692969
288,14545,14.117369949830497
288,14546,23.5707619785807
288,14547,12.13303685189397
288,14548,12.440129667531837
288,14549,12.205579876876131
288,14550,10.03542400897462
288,14551,11.438103318224819
289,14546,34.40946400158908
289,14547,37.188498079810586
289,14548,36.5462109446858
289,14549,32.41400510066444
289,14550,32.50835984948254
289,14551,25.316555500053543
289,14552,27.133789658494006
289,14553,26.33353918793212
289,14554,20.195381641406307
289,14555,21.977156996684517
289,14556,19.829595386999998
289,14557,19.023194611089842
289,14558,18.278467208111724
289,14559,16.99188664557095
289,14560,16.286338269725356
289,14561,16.589331328836806
289,14562,11.970313936482826
289,14563,10.965660363445718
290,14659,30.33579200508969
290,14660,32.67210870984188
290,14661,28.33055645221957
290,14662,30.34174650910276
290,14663,26.939710378671354
290,14664,25.026949346088283
290,14665,24.179017245722772
290,14666,22.943935096284754
290,14667,22.430693060180083
290,14668,16.822407245603475
290,14669,17.259105741993388
290,14670,16.714056730285588
290,14671,16.362633705107537
290,14672,16.157152354731952
290,14673,14.327998459352173
290,14674,12.781490385507677
290,14675,15.074011981500986
290,14676,11.383631676445825
290,14677,10.22032544014863
291,14675,34.7700843215305
291,14676,38.85304749015528
291,14677,34.62883651249869
291,14678,32.93365895751134
291,14679,29.64076191189601
291,14680,28.296690881197602
291,14681,26.390619277978104
291,14682,21.416273564119745
291,14683,21.780465245204795
291,14684,20.82401767374979
291,14685,20.52905648948629
291,14686,16.706392317978043
291,14687,19.197098314779577
291,14688,15.783436149373106
291,14689,16.88268586994753
291,14690,16.304254084794007
291,14691,15.487194210304994
291,14692,13.92303049565628
291,14693,10.823477134087627
291,14694,10.157196968803106
292,14696,30.14009803527729
292,14697,32.69456416371458
292,14698,30.024341940907128
292,14699,32.98925578587832
292,14700,27.41939395668616
292,14701,24.95698124172573
292,14702,24.576080739450642
292,14703,25.52283883097109
292,14704,21.577011644859862
292,14705,16.4280635118167
292,14706,17.711332887427226
292,14707,16.399084925666468
292,14708,16.312810331551496
292,14709,45.06400823597238
292,14710,13.133699297916914
292,14711,2.705207951361673
292,14712,5.782930478458896
292,14713,8.278787657626053
292,14714,8.659111484893092
294,14738,28.359336555029913
294,14739,28.709021508719808
294,14740,29.491730332317577
294,14741,29.242381453540695
294,14742,24.00529593231477
294,14743,25.358360409687624
294,14744,22.54892349245215
294,14745,23.993448615095982
294,14746,21.361256092745503
294,14747,19.42247763277867
294,14748,19.083762913959692
294,14749,22.125149220185435
294,14750,21.06273159386643
294,14751,15.708489865078908
294,14752,13.280837237809264
294,14753,13.261604458105705
294,14754,11.326341032992174
294,14755,10.373998582343079
295,14746,36.819782853055365
295,14747,49.66199576859223
295,14748,47.17214405540942
295,14749,44.787896275433766
295,14750,30.106980800656046
295,14751,49.529719948813664
295,14752,21.036412417847988
295,14753,21.73191055657456
295,14754,22.039840221425074
295,14755,19.65324282642381
295,14756,18.57945129277012
295,14757,20.35644963385526
295,14758,19.18175071474183
295,14759,14.51904952527413
295,14760,16.26035436989356
295,14761,16.267801523177177
295,14762,11.653040796528924
295,14763,12.501179426919864
295,14764,15.838391929879288
295,14765,11.426276117541164
297,14782,29.01065737011687
297,14783,29.58285301918034
297,14784,26.860912442231765
297,14785,30.269431471852176
297,14786,24.191803336096736
297,14787,22.9132050276011
297,14788,19.179030954855243
297,14789,22.115278691073506
297,14790,19.956934601029925
297,14791,18.82905229927822
297,14792,14.8675596714155
297,14793,16.933126151529013
297,14794,62.36013114458033
297,14795,18.320691883580658
297,14796,28.58045786613663
297,14797,5.4550119862010025
297,14798,0.9271467849620669
297,14799,10.068051740507695
297,14800,7.118052318698681
297,14801,10.096334293493872
299,14820,36.73152744773391
299,14821,53.07591676701778
299,14822,29.284309744861535
299,14823,27.888885140444373
299,14824,29.726678430976637
299,14825,26.49768769743468
299,14826,24.81489926578871
299,14827,25.057204663705082
299,14828,20.153108686227053
299,14829,19.600179344433492
299,14830,20.565108060797048
299,14831,19.58304002882831
299,14832,16.11877262593782
299,14833,17.07764625546016
299,14834,15.175690501942134
299,14835,16.13426908852137
299,14836,16.499341875282823
299,14837,11.986311972152167
299,14838,10.076286122212037
300,14842,25.141240954421974
300,14843,26.808099746652292
300,14844,25.36173194649142
300,14845,25.816875994228955
300,14846,26.417800784059967
300,14847,22.804473638555287
300,14848,21.891488581915738
300,14849,18.9263239502541
300,14850,18.39776918293719
300,14851,18.519470393674528
300,14852,17.007735818591627
300,14853,14.229042381061145
300,14854,14.122897982610196
300,14855,13.297466933701566
300,14856,17.764863073841994
300,14857,51.03063046936862
300,14858,16.125094592540094
300,14859,15.355913490070959
300,14860,4.0647392347492
300,14861,6.95230454205123
300,14862,7.820416912443598
300,14863,7.500444129116205
300,14864,7.763663381345181
301,14934,24.617547690890767
301,14935,28.8312551379466
301,14936,24.952952563714437
301,14937,26.960736215139114
301,14938,25.417505800747147
301,14939,23.250895142576386
301,14940,18.71404990550239
301,14941,17.168084979072926
301,14942,16.755247414127332
301,14943,18.344851881230188
301,14944,16.053700894131957
301,14945,14.937977045788045
301,14946,18.56483593579519
301,14947,13.449490517390085
301,14948,15.020952522768333
301,14949,11.331104636170423
301,14950,7.103086933500075
301,14951,11.483452767144158
302,14941,29.855276942280266
302,14942,28.5701474547646
302,14943,31.401658952175488
302,14944,30.721555352238937
302,14945,27.51072317364334
302,14946,26.546766757913783
302,14947,25.673541426681982
302,14948,20.636841058749848
302,14949,21.991577893453055
302,14950,23.242864608785787
302,14951,15.89896023274914
302,14952,18.946078419648746
302,14953,18.80206525327485
302,14954,15.50495445729712
302,14955,15.214795768231552
302,14956,10.513955578217532
302,14957,18.492144048230777
302,14958,16.988830268350192
302,14959,10.994821339855658
302,14960,12.720314562332279
302,14961,8.839432373625838
302,14962,10.609909594068641
303,14997,36.18433803323222
303,14998,33.108732104331565
303,14999,31.944267153678194
303,15004,26.832417726525875
303,15005,81.94391012175934
303,15006,32.28728950026588
303,15007,46.78188800816022
303,15008,30.666280388772826
303,15009,13.158937543642569
303,15010,3.49278666079362
303,15011,12.67345234749252
303,15013,11.933023184548741
303,15014,14.395600855363586
304,15001,12.801003456127365
304,15002,14.626359343500479
304,15003,22.181735783835556
304,15004,41.904897093811
304,15005,25.659280121276854
304,15006,24.770570397399545
304,15007,23.667125701925823
304,15008,19.991413056811798
304,15009,16.428434997811955
304,15010,22.30881214143875
304,15011,21.287904381710874
304,15012,17.483307570234942
304,15013,22.122728526612377
304,15014,18.71377632023606
304,15015,17.52901509400795
304,15016,18.532770127074887
304,15017,17.256770879045924
304,15018,16.192021071879566
304,15019,15.003998279585181
304,15020,14.004516005528789
304,15021,13.973614275428467
304,15022,11.652252227078545
304,15023,14.478039890540893
304,15024,12.541226148581108
304,15025,8.63199368120025
306,15084,30.732844769982634
306,15085,31.612282097368382
306,15086,30.09373605245496
306,15087,31.137203872232146
306,15088,29.239219129112133
306,15089,28.099457323576736
306,15090,23.002074658826242
306,15091,24.917131662391437
306,15092,21.722898334284512
306,15093,20.428599715193368
306,15094,17.081703096643725
306,15095,19.09270808102437
306,15096,17.749715298379925
306,15097,14.811211824430586
306,15098,14.564905911697284
306,15099,40.85907161227912
306,15100,7.751020789153472
306,15101,9.780236631640747
306,15102,13.620341867182159
306,15103,9.914084225902037
306,15104,10.22383376956916
307,15120,29.211737215545522
307,15121,28.887147009316884
307,15122,30.058963894871393
307,15123,30.00265359881269
307,15124,25.732407867858747
307,15125,21.96622699501128
307,15126,22.182336598654896
307,15127,23.428183793976327
307,15128,20.21928012372902
307,15129,16.04751169683009
307,15130,16.470733433930036
307,15131,62.00287163263238
307,15132,12.31378823519873
307,15133,12.626175731396115
307,15134,6.588947027927669
307,15135,9.502716511496605
307,15136,12.811508327697789
307,15137,9.741306379446307
308,15128,25.999368131184383
308,15129,31.721289753942727
308,15130,34.07662600272268
308,15131,32.106634676485655
308,15132,29.33882027867125
308,15133,27.365663945622007
308,15134,26.37537360193744
308,15135,23.797513246557898
308,15136,23.546571135475425
309,15153,3.6391886696226687
309,15154,27.382832765604128
309,15155,34.10304307931031
309,15156,30.626133084325037
309,15157,28.3312967419882
309,15158,26.23596847052272
309,15159,23.958649635336734
309,15160,23.971306979678022
309,15161,23.46238732333417
309,15162,21.29397556187659
309,15163,16.886428892627816
309,15164,18.042161911742408
309,15165,18.189254254067556
309,15166,15.996568501010184
309,15167,15.175276100649333
309,15168,24.642634391737044
309,15169,7.787478044636179
309,15170,12.239660024654077
309,15171,10.509190633872704
309,15172,10.297720581302471
310,15157,28.771946132209244
310,15159,33.364389538747886
310,15160,35.85943937304897
310,15161,24.8505029081818
310,15162,24.497239887736665
310,15163,22.395777404328687
310,15164,19.60185706617231
310,15165,22.534080147699672
310,15166,21.314549446125344
310,15167,16.317242681994973
310,15168,15.83867087957182
310,15169,16.343827396646105
310,15170,16.392569839969287
310,15171,15.137856602639506
310,15172,14.617222398532812
310,15173,11.458828747282913
310,15174,10.55053085086691
310,15175,12.278798818599425
311,15217,30.34672737124342
311,15218,26.263782978007104
311,15219,33.675794005424606
311,15220,32.4480637908277
311,15221,31.66326820844253
311,15222,27.682322859789277
311,15223,27.79959708454753
311,15224,25.14538496727852
311,15225,23.383554518244075
311,15226,20.78993618490203
311,15227,22.76449263091456
311,15228,20.506971180457647
311,15229,15.693765878691641
311,15230,18.420917987787888
311,15231,13.890739381325957
311,15232,16.883434206262685
311,15233,14.242394417496813
311,15234,16.103867590442047
311,15235,10.926647633324071
311,15236,9.654082283358989
312,15230,24.65686351056102
312,15231,28.89447212221866
312,15232,28.716724813010583
312,15233,27.58561849588785
312,15234,28.297930061842905
312,15235,23.52569818498844
312,15236,23.33270519967338
312,15237,23.49736332895509
312,15238,22.511013150235623
312,15239,18.713791072385643
312,15240,17.022294849124435
312,15241,17.22063347698824
312,15242,15.264350920929488
312,15243,14.913771450490737
312,15244,16.138143539443387
312,15245,13.589812964213333
312,15246,12.554531246399458
312,15247,13.448099792015862
312,15248,13.107000589382649
312,15249,10.719945877769733
313,15263,27.171831429029382
313,15264,32.816229164630215
313,15265,31.87063783401052
313,15266,26.012771129631812
313,15267,25.134626626991242
313,15268,24.647668898057987
313,15269,22.067791521569294
313,15270,19.485033452528555
313,15271,19.182562082968833
313,15272,17.32160657645847
313,15273,16.51257053019118
313,15274,16.682736575571244
313,15275,16.53335228563859
313,15276,17.305042594686988
313,15277,13.162376135562253
313,15278,16.763796955362306
313,15279,13.58140826226516
313,15280,10.991929247954106
313,15281,9.588935449728151
314,15274,27.493747472709927
314,15275,29.02472287419098
314,15276,28.67337226870284
314,15277,30.652166604936486
314,15278,28.769786953952252
314,15279,24.238334298155895
314,15280,22.362263202624018
314,15281,22.160975486060273
314,15282,20.593307465333595
314,15283,20.21278783675102
314,15284,14.295689910663256
314,15285,26.524708271050738
314,15286,61.64492547500141
314,15287,11.723660677682094
314,15288,23.086486458799378
314,15289,8.150888532407544
314,15290,5.522702895094211
314,15291,10.938394367704804
314,15292,9.464268386372591
314,15293,10.39533756671327
315,16477,5.207825303067633
315,16478,6.668059453374251
315,16479,5.900419279938342
315,16480,6.560642346727089
315,16481,5.741358250384784
315,16482,9.401015862831082
315,16483,5.166276544322519
315,16484,4.186374731365674
315,16485,3.389601409438355
315,16486,5.351733192791133
315,16487,4.555024914447636
315,16488,4.728612452749738
315,16489,4.093533083800224
315,16491,5.232514366504853
315,16492,5.558188185100843
315,16493,7.197969406829274
315,16494,5.06961677223905
315,16495,5.912769511347426
315,16496,2.9939846321882557
315,16497,4.047588519755707
317,16471,2.9097056016269716
317,16472,4.008315950635741
317,16473,7.4713911116191145
317,16474,6.382950693356575
317,16475,5.8609043061786545
317,16476,5.398201458161019
317,16477,6.257531940924949
317,16478,5.72205908597036
317,16479,5.721286609774071
317,16480,5.737380534399388
317,16481,4.971716478471509
317,16482,9.213184788831507
317,16483,6.21837839483013
317,16484,6.093563809996425
317,16485,4.885496534411582
317,16486,6.581062003957427
317,16487,5.677160248165525
317,16488,4.637652039532111
317,16489,4.6907175332350475
317,16490,7.8463565558043475
317,16491,4.6213817596477575
317,16492,5.071028620009266
317,16493,6.641036197530309
317,16494,6.787979006773447
317,16495,5.461501590912541
317,16496,5.152419917275485
317,16497,5.027372986082835
317,16498,6.34164400399308
317,16499,5.458653755475462
317,16500,7.691394612200104
317,16501,5.905327051883346
317,16502,8.304106369598552
317,16503,5.869068279867742
317,16504,2.950663603844942
317,16505,7.930677160605363
317,16506,8.988913223155569
317,16507,4.969883859162083
317,16508,5.328312478949262
317,16509,5.974601134663294
317,16510,5.7422044873289835
317,16511,6.489444449531411
317,16512,5.035347193484117
317,16513,1.4010613504809963
317,16514,6.527767181402421
317,16515,6.001891270268285
317,16516,2.8774232044842187
317,16517,5.780775994067681
317,16518,5.160788074125806
317,16519,6.003101617103314
317,16520,4.811191633348073
317,16521,5.236483365287197
317,16522,1.3216747529816728
317,16523,5.143462680284887
317,16524,3.478069379919006
317,16525,5.842710882430622
317,16526,4.170114845041254
317,16527,5.362185426046022
317,16528,4.077892117205991
317,16529,3.2880000025063856
317,16530,5.036252103736204
317,16531,3.5440145060452273
317,16532,4.772778376941253
317,16533,4.327809959641676
317,16534,3.5799048095974104
317,16535,5.39531875402226
317,16536,4.457056224337547
317,16537,3.9426105469501116
317,16538,5.696741044526513
317,16539,5.076028592889157
317,16540,2.2860987111881896
318,16515,25.332600474308645
318,16516,9.376940354713385
318,16517,19.2913001775917
318,16519,10.300274044270015
318,16520,12.510612756025248
318,16521,11.013392284491236
318,16522,8.900429159410942
318,16523,14.4807422161234
318,16524,9.435574114304426
318,16525,11.142985895286204
318,16526,11.806306242953548
318,16527,8.290258124454688
318,16528,7.945336773998811
318,16529,9.585547149190084
318,16530,10.123706236462102
318,16531,8.150936812169812
318,16532,7.138882353908356
318,16533,10.135252475718938
318,16534,9.707200750717409
318,16535,7.96475395560989
319,16551,0.63425704836843
319,16552,13.35458055136007
319,16553,10.27203239501457
319,16554,12.83702820540642
319,16555,11.61993965504308
319,16556,3.7921550497447174
319,16557,15.707486718907338
319,16558,17.20732837912095
319,16559,11.730489581834018
319,16560,7.586844116456256
319,16561,11.964402347779993
319,16562,10.181680843243322
319,16563,9.73557382822922
319,16564,5.480334721510626
319,16565,10.651847273090757
319,16566,0.915348837152956
319,16567,9.867958948025143
319,16568,7.236188873634658
319,16569,10.71392565966627
319,16570,9.77820217610295
319,16571,6.825163140879791
319,16572,10.503696799287813
319,16573,5.04143580794793
319,16574,8.104139640911653
319,16575,7.245691940194998
319,16576,5.843683853750775
319,16577,6.949877142892757
319,16578,6.887030303484505
319,16579,7.379446327693022
319,16580,8.50619338451172
319,16581,5.83050683141285
319,16582,7.602417692548991
319,16583,6.56450539826078
319,16584,7.227039188153164
319,16585,6.5454201400339524
319,16586,5.49831792711149
319,16587,6.685226932174087
319,16588,4.774107746784261
319,16589,6.68770529330385
319,16590,7.1970373391966005
319,16591,4.722104407851223
319,16592,5.342615023260207
319,16593,4.661726877084305
319,16594,5.334378629927718
319,16595,7.557849437005242
319,16596,6.834937110530042
319,16597,3.2050034031301085
319,16598,5.782679691916003
319,16599,3.4150361269646448
319,16600,3.896500691775051
319,16601,7.172353640205231
319,16602,2.0901088602800506
319,16603,4.127395637337147
319,16604,3.8495670631562913
320,16574,21.539837568956706
320,16575,15.413025766625116
320,16576,16.61594554783425
321,16604,16.487007737174725
321,16605,16.698499917951736
321,16606,17.474909573809306
321,16607,14.536668956292976
321,16608,8.38423334060479
321,16609,17.399186790005295
321,16610,14.905165582908836
321,16611,15.040870606870193
321,16612,14.65737372638128
321,16613,12.155523151170343
321,16614,13.253650367272034
321,16615,12.455965429520376
321,16616,11.743464767943573
321,16617,12.354600727569371
321,16618,8.261866942032105
321,16619,11.175515055666597
323,16634,49.84278202061418
323,16635,26.13847285511487
323,16636,21.21170952912046
323,16637,11.352652162323785
323,16638,13.970215916646312
323,16639,19.381537735479817
323,16640,14.444657117100455
323,16641,19.622924476879803
323,16642,16.70982554556459
323,16643,13.639547824833258
323,16644,13.416147977125926
323,16645,17.934583872572997
323,16646,15.870025902955854
323,16647,10.83245985210927
323,16648,8.448504433043535
323,16649,12.83936575052641
323,16650,15.176473706974482
323,16651,11.637534946213815
323,16652,5.9696719050292035
323,16653,11.387455165396556
323,16654,9.290058240302907
323,16655,12.172687947726567
323,16656,8.79494860769118
323,16657,8.003369718797334
323,16658,12.618371844267301
323,16659,10.063860118398283
323,16660,6.859467923647444
323,16661,12.332861423468596
323,16662,8.930592611440199
323,16663,6.869563758379509
323,16664,6.5351747721493085
323,16665,6.533119529473076
323,16666,5.785141289239423
324,16639,19.10643294455359
324,16640,16.873160004583173
324,16641,16.016273349538114
324,16642,15.47528117896534
324,16643,17.77153238650702
324,16644,15.321279466166127
324,16645,16.433399766698525
324,16646,14.50385883447705
324,16647,12.880551069986614
324,16648,10.332758948216298
324,16649,13.286990225289415
324,16650,14.124265909207793
324,16651,13.037389218819078
324,16652,10.636299848535963
324,16653,9.467637911447554
324,16654,12.821731567394474
324,16655,10.407473891953382
324,16656,9.81302127242981
324,16657,11.302309781323222
324,16658,10.073139891008937
324,16659,9.464643895634676
324,16660,8.604882583029944
324,16661,10.188140943626742
324,16662,9.812592118987425
324,16663,9.870415180930532
324,16664,9.46255914867785
324,16665,9.313724040967108
324,16666,10.43096601963992
324,16667,9.880010113129066
324,16668,4.4875697046431595
324,16669,5.912025868898047
324,16670,6.753572970634881
326,16714,24.392950236819516
326,16715,24.1827160119543
326,16716,22.508188784142938
326,16717,22.391813099404672
326,16718,23.030353188470198
326,16719,19.666112065333134
326,16720,15.536513328566375
326,16721,17.883113622630844
326,16722,16.73916488887402
326,16723,14.557630419744381
326,16724,16.57818406817093
326,16725,12.56800264121245
326,16726,14.718927741064109
326,16727,10.512153133729646
326,16728,12.682802528154465
326,16729,10.920962020764748
326,16730,17.8075437247409
326,16731,8.421847298749
326,16732,10.083371847877137
326,16733,10.185959637145384
326,16734,10.112373903402943
326,16735,10.87042115629708
326,16736,9.72260333595781
326,16737,10.063590556392287
326,16738,6.925633326179128
326,16739,7.476709932095652
326,16740,6.922453567372295
327,16741,15.336273014559389
327,16742,20.117699503916917
327,16743,27.043021023221204
327,16744,22.823249101659552
327,16745,22.819392085096133
327,16746,22.235398739533366
327,16747,19.367646574991674
327,16748,20.948934853095988
327,16749,22.49965667720261
327,16750,16.67438149453726
327,16751,15.570942163481568
327,16752,19.744927436075198
327,16753,16.35798543693123
327,16754,13.099404573452466
327,16755,12.365125715708677
327,16756,16.072689592852907
327,16757,16.35675698520241
327,16758,13.317481577370655
327,16759,7.614611014730704
327,16760,11.946156620990175
327,16761,12.791383713459089
327,16762,13.415752351296229
327,16763,10.767874270687361
327,16764,9.430019930013652
327,16765,9.673235937934301
327,16766,10.370363518605128
327,16767,10.206317603597387
327,16768,6.787675917135472
327,16769,7.582080513245803
328,16772,16.313223391786153
328,16773,17.11140587927467
328,16774,18.175305426085632
328,16775,17.864399850384746
328,16776,16.58510953189451
328,16777,12.617938667511396
328,16778,11.960242241631896
328,16779,12.950166463863706
328,16780,11.846764683700554
328,16781,10.952408239255377
328,16782,10.931961089382577
328,16783,10.94586700198919
328,16784,14.8106740415231
328,16785,10.686674416074936
328,16786,12.725799679731571
328,16787,10.575056970129095
328,16788,7.145973443991485
328,16789,6.092127487068948
328,16790,5.876532867539493
328,16791,8.117926865823499
328,16792,6.859709993011038
328,16793,8.43408890066901
329,16797,23.46204400064695
329,16798,23.93815487625392
329,16799,27.217662334389534
329,16800,23.243301808855215
329,16801,23.4095075726722
329,16802,20.50309538837285
329,16803,17.333885729328664
329,16804,19.792918860930325
329,16805,16.025175601213004
329,16806,16.98671668769474
329,16807,16.54338777066782
329,16808,15.368541330069405
329,16809,12.937545329344118
329,16810,12.475583106290719
329,16811,13.804423212978387
329,16812,12.345174103986524
329,16813,12.713032364856838
329,16814,13.227756321442238
329,16815,11.861895024753533
329,16816,11.717262268077064
329,16817,10.49232289196015
329,16818,11.732742637373184
329,16819,9.112933203586284
329,16820,7.7248075604509046
329,16821,8.041265979393676
329,16822,9.703649505981687
330,16828,25.232529938243925
330,16829,31.305391788511137
330,16830,33.09739440673153
330,16831,25.914312601113046
330,16832,28.460402190711157
330,16833,26.2619805335491
330,16834,22.894021868726572
330,16835,21.00727558137897
330,16836,20.38908407088154
330,16837,20.71250617506004
330,16838,18.408511430041845
330,16839,16.706703454271253
330,16840,17.415485233034808
330,16841,16.09911471606765
330,16842,23.184041082880128
330,16843,56.89339220512839
330,16844,27.298796474958454
330,16845,5.773899480705744
330,16846,12.086736559844498
330,16847,12.826224267494423
330,16848,13.880302906049002
330,16849,10.240402445177313
330,16850,9.775942415007899
331,16838,26.86240911486208
331,16839,28.313698768641476
331,16840,25.601738691280477
331,16841,29.654374122646605
331,16842,23.083399236223237
331,16843,23.888289928390112
331,16844,19.256721138971674
331,16845,22.005549520274148
331,16846,18.85897368189028
331,16847,17.239470630899852
331,16848,14.300025701535834
331,16849,16.831545531717197
331,16850,13.386862277996796
331,16851,14.632820785058932
331,16852,14.144299328299843
331,16853,13.785736262810849
331,16854,12.390877604495827
331,16855,11.387153416850017
331,16856,13.178183734428947
331,16857,8.18032979965954
331,16858,10.626631826141802
333,16883,28.29575210804239
333,16884,30.321479737786213
333,16885,25.25163799526604
333,16886,27.72000253195174
333,16887,27.078380584741424
333,16888,22.442057579776197
333,16889,21.784361153860832
333,16890,19.854810833892596
333,16891,23.223611712476874
333,16892,15.983740836396448
333,16893,17.658215761150565
333,16894,15.24735778571562
333,16895,71.85002803809024
333,16896,32.30872303241208
333,16897,12.150393426429355
333,16898,2.7675830572868723
333,16899,24.308817386580216
333,16900,1.4071686565888806
333,16901,7.431785613305176
333,16902,7.594236284479722
333,16903,8.010354861624373
333,16904,10.570642054090579
334,16923,27.070237398172203
334,16924,30.882589816987437
334,16925,31.366358399419703
334,16926,25.073710978053963
334,16927,27.89689958090159
334,16928,25.672444403194888
334,16929,25.102896094345034
334,16930,21.997061669783996
334,16931,20.81680789591775
334,16932,17.386821806446633
334,16933,17.414197772707663
334,16934,19.87092822791953
334,16935,13.618597090256678
334,16936,16.44127339121502
334,16937,14.96245354415347
334,16938,14.576034396900083
334,16939,12.208869606267589
334,16940,7.695749849066167
334,16941,11.241923868666383
335,16923,35.82125544551293
335,16924,31.132131814896496
336,16960,28.88745278122668
336,16961,28.240168690626877
336,16962,25.785427093529314
336,16963,28.35319697859482
336,16964,22.340376377126034
336,16965,21.507942080456175
336,16966,20.338199883717916
336,16967,20.30751943590104
336,16968,20.579998344143196
336,16969,18.181322962062207
336,16970,13.774183988583696
336,16971,17.191831916537435
336,16972,15.820629000678146
336,16973,12.984260022652037
336,16974,15.59282630678978
336,16975,15.971102267518265
336,16976,10.714652538309306
336,16977,10.262138396481708
336,16978,11.74392879010315
336,16979,10.678338110456643
336,16980,8.56321983037724
337,16991,25.79177588226757
337,16992,27.752695977713078
337,16993,25.559692382763103
337,16994,26.136488020443846
337,16995,27.291047573114422
337,16996,23.156690597489426
337,16997,23.280600607416346
337,16998,20.734920054693006
337,16999,21.060702502686805
337,17000,18.40605586768871
337,17001,17.008855640903683
337,17002,13.716889321777536
337,17003,15.568364560618255
337,17004,15.392109900726966
337,17005,14.129441231461874
337,17006,13.55636179448407
337,17007,12.624208331119576
337,17008,15.487343072861304
337,17009,9.022783488043409
337,17010,12.775463461887535
337,17011,8.573809191568017
337,17012,9.295852482327332
338,17012,27.228731811071366
338,17013,31.396691501169148
338,17014,26.658378839517045
338,17015,32.03631788486011
338,17016,26.49099558594252
338,17017,25.81590771677458
338,17018,26.162510812232
338,17019,22.94707864525021
338,17020,21.474855691214064
338,17021,19.167144745551262
338,17022,19.819229990261935
338,17023,17.88916468621927
338,17024,18.802228867971323
338,17025,15.270345658077778
338,17026,14.836458116783284
338,17027,13.53627473113305
338,17028,15.374143123640692
338,17029,12.740734219562674
338,17030,15.894951671331203
338,17031,12.488986104738151
338,17032,10.643849596390869
338,17033,10.450197458247015
339,17094,28.99537414315
339,17095,30.971958339242494
339,17096,30.008463263453663
339,17097,31.627994477777637
339,17098,25.535815358185154
339,17099,25.804089903781612
339,17100,22.472881525775367
339,17101,23.111570477506678
339,17102,19.41743239756646
339,17103,18.35072323681593
339,17104,18.70567604901108
339,17105,17.07222148772755
339,17106,16.571663618102843
339,17107,19.427304267900972
339,17108,12.42073997852786
339,17109,13.092967271816716
339,17110,14.801228642477145
339,17111,10.140365436653566
339,17112,10.967537909756144
340,17115,25.18389344210526
340,17116,31.954038441210248
340,17117,31.96819245818185
340,17118,40.338752567690136
340,17119,30.99954485896069
340,17120,26.88013046982349
340,17121,25.109397768925778
340,17122,18.94583836199576
340,17123,22.783064246198396
340,17124,20.834529250819948
340,17125,15.650150477900436
340,17126,19.070048779266536
340,17127,12.081314474320905
340,17128,20.382787585277022
340,17129,11.542154252539643
340,17130,20.240112841090188
340,17131,10.698203220973209
340,17132,12.33885481954743
340,17133,13.494665622685101
340,17134,13.280484527361551
340,17135,10.805586129436783
340,17136,9.751598685960996
340,17137,11.481827348481131
341,17114,28.56993287804341
341,17115,36.942520737576615
341,17116,37.04520910981687
341,17117,31.344353556661506
341,17118,39.54263269893633
341,17119,30.1623094082153
341,17120,26.787924170518444
341,17121,22.606998681978403
341,17122,19.459227919596252
341,17123,20.297206342238766
341,17124,18.695688843690977
341,17125,17.0086786151087
341,17126,17.02532038094162
341,17127,13.753801882240417
341,17128,17.51279309393568
341,17129,9.807395339021065
341,17130,13.485674858067197
342,17115,28.941365182343816
342,17116,32.038393914728694
342,17117,27.6910427212967
342,17118,37.5262579321136
342,17119,28.158573210265022
342,17120,23.85243415834689
342,17121,19.770484864673552
342,17122,19.090688377636152
342,17123,17.745926678196835
342,17124,18.393786102497792
342,17125,16.86206907035454
342,17126,15.732779949917797
342,17127,10.315459370593162
342,17128,17.713036090151682
342,17129,10.80413036049395
342,17130,17.908842712606152
342,17131,11.245721876631475
342,17132,12.43489533663927
342,17133,10.098478049020324
342,17134,11.837253570567407
343,17160,30.825767219094654
343,17161,30.42113453143916
343,17162,32.2416812181766
343,17163,29.760857820537936
343,17164,26.512681245827945
343,17165,22.233023643450682
343,17166,24.565217793010163
343,17167,21.278334260006233
343,17168,19.748954772911052
343,17169,19.978824108857207
343,17170,16.279996186509635
343,17171,16.964744031396506
343,17172,17.12120130659707
343,17173,13.967518955481836
343,17174,15.973809957473401
343,17175,13.139287680399448
343,17176,11.752483695756158
343,17177,11.697890013433737
347,17262,32.080534100561714
347,17263,36.013467907938335
347,17264,29.77499306204643
347,17265,31.808933615623037
347,17266,24.987461864971
347,17267,27.902883589293108
347,17268,23.456435501530137
347,17269,25.356488227867302
347,17270,20.357045084256566
347,17271,17.84423097964653
347,17272,21.83452919127543
347,17273,17.170329988018395
347,17274,14.94117692110035
347,17275,15.522596687092593
347,17276,17.129188925043426
347,17277,15.372009426325652
347,17278,14.515747725976794
347,17279,13.147249817860162
347,17280,10.785804167369024
347,17281,8.633765280254588
347,17282,10.809636265049274
348,17277,27.513327598518604
348,17278,36.49666517976266
348,17279,29.61203008892845
348,17281,26.158876419054003
348,17282,28.250084817435212
348,17283,21.60007461901305
348,17284,22.529493570348247
348,17285,20.535082072038254
348,17286,20.77765434976377
348,17287,21.538987308760206
348,17288,17.343957424179592
348,17289,16.366494745030984
348,17290,15.682578384845943
348,17291,16.208354383721787
348,17292,17.459826171414043
348,17293,11.985940486169538
348,17294,8.390537202365877
348,17295,11.922930032025691
349,17324,26.02190405125357
349,17325,32.91402250531329
349,17326,31.91746652129215
349,17327,30.89282780879726
349,17328,25.41728317739891
349,17329,27.788980901266576
349,17330,22.519432604269372
349,17331,22.84606128933123
349,17332,21.83902055027087
349,17333,17.91321873661394
349,17334,18.79652917386811
349,17335,16.531284302488103
349,17336,18.01743462678288
349,17337,18.295422792451333
349,17338,15.131098777069502
349,17339,15.195164680494777
349,17340,12.77696684000407
349,17341,10.567823722968177
349,17342,12.560114264499644
350,17330,32.054218947825476
350,17331,30.8199226856512
350,17332,29.364086687591556
350,17333,29.282877445164353
350,17334,26.248770654225382
350,17335,27.090981602693404
350,17336,23.435090482189665
350,17337,20.22451445462159
350,17338,22.892753183862528
350,17339,18.325564116256217
350,17340,16.530568152634142
350,17341,20.460210889596475
350,17342,16.31687656046444
350,17343,14.107303619357502
350,17344,15.141842365278665
350,17345,15.490426272167943
350,17346,14.211801141473007
350,17347,14.332374483359976
350,17348,12.476587593566798
350,17349,11.02082334456698
350,17350,9.81191217900215
351,17392,31.173260808019382
351,17393,37.80379146330203
351,17394,35.00259965661371
351,17395,30.883584916619732
351,17396,32.333589792189095
351,17397,27.93956547978081
351,17398,24.203889369986616
351,17399,27.44219541544379
351,17400,19.761062264460417
351,17401,22.23055064680214
351,17402,21.481751650530306
351,17403,16.20420232416673
351,17404,15.464878231301068
351,17405,18.145947307313183
351,17406,16.20308920742555
351,17407,17.792945802227944
351,17408,15.89942425486353
351,17409,12.484785765420824
351,17410,9.6099860966293
351,17411,12.083681523776542
352,17395,29.54171329739396
352,17396,30.361718237341375
352,17397,29.308615922954512
352,17398,28.833481371428967
352,17399,23.863956928207056
352,17400,24.52345848085727
352,17401,22.681464850923188
352,17402,21.103600412566408
352,17403,19.77308660747419
352,17404,17.708338201062094
352,17405,17.115429192748373
352,17406,14.696119576705946
352,17407,57.83166646962657
352,17408,11.887207031227026
352,17409,8.845607489355503
352,17410,5.461809709673127
352,17411,9.197506606561051
352,17412,10.021615326413686
352,17413,10.820024460563964
352,17414,9.522318094977456
353,17429,27.375317215944392
353,17430,31.658075451789706
353,17431,32.79391050341728
353,17432,31.286173760919418
353,17433,32.58188456290624
353,17434,28.865796625640417
353,17435,20.32836690546931
353,17436,23.23868304486552
353,17437,20.389254391211935
353,17438,18.177558481709802
353,17439,18.51435676218763
353,17440,17.220067530837156
353,17441,17.679476290957318
353,17442,16.46833151580401
353,17443,15.331308245629245
353,17444,14.047062546027561
353,17445,14.107016623033003
353,17446,11.335583925225285
353,17447,10.303290858874155
354,17469,27.106862962270593
354,17470,32.92837768796101
354,17471,29.008449912015166
354,17472,31.634458601503532
354,17473,30.251272916821335
354,17474,24.669016599607474
354,17475,25.243964195274426
354,17476,23.504664301893634
354,17477,22.26648151870239
354,17478,20.592602044362675
354,17479,19.763112813252306
354,17480,17.12799802419213
354,17481,50.40096044544989
354,17482,23.85815531017566
354,17483,11.571665257193136
354,17484,11.111323088417622
354,17485,8.29458318651477
354,17486,6.811165362583348
356,17541,23.065876364728926
356,17542,28.714211583163628
356,17543,28.363118469660304
356,17544,27.268326580549246
356,17545,29.60373401644538
356,17546,26.993421614117906
356,17547,28.753471076514646
356,17548,22.335835397263814
356,17549,24.62970346207627
356,17550,22.270852178355447
356,17551,17.412337660805328
356,17552,21.551963835913014
356,17553,64.47907090192938
356,17554,28.790327310588317
356,17555,19.641640931329913
356,17556,9.920435026297056
356,17557,27.19563603403658
356,17558,6.033071279514097
356,17559,10.439757630238491
356,17560,12.211970239888807
356,17561,11.231781765796889
356,17562,10.517775043854742
357,17603,25.921956896805497
357,17604,30.387665927437766
357,17605,30.944862663686077
357,17607,29.121169745948578
357,17608,28.428124487345112
357,17609,25.54758489134251
357,17610,21.531263887901815
357,17611,24.17837887997723
357,17612,17.306320667282588
357,17613,18.33408951761006
357,17614,20.24591982366496
357,17615,17.30794474479191
357,17616,15.071131289018988
357,17617,14.403365850461709
357,17618,16.829500347343345
357,17619,14.416984766734839
357,17620,13.868874013436534
357,17621,14.471658915253329
357,17622,11.2026435881955
357,17623,9.369181394585548
358,17660,33.490831553966466
358,17661,31.283716857372855
358,17662,27.082768678689796
358,17663,31.065355539350154
358,17664,27.01002180578781
358,17665,28.834991455022394
358,17666,23.206987381002552
358,17667,24.352263808272575
358,17668,20.043111294469245
358,17669,20.743715018052846
358,17670,19.18171316387014
358,17671,19.378564506731728
358,17672,57.21130371098953
358,17673,17.94833824040138
358,17674,9.709289520960164
358,17675,14.773489236845101
358,17676,15.307478159679983
358,17677,14.518413841696335
358,17678,10.978500768552276
358,17679,9.810153320440632
361,17743,25.820051729629206
361,17744,31.056434512166614
361,17745,34.184547364742855
361,17746,32.63621270650278
361,17747,33.12343597415122
361,17748,31.23721539977054
361,17749,25.592962503383763
361,17750,26.86661213638842
361,17751,25.051046311878103
361,17752,19.09771040078287
361,17753,22.664094865342726
361,17754,21.633783280869135
361,17755,17.098987251487113
361,17756,16.126654297128084
361,17757,18.248805999772458
361,17758,15.966857671706812
361,17759,15.785992294564299
361,17760,14.566823691142933
361,17761,9.600358307343049
361,17762,12.01519802213808
362,18827,8.721554651839567
362,18828,12.218290865432408
362,18829,12.74887070060936
362,18830,8.904455155116993
362,18831,10.943837910900534
362,18832,7.274053618318498
362,18833,5.870277956116775
362,18834,6.0108759999329875
362,18835,9.951687455186358
362,18836,4.639248959711169
362,18837,4.600931592289818
362,18838,7.437803819782346
362,18839,8.131715431816822
362,18840,8.846879526955673
362,18841,6.337221041327518
362,18842,8.840053305037909
362,18843,8.440772294981857
362,18844,7.028828635818198
362,18845,4.350450150672578
362,18847,5.929012298580951
362,18850,5.246805846690933
362,18851,6.238004788762043
362,18852,7.647464722380163
362,18853,1.907330565156287
362,18854,5.357174053793058
362,18855,4.455666169515581
362,18856,4.831258915369136
362,18857,6.369247958069872
362,18858,3.1016951054274697
362,18859,5.451430901889991
362,18860,7.577894926078059
362,18861,6.453124657260821
362,18862,4.343566596511977
362,18863,4.531621634964297
362,18864,4.663556478921841
362,18865,2.4155391007615137
362,18866,6.330551058059728
362,18867,4.157321043316331
362,18868,5.704876184452475
362,18869,4.353893771771577
362,18870,4.990653879945048
362,18871,7.388294935212161
362,18872,5.417641103272597
362,18873,5.397678092126987
362,18874,4.1608924046078375
362,18875,5.75698614121007
362,18876,4.273167662326408
362,18877,4.98771719633569
362,18878,4.5201689377468215
362,18879,4.932436198000626
362,18880,6.1386718600869745
362,18881,6.060229986911564
362,18882,4.737414456908243
362,18883,3.9836848899645108
362,18884,3.9106600731646814
362,18885,5.930663198238045
362,18886,5.044413059940126
362,18887,4.687402993444891
362,18888,3.951844386760014
362,18889,3.668422736230849
363,18833,7.195411249981325
363,18834,23.274431526682086
363,18835,17.493613958374677
363,18836,4.420567788175146
363,18837,10.198743045339324
363,18838,7.162930369383651
363,18839,6.178473830228703
363,18841,9.249259829516447
363,18842,10.989641994247895
363,18843,9.490601643901602
363,18844,10.078417807826625
363,18845,6.4607521891652695
363,18846,6.066764518606859
363,18847,8.211374357350188
363,18848,4.698077850048047
363,18849,6.2706097215292855
363,18850,9.009084776052086
363,18851,8.140154331929935
363,18852,9.017576649767614
363,18853,8.386801555760382
363,18854,6.832017526036754
363,18855,9.70586769280942
363,18856,10.468463972220405
363,18857,7.301339060074771
363,18858,6.044528335321189
363,18859,9.0743281692349
363,18860,8.610399886973582
363,18861,7.564133852705642
363,18862,7.094915583736197
363,18863,6.035242527728801
363,18864,6.285860762005801
363,18865,7.986959293469252
363,18866,6.577927172189973
363,18867,6.00403368473599
363,18868,5.789403319347637
363,18869,6.5427225083172225
363,18870,6.060330569749622
363,18871,6.604739874588599
363,18872,9.072539135821964
363,18873,5.1337339729117355
363,18874,9.74252611396814
363,18875,6.309981867676751
363,18876,6.641695350414595
363,18877,8.108975663765493
363,18878,9.065185189255375
363,18879,6.002378091221546
363,18880,5.421637594689382
363,18881,6.356501430278837
364,18886,8.516438752396338
364,18887,12.334992438565981
364,18888,12.195648998033171
364,18889,10.810558274398145
364,18890,10.095766335706273
364,18891,10.083571672448747
364,18892,8.93695682288029
364,18893,10.833276584723517
364,18894,7.6875335723231615
364,18895,7.5668770819971245
364,18896,9.358044192176852
364,18897,9.849552288660425
364,18898,9.279428645976877
364,18899,10.949457809307871
364,18900,7.587998136884916
364,18901,6.067009270196711
364,18902,6.428621336805317
364,18903,8.0923473090007
364,18904,6.858565360313932
364,18905,8.66160660980458
364,18906,6.847473084932833
364,18907,5.458195433025556
364,18908,7.481375634655799
364,18909,7.400337383157785
364,18910,6.812805533415315
364,18911,7.3563625663376735
364,18912,8.405187428005235
364,18913,5.362647771840205
364,18914,5.973496064549157
364,18915,6.0091573744896145
364,18916,8.345826789744338
364,18917,6.633265167480779
364,18918,6.0370778292300855
364,18919,6.821535453206544
364,18920,7.862054854638576
364,18921,7.239845395074204
364,18922,5.601094141607611
364,18923,5.979278907185271
364,18924,6.912251114831917
364,18925,7.3936727643080244
364,18926,6.510952413088044
364,18927,6.4202488213653455
364,18928,6.4934865385353016
364,18929,5.950942710047412
364,18930,7.441077455863877
364,18931,6.063136830931456
364,18932,6.691678315407164
364,18933,4.406735636285371
364,18934,6.990009695297877
364,18935,7.157204523689104
364,18936,3.459344878786077
365,18894,7.92602553964382
365,18895,13.60820487142847
365,18896,12.864845395063332
365,18897,7.967150509364698
365,18898,12.403015941392736
365,18899,13.153975456927625
365,18900,12.622916847478903
365,18901,10.886058434853918
365,18902,10.733964443186043
365,18903,10.26032254100779
365,18904,8.88500511647079
365,18905,10.86904384193704
365,18906,7.722215205438008
365,18907,9.509424045690603
365,18908,7.816581353530083
365,18909,9.684833139189946
365,18910,10.743546634922263
365,18911,9.312410429102066
365,18912,7.054160088307121
365,18913,4.833780191843138
365,18914,6.650893315678923
365,18915,7.598751783356286
365,18916,9.37297604978937
365,18917,8.432091996081391
365,18918,8.172630518659055
365,18919,4.9351777508899755
365,18920,9.66531068087503
365,18921,7.143175229416393
365,18922,5.73820799589679
365,18923,8.398474529393205
365,18924,6.773623153554223
365,18925,6.904551163322053
365,18926,6.300328597432144
365,18927,6.250399947154363
365,18928,6.656585633760785
365,18929,7.317638844258289
365,18930,6.655249223100197
365,18931,5.895978882914183
365,18932,8.77839066088998
365,18933,6.99975483118135
365,18934,7.711832374341349
365,18935,7.903982475407159
365,18936,5.7216165214666415
365,18937,5.650794133549107
365,18938,4.630794301633278
365,18939,5.271382257347133
365,18940,4.328287057570199
366,18893,11.847330629802695
366,18894,15.965984612717843
366,18895,8.890616297729949
366,18896,17.23924666639811
366,18897,11.67373940349687
366,18898,16.186710298076093
366,18899,10.666780471781143
366,18900,13.394491821539663
366,18901,13.412312418234626
366,18902,14.307856410714153
366,18903,11.65245473385917
366,18904,11.813628673564212
366,18905,11.018110290148421
366,18906,10.1785527169797
366,18907,11.893054246913284
366,18908,12.029911279655094
366,18909,12.005495131026697
366,18910,10.788612440238275
366,18911,9.975555762629304
366,18912,12.245712429296187
366,18913,8.555542677648695
366,18914,10.425137579450553
366,18915,7.592487484202017
366,18916,8.05567346514004
366,18917,11.61083221436603
366,18918,11.4559198915737
366,18919,9.616831094035312
366,18920,11.100165769467914
366,18921,8.722706660611461
366,18922,5.0521002709911516
366,18923,8.693618103869717
366,18924,9.954007565955951
366,18925,8.447029218085342
366,18926,8.233618587262967
366,18927,7.560858204946211
366,18928,9.294209629305708
366,18929,8.18206384778767
366,18930,7.432953715310036
366,18931,8.070009872324654
366,18932,8.246556892998566
366,18933,5.487406700838928
366,18934,5.012781769041806
367,18947,7.153156399733374
367,18948,18.598807454126106
367,18949,9.419913366418752
367,18950,15.39846003056973
367,18951,16.4216543734223
367,18952,20.563264042099313
367,18953,17.86537081004814
367,18954,15.081892311586746
367,18955,10.781986713388587
367,18956,16.063527166858023
367,18957,13.205822557222934
367,18958,9.033995792252247
367,18959,14.273559004081356
367,18960,15.035020709051457
367,18961,10.575757026651925
367,18962,12.245611846458129
367,18963,13.036756217491563
367,18964,10.863663330684052
367,18965,13.537843823406758
367,18966,10.863707587132797
367,18967,12.153562456380454
367,18968,7.8986864536848
367,18969,9.189312458046688
367,18970,10.424569621691647
367,18971,9.354833587986032
367,18972,9.56637404859936
367,18973,10.603130310783493
367,18974,9.197686985117302
367,18975,7.712258845574717
367,18976,8.718484863646808
367,18977,21.746355593162473
367,18978,25.915900468849866
367,18979,4.221836552027728
367,18980,7.842021435484035
367,18981,3.338001407685932
367,18982,8.889724463232495
367,18983,6.7579791694748925
367,18984,5.781981647019877
367,18985,5.217952989046551
368,18952,16.421535015074465
368,18953,21.75355732442927
368,18954,14.422787725938562
368,18955,10.039260908941895
368,18956,15.964958667769647
368,18957,9.547893628486735
368,18958,16.139778345792095
368,18959,14.678878337158201
368,18960,15.635496228947554
368,18961,13.560558110449332
368,18962,11.585620790730523
368,18963,12.711199074995157
368,18964,10.187486484656064
368,18965,9.0531387179915
368,18966,12.408475577842554
368,18967,10.928059816370412
368,18968,11.299277543999768
368,18969,11.170888245115904
368,18970,7.779705002911014
368,18971,10.833025127628371
368,18972,7.21957258880795
368,18973,8.477784767754637
368,18974,9.78090852497118
368,18975,8.093169406063765
368,18976,9.447796940812122
368,18977,8.242679089291856
368,18978,8.793040215977083
368,18979,8.467512577779841
368,18980,22.71110594268224
368,18981,2.487986572089074
368,18982,5.3005801141310265
368,18983,7.240747958407714
368,18984,5.945785492664023
368,18985,9.722679778942368
368,18986,5.293487682928346
368,18987,4.8111071437641035
369,18987,19.97321024538903
369,18988,22.540227770825858
369,18989,29.556602239635648
369,18990,20.21367564793495
369,18991,26.237331032776854
369,18992,18.52035686375395
369,18993,18.004679381812583
369,18994,19.958423227089913
369,18995,15.397710353150067
369,18996,18.894111961089813
369,18997,16.58501967789251
369,18998,16.67778789998618
369,18999,15.040979236335296
369,19000,13.462921679032172
369,19001,15.167985856546844
369,19002,13.086466938231926
369,19003,12.295421808969238
369,19004,11.293041408072252
369,19005,13.332775533173542
369,19006,11.791906803857083
369,19007,13.313035815966318
369,19008,8.604638501985132
369,19009,9.659665301450932
369,19010,5.982079803949075
369,19011,8.448401167972449
371,19067,31.296237409143302
371,19068,34.73091334097826
371,19069,30.099687874344546
371,19070,33.04496794942047
371,19071,27.74287372822168
371,19072,28.83264452221632
371,19073,25.553700327896472
371,19074,22.93828636403419
371,19075,23.278403878233146
371,19076,19.99870464207561
373,19107,32.9360112548174
373,19108,46.454476117997984
373,19109,36.80437892678747
373,19110,30.10586500170585
373,19111,27.613596618122138
373,19112,24.744928479217148
373,19113,27.174079120183865
373,19114,21.312555223722768
373,19115,20.166964977940683
373,19116,13.516729474079982
373,19117,16.0560679435876
373,19118,19.222435802184147
373,19119,18.65025490524081
373,19120,18.218749165551543
373,19121,15.95092132684486
373,19122,17.065247744337345
373,19123,15.069458931698199
373,19124,11.917214244581078
373,19125,13.339251726877901
374,19106,23.93416643144877
374,19107,25.345534086250467
374,19108,35.894788205554256
374,19109,25.835455656075133
374,19110,24.17736768724733
374,19111,20.224853754004492
374,19112,21.445186436195804
374,19113,16.587473899141138
374,19114,18.01007464529722
374,19115,16.695730537143863
374,19116,9.322133436807528
374,19117,15.040737837566704
374,19118,13.473677337143608
374,19119,15.03920093180117
374,19120,13.407736569655215
374,19121,12.940139025424743
374,19122,23.06017667057227
374,19123,31.389878690271313
374,19124,7.798725888117977
374,19125,5.728655308490241
374,19126,12.307454198610056
374,19127,9.624762386065003
374,19128,6.555958539253475
374,19129,8.33074606955809
374,19130,8.750074580294864
375,19220,26.683704257035682
375,19221,31.49991363280884
375,19222,27.770822346235736
375,19223,32.09666222336828
375,19224,29.12020146841143
375,19225,26.010174751305392
375,19226,22.589829862138316
375,19227,22.32313513751484
375,19228,19.918310791272162
375,19229,19.412647336739077
375,19230,16.685013771024884
375,19231,67.36138880258964
375,19232,27.983400821711243
375,19233,30.017926096858186
375,19234,26.028770506405664
375,19235,4.184528030458918
375,19236,8.381904512627614
375,19237,9.40697036684415
375,19238,7.449176386005502
375,19239,12.037088871013145
376,19254,33.32660257819346
376,19255,38.747451603337744
376,19256,35.958876907858176
376,19257,35.99214971068795
376,19258,33.64975512021237
376,19259,29.752636849907276
376,19260,29.021689295795138
376,19261,25.279581248711366
376,19262,21.35167658330952
376,19263,23.686644136927214
376,19264,22.335823327323247
376,19265,17.32337951656808
376,19266,18.282847255484995
376,19267,17.71697223188104
376,19268,16.980445682969656
376,19269,15.498436689390926
376,19270,12.649045586597504
376,19271,11.739639937854966
377,19258,28.403539359514657
377,19259,31.59363538029683
377,19260,25.09153962137597
377,19261,30.299469530523872
377,19262,28.27848941090295
377,19263,23.43422412874446
377,19264,22.510267496129483
377,19265,21.706920415121086
377,19266,21.748863458653204
377,19267,19.303230643289957
377,19268,15.491291284531217
377,19269,16.14694386722126
377,19270,66.91934466368086
377,19271,27.518000006622536
377,19272,32.648955881625305
377,19273,3.8035256043111114
377,19274,8.605138733966408
377,19275,11.932040154944781
377,19276,9.16048675776361
377,19277,10.172126814703356
378,19269,25.3269919753305
378,19270,30.349066257504408
378,19271,31.107313334881745
378,19272,27.982952892805756
378,19273,21.98401272298905
378,19274,25.543379187534555
378,19275,21.13745123149887
378,19276,20.992135852594394
378,19277,20.04268348213137
378,19278,16.92927449943175
378,19279,16.010874062791128
378,19280,17.75301307436373
378,19281,15.124424099935936
378,19282,15.134202092899736
378,19283,14.488918930264127
378,19284,14.15580198170042
378,19285,13.661720305693654
378,19286,14.244207590790875
378,19287,11.861278116713821
378,19288,10.911977291117102
378,19289,9.130420535811146
379,19331,27.19733655455202
379,19332,30.03939986231675
379,19333,26.409649550863723
379,19334,30.503051877049533
379,19335,23.725190162680267
379,19336,24.62653577322969
379,19337,20.048879385012743
379,19338,22.646164298078155
379,19339,18.443487435596076
379,19340,18.62423613663889
379,19341,14.519111216081473
379,19342,16.034103333964627
379,19343,55.84001362312969
379,19344,31.11258119347541
379,19345,3.819326162341731
379,19346,10.809519588926404
379,19347,5.218483395879246
379,19348,11.777027249346954
379,19349,7.568085417136825
379,19350,10.081606954345336
380,19356,27.395865619207505
380,19357,30.723341703442863
380,19358,28.93270164722573
380,19359,28.861392438437964
380,19360,25.040467679523356
380,19361,23.10561060900991
380,19362,20.813967436570977
380,19363,20.78660354020102
380,19364,20.02063035966787
380,19365,19.052139669619933
380,19366,15.410657376064965
380,19367,16.326684057727405
380,19368,15.30618131157778
380,19369,14.175842106355208
380,19370,15.259042829289008
380,19371,14.019624888869847
380,19372,13.641197383416184
380,19373,13.273273408425005
380,19374,11.037488579728729
380,19375,9.945170357832417
380,19376,8.650324568160295
381,19397,29.791944623020566
381,19398,31.554850637941453
381,19399,27.42834448809091
381,19400,27.403976619268548
381,19401,24.063105583212806
381,19402,24.882187843274664
381,19403,22.065055668374104
381,19404,19.89055797459504
381,19405,18.80815386768521
381,19406,16.86792165042504
381,19407,17.53570720554993
381,19408,18.125270158017415
381,19409,16.46812766791888
381,19410,16.927303075805803
381,19411,12.5742132961507
381,19412,9.481436535724681
381,19413,12.645927518617688
382,19413,29.210098385837416
382,19414,28.941979408290482
382,19415,30.001537799777225
382,19416,29.95846152308328
382,19417,26.949980556989388
382,19418,21.65079385038006
382,19419,24.46014493706067
382,19420,22.353094071170155
382,19421,18.265356570446954
382,19422,17.970074862258087
382,19423,18.190902471558903
382,19424,15.142496824235261
382,19425,16.25746428968001
382,19426,17.767049074189135
382,19427,16.049217581717944
382,19428,13.607225865138032
382,19429,15.598995387568356
382,19430,8.107971847041672
383,19469,24.234943985961067
383,19470,31.79278403523476
383,19471,35.12228250496752
383,19472,31.73704773190524
383,19473,29.5056509971887
383,19474,31.442527770935325
383,19475,27.228071987653703
383,19476,24.569769501708443
383,19477,25.00898659224445
383,19478,20.087327510136756
383,19479,18.13884079457979
383,19480,19.899647980889963
383,19481,19.91795003415966
383,19482,16.530373692527547
383,19483,15.373292863339278
383,19484,40.80923616889851
383,19485,8.20432484150679
383,19486,10.972092971184507
383,19487,11.937945038091073
383,19488,10.631979480395449
384,19471,27.071347832627428
384,19472,29.281882345703057
384,19473,28.05697649719883
384,19474,30.557803809583735
384,19475,27.405744195009362
384,19476,23.62077981235745
384,19477,23.585884273006634
384,19478,20.704672783632034
384,19479,21.825105249901593
384,19480,19.76667612787241
384,19481,18.475168347375508
384,19482,18.014191836135083
384,19483,15.084805190534048
384,19484,16.301988959327264
384,19485,42.45153397325562
384,19486,4.408741258076254
384,19487,6.865839511162327
384,19488,12.048515081416598
384,19489,9.871154129514137
384,19490,10.554762706140146
386,19549,30.381486117781098
386,19550,38.21826249364514
386,19551,32.04111635687881
386,19552,36.19648843996682
386,19553,31.808641254930816
386,19554,27.219440639043768
386,19555,24.941947460126357
386,19556,27.359175682092754
386,19557,19.238311797397945
386,19558,21.96530833836125
386,19559,22.376260310431807
386,19560,19.034325778501657
386,19561,17.26753458377362
386,19562,26.048897802853432
386,19563,11.238209009180753
386,19564,13.684040308011104
386,19565,15.14378696677142
386,19566,11.629732400189488
386,19567,11.133661866198176
387,19555,34.0795844792661
387,19556,36.61038815978519
387,19557,35.01850247386302
387,19558,30.353178083837978
387,19559,32.102732062368986
387,19560,28.18538993599594
387,19561,25.548561215351317
387,19562,22.711569964906367
387,19563,22.378660887500136
387,19564,21.59230425955829
387,19565,19.367094039879564
387,19566,19.134822785871744
387,19567,20.71785315873123
387,19568,15.653925687044408
387,19569,12.26995825768633
387,19570,14.246932715190495
388,19611,30.698732435643947
388,19612,28.274871110941856
388,19613,36.140384674105135
388,19614,32.15213298800532
388,19615,27.791247367805177
388,19616,30.95302999022438
388,19617,26.207140088105195
388,19618,25.169001817654603
388,19619,24.507821202300427
388,19620,20.27829408647474
388,19621,19.44789424534854
388,19622,19.91120293738269
388,19623,18.91789242626957
388,19624,15.65773844715907
388,19625,17.112545818106003
388,19626,15.9568288922455
388,19627,16.28148883578015
388,19628,14.289856106055858
388,19629,10.791019722829143
388,19630,10.657652243951228
389,19647,29.254032969501402
389,19648,32.08974480631886
389,19649,32.13899284595
389,19650,30.069220662144357
389,19651,28.227980732943458
389,19652,24.394331574392858
389,19653,22.658357620259867
389,19654,22.625988721868115
389,19655,20.64418897028748
389,19656,20.615253299493467
389,19657,19.069803357141673
389,19658,18.08370530601821
389,19659,16.754874587074262
389,19660,15.93353256584663
389,19661,14.241308122845783
389,19662,13.484620749962673
389,19663,10.79036191106824
389,19664,11.935799270879157
390,19675,28.549046516444424
390,19676,32.576592564612454
390,19677,30.551503300607767
390,19678,32.49443113806819
390,19679,25.975214839005254
390,19680,25.986008048007335
390,19681,24.140570461771986
390,19682,23.59942942859889
390,19683,25.529335141132606
390,19684,20.668162554521285
390,19685,16.95657402278535
390,19686,17.9982501268039
390,19687,18.25692772866956
390,19688,16.488303244128918
390,19689,14.692377895130168
390,19690,14.318086355896934
390,19691,14.15124624968862
390,19692,15.062571018947947
390,19693,12.948585301612624
390,19694,14.65266779066465
390,19695,9.50830891729266
390,19696,9.47251953182774
391,19747,34.78109210732762
391,19749,25.628273785101175
391,19750,25.025911331199516
391,19751,23.490861654302982
391,19752,28.187283575480343
391,19753,20.32839238645495
391,19754,17.73725509645168
391,19756,17.140240967264944
391,19757,14.831221103681703
391,19758,14.800630509824758
391,19759,12.2993230819814
391,19760,15.657377690091069
391,19761,13.396769016955234
391,19762,8.069815412171074
391,19763,7.9066371917796525
391,19764,10.830859243879633
391,19765,9.14971902964731
391,19766,11.46144658328145
393,19787,36.41246527436707
393,19788,22.695626914521835
393,19789,23.07828962804986
393,19790,21.338434517342336
393,19791,29.17124927046568
393,19804,16.602093073038535
393,19805,10.836928412297285
393,19806,12.739747166645193
393,19807,8.101135566838003
393,19808,10.96889577803876
393,19809,10.411902889618807
393,19810,9.736414700755391
393,19811,10.411088168600942
393,19812,9.510648474105903
394,19787,27.59187072517997
394,19788,31.201040446786646
394,19789,31.402871310739467
394,19790,24.735766053151963
394,19791,24.4792020321115
394,19792,26.36362016203417
394,19793,20.981537103612403
394,19794,19.20288115741569
394,19795,12.559072226297358
394,19796,21.38540804382006
394,19797,20.389985293168493
394,19798,12.490602135669626
394,19799,15.801142752140024
394,19800,15.398863703026471
394,19801,14.439228326095362
394,19802,15.529205650061158
394,19803,15.461697131409403
394,19804,12.106651961814446
394,19805,11.172405704834327
394,19806,11.663986891518713
395,19825,28.38928610089023
395,19826,26.684868335748146
395,19827,26.960014700837483
395,19828,28.725667297866245
395,19829,22.926819920560707
395,19830,23.910461068107168
395,19831,20.45180484654379
395,19832,21.637883037348402
395,19833,18.66072759028643
395,19834,19.258838742988935
395,19835,14.114471822989904
395,19836,15.97563654181254
395,19837,14.860589951290295
395,19838,14.257898926747892
395,19839,14.976435899748118
395,19840,12.14597180483378
395,19841,12.774878740322286
395,19842,11.134141981611842
395,19843,12.287922352528666
395,19844,9.289674013861523
395,19845,10.022375062117156
396,19834,31.435663998155576
396,19835,33.88874530795319
396,19836,30.809199213922085
396,19837,26.161102652573536
396,19838,25.73019236328558
396,19839,24.87769246103642
396,19840,22.975866794541776
396,19841,23.012433350107145
396,19842,19.130344837921378
396,19843,17.466938048567393
396,19844,18.95438790323074
396,19845,15.419499278082567
396,19846,15.79156056043434
396,19847,17.26026177407881
396,19848,15.264678150429305
396,19849,15.030912905902424
396,19850,12.183080166589374
396,19851,8.860542699702693
396,19852,10.676781758645404
397,19843,40.09769707910418
397,19844,26.0385015607117
397,19845,32.71170884373779
397,19846,30.640997886598498
397,19847,28.934560418155282
397,19848,24.73584920170173
397,19849,25.881050527045776
397,19850,22.215947359820543
397,19851,18.60738649966025
397,19852,18.325337469542372
397,19853,64.75954949861695
397,19854,35.98973304036553
397,19855,40.9160712360545
397,19856,7.58613333106731
397,19857,12.775152325641807
397,19858,14.762172996969303
397,19859,14.917580187334277
397,19860,10.277311652908136
397,19861,10.41043169794455
398,19848,24.190016984961577
398,19849,39.821839928550055
398,19850,14.195615351213016
398,19852,4.465185999868016
398,19853,25.710990428947945
398,19854,29.6315592527659
398,19855,30.0693306326285
398,19856,30.780153572587356
398,19857,26.45281434061549
399,19908,28.82959753269346
399,19909,31.900619566469597
399,19910,25.58192521336021
399,19911,30.17172127956281
399,19912,27.07628309729178
399,19913,26.085829138779523
399,19914,24.120700657389644
399,19915,22.69721478219414
399,19916,22.395552098771436
399,19917,20.323913097400077
399,19918,19.918780177793153
399,19919,19.320467859524182
399,19920,18.15659031273586
399,19921,13.015240877841592
399,19922,17.01376408340094
399,19923,15.103522986187366
399,19924,15.344443023175147
399,19925,15.018944889320682
399,19926,16.775464564577103
399,19927,10.98481871185564
399,19928,9.135233759888374
399,19929,9.639747887858576
400,19923,26.586943566823347
400,19924,32.229807078776055
400,19925,28.974120318915972
400,19926,30.744185149697614
400,19927,25.433666109989602
400,19928,25.54947584869801
400,19929,23.09256434442713
400,19930,22.683304846242933
400,19931,19.09303933383771
400,19932,20.725528299827353
400,19933,17.653407901491377
400,19934,15.658218562617238
400,19935,19.260182529705396
400,19936,12.769857645010111
400,19937,14.700529128326433
400,19938,14.142290353787887
400,19939,13.121424168360248
400,19940,13.331509530518517
400,19941,9.832982942470911
400,19942,11.053676381717244
401,19944,26.324953436875443
401,19945,31.65903031828899
401,19946,29.787028133811607
401,19947,32.33761578801235
401,19948,26.23777359726431
401,19949,27.6207420229378
401,19950,24.285238087199364
401,19951,23.14855813982208
401,19952,24.240893125487208
401,19953,21.647351235170976
401,19954,15.789835900082643
401,19955,18.782281279527602
401,19956,18.544267416017234
401,19957,15.679484456791833
401,19958,15.620947927206368
401,19959,15.419453680529314
401,19960,23.951134085676998
401,19961,14.98059198257412
401,19962,13.01331371070138
401,19963,12.049054205428593
401,19964,9.211603626617226
401,19965,8.907166868431043
401,19966,10.429123342046687
403,20002,29.444359838905648
403,20003,29.707548916366893
403,20004,28.38100612166125
403,20005,30.795265138089746
403,20006,27.391777932668802
403,20007,27.36090302469835
403,20008,23.67025583977893
403,20009,21.244223266859304
403,20010,22.872920930406394
403,20011,19.207821786366534
403,20012,18.19372683765159
403,20013,18.07412713767742
403,20014,17.666483670489168
403,20015,15.381765961617308
403,20016,14.856727570308847
403,20017,17.33920991422323
403,20018,13.276596665356726
403,20019,13.256481438887254
403,20020,15.081917792572387
403,20021,11.474487483479258
403,20022,10.234522372493515
403,20023,10.765527337799327
405,20060,40.77799379829301
405,20061,27.13193088764669
405,20062,27.201636135602893
405,20063,26.472898721719023
405,20064,27.92753577234901
405,20065,28.970941901150976
405,20066,26.011231541657263
405,20067,21.353693604488722
405,20068,22.340298593001105
405,20069,20.286421179789873
405,20070,17.75946512819952
405,20071,20.491516292055582
405,20072,18.394527733342688
405,20073,14.98164072634152
405,20074,15.69246903058834
405,20075,13.303410708916365
405,20076,14.719913452877082
405,20077,13.604322373840743
405,20078,13.353948891175017
405,20079,14.357555061591809
405,20080,10.376458168009732
405,20081,8.765204250820503
405,20082,9.346717223533547
407,20147,37.87726521495449
407,20148,39.12425369027835
407,20149,35.95000952475276
407,20150,32.21125960352966
407,20151,29.627503752735382
407,20152,26.606040894933777
407,20153,24.866671264194217
407,20154,33.61133515837865
407,20155,21.31523340936356
407,20156,21.260273605604432
407,20157,17.76492342354483
407,20158,69.19737696634272
407,20159,33.18057239058651
407,20160,7.468689456588862
407,20161,12.41994872686847
407,20162,18.427408933656288
407,20163,14.453508406890663
407,20164,12.112371772538712
407,20165,12.426986843323531
408,20153,25.892007350945182
408,20154,43.66299390796818
408,20155,32.46645838015957
408,20156,24.457629025004696
408,20157,24.290790259860195
408,20158,16.404718905655628
408,20159,19.312646538036745
408,20160,21.593398600836366
408,20161,19.89036217328042
408,20162,18.47199931742441
408,20163,18.655053377168457
408,20164,17.018455266967994
408,20165,17.0119830965667
408,20166,19.23837751151881
408,20167,14.432117789996875
408,20168,14.696546047897547
408,20169,12.183994799863452
408,20170,9.809466004380564
408,20171,11.162808090426806
409,20184,33.11290830376775
409,20185,33.6595317721673
409,20186,34.009533226424296
409,20187,28.777120113398976
409,20188,29.219070374992246
409,20189,25.265354812168212
409,20190,26.09364777798378
409,20191,25.91104835274192
409,20192,21.767888367195855
409,20193,19.883651286325172
409,20194,19.027567952888628
409,20195,20.355648994464314
409,20196,16.21764019128526
409,20197,16.001281142249354
409,20198,15.085136443390262
409,20199,15.484356433123228
409,20200,15.41357025505514
409,20201,13.550596386206553
409,20202,11.676822602726304
411,20554,1.9319993443804668
411,20555,1.8097789585555386
411,20556,2.5424484908603904
411,20557,1.2417159229528276
411,20558,3.8071395456717343
411,20559,4.083192832771678
411,20560,2.863936051728946
411,20561,2.524748090649732
411,20562,1.1309058219204697
411,20563,1.3156816922140167
411,20564,2.868368066849933
411,20565,3.677689097814605
411,20566,0.0
411,20567,0.9195216838278789
411,20568,1.3518649432782035
411,20569,2.353743016721959
411,20570,2.3723639175317404
411,20571,0.4039331339291872
411,20576,2.405546665192471
411,20583,1.5855790461807808
411,20584,0.8757541514941074
411,20585,1.3278870005172647
411,20586,1.0508780926445678
411,20587,1.2528423126798343
411,20588,0.20196656696516763
411,20589,0.20205501699838538
411,20590,0.0
411,20591,1.32159839384378
411,20592,0.0
411,20593,0.5797453131515504
411,20594,1.1597505491237459
411,20595,1.6241633892074099
411,20596,0.9913595393280896
411,20597,1.362784886733937
411,20598,1.529388204218348
411,20599,1.2528423126762736
411,20600,0.2919347723948631
411,20602,0.4926342470568879
411,20603,0.20196656696516763
411,20608,0.0403933133929876
411,20609,0.20196656696516763
411,20610,0.40393313393033525
411,20611,1.4548072032602326
411,20612,0.5837970832368081
411,20613,0.291862310841945
411,20614,0.291862310841945
411,20615,0.36768521647829283
411,20616,0.20205501699838538
411,20620,0.262719523161702
411,20621,0.6652790727080958
411,20622,0.6652790727099868
411,20623,0.2919347723948631
411,20624,0.9852684941123755
411,20625,0.20196656696516763
411,20626,0.20196656696516763
411,20627,0.0
411,20628,1.2528423126798343
411,20629,1.2528423126798343
411,20630,0.736482962964542
411,20631,0.9318577498206031
411,20632,1.186230657623297
411,20633,1.2874664459352645
411,20634,1.1010633129636527
411,20635,0.0
411,20636,0.4040215630076468
411,20637,0.4526112880561892
411,20638,0.622223624960154
411,20639,0.20196656696516763
411,20640,10.393689349273622
411,20641,4.025628939274634
411,20650,0.6476457417011016
411,20654,0.6138661131264
411,20655,1.5825913287668638
411,20656,0.0
411,20657,0.29195704730254146
411,20658,0.0
411,20659,0.2919347723948631
411,20660,0.9852684941151758
411,20661,0.2019665669645936
411,20662,0.0
411,20663,0.0
411,20664,1.186230657623297
411,20665,0.7848222367450328
411,20666,1.813487950714092
411,20667,0.5797453131531981
411,20668,1.3215983938400238
411,20669,0.0
411,20670,1.32159839384378
411,20671,0.0
411,20672,0.4710446437825077
411,20673,0.8757541514941074
411,20674,0.0
411,20675,0.0
411,20676,0.8757541514941074
411,20677,0.2919570473017117
411,20678,0.2919347723948631
411,20680,0.14593115542076512
411,20681,0.7364829629666352
411,20682,0.20196656696516763
411,20683,0.0
411,20684,0.9202871192255045
411,20685,0.9452162403621927
411,20686,0.5341494362790989
411,20687,0.22596039343645857
411,20688,0.0
411,20691,0.12059401720761795
411,20692,7.757070511586569
411,20693,5.437450222660523
411,20694,1.4259972609592533
411,20695,0.0
411,20696,0.29186231084111547
411,20697,0.7848222367472635
411,20698,1.0508780926475547
411,20699,1.4548072032602326
411,20700,0.9318577498206031
411,20701,0.291862310841945
411,20702,0.5838917987409871
411,20703,0.4710446437825077
411,20704,0.5797453131531981
411,20705,1.377933667970021
411,20706,1.3655856158596777
411,20707,1.204799925909542
411,20708,1.1010633129605232
411,20709,1.5566758252694461
411,20710,1.3705610297632762
411,20711,1.2677717395102317
411,20712,0.623298562132389
411,20713,0.623298562132389
411,20714,0.6231848197063511
411,20715,0.4792576935133016
411,20716,1.7239784449354594
411,20717,0.623298562132389
411,20718,1.0923163779058804
411,20719,1.0482885036627052
411,20720,0.29195704730254146
411,20721,1.0508780926445678
411,20722,0.5493827490141024
411,20723,0.47925769351466374
411,20724,1.1264643352456973
411,20725,1.1105208657692043
411,20726,0.47925769351466374
411,20727,1.1010633129605232
411,20728,0.623298562132389
411,20729,0.6234543817123481
411,20730,1.2467529438411937
411,20731,0.0
411,20732,0.0
411,20733,1.1010633129605232
411,20734,1.1010633129636527
411,20735,1.1010633129636527
411,20736,0.4792576935133016
411,20737,0.0
411,20738,1.1105208657692043
411,20739,1.529388204218348
411,20740,0.38041942287162933
411,20741,0.22596039343645857
411,20742,0.22596039343645857
411,20743,0.3617820516221684
411,20744,1.186230657623297
411,20745,0.291862310841945
411,20746,0.29186231084111547
411,20747,0.291862310841945
411,20748,1.0774194728592896
411,20749,0.0
411,20750,0.6560015631845599
411,20751,1.6508052684381718
411,20752,1.3627848867300636
411,20753,0.5838917987426466
411,20759,0.0
411,20760,6.94583438337481
411,20761,2.476127184922678
411,20762,3.3251170814067565
411,20763,1.4259972609592533
411,20766,0.2454943209886458
411,20767,1.2528423126798343
411,20768,0.2919347723940333
411,20769,0.2919347723948631
411,20770,0.0
411,20771,1.4548072032602326
411,20772,0.40393313393033525
411,20773,1.3278870005172647
411,20774,1.0482885036597258
411,20775,1.3779336679739371
411,20776,1.8732874654250495
411,20777,1.2492629885649378
411,20778,2.4089712090812183
411,20779,1.719270497562065
411,20780,0.5230583343644762
411,20781,1.5566758252694461
411,20782,0.8488264493651958
411,20783,1.2528423126762736
411,20784,0.9852684941151758
411,20785,1.186230657623297
411,20788,0.31061924993990675
411,20789,0.291862310841945
411,20790,0.0
411,20791,0.0
411,20792,0.5838917987426466
411,20793,0.0
411,20794,0.29195704730254146
411,20795,0.0
411,20796,0.6652790727080958
411,20797,0.5797453131531981
411,20798,0.5797453131531981
411,20799,1.1222560331203706
411,20800,2.1605285815914255
411,20801,0.5799117358406691
411,20802,1.0640106908956468
411,20803,1.8876753374951367
411,20804,0.5838917987426466
411,20805,0.7848222367450328
411,20806,0.20196656696516763
411,20807,0.20196656696516763
411,20809,0.2729635499416386
411,20810,0.291862310841945
411,20811,0.8428586181236905
411,20812,0.0
411,20813,1.0774194728592896
411,20814,0.5837970832368081
411,20815,1.2016668543196343
411,20816,1.2016668543230495
411,20817,0.2919347723948631
411,20818,0.29186231084111547
411,20819,0.7187244761741738
411,20820,1.1222560331235603
411,20821,0.5797453131515504
411,20822,1.492951735855507
411,20823,0.4459641454745415
411,20824,0.4457221180191962
411,20825,1.4259972609592533
411,20826,0.5837970832368081
411,20827,0.5837970832351488
411,20828,0.291862310841945
411,20829,1.186230657623297
411,20830,1.1862306576199255
411,20831,1.9399755634385112
411,20832,1.362784886733937
411,20833,0.5838917987409871
411,20834,0.2919347723948631
411,20835,0.2919347723948631
411,20836,0.2919347723940333
411,20837,0.0
411,20838,1.2499467842292233
411,20839,0.8407546766109961
411,20840,0.4679881408801571
411,20841,0.4459641454745415
411,20842,2.0972138643283844
411,20843,0.0
411,20844,0.0
411,20845,1.1264643352488988
411,20846,0.47104464378116884
411,20847,0.4710446437825077
411,20848,1.1264643352488988
411,20849,0.2020550169978111
411,20850,0.20196656696516763
411,20851,0.9852684941151758
411,20853,0.14593115542076512
411,20854,0.5459270998840529
411,20855,1.3278870005134906
411,20856,1.3278870005172647
411,20857,0.0
411,20858,1.0508780926445678
411,20859,0.2919347723948631
411,20861,0.0
411,20862,0.0
411,20863,0.9852684941151758
411,20864,0.9852684941151758
411,20865,0.7848222367450328
411,20866,0.20196656696516763
411,20867,0.20196656696516763
411,20871,0.05049164174122016
411,20876,0.09052225761118639
411,20877,0.45261128805490275
411,20878,0.7364829629666352
411,20879,0.5837970832368081
411,20880,6.235285699355472
411,20881,2.9678609222200687
411,20882,2.1285125613231948
411,20883,1.9399755634329972
411,20884,0.291862310841945
411,20886,0.0
411,20887,1.8175649084167322
411,20888,0.4459641454745415
411,20889,0.4679881408814872
411,20890,1.3655856158557964
411,20891,0.4710446437825077
411,20892,1.6274080239251156
411,20893,0.579911735839021
411,20894,1.1318516358743471
411,20895,1.2405376788240035
411,20896,1.103569669646872
411,20897,1.2692695017915587
411,20898,0.8647307753570792
411,20899,0.5725300451729558
411,20900,0.4526112880561892
411,20901,0.0
411,20902,0.4040215630076468
411,20903,0.0
411,20904,0.47925769351466374
411,20905,0.0
411,20906,1.1105208657692043
411,20907,0.0
411,20908,0.0
411,20909,0.29195704730254146
411,20910,0.29195704730254146
411,20911,0.0
411,20912,1.3278870005172647
411,20913,1.1401483789096711
411,20914,1.212064772845417
411,20915,0.4040215630076468
411,20916,0.0
411,20917,0.5341494362806172
411,20918,1.1402655579127685
411,20919,1.5513689070954126
411,20920,0.44178346172015315
411,20921,0.22596039343581636
411,20922,0.3804194228727105
411,20923,0.0
411,20924,0.2019665669645936
411,20925,0.20196656696516763
411,20927,0.10098328348244032
411,20928,1.4548072032643675
411,20929,1.2016668543230495
411,20930,0.5797453131515504
411,20931,1.6960061900333094
411,20932,1.6960061900333094
411,20933,0.6652790727080958
411,20934,0.0
411,20935,0.0
411,20936,0.2919347723940333
411,20937,0.0
411,20938,0.7848222367472635
411,20939,0.5493827490141024
411,20940,1.1222560331203706
411,20941,1.1812046170245425
411,20942,0.7364829629666352
411,20943,0.6058614794153186
411,20945,0.22591272136217044
411,20946,0.0
411,20947,1.4342490769935776
411,20948,0.2919347723948631
411,20949,0.2919347723940333
411,20950,1.0508780926475547
411,20951,0.7848222367472635
411,20952,4.478501491239952
411,20953,3.68696786463596
411,20954,0.8428586181260861
411,20955,2.1643039584118022
411,20956,1.3655856158596777
411,20957,0.4710446437825077
411,20958,1.5825913287668638
411,20959,1.8732874654250495
411,20960,0.29195704730254146
411,20961,0.8757541514916184
411,20962,0.5837970832368081
411,20963,1.3222540263098583
411,20964,0.3750638058412506
411,20965,1.9036515802108214
411,20966,0.634713205509465
411,20967,1.7744376696662354
411,20968,0.0
411,20971,0.16988473478704047
411,20972,0.20196656696516763
411,20974,0.10098328348244032
411,20975,0.0
411,20976,0.6059881299739628
411,20977,1.1264643352456973
411,20978,0.29195704730254146
411,20979,0.2919347723948631
411,20980,0.7648569624856234
411,20981,0.5493827490141024
411,20982,1.0508780926475547
411,20983,1.0508780926445678
411,20984,1.0508780926475547
411,20986,0.8147780690338019
411,20988,0.2263056440280946
411,20989,0.4040215630087951
411,20990,1.1264643352456973
411,20991,1.1105208657692043
411,20992,0.6231848197063511
411,20993,1.1010633129605232
411,20994,0.9452162403621927
411,20995,0.9452162403621927
411,20996,1.1264643352456973
411,20997,0.4710446437825077
411,20998,1.1222560331235603
411,20999,0.549382749012541
411,21000,9.937983378777007
411,21001,4.057402722541208
411,21002,4.369611181310315
411,21003,1.0774194728592896
411,21008,0.05837246216832264
411,21009,1.186230657623297
411,21010,0.20196656696516763
411,21011,1.2528423126762736
411,21012,1.0508780926475547
411,21013,0.20205501699838538
411,21014,0.20205501699838538
411,21015,1.0508780926445678
411,21016,0.6652790727099868
411,21017,1.5069319121553297
411,21018,0.549382749012541
411,21019,1.1105208657692043
411,21020,1.9263366982358332
411,21021,1.1402655579127685
411,21022,0.4044666839767201
411,21023,0.0
411,21024,0.0
411,21025,0.47925769351466374
411,21026,1.1010633129636527
411,21027,1.1010633129605232
411,21028,0.0
411,21029,11.920540183793419
411,21030,4.575206190338829
411,21031,4.23040051013616
411,21032,2.501238528641353
411,21033,0.8488264493627833
411,21034,1.661362610758862
411,21035,1.661362610758862
411,21036,1.1010633129605232
411,21037,1.3222540263098583
411,21038,2.9394871741560014
411,21039,1.719270497562065
411,21040,0.0
411,21041,0.6231848197063511
411,21042,1.1222560331235603
411,21043,0.5797453131515504
411,21044,0.5797453131531981
411,21045,0.5797453131531981
411,21046,1.6613626107541402
411,21047,0.20205501699838538
411,21048,0.7848222367472635
411,21049,0.9852684941123755
411,21050,0.4526112880561892
411,21051,0.4526112880561892
411,21053,0.10098328348244032
411,21054,1.730997953565503
411,21055,1.4176492206724902
411,21056,1.204799925909542
411,21057,0.0
411,21058,0.9131187479925389
411,21059,0.5838917987426466
411,21060,0.5838917987426466
411,21061,0.9852684941123755
411,21062,0.9852684941151758
411,21063,0.9852684941151758
411,21064,0.20196656696516763
411,21065,0.549382749012541
411,21066,0.5349765624855853
411,21067,0.5349765624855853
411,21068,0.0
411,21069,0.6231848197063511
411,21070,1.4176492206765194
411,21071,0.5838917987409871
411,21072,0.2919347723948631
411,21073,1.3222540263098583
411,21074,0.0
411,21075,1.267771739513835
411,21076,1.1497960332791535
411,21077,1.1497960332758854
411,21078,1.1595840845267589
411,21079,0.6652790727099868
411,21080,1.2528423126762736
411,21081,1.2528423126798343
411,21082,0.6652790727099868
411,21083,0.47104464378116884
411,21084,0.9732765052476435
411,21085,1.018139384687873
411,21086,0.47104464378116884
411,21087,0.0
411,21088,1.529388204218348
411,21089,1.2528423126798343
411,21090,1.0508780926445678
411,21091,1.0508780926475547
411,21092,1.4342490769935776
411,21093,0.38041942287162933
411,21094,0.9852684941151758
411,21095,0.2919347723948631
411,21096,0.8931268192810441
411,21097,1.1534432508061885
411,21098,0.5838917987426466
411,21099,0.0
411,21100,1.8876753374951367
411,21101,1.8574143201129643
411,21102,0.8488264493627833
411,21103,0.20205501699838538
411,21104,1.3278870005172647
411,21105,1.3278870005134906
411,21106,1.5069319121553297
411,21107,1.2877428811055214
411,21108,1.2877428811018614
411,21109,1.1222560331235603
411,21110,0.6749250926083504
411,21114,2.354213576764337
412,21247,9.384111240514708
412,21248,10.197229608902669
412,21249,12.507557719921735
412,21250,14.992857724441814
412,21251,7.303344011313405
412,21252,10.81810735163982
412,21253,11.379474252472738
412,21254,7.162332907325583
412,21255,11.236827000953893
412,21256,10.880760401497247
412,21257,11.551532596360223
412,21258,9.996727779488317
412,21259,9.447349682458887
412,21260,10.913946032534035
412,21261,9.88008119163988
412,21262,8.209522962577656
412,21263,8.988419696696827
412,21264,7.209161594516635
412,21265,8.774817287904947
412,21266,7.856440320618145
412,21267,7.933510914452139
412,21268,13.446664810154676
412,21269,10.459943264732338
412,21270,6.446745693689488
412,21271,9.138481244427187
412,21272,9.88387182355826
412,21273,6.293681412940981
412,21274,7.1731153875450735
412,21275,8.490496426828477
412,21276,6.379158049827655
412,21277,7.064096331582722
412,21278,8.452563285835325
412,21279,6.869347170001556
412,21280,6.120259836304281
412,21281,6.790948882705189
412,21282,6.62857063115246
412,21283,6.322590932237803
412,21284,6.7400801181854515
412,21285,4.467996954921972
412,21286,8.581411242468462
412,21287,6.440093815332547
412,21288,5.772121176128868
412,21289,5.1779431477236155
412,21290,7.9060122370567125
412,21291,6.828766018158448
412,21292,5.062713772063091
412,21293,4.682785905888567
412,21294,6.35983675718886
413,21273,10.897203013310806
413,21274,9.964002147297677
413,21275,17.243734002129028
413,21276,9.995511397728475
413,21277,10.477215349653976
413,21278,9.97340999544574
413,21279,14.875246882452188
413,21280,8.257772549970879
413,21281,8.618801906712742
413,21282,10.621946007022983
413,21283,14.323402494164442
413,21284,10.530068948874513
413,21285,8.43167223037056
413,21286,8.286305218918999
413,21287,8.351406455047574
413,21288,10.845324397096961
413,21289,5.254599004988681
413,21290,6.587904989706659
413,21291,15.32530143858396
413,21292,8.689835518606461
413,21293,7.469750270233023
413,21294,5.7359475642494875
413,21295,7.180358693010185
413,21296,7.260867208228383
413,21297,7.164940014488061
413,21298,12.919284850370714
413,21299,5.656581670034921
413,21300,7.0977728068893144
413,21301,5.706651136284297
413,21302,7.985305711611574
413,21303,4.135961607102342
413,21304,5.573949515824619
413,21305,8.342128694041342
413,21306,8.233752027161458
413,21307,6.978977769619614
413,21308,7.670633643850761
413,21309,6.606775671249676
413,21310,6.788795739418482
413,21311,3.65378826855907
413,21312,4.583340324465629
413,21313,5.037925466899686
413,21314,6.970763504511497
413,21315,6.396654099213635
413,21316,5.995644405489653
413,21317,3.2128971442609444
413,21318,6.369423642742245
413,21319,6.07096552849368
413,21320,6.509017869836052
413,21321,6.440425738679836
413,21322,7.223111763603104
413,21323,5.5046787858059405
413,21324,5.953817367542205
413,21325,6.550919339066741
413,21326,6.160747110849262
413,21327,2.851381637150499
413,21328,5.079364590351433
414,21288,10.585166886458488
414,21289,11.431884616623785
414,21290,18.8289074599379
414,21291,15.516774952425765
414,21292,10.926100462685033
414,21293,14.557497650356769
414,21294,9.20157752931955
414,21295,11.383028179417474
414,21296,12.534947097277257
414,21297,16.727581769243194
414,21298,12.788214683544346
414,21299,10.767577216008357
414,21300,7.4714782834120985
414,21301,10.782923474917682
414,21302,10.436390787342884
414,21303,8.244756460197317
414,21304,7.482364028699052
414,21305,11.198437213876062
414,21306,12.4998356402034
414,21307,8.694536760457318
415,21339,11.981721371423175
415,21340,16.305628716914136
415,21341,17.828353643433573
415,21342,16.269543617978588
415,21343,15.840430408685586
415,21344,17.43429690601027
415,21345,13.941054940236373
415,21346,10.365479215959542
415,21347,10.416575968275009
415,21348,15.809233635678366
415,21349,10.760330557802385
415,21350,10.793417617688458
415,21351,11.918225437413565
415,21352,12.52013593909705
415,21353,11.67105987669099
415,21354,9.915785416969735
415,21355,10.88902428744119
415,21356,9.609711840757527
415,21357,9.148823842414595
415,21358,10.355666354278577
415,21359,9.314944446095355
415,21360,9.634408950814427
415,21361,8.84271003304203
415,21362,8.745047450073567
415,21363,10.45385733247754
415,21364,8.662196695812474
415,21365,9.041398689133336
415,21366,9.06655445695748
415,21367,9.211948290475641
415,21368,6.824227049933596
415,21369,7.5470414757797215
415,21370,5.256716609005941
415,21371,4.576196931293704
415,21372,7.266912907368593
415,21373,5.590604022150356
416,21342,17.53025963904068
416,21343,46.995209455399284
416,21344,17.547374814764723
416,21345,24.022767841837798
416,21346,11.425015479304166
416,21347,13.371566981089355
416,21348,10.620109364400033
416,21349,11.249943003036691
416,21350,13.742442727101427
416,21351,12.846969813120127
416,21352,11.447077989556124
416,21353,11.952918469916725
416,21354,12.979153096687678
416,21355,9.320864081364737
416,21356,11.407551616440658
416,21357,9.027349278339015
416,21358,9.813197627644646
416,21359,9.949446469554413
416,21360,9.579605385669838
416,21361,11.42199799416242
416,21362,10.61057746411335
416,21363,9.362660273918085
416,21364,7.716605365283355
416,21365,7.083692550645489
416,21366,7.961649298675148
416,21367,8.383739814169878
416,21368,10.054528713206887
416,21369,8.510019555695644
416,21370,7.204259857541914
416,21371,6.7451494932044325
416,21372,7.877910733230127
416,21373,6.894783228642059
416,21374,6.7072176933158945
416,21375,7.083909139043575
416,21376,6.610052660113625
416,21377,9.47582200167732
416,21378,5.410378351812516
416,21379,6.979002580053002
416,21380,6.4203722029800305
416,21381,8.946420997389348
416,21382,6.869974806911041
416,21383,6.127796843636114
416,21384,8.02628517151609
416,21385,6.709724217659377
416,21386,5.71427799760191
416,21387,4.044924415651662
416,21388,3.9212464168703463
417,21354,23.206598460695393
417,21355,16.56909540292399
417,21356,21.31819322707208
417,21357,15.90765595437543
417,21358,14.354742765398893
417,21359,21.844187825938064
417,21360,16.829044371858643
417,21361,13.768646568033311
417,21362,13.974703252328231
417,21363,13.914318680775901
417,21364,13.185408264410567
417,21365,12.543480545258122
417,21366,13.829366415751636
417,21367,13.70915651322658
417,21368,10.816666334846573
418,21441,42.22881942991283
418,21442,27.341309487844537
418,21443,27.795549631065054
418,21444,25.681515634083265
418,21445,67.87657141691659
418,21446,39.305074810905786
418,21447,26.87183976175845
418,21448,20.949636250753382
419,21446,9.718683287482552
419,21447,18.36735293270828
419,21448,16.28184825183442
419,21449,16.722503006425963
419,21450,14.920084029449681
419,21451,14.476280361427124
419,21452,15.041915327281492
419,21453,13.204045593750566
419,21454,16.079101413503015
419,21456,11.522185206407375
419,21457,11.261159330616703
419,21458,13.60147386786693
419,21459,9.020734280356029
419,21460,12.762689441454098
419,21461,9.084768667799558
419,21462,13.196063339722237
419,21463,9.399641901263202
419,21464,9.66070935130998
419,21465,9.029792100173665
419,21466,6.491741091018859
419,21467,10.039036944517683
419,21468,8.05972293017737
419,21469,8.854153007276958
419,21470,8.460178747780866
419,21471,8.00649248062017
419,21472,47.379312515301876
419,21473,27.553370296980166
419,21474,2.6081528887102263
419,21475,2.196345459671826
419,21476,8.745764940985051
419,21477,14.01050537821923
419,21478,0.7662797067321356
419,21479,5.204939246182407
419,21480,6.187345907080136
419,21481,6.56455971301199
419,21482,5.3243263810921455
419,21483,3.994399309150605
419,21484,5.41946567595498
419,21485,5.051638260488336
420,21492,14.480204433215913
420,21493,19.642185419759933
420,21494,17.022184878603206
420,21495,18.036062568442535
420,21496,16.654711514679192
420,21497,13.296445012104684
420,21498,14.158382266772751
420,21499,17.679476290907072
420,21500,12.395918816339323
420,21501,14.657789468778589
420,21502,11.775456815935266
420,21503,12.79451251031132
420,21504,11.684497743855612
420,21505,11.410105079390409
420,21506,12.085893005143669
420,21507,12.974923253071188
420,21508,11.01114660499352
420,21509,9.57864783705152
420,21510,10.268367156395716
420,21511,9.109821841103113
420,21512,7.345301806933408
420,21513,10.731867626319156
420,21514,8.137708827860603
420,21515,9.27045397458669
420,21516,9.443276748069769
420,21517,8.107093423612339
420,21518,8.459374085052355
420,21519,8.747438639410346
420,21520,6.664600074297291
420,21521,9.05410431323686
420,21522,8.394118621953016
420,21523,7.089221924549829
420,21524,7.151581943021304
420,21525,7.50018395484176
420,21526,5.280657671396766
420,21527,5.812202766526433
420,21528,4.974945187573189
421,21601,11.527309298519251
421,21602,7.264099270091323
421,21603,9.998137280354056
421,21604,9.27852541209111
421,21605,9.111448600870643
421,21606,10.192604139456481
421,21607,6.912031173712341
421,21608,9.59710143504672
421,21609,9.138915091761318
421,21610,7.581004947430831
421,21611,9.2889498174011
421,21612,8.967667445548585
421,21613,6.572436019784229
421,21614,10.560264587411949
421,21615,9.044172763806984
421,21616,7.868602126843933
421,21617,8.420429080732374
421,21618,8.776067867858139
421,21619,6.66977338493477
421,21620,8.976799696692048
421,21621,7.433353364453255
421,21622,6.734947040683196
421,21623,7.577337697155215
421,21624,8.334906175716505
421,21625,4.662457779054114
421,21626,5.258984081451908
421,21627,7.643468901500235
421,21628,6.6144622117341125
421,21629,6.802054569131362
421,21630,6.048890277731649
421,21631,7.1429385244911305
421,21632,6.8490314483704875
421,21633,6.292361766087769
421,21634,6.825877279049406
421,21635,6.369343847042154
421,21636,6.765347868191042
421,21637,6.178124472504512
421,21638,4.095266796652227
421,21639,5.8659696579032845
421,21640,4.462415277949292
421,21641,3.5609714314373933
421,21642,4.219194240871929
421,21643,5.275519900013742
421,21644,5.227911695842729
422,21608,17.345165759291508
422,21609,23.920849263689817
422,21610,20.96276834609031
422,21611,22.473896741823634
422,21612,20.050752908009645
422,21613,19.597444832342806
422,21614,14.61857825518984
422,21615,17.07661226388492
422,21616,12.732505202304976
422,21617,16.880633980051137
422,21618,14.797410517902387
422,21619,14.040649384272948
422,21620,14.94220957161355
422,21621,14.049730002852943
422,21622,11.915104687224733
422,21623,12.03892484308384
422,21624,10.839445665457758
422,21625,10.628198236236702
422,21626,11.582245230685277
422,21627,12.751636058067474
422,21628,51.85150980954118
422,21629,26.724894940877427
422,21630,3.6512797325778967
422,21631,7.2233229875630265
422,21632,9.623258337387256
422,21633,9.81494911013137
422,21634,9.389234259733156
422,21635,7.225380241877451
422,21636,4.617025516918319
422,21637,7.193993702537404
423,21652,23.82328927512333
423,21653,23.520239889643126
423,21654,23.14453750850875
423,21655,21.316958069760133
423,21656,22.914916276952603
423,21657,20.36749899389212
423,21658,19.223632067404786
423,21659,18.042364418523032
423,21660,15.492364168181206
423,21661,16.917089223829002
423,21662,18.72469022871767
423,21663,11.97987467051642
423,21664,15.470958799137836
423,21665,11.78001791236508
423,21666,13.263129293930673
423,21667,29.727783501175264
423,21668,2.2353159449951363
423,21669,7.450602650649172
423,21670,10.738284811387292
423,21671,10.686777681091636
423,21672,10.497386902580272
423,21673,10.063001140961264
423,21674,9.7074314206651
423,21675,9.025533422835931
423,21676,7.425200119621354
423,21677,7.457976713762174
423,21678,7.415132448083946
424,21666,28.21208328011218
424,21667,29.089302420642607
424,21668,36.47811233990296
424,21669,36.296494603190055
424,21670,31.67027682068844
424,21671,32.144212424692974
424,21672,25.38833945991918
424,21673,28.604855239417343
424,21674,24.751424789380874
424,21675,19.751210510748706
424,21676,20.78061953188879
424,21677,20.857377648313268
424,21678,17.550122737900484
424,21679,17.557820677773233
424,21680,14.039151370498226
424,21681,18.03856641055794
424,21682,18.821669518964722
424,21683,13.55506628749135
424,21684,11.465162783871587
425,21697,25.474151372932717
425,21698,24.77004736664164
425,21699,23.073990046933403
425,21701,24.02137577535907
425,21702,19.50868517156645
425,21703,18.61014649273658
425,21704,15.683530569090802
425,21705,18.50015580650569
425,21706,16.843309700504363
425,21707,13.226156383764852
425,21708,13.027305453990554
425,21709,14.218701124204216
425,21710,12.442067563545098
425,21711,13.67611303922871
425,21712,11.328290998946004
425,21713,27.821105718637977
425,21714,0.9413849562415101
425,21715,9.231098592263502
425,21716,10.063429623851393
425,21717,11.441594213257705
425,21718,7.126894891248281
425,21719,8.815066516407402
425,21720,6.802096813923346
425,21721,8.77147391436789
426,21708,24.443233609152283
426,21709,23.703225553057294
426,21710,29.623461663749936
426,21711,22.20369771118641
426,21712,23.338592648527392
426,21713,20.284093022364946
426,21714,17.349671870485828
426,21715,19.674298167190674
426,21716,18.844973891990634
426,21717,14.868487715734652
426,21718,17.113012522425958
426,21719,14.617482572807257
426,21720,14.025949537766815
426,21721,14.596144258947772
426,21722,12.520413547765676
426,21723,11.942941993485823
426,21724,12.207611650204907
426,21725,10.38870982826701
426,21726,10.6759985536434
426,21727,10.499020367840503
426,21728,7.836945354945635
426,21729,10.159192532310188
426,21730,8.086722716673481
426,21731,8.2859451323823
426,21732,6.096193045383276
426,21733,5.846198424685624
426,21734,8.18282023072987
426,21735,6.883041188127102
426,21736,5.585076659907037
427,21736,22.82510250802397
427,21737,25.033282041572452
427,21738,24.17450040581041
427,21739,21.852490603943675
427,21740,26.928734779305866
427,21741,22.082367986460742
427,21742,17.16081082822453
427,21743,17.334825843539114
427,21744,18.636933714168332
427,21745,15.759851485505134
427,21746,16.981730461087785
427,21747,15.363765656962062
427,21748,12.477409690629862
427,21749,12.857797890876716
427,21750,13.360056281101933
427,21751,10.379546731719875
427,21752,35.844963490893704
427,21753,3.633750826123681
427,21754,7.8700894117426925
427,21755,9.2605733871281
427,21756,10.168102830657672
427,21757,9.102852791556055
427,21758,11.220421269514334
427,21759,6.761702075606774
427,21760,7.584776803858026
427,21761,7.868989035471967
428,21763,24.07181203367515
428,21764,27.875879108931144
428,21765,25.246042907189214
428,21766,24.861293435119354
428,21767,24.4570174813493
428,21768,21.5988944470465
428,21769,18.112248033301615
428,21770,21.433050781507912
428,21771,18.748054951393133
428,21772,17.397989183680146
428,21773,16.61902338267884
428,21774,16.13776266571741
428,21775,11.825917214165953
428,21776,14.377664923680983
428,21777,12.559341788267657
428,21778,57.46083498006325
428,21779,20.823953300733432
428,21780,6.758556514965346
428,21781,8.143463507302062
428,21782,9.867477491506968
428,21783,10.601917281726374
428,21784,12.17213809491311
428,21785,9.880760461100982
428,21786,6.254005506622625
428,21787,8.68541657925442
429,21793,24.560671448660113
429,21794,25.79708665611706
429,21795,22.189005911370433
429,21796,22.05094858999759
429,21797,25.193645954154995
429,21798,21.660440415163666
429,21799,19.09137770529872
429,21800,17.599899172798906
429,21801,16.53925046326234
429,21802,17.75808110829736
429,21803,15.277225524200984
429,21804,14.730471968664215
429,21805,11.82543575761417
429,21806,9.79880489409861
429,21807,12.992983907472984
429,21808,11.626748442627372
429,21809,50.75739383702126
429,21810,29.054903090026578
429,21811,32.55088090890315
429,21812,0.7309849374002907
429,21813,5.179290957753601
429,21814,9.1469429433429
429,21815,8.62691558895828
429,21816,8.197799026973552
429,21817,7.084998115903622
429,21818,6.706596091376695
429,21819,6.236050799494693
429,21820,7.638190984732899
430,21796,15.347429662913225
430,21797,26.36053562166704
430,21798,29.419632554081016
430,21799,27.6362183689537
430,21800,30.201383829144287
430,21801,28.364735841776895
430,21802,23.70314508671948
430,21803,24.31447952987975
430,21804,19.86118644477743
430,21805,22.16463133688458
430,21806,21.6638857126433
430,21807,18.069599568860276
430,21808,16.598668098417626
430,21809,15.777198672308968
430,21810,17.345495671049637
430,21811,13.827832192155817
430,21812,15.444501489414911
430,21813,12.591249346744545
430,21814,14.59635883571045
430,21815,15.465591698855075
430,21816,14.052728712571527
430,21817,11.366922855387536
430,21818,10.481227263787993
431,21811,29.055544137898558
431,21812,31.855303645162948
431,21813,28.35095733406738
431,21814,27.88368970158252
431,21815,26.938130557485014
431,21816,23.151398599168854
431,21817,25.628364980244104
431,21818,19.15550932284468
431,21819,19.612109810131745
431,21820,20.483513921517883
431,21821,17.186943590607804
431,21822,15.518558621420668
431,21823,17.692778706566692
431,21824,15.98218917843591
431,21825,15.375949591412224
431,21826,14.194917976869142
431,21827,13.693244308206797
431,21828,11.72228738666647
431,21829,12.21232563258328
431,21830,12.023341208673129
431,21831,11.991479247819363
431,21832,10.761247873316062
431,21833,8.24784368275002
431,21834,8.780087158091902
431,21835,10.264494717130459
432,21847,5.666844472286186
432,21848,12.131330966960496
432,21849,21.005300134379798
432,21850,26.623180210614578
432,21851,24.45525795223553
432,21852,21.44242778416304
432,21853,25.973777174973268
432,21854,22.457077950259606
432,21855,20.6228426098425
432,21856,23.461279571077704
432,21857,20.196065604705108
432,21858,20.555814206560463
432,21859,14.074119329465315
432,21860,13.69293183089548
432,21861,15.81173345443531
432,21862,17.956433147208333
432,21863,17.876209616677333
432,21864,15.275207161917274
432,21865,14.189426153870816
432,21866,13.546267300856513
432,21867,12.809626758110252
432,21868,13.103638440345234
432,21869,13.389873057616013
432,21870,12.735039889824053
432,21871,9.82723496852406
432,21872,10.122316181668904
432,21873,7.908911705024282
433,21863,16.087550371899933
433,21864,13.52160036565103
433,21865,22.136077880816593
433,21866,8.400471434004794
433,21867,8.911544904120921
433,21868,10.209354534725485
433,21869,8.450029268868501
433,21870,8.339270800359682
433,21871,10.270653739551722
433,21872,10.929687917242454
433,21873,10.737974345693818
433,21874,10.235349163393266
435,21915,32.7538651227318
435,21916,33.47090542319481
435,21917,26.761887967610857
435,21918,64.95164930807913
435,21919,34.60986793044377
435,21920,24.45106029512722
435,21921,21.804279237943472
435,21922,19.94339883329298
435,21923,20.690585821885808
435,21924,19.406881928406403
435,21925,14.653273969902015
435,21926,17.647009491936522
435,21927,17.534089833464115
435,21928,14.420601725591425
435,21929,12.881585061561855
435,21930,13.69659438726639
435,21931,14.511567503227083
435,21932,12.67322704197129
435,21933,11.730030924059133
435,21934,11.664630621682287
435,21935,13.380532264721642
435,21936,8.839978203160367
435,21937,8.256509900100587
435,21938,10.16523957253427
436,21945,27.230472564722035
436,21946,27.91720926756232
436,21947,25.299662947677735
436,21948,27.480178177381713
436,21949,22.782211303666905
436,21950,23.41110885145409
436,21951,20.792779326457815
436,21952,18.950324356519317
436,21953,19.585380256193808
436,21954,16.444863528028186
436,21955,16.42617389556571
436,21956,15.148306489004561
436,21957,14.96869102121761
436,21958,13.399427086088988
436,21959,14.411085248006575
436,21960,15.148735642446944
436,21961,12.162867039418556
436,21962,11.566585153351813
436,21963,11.642770618210891
436,21964,10.144511461267161
436,21965,8.828480914218051
436,21966,9.98223379255249
436,21967,11.154605895290985
437,21978,46.013129353565105
437,21979,26.662911772752217
437,21980,25.2612644433487
437,21981,26.24333381655219
437,21982,20.949192345161418
437,21983,22.322569191412697
437,21984,21.48449018599557
437,21985,21.437221616526074
437,21986,21.064931005198773
437,21987,14.301466047776833
437,21988,17.662497907893034
437,21989,18.331208825128062
437,21990,17.70936012264644
437,21991,13.416243195545954
437,21992,12.085726708184744
437,21993,14.370836019488216
437,21994,13.300905525696454
437,21995,14.312956631196641
437,21996,10.846965908983247
437,21997,11.984669119130544
437,21998,9.981091842064398
437,21999,8.98867718873671
437,22000,11.332809180031592
438,22004,26.91803276541297
438,22005,30.97353011363719
438,22006,33.24440360072298
438,22007,35.28308629992833
438,22008,22.02832683916603
438,22009,21.20063602926275
438,22010,19.427066892403154
438,22011,19.816051572522966
438,22012,20.8943384885978
438,22013,17.798778265730835
438,22014,16.72852993012996
438,22015,16.114156544177384
438,22016,15.406222343458836
438,22017,13.253123313200607
438,22018,15.625058412521684
438,22019,14.706653952611948
438,22020,13.520893603575606
438,22021,13.799597918960604
438,22022,12.708473950636025
438,22023,9.014169573792072
438,22024,9.379350990038864
439,22008,26.542080938764773
439,22009,52.28516936306941
439,22010,48.60375165943752
439,22011,34.36531215899502
439,22012,32.715458571940616
439,22013,34.164192080528814
439,22014,43.11599493030655
439,22015,27.464017867988915
439,22016,19.89079535009286
439,22017,21.927501261254225
439,22018,16.73178613182649
439,22019,17.85042688252165
439,22020,19.83564779164211
439,22021,15.971163958280213
439,22022,15.218266546740068
439,22023,14.632012099040942
439,22024,15.406860709160592
439,22025,13.094606101524818
439,22026,12.784038484108155
439,22027,12.661503106331198
439,22028,12.07896754146721
439,22029,8.497763872154335
439,22030,10.79465679822266
440,22020,24.775264263175607
440,22021,34.76058393710095
440,22022,31.84084117415463
440,22023,27.506568431879266
440,22024,24.104889035178328
440,22025,27.41977751257529
440,22026,22.155539989491587
440,22027,22.921801507428693
440,22028,19.83012646438495
440,22029,18.62975209953095
440,22030,18.383132368290656
440,22031,17.564381361023667
440,22032,16.14797249437847
440,22033,16.345763951508403
440,22034,16.305314898505735
440,22035,14.958540201200739
440,22036,12.563011050200025
440,22037,9.516659975060536
440,22038,10.918442755947506
441,22043,28.724707066957272
441,22044,32.97800660136361
441,22045,25.18934100868609
441,22046,28.621439337675092
441,22047,22.661206126233687
441,22048,20.34009486438694
441,22049,19.386562854014123
441,22050,21.835616827030968
441,22051,21.105557084102752
441,22052,15.547669976919643
441,22053,16.782005131259925
442,22060,7.578967809684018
442,22061,24.08079206938858
442,22062,28.329923450972572
442,22063,19.518488645571342
442,22064,21.341354101915694
442,22065,28.835168480817376
442,22066,26.82392746212538
442,22067,24.48598533871017
442,22068,21.528553515631074
442,22069,22.572669088861016
442,22070,24.97210353615171
442,22071,18.9596544205776
442,22072,15.774057805552525
442,22073,20.23280516268663
442,22074,17.986284792388485
442,22075,13.291142284882236
442,22076,15.267864614739
442,22077,14.549041986437336
442,22078,14.558420330299267
442,22079,14.138751178992733
442,22080,13.356393724654135
442,22081,12.823601067077856
442,22082,10.062058344492527
442,22083,8.994252830726406
443,22104,29.06432300808689
443,22105,34.10004436963167
443,22106,29.75432932379568
443,22107,37.386697232757236
443,22108,21.158308088738558
443,22109,31.7822214961341
443,22110,23.32146674396729
443,22111,23.52458238597138
443,22112,18.69772329928191
443,22113,10.616770014176488
443,22114,16.886879503742318
443,22115,16.773076057401667
443,22116,16.21396958829447
443,22117,16.413362324252752
443,22118,14.365759938927543
443,22119,13.88868883253407
443,22120,13.99660348893485
443,22121,10.888845249989446
443,22122,11.869748532782861
444,22108,4.8518324643279716
444,22110,34.83126282695124
444,22111,31.773284375606163
444,22112,23.21997731926169
444,22113,17.761671245114268
444,22114,19.72316801549798
444,22115,26.477112472006173
444,22116,22.67022907735979
444,22117,21.822807937880334
444,22118,22.723811566785766
444,22119,21.500701457281597
444,22120,17.067496776596336
444,22121,19.80961292978273
444,22125,15.358043164017873
444,22126,14.05655220152226
444,22127,14.908746331901346
446,22148,27.858458161379403
446,22149,34.10269707434739
446,22150,29.459272921112152
446,22151,28.87816965582613
446,22152,26.902124583669167
446,22153,24.098129868529305
446,22154,23.572167456171496
446,22155,19.473886191807303
446,22156,21.65071740748467
446,22157,21.54900267722182
446,22158,17.48170226808984
446,22159,15.98146632315182
446,22160,17.329653203503156
446,22161,16.334119141070268
446,22162,14.600902497781682
446,22163,16.096354722991325
446,22164,14.288347363484979
446,22165,13.080529868577472
446,22166,12.784582972538178
446,22167,14.067714214337746
446,22168,10.534894913414622
446,22169,8.85644227267117
446,22170,10.684088096032323
447,22165,30.20914345973852
447,22166,30.81881493332805
447,22167,31.202172338990938
447,22168,29.23325389617992
447,22169,26.60954922440088
447,22170,20.39457321168847
447,22171,23.292050957634732
447,22172,22.344590127488434
447,22173,19.012071490305072
447,22174,17.25344762202743
447,22175,16.82953387500386
447,22176,15.300727039589493
447,22177,53.55266869057796
447,22178,2.730965036901335
447,22179,11.67329281569589
447,22180,1.776168365028048
447,22181,7.163148298866111
447,22182,9.183425009258993
447,22183,9.45771373806556
448,22216,12.00091123582024
448,22217,12.754666954290547
448,22218,13.971035331460655
448,22219,11.9342583418001
448,22220,11.850852370272925
449,22199,14.218796342583833
449,22200,23.054045140764224
449,22201,31.826373338728285
449,22202,33.85677874081744
449,22203,33.20643156769912
449,22204,29.413742423084308
449,22205,29.387797415199703
449,22206,24.299220442794013
449,22207,27.36742347481356
449,22208,23.839755356265723
449,22209,18.02476376296729
449,22210,20.70904880763984
449,22211,20.015746056994857
449,22212,18.319117426888916
449,22213,15.478010326637996
449,22214,18.146106898801143
449,22215,10.865442976334554
449,22216,14.90674942733213
449,22217,13.663884848368674
449,22218,11.974480748153432
451,22286,28.002007305567982
451,22287,32.32610642912943
451,22288,31.451566815404888
451,22289,31.935093998938044
451,22290,27.771291732734415
451,22291,24.99575793745407
451,22292,23.783428967020686
451,22293,22.678189873651544
451,22294,20.822834819574222
451,22295,18.81081998349947
451,22296,19.628388136587358
451,22297,15.024218112243966
451,22298,56.09834253793096
451,22299,7.3516800999499345
451,22300,7.375418990857157
451,22301,12.928808033478099
451,22302,11.880076378560947
451,22303,9.459023326643964
452,22321,27.135562598652847
452,22322,31.821105480223036
452,22323,34.24326628449693
452,22324,34.44200992577572
452,22325,29.077715277698257
452,22326,27.354272604013527
452,22327,24.281716346693795
452,22328,27.149335742021456
452,22329,20.886412560958785
452,22330,22.67649203534512
452,22331,20.484205931443725
452,22332,17.6239022612732
452,22333,17.866801768506807
452,22334,17.349961549059437
452,22335,14.511996656669465
452,22336,15.204762965411366
452,22337,12.870122641336703
452,22338,11.25750884414743
453,22341,31.668503880529595
453,22342,28.12770634892161
453,22343,33.09054404490751
453,22344,31.057088971166248
453,22345,27.54202187063815
453,22346,23.163511455014284
453,22347,21.853807568569987
453,22348,22.349705100079834
453,22349,21.541511267381996
453,22350,19.24125149847827
453,22351,17.60530382396392
453,22352,19.575881212911916
453,22353,17.342271655813732
453,22354,15.063623785986296
453,22355,13.670173287365243
453,22356,15.601040571942216
453,22357,10.205303058037504
453,22358,12.147617340064414
454,22349,30.010842382849866
454,22350,35.835210979017425
454,22351,31.695401072530967
454,22352,32.55037665360836
454,22353,30.09955912831183
454,22354,26.57734662296805
454,22355,23.310027122452507
454,22356,25.18831104042437
454,22357,21.99944347145174
454,22358,20.36956161256668
454,22359,19.899538010376908
454,22360,18.108018189685126
454,22361,17.686761170591502
454,22362,16.867267191425405
454,22363,15.513613969101712
454,22364,14.933161139501804
454,22365,12.11248442528291
454,22366,14.251086115850057
454,22367,10.915667340169344
454,22368,11.649270951725379
455,22418,33.964756429129764
455,22419,30.86428910496658
455,22420,34.903371334107675
455,22421,28.529933094923194
455,22422,28.215076625372802
455,22423,25.728580355667624
455,22424,25.328687131355924
455,22425,22.239895463010036
455,22426,18.642606586234837
455,22427,19.13619205351946
455,22428,18.271450549380706
455,22429,18.011152893321206
455,22430,18.117568194831165
455,22431,16.702892035261087
455,22432,16.85380920769317
455,22433,9.92647603152264
456,22467,25.53804427387653
456,22468,33.74875545495186
456,22469,39.87343758348277
456,22470,33.97197157147637
456,22471,26.580833494611866
456,22472,34.111481308968095
456,22473,28.87495100500826
456,22474,24.261438846541246
456,22475,23.521318137667116
456,22476,19.263736456650133
456,22477,22.200355678753862
456,22478,19.21585902573426
456,22479,15.321055501713383
456,22480,15.432648807734228
456,22481,18.055122345702383
456,22482,17.286968529240117
456,22483,15.344443023175147
456,22484,15.394357591881448
456,22485,11.11938446761189
456,22486,10.109311491231454
457,22489,27.08821892740806
457,22490,29.00154322380183
457,22491,26.269978880906155
457,22492,28.414895832564447
457,22493,28.95172387355931
457,22494,23.91964495184213
457,22495,22.39507198335777
457,22496,22.46366143222282
457,22497,21.452966183443507
457,22498,18.431420177238063
457,22499,17.502707987989933
457,22500,16.042572408929157
457,22501,14.941750913872003
457,22502,16.319007575480395
457,22503,12.45780274273098
457,22504,15.793927609934865
457,22505,14.3596445023736
457,22506,10.97419783474013
457,22507,12.555201798688865
457,22508,10.266120806316561
457,22509,10.487248823056223
458,22531,30.2104067802704
458,22532,33.13937902453576
458,22533,33.64561915391142
458,22534,31.181151866941203
458,22535,27.171294987226403
458,22536,27.768625616973615
458,22537,24.53334778549518
458,22538,22.867178320905502
458,22539,23.92593473198206
458,22540,18.40342462059279
458,22541,19.543054997938764
458,22542,18.698898106830438
458,22543,18.311325609648602
458,22544,15.682846605792005
458,22545,17.09849372507697
458,22546,13.825361877653105
458,22547,15.267588347210467
458,22548,14.204320460570857
458,22549,13.589279204580746
458,22550,9.647203758367729
459,23000,2.7273784205342304
459,23001,1.9159939326363347
459,23002,5.3241258859531495
459,23003,4.344368241731304
459,23004,5.656566917901416
459,23005,3.009532727295304
459,23006,4.757919274274862
459,23007,3.8110629469190926
459,23008,3.302641846233184
459,23009,2.6232718303823486
459,23010,2.2716122679433024
459,23011,1.7704088240827676
459,23012,1.905790306629484
459,23013,1.3893381692481757
459,23014,1.7009785026327344
459,23015,1.1616135109193526
459,23016,0.8623400051154588
459,23017,1.4671498909605971
459,23018,0.7331278547630447
459,23019,0.7065928447998037
459,23020,0.41417766362466335
459,23021,0.8281167782827108
459,23022,0.41391866281666256
459,23023,0.9462384972729944
459,23024,0.45491337776096163
459,23025,0.4548274632547462
459,23026,0.8741297386594616
459,23031,0.08472091611472826
459,23034,0.3357427753507964
459,23035,0.0
459,23036,0.0
459,23037,1.5503449738039767
459,23038,0.45886251144152895
459,23039,0.45886251144152895
459,23040,1.4338817819925254
459,23041,1.1300318408767727
459,23042,0.7338415738201856
459,23043,1.3767382409396982
459,23044,0.9178971871742013
459,23045,0.45886251144152895
459,23046,0.7166275754557111
459,23047,1.4460013434304038
459,23048,0.4627940850336588
459,23049,1.1245908960678301
459,23050,0.4590346757326725
459,23051,0.4404088715095353
459,23052,1.5171120688289885
459,23053,0.4627940850336588
459,23054,0.0
459,23055,0.45728792901993826
459,23056,0.6504739495000199
459,23057,0.0
459,23058,0.48148899804707695
459,23059,0.0
459,23060,0.48148899804844547
459,23061,1.4138109795721863
459,23062,1.1245908960710262
459,23063,0.7377507258213316
459,23064,0.45884109567892556
459,23065,0.9177035652083304
459,23066,0.4590346757326725
459,23067,0.0
459,23068,0.9178971871715926
459,23069,0.9178971871742013
459,23070,0.0
459,23071,0.0
459,23072,1.1177193280319604
459,23073,0.9258251264699774
459,23074,0.9258251264673459
459,23075,0.0
459,23076,0.0
459,23077,0.6855771504329305
459,23078,1.4138109795762046
459,23079,0.4590346757326725
459,23080,1.1177193280287836
459,23081,0.46285866759759564
459,23082,0.4629664588723817
459,23083,0.46840744558631253
459,23084,1.4022793248308538
459,23085,0.4643124248836687
459,23086,0.0
459,23087,0.4597522923727045
459,23088,0.4852982377637866
459,23089,0.0
459,23090,0.0
459,23091,0.6860566791153234
459,23092,0.4814831307162254
459,23093,0.6493614194902149
459,23094,0.0
459,23095,0.4597522923727045
459,23096,0.48148899804707695
459,23097,0.0
459,23098,0.0
459,23099,0.45728792901993826
459,23100,0.45728792902123794
459,23101,0.48148899804844547
459,23102,0.0
459,23103,0.0
459,23104,0.0
459,23105,0.6855771504329305
459,23106,0.4627940850336588
459,23107,0.48148899804844547
459,23108,0.0
459,23109,1.016019517556757
459,23112,0.1650196965783772
459,23114,0.2107414975764284
459,23115,0.0
459,23116,0.0
459,23117,0.6816982151946666
459,23118,0.6071342714119145
459,23119,0.6071342714136401
459,23120,0.0
459,23121,0.45728792901993826
459,23122,0.6504739495000199
459,23123,1.0025216359654248
459,23124,0.4116128850720318
459,23126,0.24265850661344543
459,23127,0.4852982377624073
459,23128,0.0
459,23129,0.4852982377637866
459,23130,0.6342473812389037
459,23131,0.0
459,23132,0.6342473812407063
459,23133,0.0
459,23134,0.0
459,23135,0.0
459,23136,0.4852982377624073
459,23137,0.4852982377637866
459,23138,0.0
459,23139,0.0
459,23140,0.4214829951516589
459,23141,0.4214829951528568
459,23142,0.0
459,23143,0.4852982377624073
459,23144,0.4852982377637866
459,23145,0.0
459,23146,0.0
459,23147,0.0
459,23148,0.0
459,23149,0.0
459,23150,0.4214829951528568
459,23151,0.4950590897356006
459,23152,0.4315868346012238
459,23156,0.0
459,23157,0.0
459,23158,0.0
459,23159,0.6860566791153234
459,23160,0.6860566791153234
459,23161,0.4852982377624073
459,23162,0.0
459,23163,0.0
459,23164,0.0
459,23170,0.07024716585874291
459,23171,0.4214829951516589
459,23172,0.4852982377637866
459,23173,0.0
459,23174,0.4852982377624073
459,23175,0.6816982151946666
459,23176,0.6816982151946666
459,23177,0.0
459,23178,0.48531701322689086
459,23179,0.0
459,23180,0.9706152509879189
459,23181,0.0
459,23182,0.0
459,23183,0.0
459,23184,0.0
459,23185,0.4852982377637866
459,23186,0.0
459,23187,0.6816982151946666
459,23188,0.48148899804844547
459,23189,0.0
459,23190,0.6860566791133734
459,23191,0.6860566791153234
459,23192,0.6860566791153234
459,23193,0.4852982377624073
459,23194,0.0
459,23195,0.0
459,23196,0.0
459,23197,0.0
459,23198,0.0
459,23199,0.0
459,23200,0.0
459,23201,0.0
459,23202,0.0
459,23203,0.4852982377637866
459,23204,0.0
459,23205,0.0
459,23206,0.0
459,23207,0.4852982377637866
459,23208,0.6342473812389037
459,23209,0.0
459,23210,0.43158683460245045
459,23211,0.46222411561668
459,23212,0.4814831307162254
459,23213,1.0661521833399694
459,23214,0.9256527107217387
459,23215,1.1245908960678301
459,23216,1.4138109795762046
459,23217,0.0
459,23218,0.6860566791133734
459,23219,0.0
459,23223,0.16621447051878602
459,23226,0.0
459,23227,0.4214829951516589
459,23228,0.0
459,23229,0.0
459,23230,0.4852982377624073
459,23231,0.0
459,23232,0.0
459,23233,0.9706152509879189
459,23234,0.0
459,23235,0.5026843585078521
459,23236,0.5026843585064232
459,23237,0.48531701322689086
459,23238,0.4852982377637866
459,23239,1.0914853960285575
459,23240,1.0914853960254556
459,23241,0.0
459,23242,0.0
459,23243,0.4315868346012238
459,23247,0.10789670865053595
459,23248,0.43158683460245045
459,23249,0.6342473812389037
459,23250,0.4852982377637866
459,23251,0.43158683460245045
459,23258,0.06165526208598925
459,23259,0.0
459,23260,0.43158683460245045
459,23261,0.0
459,23262,0.43158683460245045
459,23263,0.0
459,23264,0.0
459,23265,0.0
459,23266,0.43158683460245045
459,23267,0.0
459,23268,0.6342473812389037
459,23269,0.6816982151946666
459,23270,0.45728792902123794
459,23271,1.1240464914568395
459,23272,0.0
459,23273,0.7377507258213316
459,23274,0.681698215192729
459,23275,0.4597522923727045
459,23276,0.0
459,23277,0.45975229237139775
459,23278,0.4597522923727045
459,23279,0.0
459,23280,0.0
459,23281,0.4597522923727045
459,23282,0.4597522923727045
459,23283,0.0
459,23284,0.4597522923727045
459,23285,0.0
459,23286,0.4852982377624073
459,23287,0.4852982377637866
459,23288,0.6816982151946666
459,23289,1.1638372298340653
459,23290,0.45491337776096163
459,23291,0.47791964840187384
459,23292,0.7166275754577479
459,23293,0.0
459,23294,0.45504233334254884
459,23295,0.0
459,23296,0.9097408410144152
459,23297,0.49650542903736683
459,23298,0.7379184477037942
459,23299,0.4853170132255116
459,23300,0.0
459,23301,0.4214829951528568
459,23313,0.035123582929371455
459,23314,0.4852982377637866
459,23315,0.4852982377624073
459,23316,1.0622768942276366
459,23317,0.7294226344681459
459,23318,1.780465766784088
459,23319,0.0
459,23320,0.0
459,23321,0.0
459,23322,0.4214829951528568
459,23327,0.12398483511057656
459,23328,2.188236303629481
459,23329,0.6993715837604209
459,23330,0.44183249585245093
459,23331,0.4418324958537067
459,23332,0.46872273087544153
459,23333,0.0
459,23334,1.4331466890884559
459,23335,0.7251816429204384
459,23336,0.4550423333412555
459,23337,0.6021269224589579
459,23338,1.5171120688333006
459,23339,0.0
459,23340,0.6855771504329305
459,23341,0.4814831307162254
459,23342,0.6493614194920605
459,23343,0.0
459,23344,0.0
459,23345,0.4852982377637866
459,23346,0.0
459,23347,0.4852982377637866
459,23348,0.0
459,23349,0.0
459,23350,0.4597522923727045
459,23351,0.48148899804844547
459,23352,0.48148899804707695
459,23353,0.4597522923727045
459,23354,0.48531701322689086
459,23355,0.5026843585064232
459,23356,0.0
459,23357,0.0
459,23358,0.0
459,23359,1.1164997611205003
459,23360,0.9099556691952875
459,23361,1.1084063630529677
459,23362,0.7377507258213316
459,23363,1.1245908960710262
459,23364,0.7294226344681459
459,23365,0.6855771504329305
459,23366,0.48148899804844547
459,23367,0.6816982151946666
459,23368,0.0
459,23369,0.6816982151946666
459,23370,0.0
459,23371,0.0
459,23372,0.45728792902123794
459,23373,0.48531701322689086
459,23374,0.0
459,23375,0.0
459,23376,0.4852982377637866
459,23377,0.0
459,23378,0.0
459,23379,0.6860566791153234
459,23380,0.45975229237139775
459,23381,0.48531701322689086
459,23382,0.48531701322689086
459,23383,0.0
459,23384,0.48531701322689086
459,23385,0.48531701322689086
459,23386,0.4852982377624073
459,23387,0.4852982377637866
459,23388,0.0
459,23389,0.6493614194920605
459,23390,0.4814590327432388
459,23391,0.4814590327446071
459,23392,0.8925115037717593
459,23395,0.0
459,23396,0.4315868346012238
459,23397,0.0
459,23398,0.0
459,23399,0.0
459,23400,0.9706152509906775
459,23401,0.45728792902123794
459,23402,0.48148899804707695
459,23403,0.4597522923727045
459,23404,0.48531701322689086
459,23405,0.4853170132255116
459,23406,0.0
459,23407,0.0
459,23408,0.4852982377624073
459,23409,0.0
459,23410,0.0
459,23411,0.0
459,23412,0.0
459,23413,0.0
459,23414,0.43158683460245045
459,23415,0.4315868346012238
459,23416,0.0
459,23417,0.0
459,23418,0.0
459,23420,0.33242894103780823
459,23422,0.21074149757612892
459,23423,0.48531701322689086
459,23424,0.0
459,23425,0.0
459,23426,0.48531701322689086
459,23427,0.0
459,23428,0.6342473812407063
459,23429,0.43158683460245045
459,23431,0.21579341730091858
459,23432,0.43158683460245045
459,23433,0.4852982377624073
459,23434,0.4852982377637866
459,23435,0.0
459,23436,0.0
459,23437,0.6485979119321643
459,23438,0.6485979119321643
459,23439,0.0
459,23440,0.4315868346012238
459,23443,0.0
459,23444,0.43158683460245045
459,23445,0.43158683460245045
459,23446,0.4315868346012238
459,23447,0.4852982377637866
459,23448,0.0
459,23449,0.0
459,23450,0.0
459,23452,0.0
459,23453,0.4214829951528568
459,23454,0.4214829951528568
459,23455,0.0
459,23456,0.0
459,23457,0.0
459,23458,0.0
459,23459,0.0
459,23460,0.0
459,23461,1.1290235817410583
459,23462,0.45884109567892556
459,23463,0.45886251144152895
459,23464,0.0
459,23465,0.4590346757313678
459,23466,0.0
459,23467,0.4590346757326725
459,23468,0.9177035652083304
459,23469,0.4949345346544714
459,23470,0.45728792902123794
459,23471,0.4853170132255116
459,23472,0.0
459,23473,0.4852982377637866
459,23476,0.0
459,23477,0.0
459,23478,0.4852982377637866
459,23479,0.4852982377637866
459,23480,0.0
459,23481,0.0
459,23482,0.6485979119321643
459,23485,0.5038188211619663
459,23486,0.6199241755518257
459,23488,0.2107414975764284
459,23490,0.21074149757612892
459,23491,0.0
459,23492,0.0
459,23493,0.4214829951516589
459,23494,0.0
459,23495,0.0
459,23496,0.0
459,23497,0.48531701322689086
459,23498,0.45728792902123794
459,23499,1.4628868550033907
459,23500,0.5934288538997803
459,23501,0.6815031263983488
459,23502,0.44086811598305137
459,23503,0.4686371516440601
459,23504,1.1177193280319604
459,23505,0.9200613945704799
459,23506,0.0
459,23509,0.2066413918510001
459,23510,0.6648578820756165
459,23511,0.0
459,23512,0.43158683460245045
459,23513,0.43158683460245045
459,23514,0.6648578820756165
459,23516,0.49663916230176314
459,23519,0.49588870257137324
459,23524,0.19802633486683635
459,23526,0.4950658371676537
459,23534,0.19179196329784376
459,23535,0.0
459,23536,0.0
459,23537,0.0
459,23538,0.0
459,23539,0.0
459,23540,0.0
459,23541,0.4543498624120315
459,23542,0.7338415738201856
459,23543,0.7338415738180999
459,23544,0.49650542903736683
459,23545,0.0
459,23546,0.0
459,23547,0.4515216406438881
459,23548,0.0
460,22986,0.5792470090080034
460,22987,5.842997208242962
460,22988,3.5753534361752606
460,22989,2.132182661445888
460,22990,2.0722324401100165
460,22991,1.1632138676951975
460,22992,1.9646565802413214
460,22993,27.63622909778976
460,22994,15.905321091427963
460,22995,7.526301294572047
460,22996,4.329004883757808
460,22997,30.347829759148542
460,22998,12.157886177312465
460,23003,5.1721771359431905
460,23004,2.222487274559373
460,23005,0.7933192234471009
460,23006,4.64494295418685
460,23007,0.990614891053147
460,23008,3.812013119451785
460,23009,0.7599089574075696
460,23010,0.3986086975786735
460,23011,1.9757781922779045
460,23012,0.0
460,23013,0.6864651711663886
460,23015,20.637677907933167
460,23016,26.347298920178535
460,23017,10.505933761606235
460,23018,5.34623935817639
460,23019,2.617595940830704
460,23020,0.6690424634149795
460,23021,1.2133011035597718
460,23022,0.5159455770631357
460,23023,0.5159455770631357
460,23024,0.8507112879289637
460,23025,0.42517446912863777
460,23026,1.0718203615406963
460,23027,0.6052587367582545
460,23028,1.8925950117426444
460,23029,0.4035357898104881
460,23030,0.8072356972827808
460,23031,1.13478731364115
460,23032,0.6539052492013561
460,23033,35.103356838158476
460,23034,8.380407840021126
460,23035,7.590992823250045
460,23036,12.283123880601032
460,23037,2.479079626502861
460,23038,3.21844797581727
460,23039,3.486714139583898
460,23041,0.4916396085170377
460,23042,0.4436940746385914
460,23043,2.4121150933159465
460,23044,1.2513581290852485
460,23045,35.633720755609495
460,23046,17.961088120902637
460,23048,6.312769353395482
460,23049,1.7513061314787397
460,23050,2.0596466772277013
460,23051,1.820123232902752
460,23053,2.437398936598246
460,23054,2.3680088482818684
460,23059,0.42583628743877266
460,23063,0.49209960736344116
460,23065,0.0
460,23066,1.3056570198398783
460,23067,0.4662343114618727
460,23068,0.581478523089358
460,23069,0.5817353446041869
460,23078,0.2810552529990567
460,23083,0.2345544844865266
460,23086,0.45296687632797433
460,23087,2.6918376423443005
460,23095,0.5275017069653726
460,23103,1.0164405405519805
460,23105,1.2180694006377188
460,23106,1.1294173635552665
460,23117,0.11019185947425111
460,23118,0.0
460,23119,1.212110454217702
460,23123,0.3280405746773538
460,23125,10.857135504478624
460,23126,5.961088165646252
460,23127,4.511164091518744
460,23131,1.8213553726676752
460,23132,1.2597624119382633
460,23133,1.3191490340952412
460,23134,7.887502312667391
460,23135,0.5423828121279642
460,23137,0.8546971343453327
460,23139,1.9480409659463005
460,23141,0.9353918954725248
460,23142,5.163672789935994
460,23143,1.8260760605299944
460,23147,1.1358535755427952
460,23153,0.31443396583198313
460,23158,1.6607461720701255
460,23159,3.670243285599709
460,23161,5.8891922235458765
460,23162,7.322069853550894
460,23163,17.822020947949405
460,23165,0.4870182042938959
460,23169,5.580612793565907
460,23170,27.425922453428417
460,23171,2.913306802505585
460,23177,2.526097744703197
460,23179,1.9472641311603613
460,23180,0.5004076659669742
460,23181,0.5420407047500176
460,23182,5.7021624594978695
460,23183,5.274601578702269
460,23184,11.854341924201304
460,23186,0.36862289998661496
460,23187,5.829238146548804
460,23191,0.1323731336742903
460,23192,2.0558228530008416
460,23193,13.84419366714663
460,23195,5.191160067920638
460,23199,5.345208719370015
460,23201,1.1734964512299244
460,23203,2.5692928768681256
460,23205,5.476569905874312
460,23206,0.47532733529849375
460,23207,5.8885270357185515
460,23213,3.1205700337885625
460,23214,1.306592440233823
460,23215,0.5856084963295467
460,23216,1.1530655622492787
460,23217,1.2133011035632202
460,23223,0.9941988810896497
460,23225,1.7796396464100317
460,23226,1.8436540849523622
460,23227,1.9646565802357374
460,23231,1.8907223269347138
460,23235,6.706248074771308
460,23236,8.482139334066211
460,23237,3.144997693601131
460,23239,10.42232796550745
460,23240,8.262250497921235
460,23241,27.302835881734886
460,23252,3.251240876587551
460,23259,1.4419561411654653
460,23261,0.5725179752332024
460,23267,1.5708676725632837
460,23268,2.566810827697323
460,23269,2.0129452273267936
460,23271,1.5270320512346562
460,23272,0.4436940746385914
460,23273,4.477339088920851
460,23276,1.1911874637007263
460,23289,0.3246235532256387
460,23291,0.6690438045185362
460,23292,2.7595805190528697
460,23293,2.4254186823917245
460,23294,0.887507088483187
460,23295,15.557901263251148
460,23296,10.774167403557936
460,23297,1.1989272292714295
460,23303,3.2756254076956464
460,23304,4.398207888011164
460,23305,7.073383480296769
460,23306,26.527285873914053
460,23307,7.417897805578303
460,23309,14.6525189280435
460,23312,13.019078671931728
460,23313,5.011830925946025
460,23315,4.031394012270296
460,23316,1.3105542305868862
460,23317,0.5797431757678894
460,23321,5.838242992755765
460,23323,1.1284908279786838
460,23325,5.951529443260963
460,23328,4.184070378541788
460,23329,0.9043558873244405
460,23330,2.310741674150531
460,23331,0.5086136749018885
460,23332,0.6192734465008646
460,23334,0.20627851132292924
460,23336,0.5324751092118282
460,23337,1.1608158890168496
460,23338,0.668685855344546
460,23339,0.887507088483187
460,23341,0.9332287777210468
460,23342,5.379987582569247
460,23345,6.266715824603797
460,23348,1.622381508350311
460,23351,1.3753699511289077
460,23355,3.62472184002214
460,23356,1.8493993766622674
460,23357,1.6325087472811288
460,23360,0.4418877046555113
460,23361,0.436353329568258
460,23363,0.4281224682931026
460,23364,0.49867609050170236
460,23365,1.632508747276489
460,23366,0.5677369795744814
460,23367,0.4207472736019742
460,23368,0.0
460,23369,2.509015258403914
460,23371,0.0
460,23372,0.7218997925526509
460,23373,19.787716716545937
460,23374,5.861802846181984
460,23375,14.153919070971964
460,23376,12.946469038736675
460,23377,8.736165314895912
460,23381,4.713974632323726
460,23383,0.6971465656530271
460,23384,2.0466629415769115
460,23385,1.1597865074883518
460,23391,0.9764928370713818
460,23393,4.234225340185383
460,23397,0.7028285739944783
460,23403,0.9664688631891838
460,23404,3.519746884706837
460,23427,0.3326696027879867
460,23431,1.5370931848886686
460,23433,1.359580568968554
460,23439,2.7236491441738555
460,23440,1.9668616913221015
460,23441,0.8730220701553417
460,23443,5.584014169868951
460,23447,2.749682329595636
460,23448,2.1608003228922468
460,23449,2.7800960652476463
460,23451,0.9801615681508158
460,23452,11.285343468167428
460,23461,1.6406871378421162
460,23463,2.096774149688005
460,23464,4.679428786043609
460,23465,1.1597865074850557
460,23466,1.1608158890168496
460,23468,0.9338971506799449
460,23470,0.2891853824260481
460,23471,3.4149325266414445
460,23472,1.304395124317402
460,23473,1.304395124317402
460,23475,1.4294078573577245
460,23477,2.5599976815270202
460,23481,5.469872429968015
460,23491,1.4969322681427855
460,23493,2.0743552409101844
460,23495,1.0736714210371008
460,23497,5.7497026026219515
460,23498,4.460740238432173
460,23499,0.4362690076223525
460,23500,0.5790144111966392
460,23501,0.9832792170354726
460,23502,1.3378031272415294
460,23503,0.8037939202047745
460,23505,0.2838684897868373
460,23506,1.13478731364115
460,23507,3.6487460508975786
460,23509,0.27071198215694287
460,23510,0.5283607682217992
460,23511,0.8485336694850019
460,23513,2.8803196549441785
460,23521,1.6607758775350836
460,23525,1.623642873019303
460,23527,0.0
460,23533,2.27295354008666
460,23534,2.2302591428180953
460,23535,4.913954101507365
460,23538,0.5811502039432306
460,23539,1.7434506118313435
460,23549,0.8759786188600456
460,23551,8.454605788000167
460,23557,1.3421722501515834
460,23558,3.2906617596681893
460,23559,1.2301894649874432
460,23560,0.7533584162599739
460,23561,0.4681645380324018
460,23562,0.0
460,23563,0.5981022259225921
460,23564,0.0
460,23565,0.7832401525214078
460,23566,12.450658679019808
460,23567,6.472736969596075
461,23686,12.306255251145421
461,23687,7.907494157559911
461,23688,22.355736047049827
461,23689,14.823979139341487
461,23690,19.52438816424411
461,23691,18.973098993318647
461,23692,29.712629020241106
461,23693,14.269259422989924
461,23694,18.381850272433788
462,23739,31.32461518052089
462,23740,34.89864528172424
462,23741,31.702624261408076
462,23742,29.746770858791706
462,23743,28.675319552366147
462,23744,24.33736145498582
462,23745,54.78324472909188
462,23746,27.194139361328975
462,23747,23.140742182752675
462,23748,21.506084650774486
462,23749,18.23947325345329
462,23750,17.559523880497693
462,23751,16.058099716916384
462,23752,15.226639062136785
462,23753,14.588474482311167
462,23754,16.142311692252537
462,23755,12.416481971716726
462,23756,13.220423161995514
462,23757,13.037169277679856
462,23758,11.561262309528896
462,23759,9.74923565984659
462,23760,9.000012204059203
462,23761,10.366352945546142
463,23758,30.32726258033613
463,23759,34.13175076249366
463,23760,28.656713068511323
463,23761,30.84434151643514
463,23762,26.030393242859674
463,23763,26.553617119813275
463,23764,23.730272948763496
463,23765,25.469760596702944
463,23766,20.05004614593422
463,23767,18.612626194970847
463,23768,17.806417196954644
463,23769,18.672637939470107
463,23770,60.55557310586715
463,23771,17.94423982497562
463,23772,8.88859793544624
463,23773,12.02306360007426
463,23774,12.815724760269191
463,23775,9.92458641529986
463,23776,11.3517361879452
464,23831,33.10398995879323
464,23832,32.17972487214154
464,23833,34.00328636162862
464,23834,29.613733291652913
464,23835,27.365926802183246
464,23836,24.77006614203434
464,23837,27.142994999910247
464,23838,23.12134712936597
464,23839,19.062951654213123
464,23840,20.336312949618137
464,23841,63.78151953226169
464,23842,28.791239261653384
464,23843,24.592361748171008
464,23844,9.107134938248334
464,23845,11.058812811980768
464,23846,9.283241406065166
464,23847,11.18448503316466
465,23835,33.444563448459526
465,23836,28.858699500504986
465,23837,25.20271718504337
465,23838,30.27104616167914
465,23839,25.964373350167048
465,23840,22.745301425413043
465,23841,27.263444960142138
465,23842,23.05745691063117
465,23843,25.817975699851683
465,23844,19.270082563179376
465,23845,17.169084101930977
465,23846,17.859231233562287
465,23847,21.097733080406304
465,23848,13.120815306913865
465,23849,16.700656413999706
465,23850,16.810774505153688
465,23851,14.963258206857939
465,23852,15.265410393446984
465,23853,14.742174446596202
465,23854,10.634589940319197
465,23855,9.517408311348643
466,23884,29.793103337315
466,23885,31.90096020701449
466,23886,26.579307317682396
466,23887,30.811052620438943
466,23888,23.506244123003405
466,23889,26.181752979779212
466,23890,22.256100028710264
466,23891,27.88267582657489
466,23892,20.62997862698524
466,23893,19.529972523413107
466,23894,18.856837302463518
466,23895,17.953091114775773
466,23896,17.237901538577145
466,23897,40.316865742243245
466,23898,4.00580741465456
466,23899,6.162186115968239
466,23900,11.268841177235362
466,23901,10.655529275546229
467,23906,27.51177996399521
467,23907,31.51030451062207
467,23908,29.394411742630414
467,23909,31.063888371019008
467,23910,28.955677449729553
467,23911,30.093580484332097
467,23912,26.106361448788547
467,23913,27.58269488814002
467,23914,23.160724639913642
467,23915,19.636363685093123
467,23916,22.822280824205176
467,23917,20.77782869340879
467,23918,16.67193129655477
467,23919,16.9930118322527
467,23920,15.583869069828857
467,23921,16.908457875219092
467,23922,14.112189263118227
467,23923,15.464238524451016
467,23924,12.990100532745052
467,23925,11.713100820790453
468,23980,37.71322935812337
468,23981,36.64169758561606
468,23982,48.74157428745888
468,23983,33.13713401549611
468,23984,28.524083197142797
468,23985,32.21064537766525
468,23986,26.909983456082788
468,23987,27.558273375059397
468,23988,23.165279030820933
468,23989,20.568404495734804
468,23990,19.331648647747826
468,23991,20.26917994024213
468,23992,21.272716373224533
468,23993,18.02730381485316
468,23994,17.372332513348166
468,23995,11.126081272969829
468,23996,11.953861266351485
469,23998,34.515974521668355
469,23999,35.32732129090157
469,24000,38.35573375228556
469,24001,31.008991599111148
469,24002,27.45214104647099
469,24003,30.12754797938226
469,24004,28.099304437662887
469,24005,25.049243867348896
469,24006,21.397085040827186
469,24007,21.284609287996577
469,24008,20.407223850449224
469,24009,19.335277676599922
469,24010,20.231253504771516
469,24011,15.419570356577637
469,24012,12.707048356544608
469,24013,14.492751806987592
470,24038,34.54838365319534
470,24039,35.689585804971735
470,24040,37.40128576748295
470,24041,33.929536342651716
470,24042,30.363032519844968
470,24043,28.122189044898043
470,24044,26.820896565938547
470,24045,23.64504039289718
470,24046,22.38751620049918
470,24047,20.317439585942626
470,24048,18.931426852958733
470,24049,20.383849739988985
470,24050,18.14582392575007
470,24051,17.76236325504011
470,24052,12.403109818673006
470,24053,13.136129379284409
471,24058,29.984613060893285
471,24059,43.595364689866614
471,24060,42.508673071899935
471,24061,35.674715638091754
471,24062,31.87931209805527
471,24063,27.089653909231032
471,24064,30.1085391640937
471,24065,24.559644162607412
471,24066,24.51145023109758
471,24067,23.693510592005342
471,24068,16.241918206183517
471,24069,20.914768874664254
471,24070,16.40851691366734
471,24071,19.78251188989631
471,24072,18.51307064296499
471,24073,11.594447940598544
471,24074,11.572908461071536
471,24075,13.860972225678653
472,24105,36.059658229281354
472,24106,31.580978035955546
472,24107,37.689266502891485
472,24108,32.89831817143757
472,24109,28.711218237903005
472,24110,28.39214533570011
472,24111,25.340539812992713
472,24112,22.56648659708168
472,24113,21.326061487217274
472,24114,19.799188524502643
472,24115,19.289940297566325
472,24116,18.335969746129503
472,24117,17.283951044098362
472,24118,16.727937161890125
472,24119,13.188868314039782
472,24120,12.150884270679082
473,24122,38.37791830304775
473,24123,38.48085343841238
473,24124,36.24436050646453
473,24125,33.42151790860355
473,24126,34.48478311303415
473,24127,26.24539107079202
473,24128,28.702602982547162
473,24129,24.30403500797575
473,24130,23.883215188933946
473,24131,23.1327331066342
473,24132,20.521834641713685
473,24133,20.47807037826395
473,24134,18.343828618543142
473,24135,17.775919139401392
473,24136,15.991255044906227
473,24137,12.577352821838375
473,24138,13.067012876284087
474,24154,28.631449341800028
474,24155,32.16681271785241
474,24156,32.47935444119546
474,24157,31.998960077791708
474,24158,25.229761898468848
474,24159,29.425651431110442
474,24160,24.203248322032053
474,24161,22.726692259267754
474,24162,19.771162122506006
474,24163,19.51803267003881
474,24164,18.901065588014628
474,24165,17.63388007875849
474,24166,18.035228401438903
474,24167,17.682330161349167
474,24168,14.938363283843735
474,24169,15.870696455254683
474,24170,12.442950010311
474,24171,10.962938591816695
475,24208,31.90961569541486
475,24209,35.78308492902195
475,24210,42.602880299130085
475,24211,39.02223050586788
475,24212,33.74154835942476
475,24213,32.95296549800055
475,24214,33.10665607455404
475,24215,27.544610202259236
475,24216,28.887914121177246
475,24217,45.70801198486671
475,24218,13.052083700870083
475,24219,16.725485622898052
475,24220,20.801783502120816
475,24221,20.056099891623834
475,24222,16.90737426282513
475,24223,15.634345561280165
476,24216,26.940828859830564
476,24217,35.900622010263675
476,24218,32.42837101214817
476,24219,29.631645083454377
476,24220,29.44831341507729
476,24221,27.36782848829702
476,24222,23.94271999599727
476,24223,21.88660830261314
476,24224,20.880462080199894
476,24225,20.621565878410024
476,24226,18.644547164457112
476,24227,19.530420452318594
476,24228,20.006162524241525
476,24229,16.308305561557344
476,24230,13.50474938747657
476,24231,13.26203361154809
476,24232,10.936282798657828
477,24256,36.8370133638717
477,24257,34.836772084267835
477,24258,36.39902740709899
477,24259,31.105658412007966
477,24260,32.435057759314475
477,24261,26.59980744118318
477,24262,25.699073374294766
477,24263,20.967784076948163
477,24264,20.058826357144483
477,24265,22.10538402195473
477,24266,19.599036723393148
477,24267,18.256803005950367
477,24268,17.36077085134012
477,24269,14.800920188440433
477,24270,17.261352092043364
477,24271,13.33302363750742
477,24272,14.35778573156709
477,24273,11.465567797432838
478,24332,28.795348405864203
478,24333,30.521277487219
478,24334,30.237934291390268
478,24335,29.209095239665846
478,24336,25.170908868264192
478,24337,24.10587608816432
478,24338,20.766436010618023
478,24339,21.58925592901286
478,24340,18.44500154253256
478,24341,16.4231671393067
478,24342,17.57522284986187
478,24343,15.334273427695202
478,24344,14.736740291132026
478,24345,15.328508019461268
478,24346,14.734518080921307
478,24347,12.832440286886442
478,24348,14.668887108577717
478,24349,10.181138366441123
478,24350,9.97365139425708
478,24351,11.204244866977392
479,24392,35.67427843812373
479,24393,32.57949739688299
479,24394,35.00406682494486
479,24395,32.310504019289795
479,24396,26.962436735577928
479,24397,27.85109817984253
479,24398,24.730575978778443
479,24399,22.344112694220275
479,24400,20.176603496093026
479,24401,21.11922830345167
479,24402,34.42373871796631
479,24403,6.815458238131046
479,24404,14.421709477914575
479,24405,16.363600641457403
479,24406,11.279793977747685
479,24407,12.788977772009085
480,24437,27.573460042501733
480,24438,32.812095880538266
480,24439,31.842831373243683
480,24440,31.75436943763318
480,24441,27.238476276422478
480,24442,26.404014229798488
480,24443,25.535906553219082
480,24444,24.538763165496256
480,24445,21.281894892473506
480,24446,18.885060846769075
480,24447,19.57887992264621
480,24448,62.819051742610846
480,24449,16.885848194328098
480,24450,8.977886661895333
480,24451,13.049813210976072
480,24452,13.624987453195942
480,24453,11.29836022854879
480,24454,11.595719307671603
481,24474,42.38049834958469
481,24475,41.532745957412345
481,24476,36.76037997010713
481,24477,37.211487293171494
481,24478,29.603522121933203
481,24479,30.07028013470524
481,24480,26.86147570604855
481,24481,26.730106472993366
481,24482,22.759506404420573
481,24483,21.15336611862863
481,24484,22.255784869214274
481,24485,19.36310961844298
481,24486,18.654842823707767
481,24487,16.367362439647305
481,24488,13.903544247163067
481,24489,14.80766326190388
482,24488,25.436501204990634
482,24489,34.853959679635274
482,24490,30.89598208659877
482,24491,28.268785178687057
482,24492,23.02273839714237
482,24493,27.730610668605614
482,24494,22.071910053511665
482,24495,25.363585352920715
482,24496,20.70648863907627
482,24497,18.55062693359155
482,24498,19.24516081811748
482,24499,21.317554861265947
482,24500,13.342157900345539
482,24501,17.202641218916327
482,24502,14.05130580064919
482,24503,16.28547325731805
482,24504,12.219167947780278
482,24505,7.9407066106642805
483,24519,32.80492097142343
483,24520,29.521218538311153
483,24521,33.81482630961558
483,24522,29.159152507808503
483,24523,28.137641251112782
483,24524,25.083522498559155
483,24525,26.36673688890948
483,24526,20.63091203572242
483,24527,19.35177594419554
483,24528,19.199697375315008
483,24529,18.158226460234946
483,24530,17.82304421063793
483,24531,38.9348977804538
483,24532,3.707522638145481
483,24533,11.499477624870963
483,24534,11.016895920048242
483,24535,10.256069898614676
483,24536,12.735057324146455
484,24568,44.288227558050394
484,24569,36.07332140210571
484,24570,30.634911954430788
484,24571,32.04187005752093
484,24572,26.94101929667062
484,24573,31.25587016346913
484,24574,24.596382379484325
484,24575,26.480242610001806
484,24576,23.38260769846182
484,24577,19.15581777688139
484,24578,22.842590510865957
484,24579,72.40908086306482
484,24580,35.39434432976558
484,24581,41.14144116643833
484,24582,5.625089183454861
484,24583,10.443381965140187
484,24584,14.669736027730934
484,24585,16.302923709168955
484,24586,12.569652199720887
484,24587,11.413630843172918
485,24612,32.0197927952104
485,24613,34.303940534622875
485,24614,36.087810695204176
485,24615,35.87561577551584
485,24616,32.17102646830624
485,24617,27.599850296999286
485,24618,23.812825977756255
485,24619,26.320466101193524
485,24620,24.742833673976513
485,24621,18.519880771601173
485,24622,21.919122040291697
485,24623,69.06466126448237
485,24624,26.364840567061016
485,24625,11.204602271328627
485,24626,12.353059798490316
485,24627,16.243334412543376
485,24628,14.976101964725764
485,24629,12.622906118642844
485,24630,11.515141725517905
486,24666,36.060991287264244
486,24667,36.42398536208604
486,24668,34.05737847083185
486,24669,34.46613639596259
486,24670,33.845591247112544
486,24671,25.888206660697495
486,24672,27.774614989782798
486,24673,23.052728176137908
486,24674,22.463721781925656
486,24675,22.67340213062441
486,24676,19.331509172933995
486,24677,18.210485279524896
486,24678,16.709867119804322
486,24679,17.82532811166477
486,24680,17.237501889433926
486,24681,15.291201174273091
486,24682,11.989927589904246
486,24683,12.871184796070018
487,24711,31.64711594575488
487,24712,30.8378398418707
487,24713,33.74399721625536
487,24714,30.382159352330184
487,24715,27.639960050529467
487,24716,24.941708743594923
487,24717,26.552809774899792
487,24718,22.106113582806778
487,24719,20.318437367696166
487,24720,19.35568660499426
487,24721,17.36845806237679
487,24722,17.100014537588414
487,24723,40.775451064146885
487,24724,2.313886396582423
487,24725,10.904371887455367
487,24726,12.089385241281061
487,24727,11.440261155344787
487,24728,10.197739228615498
488,24722,30.542692244080666
488,24723,35.30908495190971
488,24724,34.41394060843492
488,24725,29.191958606269687
488,24726,31.639450192480254
488,24727,28.691788315717556
488,24728,25.961240530037653
488,24729,27.06697583201009
488,24730,20.262634009083687
488,24731,21.54349207880072
488,24732,21.92953303458301
488,24733,18.658226430380047
488,24734,16.36141732336579
488,24735,17.071895599380763
488,24736,15.900754630534912
488,24737,16.082564145341244
488,24738,15.103218555464176
488,24739,12.34739899636438
488,24740,10.943507328608344
489,24764,29.332586824920632
489,24765,31.156738400399075
489,24766,28.82835030558347
489,24767,30.203510820893104
489,24768,25.870353877494406
489,24769,25.626830756687582
489,24770,21.713424772043904
489,24772,20.46316802500632
489,24773,19.665276557224995
489,24774,17.120316177573496
489,24775,83.54536056526153
489,24776,40.650918781794324
489,24777,7.840617299064743
489,24778,27.810006737734337
489,24779,6.752980872994843
489,24780,5.420398414124504
489,24781,10.823418125520059
489,24782,8.912675455220699
489,24783,9.648677632193992
489,24784,9.231739640244298
490,24771,30.3690728544602
490,24772,33.43472242358388
490,24773,36.40339136126968
490,24774,35.075507461956896
490,24775,31.445043683080662
490,24776,32.25601762536122
490,24777,27.064387500233796
490,24778,29.501319229629647
490,24779,22.371605336686454
490,24780,23.514596521808954
490,24781,21.58968776466426
490,24782,19.571931660193123
490,24783,17.962116748059845
490,24784,18.13363328577737
490,24785,17.055479139105095
490,24786,15.623616725176179
490,24787,15.17558187247703
490,24788,12.664146423351362
491,24789,28.359470665480657
491,24790,36.79657369844954
491,24791,36.114799082312054
491,24792,28.81386101248501
491,24793,31.555274426876117
491,24794,25.46243280174664
491,24795,26.648226678395666
491,24796,21.677577048498218
491,24797,22.10754588248356
491,24798,21.233505159635783
491,24799,19.44515973325786
491,24800,18.787153512256545
491,24801,17.582437992111938
491,24802,18.67836982008185
491,24803,14.26071658731804
491,24804,10.966909602294406
492,24795,28.67373436691985
492,24796,29.435994028988215
492,24797,30.02503395083297
492,24798,29.10171568396354
492,24799,24.1427913307677
492,24800,24.341567158721176
492,24801,22.46712684633391
492,24802,21.398915648419035
492,24803,19.634204506891944
492,24804,18.50335568191304
492,24805,15.953993797271414
492,24806,29.801815152195378
492,24807,51.75459623341499
492,24808,22.4175891279741
492,24809,7.438568249351592
492,24810,10.236821025619282
492,24811,12.282465398287878
492,24812,15.304645746960254
492,24813,8.02979148925081
492,24814,9.89983700216717
493,24826,32.04187273982101
493,24827,34.96457666151919
493,24828,32.64495134356607
493,24829,30.290317833451166
493,24830,27.106044888444014
493,24831,26.109234094643497
493,24832,25.208097696327247
493,24833,19.82438921924574
493,24834,21.6144914925295
493,24835,18.938023746030865
493,24836,18.055646717513476
493,24837,16.81401059033016
493,24838,18.75867918135442
493,24839,17.332340776936082
493,24840,15.778113305538202
493,24841,17.398886382595627
493,24842,11.959424167882354
493,24843,9.096819832903448
496,24914,27.299121022249256
496,24915,34.97687190764343
496,24916,30.634187757996767
496,24917,29.168304204967324
496,24918,24.175535738421445
496,24919,27.45601683857554
496,24920,22.779703438302732
496,24921,23.836228251411146
496,24922,20.918089449424695
496,24923,16.936425268665456
496,24924,17.718016952241985
496,24925,18.100867420451415
496,24926,14.792223125709638
496,24927,16.923460811343865
496,24928,18.540540486591038
496,24929,13.631785511982919
496,24930,13.822569698068607
496,24931,11.640111207972623
496,24932,8.910518959172723
497,24990,35.30176252119871
497,24991,41.421308219470504
497,24992,40.09834349159073
497,24993,36.8902337550404
497,24994,38.062581718002605
497,24995,36.02949947122036
497,24996,29.387569427433437
497,24997,29.786000847843557
497,24998,26.27501606943613
497,24999,22.833508551076626
497,25000,21.13706633450523
497,25001,22.036307752152457
497,25002,23.414265811398074
497,25003,17.159055322424283
497,25004,16.709661930814683
