gt_id,frame_idx,speed_kmh
1,6,75.527395606041
1,7,82.06929802894585
1,8,78.70532512664799
1,9,71.14879667758946
1,10,66.07404112815851
1,11,60.32820224761966
1,12,53.82589995861056
1,13,54.82031285762782
1,14,53.461055159568744
1,15,40.5867415666581
1,16,45.35490989685055
1,17,43.91395747661587
1,18,43.88182461261758
1,19,35.37657469511029
1,20,32.569964826107
1,21,35.05816698074347
1,22,33.035644590854616
1,23,33.23061972856519
1,24,23.38132023811345
1,25,29.682110846042608
1,26,24.756065011024454
1,27,28.99230837821958
2,85,64.85804021358484
2,86,76.57788276672358
2,87,74.29783344268793
2,88,74.10930633544916
2,89,67.22442984580988
2,90,65.01795887947077
2,91,57.715086936950634
2,92,55.566219091415356
2,93,59.418413043022106
2,94,47.91082441806842
2,95,43.14109236001965
2,96,49.375600218772846
2,97,46.47734999656674
2,98,33.86715888977048
2,99,36.953820884227724
2,100,32.29894638061521
2,101,34.82746481895444
2,102,36.13717943429944
2,103,27.126070261001562
2,104,34.047169983386965
2,105,23.353843688964826
2,106,24.688481390476205
3,91,70.24040222167963
3,92,71.79947376251215
3,93,77.26445853710169
3,94,70.67581057548595
3,95,63.00282061100001
3,96,60.069149136543224
3,97,48.23310256004329
3,98,57.70043134689326
3,99,44.92889195680615
3,100,45.406140089035
3,101,42.930037379264796
3,102,36.32834315299985
3,103,39.212608337402315
3,104,35.69107443094251
3,105,34.98018980026242
3,106,34.543654918670626
3,107,35.630351901054354
3,108,31.884129345416998
3,109,19.052142351865754
3,110,26.321799159049966
4,125,77.45376348495478
4,126,81.01935267448418
4,127,80.31701624393456
4,128,83.64328265190117
4,129,69.69541490077967
4,130,61.62549018859858
4,131,65.25208353996271
4,132,53.52810502052303
4,133,48.39647054672237
4,134,46.840521097183185
4,135,45.627679824829066
4,136,41.575532555580104
4,137,37.894238233566256
4,138,42.6752194762239
4,139,38.89657169580457
4,140,27.199149727821325
4,141,29.03213649988172
5,130,80.5009460449218
5,131,88.55655848979943
5,132,87.10753798484795
5,133,79.73113059997551
5,134,74.54090595245356
5,135,62.96419680118556
5,136,65.15851199626917
5,137,61.117109656333874
5,138,47.77138173580271
5,139,49.31328177452083
5,140,49.18280303478237
5,141,43.55311185121533
5,142,44.269519150257075
5,143,42.72787392139431
5,144,34.77920919656751
5,145,32.651182115077944
5,146,36.9621732831001
5,147,24.003410339355447
6,146,57.26228713989253
6,147,78.46261203289026
6,148,73.83795797824854
6,149,67.03498542308802
6,150,61.55694365501399
6,151,63.10404181480403
6,152,56.876842975616405
6,153,52.48656570911403
6,154,45.35735607147213
6,155,43.16212356090542
6,156,45.07628738880154
6,157,42.91978061199185
6,158,37.9328244924545
6,159,39.626972079277
6,160,36.72874599695203
6,161,35.67446619272229
6,162,31.31078034639356
6,163,28.145138025284414
6,164,24.72966670989988
7,170,72.25454807281488
7,171,65.62569379806513
7,172,87.7943551540374
7,173,63.54836583137507
7,174,89.23697590827935
7,175,62.72666037082667
7,176,56.433913707733105
7,177,50.83719491958614
7,178,52.277535796165424
7,179,48.18338513374324
7,180,42.03834772109982
7,181,43.17295432090756
7,182,38.19646954536435
7,183,37.499025464057894
7,184,36.14059925079343
7,185,38.17011952400205
7,186,33.1329873204231
7,187,33.58198106288907
7,188,27.9859784245497
7,189,22.32217624783514
8,180,68.04975092411036
8,181,66.4299970865249
8,182,66.51876211166376
8,183,69.79823470115656
8,184,61.089622378349254
8,185,51.20068788528438
8,186,55.824666023254345
8,187,50.85622251033779
8,188,46.042805314065006
8,189,39.304994344711275
8,190,42.05080389976498
8,191,34.30446892976758
8,192,146.87128543853748
8,193,42.503308653831446
8,194,18.381482809782014
8,195,26.60963237285612
8,196,28.68164956569669
8,197,26.72608584165571
8,198,24.782940745353677
8,199,23.975209593772867
9,196,67.62400925159449
9,197,81.13875925540917
9,198,78.18289518356318
9,199,81.59798026084893
9,200,77.96344757080072
9,201,74.93859708309334
9,202,58.0597078800188
9,203,64.26613032817977
9,204,53.82536351680632
9,205,49.65681374073135
9,206,47.39262163638959
9,207,45.90037465095618
9,208,40.9981575608244
9,209,41.61218225956052
9,210,42.75640994310281
9,211,36.77987426519473
9,212,42.58222460746667
9,213,26.406396031380265
9,214,29.3638935685151
10,240,74.55337822437446
10,241,82.93221831321524
10,242,76.14505469799204
10,243,77.02912688255132
10,244,73.40982913971104
10,245,59.67305123805862
10,246,62.70135641098157
10,247,62.63129711150979
10,248,46.938974261284876
10,249,50.87788939475896
10,250,51.21852993965258
10,251,43.672993183136924
10,252,39.69141483306793
10,253,38.54875892400823
10,254,40.483165383338
10,255,39.67410385608758
10,256,34.60367470979611
10,257,31.060487329960534
10,258,24.400015175342
10,259,26.95732712745724
11,272,77.64492452144444
11,273,76.03880703449411
11,274,77.64891028404057
11,275,82.75047719478783
11,276,69.14058923721461
11,277,59.329401254652566
11,278,60.71434378624092
11,279,55.41432023048273
11,280,53.44146966934318
11,281,50.21430015563849
11,282,45.423735380173696
11,283,43.63080739974875
11,284,93.30785036087237
11,285,14.323438704013494
11,286,18.223424255848318
11,287,25.744697749614122
11,288,29.001248180866863
11,289,28.051563799380606
12,315,70.89195370674284
12,316,87.7310925722102
12,317,83.6232680082339
12,318,88.72666954993997
12,319,83.22815179825007
12,320,69.11852538585504
12,321,68.72837126255183
12,322,60.9282499551759
12,323,51.793654561043894
12,324,55.208348035811106
12,325,48.559125065804565
12,326,42.061546146870555
12,327,44.42870825528996
12,328,43.7733426690111
12,329,40.63512593507673
12,330,37.46925562620243
12,331,29.614650607108388
12,332,27.771597504616377
13,317,70.88442742824705
13,318,90.18145680427342
13,319,93.58324885368548
13,320,81.51826500892452
13,321,82.74793446064172
13,322,75.59635519981211
13,323,61.78569853305949
13,324,62.15449690818644
13,325,58.76253247261173
13,326,52.0817667245876
13,327,47.5365811586369
13,328,48.34655463695629
13,329,44.880620241164124
13,330,38.25237751007162
13,331,26.854426860808708
14,334,74.65816140175025
14,335,72.69532620906662
14,336,73.51890385151067
14,337,74.67577815055675
14,338,65.44279396534105
14,339,58.05565237998828
14,340,54.44512546062585
14,341,58.389914631842224
14,342,48.525640368462646
14,343,38.36548894643695
14,344,45.283402204514516
14,345,43.52476894855399
14,346,39.582227468491446
14,347,41.25495761632824
14,348,35.97597599029618
14,349,36.748460233210665
14,350,28.853058815003056
14,351,28.466791212559354
15,383,78.78781914710817
15,384,88.16559970379063
15,385,72.29382097720932
15,386,77.43495047092603
15,387,69.22191917896112
15,388,61.52652740478648
15,389,65.98427295684662
15,390,57.29893147945526
15,391,51.61768555641056
15,392,44.55429196357822
15,393,166.2755441665611
15,394,81.95247173309501
15,395,80.68917274474911
15,396,14.155030846596066
15,397,26.952306032180164
15,398,34.42435026168897
15,399,23.569702506064825
15,400,25.559681653976984
16,424,75.07389843464058
16,425,73.00964355468906
16,426,76.28215312957926
16,427,70.09613692760617
16,428,62.397580146785344
16,429,55.36104083061337
16,430,63.76824259758131
16,431,55.790805816651584
16,432,53.62354338168736
16,433,41.71040207147687
16,434,43.00814867019745
16,435,43.60165983438585
16,436,40.77404022216522
16,437,37.965391874314165
16,438,33.68722558021617
16,439,33.9947569370277
16,440,27.259756922720026
16,441,27.099470794201476
17,464,87.31447577476689
17,465,92.99334526061384
17,466,90.31482696533396
17,467,79.21537399292161
17,468,90.18848419189645
17,469,69.38439130782614
17,470,70.24337947368771
17,471,52.9143834114086
17,472,55.11295795440792
17,473,54.259226918216854
17,474,42.97585219144913
17,475,44.117566645146354
17,476,43.09707731008622
17,477,41.334471702576565
17,478,40.28030991553989
17,479,34.298873841763275
17,480,29.68738138675753
17,481,30.796587467194264
18,479,64.09630894661086
18,480,70.14445424080044
18,481,90.55928349495127
18,482,109.96681451796744
18,483,72.51985609531557
18,484,72.36944854259646
18,485,61.57522022724284
18,486,54.717879295345426
18,487,52.97123551368826
18,488,43.88759136200045
18,489,44.28883105516528
18,490,45.44201195239714
18,491,43.81721824407671
18,492,41.489760875702785
18,493,37.761098742485856
18,494,36.83138340711345
18,495,29.012376666069652
18,496,26.93888962268887
19,486,70.19626379012588
19,487,76.04344725608988
19,488,69.6742147207275
19,489,74.99601781368416
19,490,68.42495441436306
19,491,60.31870186329017
19,492,55.21081566810726
19,493,49.1858178377162
19,494,50.00960469245573
19,495,45.824827551842716
19,496,40.217310190201665
19,497,38.057262897492265
19,498,76.7255759239145
19,499,15.332760661840766
19,500,29.824774861336387
19,501,30.5021613836295
19,502,28.62090826034607
19,503,28.052612543104186
19,504,24.536772966385413
19,505,21.86940461397218
20,509,68.99572312832026
20,510,91.39353632927136
20,511,93.06891918181745
20,512,89.35735881328773
20,513,85.56599199772064
20,514,74.16926980018775
20,515,70.65785586833476
20,516,63.66400122642653
20,517,55.04684686660884
20,518,55.62345206737637
20,519,54.09369170665376
20,520,45.43015122413732
20,521,45.16097545623876
20,522,46.16353690624336
20,523,41.66148662566857
20,524,37.764749228955125
20,525,30.10515421629016
20,526,27.241633236408816
22,597,84.12171363830745
22,598,95.61380982398342
22,599,95.31350970268453
22,600,79.54166471958331
22,601,83.63347649574457
22,602,70.54682314396055
22,603,74.42155301570389
22,604,55.8847689628613
22,605,60.90921700000894
22,606,62.265765666963
22,607,47.787469625469804
22,608,48.308531641961174
22,609,46.54817640781502
22,610,43.879574239254936
22,611,37.37475872039543
22,612,32.19918966293403
24,664,67.3328930139556
24,665,75.63908815383401
24,666,83.89467000961483
24,667,64.335873126985
24,668,61.07247769832742
24,669,61.62033498286785
24,670,57.7183270454419
24,671,54.899872541428785
24,672,46.603521108628314
24,673,46.21349036693261
24,674,42.982560396195375
24,675,43.31334382295701
24,676,42.333283424378344
24,677,41.52852684259503
24,678,35.81728041171786
24,679,33.121094405651796
24,680,28.048932552338243
24,681,27.74780631065428
25,666,78.28844547271895
25,667,81.07372641563589
25,668,75.05222082138222
25,669,74.22106862067675
25,670,65.75019657611988
25,671,64.7097998857512
25,672,62.82482922077313
25,673,54.98214662074672
25,674,52.751691341401276
25,675,48.3093470335017
25,676,41.180239319802205
25,677,40.361208021641644
25,678,49.30307328700687
25,679,39.502986967564475
25,680,33.99495810270382
25,681,37.442318201065866
25,682,20.85577502846577
25,683,30.088513791561766
26,706,70.11234283447415
26,707,89.0752065181672
26,708,86.61601781845278
26,709,82.70060420036492
26,710,77.56012380123303
26,711,74.98842179774732
26,712,71.67752444744262
26,713,71.29830300808105
26,714,52.23762989044301
26,715,56.12919867038348
26,716,54.50028240680811
26,717,39.6010404825219
26,718,40.71306556463329
26,719,51.52672648429523
26,720,41.52589827776043
26,721,40.00834196806039
26,722,28.975533843041088
26,723,28.214419484136585
27,715,60.374497175212596
27,716,78.5789233446138
27,717,79.62931394577197
27,718,69.98632729053647
27,719,65.9801316261247
27,720,65.14837861061235
27,721,55.32885968685268
27,722,52.594009637833764
27,723,47.336509823795936
27,724,42.33973413705916
27,725,48.96543145179853
27,726,41.61996066570371
27,727,44.122550189496025
27,728,41.40553683042247
27,729,39.9262878298768
27,730,33.60563278198314
27,731,28.04291099309981
27,732,30.681842565534428
28,745,82.3086422681826
28,746,83.33842277527033
28,747,91.18642687797741
28,748,77.6656740903802
28,749,67.40198671817923
28,750,66.01395964622638
28,751,66.14501237869403
28,752,59.08233225345737
28,753,49.49787139892244
28,754,48.152212500573235
28,755,49.084553718567946
28,756,43.072618246079415
28,757,44.67622786760028
28,758,43.643486201764084
28,759,31.03214979171819
28,760,30.422392487526587
29,793,57.4465870857251
29,794,85.58298647403139
29,795,80.51467359066181
29,796,73.4078764915482
29,797,70.11986374855191
29,798,64.8030495643572
29,799,63.02896142006055
29,800,56.00122511386991
29,801,51.36488735675921
29,802,46.70466184616189
29,803,43.997545838356956
29,804,44.51209813356494
29,805,43.96477997302322
29,806,42.69516438245864
29,807,40.81858903169719
29,808,32.1330678462989
29,809,23.267189562321207
29,810,31.431375145912842
30,812,83.05451631546197
30,813,93.38964700697393
30,814,83.08925628662286
30,815,84.38129246235074
30,816,76.76488637924358
30,817,67.94683992862846
30,818,62.23277449607982
30,819,67.29574441909934
30,820,53.09220314025992
30,821,49.262904524795466
30,822,51.012091040612354
30,823,50.00463187694656
30,824,42.33155876398177
30,825,44.33415502309894
30,826,40.640565454960736
30,827,38.86312723159873
30,828,35.45424878597335
30,829,25.149295628071368
31,831,78.07658314705061
31,832,86.00673794746582
31,833,87.0180648565311
31,834,81.65149033069785
31,835,69.2435699701324
31,836,67.22491264343405
31,837,71.60934269428405
31,838,56.01291418074686
31,839,49.5664662122737
31,840,48.81811380386457
31,841,49.7891807556163
31,842,47.74951100349528
31,843,79.26373958587816
31,844,13.061813414097111
31,845,29.770784676075614
31,846,24.46438819169616
31,847,30.791220366955464
32,1277,3.0416444689036064
32,1278,2.89467114955193
32,1279,1.2798611260950838
32,1280,1.2797527480868485
32,1281,3.442723564803674
32,1282,3.0843891575933164
32,1283,1.6558796726167555
32,1284,2.1775701642036904
32,1285,5.30073802918207
32,1286,1.693161875009573
32,1287,5.306172519922369
32,1288,1.3904697261748524
32,1289,1.2461182661354808
32,1290,0.72770275175573
32,1291,3.8250791653991563
32,1292,0.8526313304901305
32,1293,0.0
32,1294,1.3050356693566123
32,1295,2.8260076045990594
32,1296,0.0
32,1297,2.745955735445081
32,1298,0.9756477456540077
32,1299,2.250821292400408
32,1300,1.1251976620406152
32,1301,4.368986897170637
32,1302,1.110205957666063
32,1303,0.918727749958654
32,1306,0.5699457786977076
32,1308,1.9905766099691815
32,1309,1.5829321369529108
32,1310,0.0
32,1311,0.9696841053664891
32,1312,1.1935982666909948
32,1314,0.6200292007997213
32,1315,1.9560996629298149
32,1316,1.9429479539394794
32,1317,1.1507421825081356
32,1318,1.1507421825081356
32,1319,0.952241532504579
32,1320,0.0
32,1321,0.0
32,1322,0.0
32,1323,1.90415382385258
32,1324,0.0
32,1326,1.693193055689371
32,1327,1.5829321369529108
32,1328,0.0
32,1329,3.0323553085327797
32,1330,0.0
32,1331,0.0
32,1332,2.5055843777955116
32,1333,1.8858787603676723
32,1337,0.0
32,1338,0.0
32,1340,0.8549186680466119
32,1341,2.8945061936975143
32,1342,0.0
32,1344,1.36341587640348
32,1345,1.110205957666063
32,1346,2.894506193697
32,1347,1.9429479539394794
32,1350,0.0
32,1351,3.0323553085327797
32,1352,0.0
32,1353,1.631465535610949
32,1354,1.1252375598997117
32,1355,1.1255836486814648
32,1356,1.1255836486816646
32,1357,1.610327381640707
32,1358,0.0
32,1359,0.0
32,1360,1.099262544885301
32,1361,1.099262544885301
32,1362,0.0
32,1363,1.0995267424730728
32,1364,4.315528124570939
32,1365,0.9188780374825197
32,1366,1.9560996629298149
32,1367,0.9917340427637312
32,1368,0.0
32,1369,0.9917340427637312
32,1370,2.1981831081212033
32,1371,0.0
32,1372,1.099262544885301
32,1373,1.098920647054934
32,1374,0.0
32,1375,3.2977099344135037
32,1376,1.099783228710317
32,1377,2.199309971183585
32,1378,0.0
32,1379,2.4435192346573396
32,1380,3.3751979470247715
32,1381,5.524448342621444
32,1382,4.127148874104111
32,1383,2.1981831081212033
32,1384,0.9917340427637312
32,1386,0.0
32,1387,1.90415382385258
32,1389,0.4759561456739581
32,1390,3.4387277439237374
32,1391,2.083381544798657
32,1392,0.9696841053664891
32,1393,0.9696841053664891
32,1394,3.2052608951926915
32,1395,1.0897139646113152
32,1396,1.0995267424730728
32,1397,3.2977099344135037
32,1398,1.098920647054934
32,1399,1.1479990370571858
32,1400,1.654680892825162
32,1401,2.1981831081212033
32,1402,4.127148874104111
32,1403,0.0
32,1404,0.0
32,1406,0.9714739769696534
32,1407,1.098920647054934
32,1408,1.098920647054934
32,1409,1.098920647054934
32,1410,2.086057383567139
32,1411,1.90415382385258
32,1412,1.110205957666063
32,1414,0.5551029788329823
32,1415,1.7098373360932237
32,1416,0.9188780374825197
32,1417,0.0
32,1418,0.0
32,1420,0.5967991333454974
32,1421,0.9917340427635549
32,1422,0.0
32,1423,0.0
32,1424,1.654680892825162
32,1425,0.0
32,1426,3.8979296386242743
32,1427,1.174356769770409
32,1428,0.952241532504579
32,1429,0.0
32,1430,0.9917340427635549
32,1431,1.380245648324519
32,1432,0.9696841053664891
32,1433,2.5055843777955116
32,1434,2.5055843777955116
32,1435,1.2072041910141964
32,1436,3.2977099344135037
32,1437,3.2977099344135037
32,1438,1.6546808928248682
32,1439,1.1247628089040758
32,1440,1.1247628089040758
32,1441,1.1247628089040758
32,1442,0.9696841053664891
32,1443,0.9188780374825197
32,1444,1.1507421825081356
32,1445,0.952241532504579
32,1446,2.086057383566769
32,1447,1.098920647054934
32,1448,0.0
32,1449,0.0
32,1450,1.9429479539394794
32,1451,0.0
32,1452,1.9429479539394794
32,1453,1.9429479539394794
32,1454,0.9519122913480009
32,1455,1.9041538238522413
32,1456,0.0
32,1458,0.95207691192629
32,1459,0.0
32,1460,2.510660625994259
32,1461,0.9188780374825197
32,1462,0.9188780374825197
32,1463,0.0
32,1464,0.9696841053664891
32,1465,0.0
32,1466,1.8858787603676723
32,1467,1.8858787603676723
32,1468,2.249960470944691
32,1469,1.1251976620406152
32,1470,1.1251976620406152
32,1471,0.0
32,1472,3.518313914537505
32,1473,2.524384316057021
32,1474,1.5211321972310867
32,1475,2.1981831081212033
32,1476,0.0
32,1477,0.0
32,1478,0.9917340427637312
32,1479,0.952241532504579
32,1480,0.0
32,1481,1.9429479539394794
32,1482,0.9917340427637312
32,1483,2.086057383567139
32,1484,1.1479990370571858
32,1485,0.0
32,1486,0.0
32,1487,0.0
32,1488,1.1251976620404154
32,1489,2.250821292400408
32,1490,6.342499628663198
32,1491,0.0
32,1492,2.9889377206564585
32,1493,1.631465535610949
32,1494,3.2052608951926915
32,1495,0.9188780374825197
32,1496,2.9872053489084345
32,1497,2.083381544798657
32,1498,2.083381544798657
32,1499,2.9872053489089647
32,1500,4.101722538471309
32,1501,1.631465535610949
32,1502,1.098920647054934
32,1503,0.9917340427637312
32,1504,0.0
32,1505,0.9522415325044097
32,1506,0.952241532504579
32,1507,3.1838897243142807
32,1508,3.1838897243142807
32,1509,0.0
32,1510,0.952241532504579
32,1511,0.9519122913480009
32,1512,3.981153219938363
32,1513,1.0989206470547388
32,1514,2.1981831081212033
32,1515,1.099262544885301
32,1516,0.0
32,1517,2.086057383567139
32,1518,1.7029177397489912
32,1519,1.8858787603676723
32,1520,0.9188780374825197
32,1521,0.9696841053663168
32,1522,0.0
32,1523,3.386386111378742
32,1524,0.9519122913480009
32,1525,0.0
32,1526,3.0323553085327797
32,1527,0.0
32,1528,1.5829321369529108
32,1529,1.8858787603676723
32,1530,0.9188780374823564
32,1531,2.083381544798657
32,1532,1.1479990370571858
32,1533,1.5829321369529108
32,1534,0.0
32,1535,0.9696841053664891
32,1536,1.8376058712602055
32,1542,0.15312129165977115
32,1543,1.8858787603676723
32,1544,0.0
32,1545,0.9696841053664891
32,1546,2.510660625993813
32,1547,2.510660625994259
32,1548,2.083381544798657
32,1549,2.250435221940327
32,1550,4.328898601234052
32,1551,2.083381544798657
32,1552,1.1247628089040758
32,1553,0.0
32,1554,0.0
32,1555,2.803681399672785
32,1556,1.8376058712602055
32,1557,0.0
32,1558,2.083381544798657
32,1559,2.250435221940327
32,1560,9.994172975421165
32,1561,6.09480232000364
32,1562,6.145306304097307
32,1563,3.8979296386235824
32,1564,0.0
32,1566,0.9188029356301027
32,1567,0.9696841053664891
32,1568,0.0
32,1569,0.0
32,1570,1.1247628089040758
32,1571,1.147999037056982
32,1572,0.0
32,1573,1.098920647054934
32,1574,0.0
32,1575,2.1981831081212033
32,1576,2.1981831081212033
32,1577,0.9917340427637312
32,1578,1.2400584015995528
32,1579,0.0
32,1580,1.2400584015993326
32,1581,0.9917340427637312
32,1582,0.9917340427637312
32,1583,1.90415382385258
32,1584,1.90415382385258
32,1585,0.9917340427637312
32,1586,2.8945061936975143
32,1587,0.0
32,1588,3.9811532199376556
32,1589,2.086057383567139
32,1590,0.0
32,1591,1.7029177397489912
32,1592,1.1247628089040758
32,1593,2.083381544798657
32,1594,0.9696841053664891
32,1595,0.9696841053664891
32,1596,3.205260895192122
32,1597,0.0
32,1598,2.343582641333392
32,1599,2.199309971183585
32,1600,2.1981831081212033
32,1601,1.0989206470547388
32,1602,0.0
32,1603,1.0992625448851059
32,1604,1.610327381640993
32,1605,1.032124590128499
32,1606,6.168453767896926
32,1608,0.95207691192629
32,1609,0.0
32,1610,1.7029177397486885
32,1611,3.3751979470259705
32,1612,0.0
32,1613,1.1252375598999116
32,1614,2.2499604709442913
32,1615,0.9696841053666613
32,1616,0.9696841053663168
32,1617,0.0
32,1618,0.0
32,1619,1.2072041910139821
32,1620,11.2328747659944
32,1621,9.139244332908156
32,1622,3.2052608951932613
32,1626,0.45940146781501057
32,1631,0.0
32,1632,0.9187277499584907
32,1633,0.9187277499588172
32,1634,2.726831752806476
32,1635,0.0
32,1636,0.9917340427639073
32,1637,0.0
32,1638,1.904153823852918
32,1639,1.7098373360929202
32,1640,1.2400584015997733
32,1643,0.6347179412841556
32,1644,0.9519122913478316
32,1648,0.23797807283700023
32,1649,0.95191229134817
32,1650,1.1507421825079311
32,1652,0.8549186680466119
32,1654,4.286535792052837
32,1655,4.622497223316901
32,1656,0.0
32,1657,0.0
32,1663,0.6345416419208185
32,1667,0.2296819374896431
32,1668,0.9187277499588172
32,1670,0.5871783848852045
32,1671,1.942947953939134
32,1672,1.9429479539398244
32,1673,1.1507421825079311
32,1674,0.9188780374826829
32,1675,0.0
32,1676,1.8376058712598788
32,1677,1.8273304961625398
32,1678,0.0
32,1679,0.9522415325047481
32,1680,5.524448342620463
32,1681,4.5734879001984154
32,1682,5.382093787192457
32,1683,3.400115333498201
32,1684,3.4387277439231267
32,1685,0.9519122913478316
32,1686,1.1102059576662604
32,1687,0.9187277499584907
32,1688,1.7098373360935275
32,1689,0.0
32,1690,6.168453767896926
32,1691,5.2240872010580475
32,1694,0.5732855200767301
32,1695,0.0
32,1696,0.9188780374823564
32,1698,0.9429393801838362
32,1699,0.0
32,1700,0.9696841053663168
32,1701,0.9188780374823564
32,1702,0.9188780374826829
32,1703,0.0
32,1704,1.1935982666912068
32,1706,0.95207691192629
32,1707,2.510660625993813
32,1708,0.0
32,1709,1.7198565602299865
32,1710,1.1743567697702002
32,1711,0.9187277499588172
32,1714,2.962406426668055
32,1715,1.412009708583636
32,1716,4.494488798081172
32,1717,2.086057383566769
32,1718,3.1838897243148465
32,1719,1.0992625448851059
32,1720,0.0
32,1721,1.0989206470547388
32,1722,9.932835549118112
32,1723,8.941044509409462
32,1724,1.1247628089042756
32,1725,0.9696841053663168
32,1726,0.9696841053663168
32,1727,2.8036813996737817
32,1728,0.9187277499584907
32,1729,0.9187277499588172
32,1730,0.0
32,1731,1.8376058712605319
32,1732,2.249463088810092
32,1733,2.2494630888108915
32,1734,1.193598266690783
32,1735,1.193598266690783
32,1736,1.3802456483247643
32,1737,0.9917340427635549
32,1738,0.0
32,1739,1.9041538238522413
32,1740,7.265093699099078
32,1741,1.099783228710122
32,1742,2.393221277743204
32,1743,2.083381544799027
32,1750,0.6165040177958327
32,1751,2.1987892873581787
32,1752,3.032355308533318
32,1753,1.7198565602299865
32,1754,2.083381544799027
32,1755,2.083381544798287
32,1758,0.5732855200767979
32,1761,0.0
32,1765,0.23797807283700023
32,1766,0.9519122913478316
32,1767,0.0
32,1768,0.9522415325047481
32,1769,1.9041538238522413
32,1770,2.8945061936980285
32,1771,1.942947953939134
32,1772,0.0
32,1773,0.9519122913478316
32,1774,2.510660625994705
32,1775,0.9188780374823564
32,1777,0.8549186680466119
32,1778,1.7098373360929202
32,1779,0.0
32,1780,0.0
32,1781,0.9187277499588172
32,1786,0.0
32,1787,0.9187277499584907
32,1790,0.569945778697775
32,1791,1.9041538238522413
32,1792,0.9522415325044097
32,1793,0.0
32,1794,1.942947953939134
32,1795,0.9917340427639073
32,1796,0.9522415325044097
32,1797,1.1507421825083402
32,1798,0.0
32,1799,0.0
32,1800,0.0
32,1802,0.45943901874125986
32,1803,1.7198565602299865
32,1804,0.9522415325047481
32,1806,0.4761207662522895
32,1807,0.0
32,1808,4.127148874104844
32,1809,1.0992625448851059
32,1810,1.0992625448851059
32,1811,4.127148874104844
32,1812,5.2240872010580475
32,1813,4.282722026110548
32,1814,9.334179908035726
32,1815,6.239784434438993
32,1816,4.127148874103378
32,1818,0.5871783848852045
32,1820,0.0
32,1822,0.0
32,1825,0.6125352904200322
32,1826,0.9696841053663168
32,1827,1.8858787603680072
32,1828,1.2400584015993326
32,1829,0.0
32,1830,10.900984257457937
32,1831,5.571755468846476
32,1832,2.1993099711831947
32,1833,2.198183108121594
32,1834,4.397493079304008
32,1835,5.382093787192457
32,1836,0.0
32,1837,0.0
32,1838,0.9522415325047481
32,1848,0.11743567697703672
32,1849,1.1743567697706174
32,1850,3.4387277439231267
32,1851,1.147999037056982
32,1852,1.0989206470551294
32,1853,2.894506193697
32,1854,0.95191229134817
32,1857,1.0107851028441999
32,1858,2.1987892873589603
32,1859,4.282722026109026
32,1860,6.700669750570204
32,1861,4.622497223318542
32,1862,2.1987892873581787
32,1863,6.168453767896926
32,1866,0.0
32,1868,0.47595614567400046
32,1869,0.9519122913478316
32,1870,3.386386111379344
32,1871,1.7029177397486885
32,1874,0.6347179412842309
32,1879,0.0
32,1880,0.9519122913478316
32,1884,0.23797807283700023
32,1885,1.110205957665866
32,1886,0.0
32,1890,2.104079648852393
32,1891,6.700669750570204
32,1892,1.9041538238522413
32,1893,0.0
32,1895,0.47595614567400046
32,1896,3.032355308532241
32,1897,0.0
32,1898,11.062791869042574
32,1899,3.5655211284763757
32,1900,1.709636840969057
32,1901,5.499922558664416
32,1902,4.158706739545696
32,1903,2.1993099711831947
32,1904,0.0
32,1905,1.5211321972308165
32,1906,0.0
32,1907,1.1251976620404154
32,1908,1.1252375598999116
32,1909,2.475248593836636
32,1910,1.6709453053769838
32,1911,2.343582641333808
32,1912,1.1251976620404154
32,1913,1.125197662040815
32,1914,0.0
32,1915,2.2499604709450907
32,1916,1.124762808903876
32,1917,2.9872053489084345
32,1918,0.9187277499588172
32,1920,4.282196983695122
32,1921,3.598902225493822
32,1922,4.101722538472038
32,1923,0.9187277499584907
32,1924,0.9187277499588172
32,1925,1.0346671566365533
32,1928,0.0
33,2012,15.581670999524542
33,2013,31.665035784250836
33,2014,32.18661278485749
33,2015,27.07702875137868
33,2016,24.089074730869342
33,2017,22.538296580311112
33,2018,13.414443433287428
33,2019,30.59997349977015
33,2020,20.01532092690866
33,2021,21.493572145697094
33,2022,20.163262188438615
33,2023,23.62691670655835
33,2024,23.784772753720247
33,2025,25.95130026340079
33,2026,24.56526607274625
33,2027,16.384787410500923
33,2028,15.167043060061946
33,2029,15.019298940899978
33,2030,14.861755371091427
33,2031,20.43843403459002
33,2032,17.722201198336695
33,2033,15.927332639697383
33,2034,16.196757853028625
33,2035,16.749306321141486
33,2036,16.01963013410887
33,2037,15.428873598573182
33,2038,22.49156177044362
33,2039,13.749342709777592
33,2040,15.426357686522692
33,2041,12.940189987419014
33,2042,15.28522387146711
33,2043,10.982220321895877
33,2044,13.167422711847156
33,2045,12.871667593720137
33,2046,15.145083814857024
33,2047,17.917580008510342
33,2048,10.746319368479956
33,2049,13.317521810534265
33,2050,15.930472165343655
33,2051,13.26185658573897
33,2052,11.757620126011327
33,2053,14.07686322927255
33,2054,16.832841038707265
33,2055,13.865996003148773
33,2056,7.2081282734885255
33,2057,16.691607981917635
33,2058,14.43308472633649
33,2059,5.796995982526827
33,2060,21.28260433673526
33,2061,9.602002501489643
33,2062,19.25065666436848
33,2063,8.833928480746119
33,2064,15.428563803431961
34,2027,10.332783758642346
34,2028,6.583447158335611
34,2029,9.665572866799371
34,2030,23.895585536953053
34,2032,31.706009209156715
34,2033,32.86373645067869
35,2039,19.50440436601334
35,2040,32.265032529837356
35,2041,29.267835617060857
35,2042,25.03009557723608
35,2043,23.756585419182734
35,2044,33.330722451204814
35,2045,33.863800764090605
35,2046,27.608457505698656
35,2047,25.244873464112537
35,2048,24.066313505168967
35,2049,26.942014396196004
35,2050,24.192321002479584
35,2051,21.0703893005815
35,2052,21.14278346300546
35,2053,26.93794012069281
35,2054,24.060766696934717
35,2055,27.598876655097463
35,2056,11.917396634819495
35,2057,26.290291249747938
35,2058,23.954092562203403
35,2059,16.550368219611443
35,2060,21.81021094321864
35,2061,21.45536944270561
35,2062,21.26206800341274
35,2063,21.379587650303325
35,2064,20.938420593735284
35,2065,16.017099469903318
35,2066,17.933667898175297
35,2067,19.420708715912646
35,2068,28.023939728742455
35,2069,115.51573634145838
35,2070,56.99057400227727
35,2071,6.427439823745677
35,2072,35.03444015980464
35,2073,4.72340125590489
35,2074,18.247700929645355
35,2075,18.622696548697423
35,2076,9.491539075969166
35,2077,11.935120671989909
35,2078,21.460568904873355
35,2079,11.326809078457226
35,2080,11.364550441501748
35,2081,16.593986302617516
35,2082,6.792705059050452
35,2083,14.303280562165245
35,2084,12.71192863583366
36,2091,40.21240979432431
36,2092,36.835283339017835
36,2093,37.65312910080705
36,2094,32.761415541166905
36,2095,36.52535408736002
36,2096,24.12152945994954
36,2097,48.16860079766278
36,2098,20.105684548613265
36,2099,41.474751234062815
36,2100,28.911748230452787
36,2101,28.759052753443992
36,2103,21.899539232254497
36,2104,30.22752732039099
36,2105,26.86704397201118
36,2106,27.020576298242222
36,2107,27.810076475139084
36,2108,18.47525820136438
36,2109,15.740190893409174
36,2110,23.3827525377237
36,2111,24.069623351101896
36,2112,18.227722495791447
36,2113,27.526786923413987
36,2114,16.9319754838917
36,2115,19.583571106199347
36,2116,19.694723188874026
36,2117,134.4293653964786
36,2118,63.609901070607435
36,2119,2.346744462847343
36,2120,13.08267027139924
36,2121,15.853726118800546
36,2122,15.468298047784067
36,2123,21.41382604837083
36,2124,15.317618250849911
36,2125,21.31638944148684
36,2126,15.330594778058519
36,2127,13.534067273142647
36,2128,14.833117425439424
37,2100,34.11986052989427
37,2101,30.305893421168356
37,2102,19.00342270732304
37,2103,42.942536473267516
37,2104,54.5725035667528
37,2105,32.78368055819953
37,2106,34.85260516405799
37,2107,35.194452702993615
37,2108,21.68419808149769
37,2109,16.650885343549035
37,2110,27.214132547374287
37,2111,33.70139569044783
37,2112,34.24154162406386
37,2113,34.96787846089105
37,2114,17.634152323004827
37,2115,28.24303328991498
37,2116,24.962090849872503
37,2117,26.602739095683706
37,2118,27.019460499292027
37,2119,22.893168926235436
37,2120,22.566261291508397
37,2121,23.622702956195955
37,2122,24.45297539234648
37,2123,20.954841077324456
37,2124,22.49233022332639
37,2125,22.01827794313087
37,2126,18.763920217749526
37,2127,23.244076967244006
37,2128,24.0400949120484
37,2129,16.491222828629915
37,2130,24.511820375915512
37,2131,19.913905262951044
37,2132,14.887115657327232
37,2133,15.169930458071866
37,2134,18.55602890252777
37,2135,11.396504938600668
37,2136,11.283059567215304
37,2137,19.332065731283983
38,2100,15.379724800584297
38,2101,33.210787475103906
38,2102,24.441629648213482
38,2103,23.31784307956331
38,2104,40.5823829770169
38,2105,32.71132797002281
38,2106,34.426040053374464
38,2107,30.479282140727047
38,2108,15.408498197797027
38,2109,31.244913339609983
38,2110,39.418811202043095
38,2111,28.228755891328706
38,2112,32.41911202668637
38,2113,36.37366980314979
38,2114,28.131563365455047
38,2115,27.345423996453956
38,2116,23.493122756477497
38,2117,24.175726175304447
38,2118,23.85007649660585
38,2119,28.7196645140603
38,2120,30.22326797247534
38,2121,25.655334591861532
38,2122,22.105874866251575
38,2123,18.86717587709132
38,2124,20.852202326063487
38,2125,24.489558041091907
38,2126,25.94864755868506
38,2127,21.915774643425536
38,2128,24.649036824699365
38,2129,20.182199925188268
38,2130,15.484713166949714
38,2131,21.53159379959535
38,2132,16.985059082505433
38,2133,15.364306122067648
38,2134,16.983860135075776
38,2135,19.055867940184473
38,2136,19.35612514615444
38,2137,18.463180214163753
38,2138,18.49099338055025
38,2139,15.680397748944692
38,2140,15.311603397134014
38,2141,15.56448474526162
38,2142,14.701253324744787
38,2143,11.717073172333187
38,2144,12.164142429826743
38,2145,13.822517395022281
39,2230,60.513188838949276
39,2231,76.7605412006531
39,2232,69.18578982352129
39,2233,69.58459138871623
39,2234,53.8189798593437
39,2235,61.41524255274766
39,2236,52.91741430760483
39,2237,49.95016157626325
39,2238,48.725438117990656
39,2239,44.24806684254908
39,2240,40.43268352747768
39,2241,43.28125119208613
39,2242,39.34511750935893
39,2243,39.94892567396959
39,2244,39.60601866244651
39,2245,33.277156054980225
39,2246,36.289746165269904
39,2247,29.132518172269894
39,2248,23.620001971717958
39,2249,27.155665755277315
40,2279,37.44621276856214
40,2280,41.84648931025804
40,2281,40.627095401295165
40,2282,37.234538197511576
40,2283,38.249182999141674
40,2284,38.044125437730564
40,2285,37.063582241529396
40,2286,42.51969963312995
40,2287,32.320350408549025
40,2288,29.01134133339506
40,2289,32.840985953802694
40,2290,29.657587409025375
40,2291,24.69693571328731
40,2292,26.08985781669209
40,2293,32.138161361223894
40,2294,34.531547427172036
40,2295,23.149196505551174
40,2296,21.874072998758713
40,2297,25.080649852757677
40,2298,24.94727164506522
40,2299,22.832725346092953
40,2300,20.72869062423382
40,2301,37.8929480910242
40,2302,13.018137663605419
40,2303,18.94618034362497
40,2304,20.433970838789236
40,2305,21.96097522973671
40,2306,16.66123062372539
40,2307,20.009568929669115
40,2308,22.23876222968544
40,2309,13.91829371452114
40,2310,20.39628848433176
40,2311,15.321794450286099
40,2312,15.015254169700183
41,2278,54.4335114955817
41,2279,50.33509075642634
41,2280,70.7434451579937
41,2281,67.2902351617947
41,2282,56.22628390788154
41,2283,51.322771310816485
41,2284,42.374305129044586
41,2285,51.15128695964014
41,2286,41.804866790779805
41,2287,47.290810346596004
41,2288,46.40098214150399
41,2289,33.74641656875083
41,2290,33.8392344117232
41,2291,40.716007947915394
41,2292,35.4512849450056
41,2293,33.00594717264832
41,2294,28.342250883574824
41,2295,31.24028921127941
41,2296,29.92727816104421
41,2297,23.8979914784479
41,2298,30.965665876860548
41,2299,25.25289595127608
41,2300,17.294226586815995
41,2301,23.084979057308402
42,2317,78.89677584170063
42,2318,88.18007290365067
42,2319,83.15818369387281
42,2320,79.3543392419973
42,2321,74.7713077068212
42,2322,68.15998971463605
42,2323,59.242465496053974
42,2324,61.46450400353701
42,2325,56.699291467657766
42,2326,49.981012344352536
42,2327,51.617508530627035
42,2328,42.93740272521301
42,2329,42.87034481764693
42,2330,42.508608698838266
42,2331,40.056329369552955
42,2332,38.41186165809031
42,2333,36.4189481735302
42,2334,25.69836795329646
42,2335,28.27995657920395
43,2336,50.454341769228485
43,2337,49.61346924304186
43,2338,50.809670090685465
43,2339,46.66303932666049
43,2340,40.69799691439485
43,2341,48.08398246764386
43,2342,40.29618859290447
43,2343,40.70602744818544
43,2344,38.89894813298571
43,2345,36.991248428828925
43,2346,34.2879438400215
43,2347,37.77118384838856
43,2348,37.48914957045923
43,2349,29.559343457227868
43,2350,30.38571596145155
43,2351,26.280219554897016
43,2352,24.73162740469471
43,2353,26.88204288482246
43,2354,25.494077503686256
43,2355,26.379477381702113
43,2356,24.402981698517884
43,2357,25.24241656064593
43,2358,25.591261982922877
43,2359,21.741090416904864
43,2360,23.549985587593213
43,2361,18.57555270195377
43,2362,19.192525148388725
43,2363,18.009878844026336
43,2364,16.621220111844323
43,2365,19.296362847093608
44,2380,28.459959626193367
44,2381,61.55883729459081
44,2382,61.50489270686142
44,2383,51.693323850641995
44,2384,54.13132309912789
44,2385,57.54821598528916
44,2386,47.70970165730472
44,2387,40.993916988366394
44,2388,40.417083799847056
44,2389,39.53930944203712
44,2390,33.99916917086324
44,2391,41.1335554718907
44,2392,31.340893506998885
44,2393,33.394939899451224
44,2394,23.7266519665681
44,2395,27.67157524824693
44,2396,27.548815906043515
44,2397,30.13463705778722
44,2398,38.744415342801716
44,2399,19.67309787869845
44,2400,25.479580163951706
44,2401,19.011913239952932
44,2402,21.14414334297601
44,2403,24.779019355770053
44,2404,22.781395912174943
44,2405,20.65416678785955
44,2406,15.642860233786834
44,2407,19.089112579819556
44,2408,17.48576447368016
45,2395,68.00854682923716
45,2396,75.28504192827955
45,2397,74.39016044141341
45,2398,73.66007387636941
45,2399,66.91327750684162
45,2400,64.50489521025604
45,2401,55.21618008612723
45,2402,54.8877274990191
45,2403,59.6816825866606
45,2404,45.96044003964385
45,2405,39.23145353793485
45,2406,46.63723111153577
45,2407,42.61652201413442
45,2408,38.065473139293616
45,2409,32.57803559302775
45,2410,38.625883162015604
45,2411,35.99261909723998
45,2412,36.73142820596121
45,2413,33.406266868121115
45,2414,27.15640336274676
45,2415,23.07596415281755
45,2416,22.175989150997513
46,2419,56.715502738943776
46,2420,59.49118137360802
46,2421,63.35490882395708
46,2422,54.78534758092063
46,2423,57.665691375723405
46,2424,49.65486645699536
46,2425,42.018577158444515
46,2426,46.34396910666695
46,2427,36.03979647160293
46,2428,47.210724949829356
46,2429,44.21863228083537
46,2430,34.2847198247856
46,2431,35.18506765366301
46,2432,33.24499100446181
46,2433,28.608170449739426
46,2434,32.10932761430239
46,2435,26.645683944221144
46,2436,31.998600661760978
46,2437,31.65796548127633
46,2438,25.860976874833483
46,2439,23.98986518382651
46,2440,26.14438980818315
46,2441,24.35644268989182
46,2442,19.177522212263924
46,2443,19.00784701109311
46,2444,19.18669402599035
48,2521,87.63616383074344
48,2522,81.51693999768925
48,2523,82.02512204645781
48,2524,78.87667536737104
48,2525,72.98735439776233
48,2526,64.01061236857367
48,2527,70.18061041833367
48,2528,64.04645740984868
48,2529,53.03325891495806
48,2530,51.260930299750896
48,2531,52.07166016102873
48,2532,42.13371366261777
48,2533,44.63307112456256
48,2534,45.30993998049981
48,2535,40.62684595584234
48,2536,42.61257648468866
48,2537,26.912695169444646
48,2538,29.67485278845424
49,2522,68.99077177049102
49,2523,63.27540278433765
49,2524,85.26152908803729
49,2525,108.47265243528578
49,2526,69.44278299807416
49,2527,65.91881096364379
49,2528,55.771477818480356
49,2529,56.27043306828665
49,2530,55.87233960627636
49,2531,45.34835994244524
49,2532,47.98461735247815
49,2533,46.83589696885087
49,2534,37.12267398833649
49,2535,42.35075533389384
49,2536,42.274349927910635
49,2538,36.20787173509675
49,2539,21.454944312569125
49,2540,29.742988944059565
50,2539,72.93316304682546
50,2540,74.09713447095439
50,2541,74.4693017005804
50,2542,73.67885470389167
50,2543,64.52750086785647
50,2544,61.1987936496639
50,2545,54.624227285395996
50,2546,53.16477298735741
50,2547,48.943769931802954
50,2548,42.451606392853776
50,2549,40.57742089033934
50,2550,41.59208983182257
50,2551,43.736907541745026
50,2552,37.74340957403934
50,2553,36.847117245191534
50,2554,37.864052653320215
50,2555,24.824922680850918
50,2556,25.97389519215147
51,2574,9.174505323173442
51,2575,80.25672554968533
51,2576,57.3858189582735
51,2577,67.1641659736767
51,2578,63.014740347852396
51,2579,62.33109891415883
51,2580,58.145114779463256
51,2581,62.14589238168046
51,2582,56.71112000941344
51,2583,40.91228395701269
51,2584,46.446483135216134
51,2585,41.850217580788744
51,2586,36.57620340586436
51,2587,37.05420523881333
51,2588,45.60782611370994
51,2589,40.93405276536301
51,2590,34.65490221977923
51,2591,30.370540022845294
51,2592,39.85146760939929
51,2593,31.74916595221198
52,2622,75.84774792195876
52,2623,79.25293564795209
52,2624,79.22444522382405
52,2625,72.30911493300262
52,2626,69.75004076956611
52,2627,65.59311032296532
52,2628,66.70918285845669
52,2629,60.868506431591705
52,2630,55.14736533164116
52,2631,49.7852110862831
52,2632,46.68865442275271
52,2633,38.01769763232034
52,2634,61.97092652319894
52,2635,23.004483282562475
52,2636,36.77540302277343
52,2637,27.180325984950585
52,2638,27.64545053244187
53,2651,86.71271681784228
53,2652,96.01174235345844
53,2653,92.20318794249047
53,2654,80.96904516221704
53,2655,79.23970162867262
53,2656,62.9124301672107
53,2657,71.74545407294106
53,2658,55.29686629773286
53,2659,59.3005567788985
53,2660,54.71565842627624
53,2661,47.12624609471305
53,2662,50.75186312197845
53,2663,42.77246028185742
53,2664,40.347831845277206
53,2665,41.91928982735514
53,2666,30.3135377168608
53,2667,30.769132375712356
54,2689,73.84075284003058
54,2690,79.92715179921787
54,2691,84.08210813997862
54,2692,67.82890856264962
54,2693,71.08577549458965
54,2694,62.96523213385551
54,2695,61.573653817189076
54,2696,51.12405717372095
54,2697,49.17485833169008
54,2698,46.970162987701706
54,2699,48.0618059635258
54,2700,41.767396330826905
54,2701,42.8525510430269
54,2702,42.950631380089725
54,2703,36.435226500028634
54,2704,28.121754527097576
54,2705,31.34368032216536
55,2775,61.77819907664287
55,2776,76.07691049574616
55,2777,83.8722413778472
55,2778,77.75950312613226
55,2779,64.96938407422405
55,2780,64.34238553046175
55,2781,55.731341242801314
55,2782,56.30071520804479
55,2783,51.922266483317216
55,2784,46.22448205947153
55,2785,47.953809499733104
55,2786,74.3539935350566
55,2787,19.70519319176366
55,2788,38.81373703480539
55,2789,37.23506122826948
55,2790,36.07000887394669
55,2791,29.300512969489287
55,2792,23.6704221367799
56,2791,72.36506044863525
56,2792,83.7960720062125
56,2793,82.19538867475238
56,2794,82.93856978415147
56,2795,74.04684305192514
56,2796,68.97776305674428
56,2797,58.78680109978891
56,2798,62.757897377004355
56,2799,51.4657169580562
56,2800,50.20643055438211
56,2801,52.099946737281286
56,2802,47.0708745718096
56,2803,41.26383841037105
56,2804,43.94264638424794
56,2805,37.40076541900051
56,2806,34.63475614786837
56,2807,34.76473063229971
56,2808,32.83952414990125
56,2809,26.499141454692513
57,2845,65.70530176164027
57,2846,79.11218404768661
57,2847,81.20296061040587
57,2848,72.78111398218924
57,2849,74.12567853929087
57,2850,71.07382893561206
57,2851,66.42949283121978
57,2852,61.58305227757726
57,2853,58.70989680289304
57,2854,49.23262238503482
57,2855,53.24249804019096
57,2856,47.47023940087309
57,2857,41.59278184174841
57,2858,44.154937863358704
57,2859,37.86553055047397
57,2860,40.75623840092976
57,2861,39.16933089495485
57,2862,36.7896911501827
57,2863,25.78378289938486
57,2864,26.050533950324755
58,2896,77.3708188533662
58,2897,85.41481733323843
58,2898,73.8027191161994
58,2899,83.24612796308267
58,2900,68.24253737925417
58,2901,72.180406451214
58,2902,49.68635022641217
58,2903,128.31440091131114
58,2904,65.62219619752283
58,2905,52.98069298266537
58,2906,45.92998623848875
58,2907,49.220986962310725
58,2908,40.85186719895222
58,2909,32.34320551156492
58,2910,35.045287013048416
58,2911,36.12319976092104
58,2912,34.05063539742891
58,2913,32.47543841601064
58,2914,30.020125508303718
58,2915,25.136096477513547
58,2916,19.302314668890798
58,2917,28.755056262011802
59,2934,69.69699740408761
59,2935,77.59581327437142
59,2936,73.15908014775778
59,2937,75.90605914591556
59,2938,60.335004329693405
59,2939,59.864196181287944
59,2940,60.95915436745903
59,2941,56.59966886042664
59,2942,46.05275094508405
59,2943,44.271246492871505
59,2944,44.67769771813648
59,2945,43.403189778336575
59,2946,37.94800579547289
59,2947,38.494079411037475
59,2948,34.915006756777075
59,2949,28.93787562847713
59,2950,32.541836500162766
59,2951,29.43602621554868
60,2977,70.00832140447102
60,2978,70.90225338934744
60,2979,65.3141176700722
60,2980,75.07633388041276
60,2981,61.63135349751745
60,2982,60.82082748412136
60,2983,51.67500972748831
60,2984,56.26773476599768
60,2985,46.36956274508705
60,2986,45.717372894296204
60,2987,38.32228660582897
60,2988,41.838386356838924
60,2989,39.50309425591805
60,2990,34.08935576678001
60,2991,40.841940343373594
60,2992,35.22882252931044
60,2993,33.80723834038454
60,2994,26.31209224462098
60,2995,25.286622047429347
61,3002,69.2572224140305
61,3003,80.13881564139068
61,3004,72.9448735714104
61,3005,72.43721187113584
61,3006,58.280898928653876
61,3007,85.50866782663917
61,3008,40.813508927830235
61,3009,52.23607420920509
61,3010,49.91334021090681
61,3011,45.84155380726773
61,3012,149.20731782910875
61,3013,102.05567121507768
61,3014,90.46142578123586
61,3015,34.51567679644318
61,3016,9.144857525824072
61,3017,23.5859513282739
61,3018,25.22278547287489
61,3019,25.405266880985103
61,3020,27.947976887231665
62,3010,31.32177472114444
62,3011,64.56047058106753
62,3012,135.88257551191114
62,3013,85.53798437120233
62,3014,83.05674254892959
62,3015,63.1723093986637
62,3016,97.20361948011787
62,3017,60.13858079909338
62,3018,50.24273693562554
62,3019,54.40066516398533
62,3020,47.733482122430765
62,3021,44.01878893374709
62,3022,41.62443190813893
62,3023,41.867016255849016
62,3024,37.75003731251514
62,3025,37.80303239821797
62,3026,33.81592601537176
62,3027,34.738965332515
62,3028,30.064784288401672
62,3029,29.092108011251515
62,3030,26.077978312965133
62,3031,23.418130874638447
62,3032,26.61014199256481
63,3039,73.80788505076208
63,3040,82.50516235830041
63,3041,70.26820600031708
63,3042,72.08996236323183
63,3043,65.72347640992518
63,3044,63.306908011426565
63,3045,60.346001386654464
63,3046,55.49195945262042
63,3047,49.563521146784154
63,3048,45.78860163687944
63,3049,41.01365536452156
63,3050,38.811492025846135
63,3051,43.8454377651146
63,3052,34.76883441210485
63,3053,34.583812952036226
63,3054,35.695872902877284
63,3055,26.766901016231166
63,3056,27.794954180722996
64,3054,65.01918196679455
64,3055,68.74382615088342
64,3056,76.85757279397588
64,3057,95.77563285826139
64,3058,65.2548462152611
64,3059,65.81537425517008
64,3060,63.14798176287618
64,3061,52.55778908730599
64,3062,53.8451313972389
64,3063,46.44212722779245
64,3064,47.39482641219352
64,3065,43.557778894909944
64,3066,52.21241712569375
64,3067,36.73477292060278
64,3068,40.521810650833565
64,3069,38.38411688804027
64,3070,33.947340846068464
64,3071,33.542431890959264
64,3072,31.426981687552033
64,3073,25.486433207984756
64,3074,24.00312066078664
65,3079,61.537631750119054
65,3080,65.63755989073681
65,3081,68.1775903701918
65,3082,72.9469871520882
65,3083,57.656791806232484
65,3084,58.480010032644664
65,3085,52.41995573043004
65,3086,52.30564534665194
65,3087,49.53031539916218
65,3088,43.36802870036034
65,3089,40.10459035634368
65,3090,40.02765923739276
65,3091,38.1409397721231
65,3092,39.07962709664688
65,3093,35.58470875025503
65,3094,36.66247129439735
65,3095,35.368871390826584
65,3096,33.064236938948234
65,3097,28.4093382954654
65,3098,22.366188615557036
65,3099,28.532293438917115
66,3096,69.49666857718336
66,3097,74.25792217256117
66,3098,73.8207113742713
66,3099,71.81492328645227
66,3100,63.034706711759256
66,3101,54.71880733965972
66,3102,53.18301737309561
66,3103,49.589897990218994
66,3104,50.49606621266416
66,3105,56.044633984556974
66,3106,43.62656146288786
66,3107,32.05565392970538
66,3108,29.239683151250937
66,3109,84.4218099117147
66,3110,3.2842234522099134
66,3111,26.099575459962317
66,3112,24.545924663539864
66,3113,25.458774268632233
66,3114,24.17163848876575
67,3095,53.702185750018316
67,3096,66.59241557120237
67,3097,81.57638311387731
67,3098,68.46518754958036
67,3099,78.72005045415538
67,3100,64.39461350439973
67,3101,69.28516030310502
67,3102,54.80539441109794
67,3103,54.86139893530942
67,3104,51.481482982645744
67,3105,59.49691593646074
67,3106,52.90633678437332
67,3107,32.82177060842001
67,3108,32.70758092404063
67,3109,37.58066922425636
67,3110,37.71274656056768
67,3111,34.75668936968541
67,3112,37.14894354342834
67,3113,33.251734077937066
67,3114,29.13948118686221
67,3115,24.429409503941628
67,3116,28.422958552832927
68,3106,11.53544872999421
68,3110,3.0087340995667335
68,3111,75.12196898461883
68,3112,61.874613761892185
68,3113,78.62580835820809
68,3114,71.44110918043927
68,3115,64.72399950028753
68,3116,64.99600231646477
68,3117,56.22070491313056
68,3118,54.934746623050174
68,3119,50.9416508674542
68,3120,46.648796796807986
68,3121,38.516931831830675
68,3122,41.73966228962775
68,3123,39.01890188454972
68,3124,40.23816972971763
68,3125,40.69831877946218
68,3126,40.0706630945143
68,3127,32.632339596754846
68,3128,27.75036782025857
68,3129,18.970426172021824
69,3145,75.03587007524075
69,3146,82.05368220804839
69,3147,79.91501212121646
69,3148,76.92664504050006
69,3149,67.17908978463556
69,3150,64.13827478884649
69,3151,62.01632022856697
69,3152,53.02898347378832
69,3153,48.86414051055145
69,3154,51.03858590127053
69,3155,48.60407888888553
69,3156,49.11015808583283
69,3157,38.29686194657681
69,3158,37.42939531803876
69,3159,42.92870700358674
69,3160,26.157757937904083
70,3150,72.30067133902374
70,3151,84.08634603022215
70,3152,65.02667069436414
70,3153,75.67162871359596
70,3154,58.70446801186776
70,3155,74.20803844927582
70,3156,51.4203500747783
70,3157,71.7803120612986
70,3158,51.63544178010061
70,3159,42.84309089183138
70,3160,51.65055871009019
70,3161,46.02251708508454
70,3162,41.14922761916471
70,3163,41.204572319992636
70,3164,35.14250099658417
70,3165,35.95560729504347
70,3166,35.214877724642015
70,3167,29.66303497552408
70,3168,20.32502621412682
70,3169,24.097732901569415
71,3165,62.46160447598747
71,3166,75.24452984331862
71,3167,70.35366117953154
71,3168,70.95628380776864
71,3169,59.21258568762807
71,3170,60.91568648816368
71,3171,55.926048159590565
71,3172,57.274056673061324
71,3173,51.6498398780742
71,3174,46.79016530514695
71,3175,43.67350012063297
71,3176,39.760865271085244
71,3177,39.774126112469
71,3178,43.017144799225754
71,3179,34.37528997660367
71,3180,38.251368999475226
71,3181,25.697158277039872
71,3182,26.653947830196028
71,3183,21.386407166723693
72,3214,67.53103315831574
72,3215,101.5476930141651
72,3216,47.803342938432664
72,3217,82.87607431407504
72,3218,62.48742878438286
72,3219,59.924395680439474
72,3220,48.241395950292706
72,3221,53.54530870915525
72,3222,41.12334698439462
72,3223,37.54609018564971
72,3224,31.175811588748243
72,3225,51.53974056244922
72,3226,41.17789775133952
72,3227,37.45869308708182
72,3228,32.73029655218775
72,3229,22.28932991624322
72,3230,35.402720868594535
72,3231,26.49918705223635
73,3217,22.02243939041747
73,3218,78.2259231805957
73,3219,73.79240870477237
73,3220,78.92019689079062
73,3221,75.08337199689451
73,3222,71.87373340131282
73,3223,66.44148230553996
73,3224,44.788403213001224
73,3225,70.59562861920807
73,3226,61.87494635583201
73,3227,47.68791139123385
73,3228,47.20689475537286
73,3229,35.92280924320936
73,3230,39.51704442501854
73,3231,43.726859986759706
73,3232,38.47361683846285
73,3233,39.793472886093426
73,3234,38.09061616657216
73,3235,42.48389750719916
73,3236,30.588938891893754
73,3237,27.34764486551829
74,3266,89.21506762506353
74,3267,81.7649424075662
74,3268,85.49130320550712
74,3269,76.36507093907922
74,3270,74.09908711906458
74,3271,66.70919895173446
74,3272,60.418254733097655
74,3273,56.22636437417195
74,3274,50.359606146786675
74,3275,50.582116842279966
74,3276,50.875947475443475
74,3277,39.8445636033808
74,3278,43.00769001246354
74,3279,41.26632481814252
74,3280,42.57413774729623
74,3281,40.08507460353708
74,3282,28.406393229967048
74,3283,25.514730513100933
75,4308,6.239164844156553
75,4309,14.45418700575089
75,4310,20.56128054857663
75,4311,22.319003194574982
75,4312,20.479183495048783
75,4313,17.35904484986371
75,4314,20.853791534904815
75,4315,20.22037982941076
75,4316,17.539580315354975
75,4317,20.38645550607592
75,4318,27.747261822229184
75,4319,21.56339541078043
75,4320,22.449626773584324
75,4321,22.949634790425097
75,4322,22.909905910496505
75,4323,24.605636000638135
75,4324,21.80968388913946
75,4325,21.764561086897412
75,4326,20.75595661998208
75,4327,21.77497208117325
75,4328,21.82579055428939
75,4329,16.28909155726757
75,4330,28.093838095670566
75,4331,23.347894549357868
75,4332,17.3638822138344
75,4333,20.38901701569963
75,4334,12.177212834351986
75,4335,26.372431218629362
75,4336,26.534138917928253
75,4337,29.151838123804172
75,4338,16.456666588774844
75,4339,21.969278007750113
75,4340,14.123368710282275
75,4341,14.50596436858466
75,4342,15.408834815017448
75,4343,17.752731442455012
75,4344,20.26665732264922
75,4345,22.85502791403555
75,4346,24.044461548333185
75,4347,14.225505888464896
75,4348,14.409593939784058
75,4349,14.83697846531109
75,4350,14.74666982889469
75,4351,15.052689760926382
75,4352,15.109481513492483
75,4353,13.256162256005064
75,4354,16.39964818954794
75,4355,17.262934595349886
75,4356,18.108058422794617
75,4357,16.963423043492835
75,4358,13.499220013621155
75,4359,12.179392129176586
75,4360,9.364644438030199
75,4361,12.430678904059022
75,4362,15.41932493448564
76,4373,32.5591394305294
76,4374,27.80476033686169
76,4375,29.237100183969595
76,4376,29.71187263727779
76,4377,28.175441622719656
76,4378,26.337039470677848
76,4379,28.332965075975334
76,4380,27.50472038984846
76,4381,22.59984791277683
76,4382,28.94052833319286
76,4383,23.626211285595826
76,4384,26.912775635705533
76,4385,21.372156590227565
76,4386,19.77733120322621
76,4387,19.148180186752313
76,4388,23.671334087836556
76,4389,29.114440083509518
76,4390,22.384974807505294
76,4391,18.603113740686304
76,4392,23.68178397415857
76,4393,16.70773878693913
76,4394,20.86452841759143
76,4395,23.610761761653265
76,4396,17.723310291770648
76,4397,14.673999398949682
76,4398,18.79694089293854
76,4399,16.072248369447113
76,4400,13.670134395363666
76,4401,18.985630273822746
76,4402,19.83629956840454
76,4403,15.864585042002973
76,4404,16.712488979104506
76,4405,14.824490100148289
76,4406,14.380040019743237
76,4407,13.40329751372604
76,4408,19.21525418758775
76,4409,18.32073077558534
76,4410,18.035076856616747
76,4411,12.943886071446133
76,4412,16.992107927802603
76,4413,16.443683356038264
76,4414,15.644383728507293
76,4415,11.648639291527205
76,4416,12.0433035492921
76,4417,15.081302225582037
76,4418,11.645286530258588
77,4388,9.983656704420705
77,4389,24.588298201565866
77,4390,32.63541877270394
77,4391,25.934418439870274
77,4392,25.57834714649799
77,4393,26.822312772279354
77,4394,25.84174007177867
77,4395,27.6355209946491
77,4396,28.183563351636774
77,4397,19.83298838138975
77,4398,22.328234016899735
77,4399,24.116317927825033
77,4400,24.395645856862153
77,4401,26.833921372895812
77,4402,16.073529124251724
77,4403,21.187520027164858
77,4404,23.21869790554509
77,4405,23.816092908387155
77,4406,23.296329081046586
77,4407,18.11095252633455
77,4408,21.61905258894397
77,4409,15.5419354140679
77,4410,19.379956573251768
77,4411,28.097614645963535
77,4412,16.345859169963273
78,4388,22.034882158029728
78,4389,31.94367706776301
78,4390,40.48182427883953
78,4391,52.9513227939711
78,4392,40.321986079195376
78,4393,43.19322109223272
78,4394,37.96218663454811
78,4395,41.13460153339189
78,4396,38.409495949752824
78,4397,41.038404107101975
78,4398,30.127279758459363
78,4399,30.835849642737827
78,4400,34.95345890522698
78,4401,29.217166006570906
78,4402,30.370121598228174
78,4403,30.680455863481907
78,4404,28.91403883696178
78,4405,26.96890622377932
78,4406,26.714466512189553
78,4407,23.586715757851525
78,4408,22.811573445801503
78,4409,31.078576147540407
78,4410,29.067227840429364
78,4411,28.382934629922794
78,4412,21.805254220966862
78,4413,15.963584035626829
78,4414,24.144338965420758
78,4415,23.88303548098086
78,4416,22.531360387806608
78,4417,23.176597952830857
78,4418,21.557733267549988
78,4419,21.909896582369395
78,4420,18.936321884384004
78,4421,25.33165365458039
78,4422,13.0475440621402
78,4423,15.223541110757042
78,4424,14.293171316377958
79,4436,33.484716117388714
79,4437,31.240822970873374
79,4442,25.7065658569314
79,4443,21.80248349905448
79,4446,23.66543054580599
79,4447,25.5242523551038
79,4448,25.59574663639578
79,4449,14.715061336748226
79,4450,23.88749867678164
79,4451,14.67755600810343
79,4452,31.737270355208373
79,4453,21.06995612383308
79,4454,15.050046443942202
79,4455,25.981391966348095
79,4456,16.865616291752772
79,4457,20.203369259838308
79,4458,26.18995785713717
79,4459,25.445953309522963
79,4480,16.69420480728199
79,4484,11.091731563208754
79,4485,8.891757577659469
79,4486,13.692199587824685
79,4487,12.407296746971692
79,4488,26.205742657171193
79,4489,6.71900466084614
80,4448,40.69868624211168
80,4449,35.48846840856644
80,4450,29.522396028047712
80,4451,28.156929016118884
80,4452,34.32453185318145
80,4453,32.49891310930899
80,4454,29.466048181062842
80,4455,31.87111526728311
80,4456,38.112983107547336
80,4457,27.555990815168144
80,4458,24.531311988835448
80,4459,22.773059606540475
80,4460,27.944452464586096
80,4461,26.6458261013084
80,4462,23.293534219269617
80,4463,23.252128958690193
80,4464,24.058173000817316
80,4465,21.116546094421775
80,4466,28.619242608552906
80,4467,18.048436939707106
80,4468,20.70958122611458
80,4469,22.731514871124975
80,4470,16.794531047335617
80,4471,23.962326943879127
80,4472,21.173703968529143
80,4473,15.62183305621458
80,4474,21.49750292300078
80,4475,123.54310512545183
80,4476,45.97558379174193
80,4477,75.95088958736349
80,4478,50.54090201855711
80,4479,30.190225839620872
80,4480,41.20626747609005
80,4481,2.0394265092898904
80,4482,8.62043201923542
80,4483,19.656016230587102
80,4484,14.484725296489934
80,4485,12.303972691299979
80,4486,9.678013622762698
80,4487,9.582237973811148
81,4463,39.391943514326925
81,4464,36.54296815396082
81,4465,45.133992433556955
81,4466,42.488371431836
81,4467,50.071472525571004
81,4468,43.50398719311626
81,4469,41.26896142960416
81,4470,42.25881725547536
81,4471,31.92855477333704
81,4472,42.72567719221965
81,4473,49.97907042504352
81,4474,32.526848316175986
81,4475,33.36963593960472
81,4476,31.876039803034452
81,4477,32.68652826545951
81,4478,30.478008091455802
81,4479,31.021007895475837
81,4480,18.45893964171777
81,4481,35.536992251854834
81,4482,32.32947528362918
81,4483,26.6445654630714
81,4484,25.223034918295355
81,4485,30.980080068117584
81,4486,20.795205384497013
81,4487,9.238767027856758
81,4488,35.657203495484225
81,4489,16.68859317899082
81,4490,24.19321954250817
81,4491,23.102155923847977
81,4492,25.373678505407703
81,4493,21.396513730291808
81,4494,18.13925787806872
82,4489,36.10095620156053
82,4490,36.12360209227327
82,4491,38.88312846422969
82,4492,40.748358070829525
82,4493,35.27650952339874
82,4494,32.4458590149944
82,4495,43.3799296617286
82,4496,37.32309401036051
82,4497,31.204369068151962
82,4498,30.182562768465324
82,4499,32.483308017237256
82,4500,27.5401523709352
82,4501,34.46539610624999
82,4502,24.24614757298183
82,4503,26.185921132569753
82,4504,26.99307829142154
82,4505,22.243287116293565
82,4506,28.34804981945495
82,4507,22.636057734493942
82,4508,25.961849391465584
82,4509,20.70722490548028
82,4510,19.68351826072131
82,4511,21.874900460247577
82,4512,23.461247384552856
82,4513,18.980401307334727
82,4514,25.25786072016265
82,4515,21.821260303263237
82,4516,20.749749988321618
82,4517,20.28361693023598
82,4518,17.979065626863242
82,4519,23.83641064167497
82,4520,13.176607936613971
82,4521,11.18256255984529
82,4522,16.99372127652506
82,4523,12.19574689865355
83,4554,50.2652245760064
83,4555,52.818092107783336
83,4556,50.05705833432498
83,4557,46.719564199456926
83,4558,44.98771816492976
83,4559,47.83574402329859
83,4560,42.6007881760682
83,4561,37.79240012169637
83,4562,34.68729794026111
83,4563,34.417886137944734
83,4564,34.87569630146721
83,4565,33.037484586245434
83,4566,31.23976349831249
84,4594,88.96380364896638
84,4595,91.09493136401285
84,4596,94.33735728265731
84,4597,80.62525570394213
84,4598,72.18561530114657
84,4599,70.79254567619516
84,4600,70.4523450136325
84,4601,56.183390021335335
84,4602,63.450722694364515
84,4603,52.58648335934732
84,4604,47.79999554158208
84,4605,46.191844940194734
84,4606,42.53478974101751
84,4607,43.89309525490681
84,4608,35.80157607794521
84,4609,28.340440392479707
84,4610,34.3495595455238
86,4734,77.9723471402723
86,4735,91.96892380716247
86,4736,80.8855640888375
86,4737,74.25473034383344
86,4738,74.05547976490047
86,4739,70.41175782681913
86,4740,57.957199215900516
86,4741,62.58775413037592
86,4742,52.475686669322826
86,4743,47.620298266420306
86,4744,49.778586030016314
86,4745,43.62739294765148
86,4746,60.41812598706494
86,4747,21.374512910847148
86,4748,34.231035411364694
86,4749,44.56327468154535
86,4750,35.94763040543317
86,4751,32.35738098622012
86,4752,23.589320182788228
86,4753,25.56821912527593
87,4786,71.83811366559503
87,4787,75.95312654973587
87,4788,68.14695954319329
87,4789,70.17041265965905
87,4790,58.51506114007206
87,4791,61.64209842683111
87,4792,59.20420646664452
87,4793,55.80169022084393
87,4794,46.946285963067815
87,4795,41.4064782857683
87,4796,42.95668244362732
87,4797,36.565415561206464
87,4798,38.709533214576794
87,4799,35.24009853599653
87,4800,35.5521762371134
87,4801,33.23898553848928
87,4802,28.923997879013523
87,4803,25.235861241822494
87,4804,27.689996659761217
87,4805,26.594475209718276
88,4796,63.94413113595328
88,4797,85.29769062997607
88,4798,85.39121925832539
88,4799,65.2889585494661
88,4800,70.5604058504245
88,4801,59.4468176365017
88,4802,55.90125918385507
88,4803,53.59119594098203
88,4804,46.57188713551494
88,4805,50.633218288431706
88,4806,43.33710551259685
88,4807,39.45408761502097
88,4808,39.424773752697206
88,4809,38.87622714040675
88,4810,38.88201534748851
88,4811,31.852712631231924
88,4812,31.643717587000463
88,4813,28.041325807557065
89,4833,64.3605923652777
89,4834,72.90133059021082
89,4835,62.54806280137353
89,4836,65.97618341447236
89,4837,56.3196086883657
89,4838,60.589926838843816
89,4839,50.269955992708674
89,4840,55.829815864574094
89,4841,47.29604065419184
89,4842,44.498193562008026
89,4843,41.07044041157586
89,4844,36.26560628414875
89,4845,39.39992576835524
89,4846,37.93881922961036
89,4847,38.48342835903933
89,4848,30.87561339140553
89,4849,28.28851819036944
89,4850,35.995159149177084
89,4851,23.352068066601632
89,4852,23.870627582061
90,4878,78.68839502336161
90,4879,99.20926809312887
90,4880,81.17921769620604
90,4881,61.345188617674914
90,4882,69.2823278904099
90,4883,56.95837676526249
90,4884,52.36364543435279
90,4885,52.37323701382725
90,4886,45.91557741166074
90,4887,52.58397817612741
90,4888,41.548203527906146
90,4889,42.312222719200925
90,4890,40.45998573304028
90,4891,39.412942528732515
90,4892,40.409273207166976
90,4893,29.533948302274858
90,4894,25.06346762180827
91,4888,61.69012606140795
91,4889,76.5597349405441
91,4890,87.25084304811305
91,4891,81.71032726766305
91,4892,76.00199639793323
91,4893,68.48508417607717
91,4894,66.23919546605474
91,4895,65.15329778191095
91,4896,54.73517417908804
91,4897,46.46847724915476
91,4898,51.595605611811415
91,4899,48.48373353478812
91,4900,42.783060371884275
91,4901,37.27586835623529
91,4902,38.28671246765085
91,4903,40.3327685594639
91,4904,36.45769000054131
91,4905,39.854635298260035
91,4906,26.571815907941577
91,4907,25.23236095905806
92,4906,80.59172272678067
92,4907,64.47055757047029
92,4908,68.11977267266676
92,4909,68.34053456779799
92,4910,52.76336431504346
92,4911,58.226889967929985
92,4912,44.489980638036045
92,4913,54.61636841294356
92,4914,51.31385564805098
92,4915,44.57753330470018
92,4916,34.71853494644856
92,4917,37.47212290761938
92,4918,36.54448628426325
92,4919,39.30154770613499
92,4920,77.06687629218926
92,4921,63.30414533616372
92,4922,19.59830582142266
92,4923,18.39003100991615
92,4924,16.82365179061029
92,4925,23.73149871826644
93,4936,74.5924955606609
93,4937,76.28293097020713
93,4938,82.9761797189288
93,4939,70.18366813661065
93,4940,60.5228823423506
93,4941,63.13292920590703
93,4942,52.23423957822035
93,4943,53.868128657351726
93,4944,49.25596296788242
93,4945,44.90207791326133
93,4946,44.7853508591741
93,4947,43.71430456639206
93,4948,38.44937235117724
93,4949,40.97478479144861
93,4950,32.17360407114669
93,4951,41.380047798164966
93,4952,27.488541305051093
93,4953,25.320543944840704
94,4950,69.32606935502477
94,4951,81.55420660974218
94,4952,83.54465246196287
94,4953,79.03838038446091
94,4954,71.89645707608699
94,4955,73.2761639356759
94,4956,58.34186553952093
94,4957,59.135461449634874
94,4958,53.014504909525925
94,4959,49.6976315974935
94,4960,45.66608369351342
94,4961,49.75230574608839
94,4962,42.36031204462894
94,4963,41.08583629129215
94,4964,38.18347960711285
94,4965,37.23895311356332
94,4966,36.34780257941016
94,4967,31.345799267275986
94,4968,27.008417844777714
94,4969,25.710671246056904
95,4964,69.3383377790589
95,4965,95.48577189447396
95,4966,84.53589498998417
95,4967,68.64673554893797
95,4968,76.65088713170623
95,4969,66.17373347283726
95,4970,55.71510851380359
95,4971,56.27122163773703
95,4972,50.042735338221014
95,4973,45.41025459767292
95,4974,46.24994158742446
95,4975,45.375192761430235
95,4976,46.39244735241859
95,4977,39.14302647111798
95,4978,43.15647482872868
95,4979,28.513842523103666
95,4980,26.088841259484713
96,4968,63.99840831757866
96,4969,71.50193095208637
96,4970,55.796636939020225
96,4971,67.6881784200803
96,4972,57.13088035584632
96,4973,57.15890407563393
96,4974,50.33957004544544
96,4975,46.09454512597048
96,4976,56.28258883954214
96,4977,43.91413450238842
96,4978,40.23970395327415
96,4979,36.71802252531782
96,4980,37.11347669363761
96,4981,34.93329942224623
96,4982,32.66794592142755
96,4983,36.6408285498692
96,4984,31.908861994727022
96,4985,30.09794175625446
96,4986,26.92865163088381
96,4987,26.90366148949205
96,4988,22.697601020324537
96,4989,20.872989445928912
97,5006,71.91744267936842
97,5007,94.52750444414112
97,5008,85.3117614984682
97,5009,78.68560016151218
97,5010,74.79700863362848
97,5011,60.862224698078826
97,5012,59.515943527233524
97,5013,56.8222922086425
97,5014,46.4864587783906
97,5015,56.236138343822226
97,5016,58.289943337452094
97,5017,38.41747552154483
97,5018,32.367315888411284
97,5019,40.67558974028443
97,5020,32.91919916866526
97,5021,46.12159252167666
97,5022,32.99400866032303
97,5023,25.67330271006141
97,5024,26.521988511071942
97,5025,26.283574998383983
98,5008,63.11083853246038
98,5009,70.62208056446278
98,5010,70.64391374589418
98,5011,73.87556254865208
98,5012,69.57231223584606
98,5013,61.399149298636495
98,5014,51.47611856461595
98,5015,44.021594524392306
98,5016,59.35011863709677
98,5017,45.15563786027506
98,5018,41.64722800255651
98,5019,43.70895087719833
98,5020,39.04083967206865
98,5021,41.664970815190024
98,5022,37.34284043312816
98,5023,35.73476761580225
98,5024,34.80138301847585
98,5025,28.356461226945797
98,5026,21.246755272154267
98,5027,28.176887333378684
99,5063,67.81445682045327
99,5064,71.8680578470373
99,5065,66.28477156163581
99,5066,70.88922321797828
99,5067,55.047394037218545
99,5068,60.88135421277304
99,5069,51.137092709551496
99,5070,54.11236524579141
99,5071,47.54798591137878
99,5072,43.97239476443212
99,5073,41.42846167088379
99,5074,43.01540672776883
99,5075,38.73449385166939
99,5076,38.9720624685365
99,5077,35.20325303075897
99,5078,36.13528847695116
99,5079,28.48000645638079
99,5080,33.67868274450972
99,5081,25.454171597944587
99,5082,24.324191808705404
100,5076,71.38317346574296
100,5077,79.84606325622289
100,5078,81.43595337869357
101,5109,70.04236400123827
101,5110,83.1101775169538
101,5111,87.40831017495941
101,5112,67.35711872579007
101,5113,71.30389809604812
101,5114,57.442810535442334
101,5115,60.75050532819049
101,5116,54.49581921101701
101,5117,48.381772041296045
101,5118,50.88929414750158
101,5119,43.87155175209919
101,5120,40.36259472368083
101,5121,42.413532435902454
101,5122,40.58064490557525
101,5123,33.22627186775869
101,5124,32.2052085399463
101,5125,25.482833683495826
101,5126,30.449976325041153
102,5135,71.28563761712539
102,5136,79.24993157388357
102,5137,72.32701063157567
102,5138,77.63147592540585
102,5139,62.758374810231295
102,5140,62.05063641072554
102,5141,55.14725267888213
102,5142,59.63297367092897
102,5143,49.10955727101349
102,5144,49.60596978665385
102,5145,43.78948152063037
102,5146,42.249957919129194
102,5147,40.380911529072215
102,5148,40.712960958488935
102,5149,33.13077181575988
102,5150,38.435577750213646
102,5151,35.266816020018915
102,5152,26.41624510286887
102,5153,26.7678049206787
104,5221,73.68506669999636
104,5222,68.54856133462363
104,5223,71.45620465280048
104,5224,64.55061614510095
104,5225,58.92020344735365
104,5226,55.56503891945991
104,5227,48.40668439862635
104,5228,61.87035441399851
104,5229,46.83804810048081
104,5230,42.4160805344666
104,5231,39.83242124317039
104,5232,41.202214658268545
104,5233,36.62178754807247
104,5234,34.22514796255268
104,5235,34.73464429379201
104,5236,32.31414109469103
104,5237,35.62066107989066
104,5238,28.61198723314729
104,5239,23.872065246109944
104,5240,24.22888755798822
105,5223,69.54733550549938
105,5224,76.51592373844046
105,5225,79.70953345300353
105,5226,77.15274989606485
105,5227,73.50910305973107
105,5228,74.2538398504405
105,5229,60.03696262837651
105,5230,63.79214107991534
105,5231,60.48250973221546
105,5232,44.696242511281326
105,5233,50.43136060238888
105,5234,47.46821165082411
105,5235,44.84913915396629
105,5236,38.526003062732734
105,5237,38.81277680397806
105,5238,38.60747247932366
105,5239,35.39064556360949
105,5240,39.884394407280276
105,5241,26.765042245393357
105,5242,26.594477891908394
106,5290,66.62622749806776
106,5291,68.41634452344348
106,5292,61.88929080959968
106,5293,67.99404144288462
106,5294,51.810933351527034
106,5295,57.00248301026289
106,5296,50.86441397667943
106,5297,47.03541040421468
106,5298,46.99685096741658
106,5299,42.106636762597475
106,5300,38.273821771152484
106,5301,37.282941341407565
106,5302,38.07249248025854
106,5303,32.99485623837174
106,5304,32.48585611582449
106,5305,68.1304800510542
106,5306,7.215098664160852
106,5307,22.764240503315687
106,5308,26.334174871449942
106,5309,20.80680191515812
106,5310,22.50070273876638
107,5297,72.34219193459997
107,5298,72.16347098351962
107,5299,72.81008720394225
107,5300,79.09032940866136
107,5301,71.95028364659787
107,5302,67.0005673169747
107,5303,60.421714782726866
107,5304,58.39833676816195
107,5305,61.116428375256305
107,5306,51.494647264454244
107,5307,46.69920623303389
107,5308,45.286266803750465
107,5309,47.10628509519074
107,5310,37.316181957729135
107,5311,38.83642584086237
107,5312,34.23495680094447
107,5313,35.37200421093085
107,5314,33.833159208304465
107,5315,33.57406049967481
107,5316,26.21827661991641
107,5317,26.374925672994472
108,5321,63.63813400269821
108,5322,61.99725508691113
108,5323,63.84163320065815
108,5324,61.00445687767723
108,5325,67.35136806966214
108,5326,57.03320503235998
108,5327,50.11763870713531
108,5328,48.11744570733074
108,5329,45.35571992398211
108,5330,43.1090775132265
108,5331,41.35884761808187
108,5332,34.913056790835654
108,5333,39.50043886900734
108,5334,35.95198363063881
108,5335,33.34668427706428
108,5336,30.182640552526756
108,5337,82.23336338998523
108,5338,5.559315048155325
108,5339,15.915477275851554
108,5340,27.27678090334481
108,5341,20.49646496773174
108,5342,25.922294855104536
109,5351,61.54928326607975
109,5352,68.36913228031476
109,5353,67.1310460567608
109,5354,68.1510472297804
109,5355,65.19179821015702
109,5356,58.52268397805081
109,5357,55.016146302234155
109,5358,53.90454232693791
109,5359,53.3890002965654
109,5360,44.10785168410225
109,5361,41.9079709053123
109,5362,42.372682392605626
109,5363,40.00998884437421
109,5364,35.353620350367905
109,5365,35.788854360587564
109,5366,34.11873131991111
109,5367,33.47402215002255
109,5368,28.84350478649713
109,5369,32.02689260245007
109,5370,25.156915783869273
110,5360,94.62553381921744
110,5361,90.84167718889137
110,5362,76.97983324529271
110,5363,76.84213399883154
110,5364,73.46130073071988
110,5365,70.52137434483977
110,5366,58.17565441132749
110,5367,60.26787400242583
110,5368,55.37543356419712
110,5369,48.514203429231756
110,5370,52.28339374062724
110,5371,44.237415790566665
110,5372,38.91045749188244
110,5373,45.424078702935674
110,5374,40.285432934740435
110,5375,33.20640206337636
110,5376,35.511690974242605
110,5377,33.844518363458484
110,5378,23.311429917816984
110,5379,24.626723527913224
111,5433,59.963191151630895
111,5434,81.59617781634925
111,5435,105.68282246591764
111,5436,75.06215572358671
111,5437,81.69413208963113
111,5438,63.545624613729395
111,5439,51.54711663724018
111,5441,52.37943828106969
111,5442,35.3410139679728
111,5443,47.99382805825235
111,5444,39.199022948749715
111,5445,37.53411948678957
111,5446,27.324948012834263
111,5452,29.517093300818278
113,5443,20.408693701025634
113,5444,16.64563357830379
113,5445,15.413023084394199
113,5449,11.165216043591737
113,5450,76.74783289434053
113,5451,83.9678728580642
113,5452,91.93691968913144
113,5453,85.92619121076386
113,5454,81.01039946080866
113,5455,71.06058418752177
113,5456,74.99329805370309
113,5457,62.22967386246966
113,5458,58.69379281998849
113,5459,56.47098720070811
113,5460,51.07214033604684
113,5461,43.14629584551716
113,5462,45.260367393502655
113,5463,43.54724854228653
113,5464,43.66390049458418
113,5465,39.342274367817126
114,5467,64.6078652143148
114,5468,71.29147946835982
114,5469,59.26540911198842
114,5470,69.68116700645697
114,5471,70.55549740792725
114,5472,54.38234567643294
114,5473,52.5456333160505
114,5474,48.59695494172471
114,5475,51.4370816946132
114,5476,44.91066634655892
114,5477,42.18680799005258
114,5478,42.150523066529075
114,5479,117.04888701441232
114,5480,23.22223573923573
114,5481,22.59796768425739
114,5482,29.25222784281359
114,5483,37.34989196062831
114,5484,27.356058955178572
114,5485,27.82635480166035
114,5486,25.186999440198186
115,5503,110.19001722338008
115,5505,89.68547344209549
115,5506,270.4062581060934
115,5507,60.5269861221434
115,5509,52.82529115676054
115,5510,82.40513205529899
115,5511,79.45458948613795
115,5512,77.23145663739787
115,5513,76.84534728523138
115,5515,62.27057218552875
115,5516,57.29118525983043
115,5517,47.215091586088825
115,5518,56.222775578510024
115,5519,40.255231261261365
115,5521,44.136867821209684
115,5522,40.83296835423328
115,5523,32.991828024393925
115,5524,31.270445287211633
115,5525,31.272143125540282
115,5526,24.64734703302874
116,5528,57.42965161801527
116,5529,68.10319125653668
116,5530,74.18088376523541
116,5531,68.93221914764693
116,5532,56.83693170548616
116,5533,53.96551430226446
116,5534,53.00733804700047
116,5535,49.73642170430219
116,5536,48.02673339844706
116,5537,47.631794214258136
116,5538,40.167799293974355
116,5539,43.6315396428195
116,5540,36.495393812663664
116,5541,38.31122785807418
116,5542,38.712255656699405
116,5543,30.941340923315487
116,5544,36.75057113171355
116,5545,31.128105819209388
116,5546,27.077095806604053
116,5547,23.723457455639792
117,5548,136.89416527750834
117,5549,78.13571512695131
117,5550,85.01892328264022
117,5551,132.25638985636482
117,5552,89.63054180140679
117,5553,67.90941774846475
117,5554,63.61170887948349
117,5555,52.46511876584143
117,5556,48.783899545644594
117,5557,54.4907927513231
117,5558,45.49764096737813
117,5559,43.36972922084497
117,5560,44.85127151013313
117,5561,37.747062742717624
117,5562,37.08013147116446
117,5563,33.272330760938786
117,5564,35.885362923152435
117,5565,26.389189660554415
117,5566,26.837821304803466
118,5552,73.26567113395757
118,5553,68.6696738004821
118,5554,75.92151939870438
118,5555,73.46715331079038
118,5556,60.118297934501406
118,5557,53.148052096377455
118,5558,55.16701519490386
118,5559,55.84426224228863
118,5560,49.56190109253916
118,5561,39.252613484867275
118,5562,41.506275236614854
118,5563,40.67660093305415
118,5564,41.99613511563183
118,5565,39.749892354019444
118,5566,35.194707512862536
118,5567,36.025983095150636
118,5568,27.98202484846672
118,5569,26.666401326661646
119,5595,71.25252306457689
119,5596,75.27414143086978
119,5597,64.84134614468911
119,5598,73.17315638066793
119,5599,62.21503973004019
119,5600,62.802937030804735
119,5601,50.76575696469363
119,5602,53.22562694546838
119,5603,50.06300747395558
119,5604,42.67115592957392
119,5605,39.89678621292908
119,5606,39.98544663188796
119,5607,41.171047389515486
119,5608,35.838893651969414
119,5609,32.83936589954604
119,5610,32.52482593060187
119,5611,28.908575177198436
119,5612,31.017553210264655
119,5613,25.944892466054995
119,5614,25.37864863873033
120,5597,59.62233066560024
120,5598,68.50058197976523
120,5599,71.73455357547905
120,5600,81.08017444612209
120,5601,52.52391815186592
120,5602,65.03014683720123
120,5603,55.55607497693213
120,5604,54.13384974003915
120,5605,48.38403046132097
120,5606,45.157971382118006
120,5607,44.9853846430868
120,5608,37.94725745917122
120,5609,41.3589441776064
120,5610,39.69982087612942
120,5611,34.34274137020794
120,5612,37.073868513114675
120,5613,29.144478142246594
120,5614,33.00400257111252
120,5615,20.641105771068865
120,5616,29.465023577219153
121,5624,64.80457842346691
121,5625,74.26758348943281
121,5626,84.48931574823153
121,5627,85.2100306748908
121,5628,77.3079103231584
121,5629,74.33933794499923
121,5630,59.93725419045687
121,5631,66.29612267013972
121,5632,61.02723419667504
121,5633,43.68826836348449
121,5634,54.731714129419935
121,5635,48.87813627720852
121,5636,44.186276793488716
121,5637,40.670099258430945
121,5638,39.96194243429047
121,5639,40.43334335089534
121,5640,40.04597604275547
121,5641,31.834473609930647
121,5642,27.562991380677428
121,5643,27.070902585988662
122,5678,79.58801329137478
122,5679,94.33406352998702
122,5680,86.4001590013676
122,5681,85.88620483870882
122,5682,79.61763560773525
122,5683,71.7528462410116
122,5684,63.359329104391115
122,5685,63.28437745572395
122,5686,51.8844795227154
122,5687,51.44843816758226
122,5688,51.76228880879615
122,5689,46.31872415543524
122,5690,42.84962475300688
122,5691,42.677271366127876
122,5692,40.744712948778286
122,5693,36.95931673050662
122,5694,37.370974123485375
122,5695,29.43915367124959
123,5975,66.48483753205669
123,5976,65.9375220537317
123,5977,9.35867786406992
123,5978,133.28097224238186
123,5979,36.65975421667829
123,5980,20.516242235903054
123,5981,8.446245342488735
123,5982,7.515234500171249
123,5983,9.532708972694387
123,5984,5.289708450433887
123,5985,11.746546626093341
123,5986,7.747011557222954
123,5987,8.630895316602517
123,5988,10.128705203527991
123,5989,5.0618725642571984
123,5990,10.086599215867142
123,5991,9.126681536437898
123,5992,8.690457791085565
123,5993,6.837809085847308
123,5994,10.045944973828407
123,5995,9.278004392976783
123,5996,73.69761943818605
123,5997,58.36621463299959
123,5998,20.51024615765026
123,5999,13.457287698977263
123,6000,32.546495497233195
123,6001,27.366154789930068
123,6002,14.332703053943932
123,6003,10.745120421054116
123,6004,11.232680976393073
123,6005,4.159969389439457
123,6006,4.703667908904531
123,6007,5.816191881896223
123,6008,12.28844672441727
123,6009,1.1178204137826206
123,6010,2.645353786647846
123,6011,5.14455467462642
123,6012,11.054812967779453
123,6013,3.9650442078689316
123,6014,4.631410203875033
123,6015,6.609637588263873
123,6016,4.822068326176172
123,6017,4.2107080668189445
123,6018,5.019698515535399
123,6019,4.870953932405487
123,6020,5.947760939595041
123,6021,2.979225106537935
123,6022,3.7187570706017268
123,6023,2.5584777072077123
123,6024,2.044324055313018
123,6025,1.701348982751708
123,6026,3.5651553422219697
123,6027,1.2264410778873844
123,6028,1.2261814903470334
123,6029,1.344472020864754
123,6030,1.2018928304317005
123,6031,1.1812664754682698
123,6032,1.9130376353863707
123,6033,0.0
123,6034,0.0
123,6035,1.1185168661179385
123,6036,3.3804986625916533
123,6037,1.1446761991830958
123,6038,1.1182861961418629
123,6039,1.8896683864299244
123,6040,1.101695727557163
123,6041,0.0
123,6042,1.8839643336822887
123,6043,2.2909731231634405
123,6044,1.1545128654690893
123,6045,1.5584435686461104
123,6046,1.1566761508586325
123,6047,1.0243231337519538
123,6048,1.1664057802411254
123,6049,0.0
123,6050,0.0
123,6051,0.0
123,6052,2.52676762640347
123,6053,0.0
123,6054,1.1467881035061973
123,6055,1.1467881035061973
123,6056,4.756578505036782
123,6057,1.1662580072882112
123,6058,1.5568843670192478
123,6059,1.1566761508578105
123,6060,1.1565760709347641
123,6062,0.0
123,6063,1.1565760709339423
123,6064,2.442833259702215
123,6065,1.5481460653248529
123,6066,1.1846390180292101
123,6067,1.1846390180283684
123,6068,1.1565760709347641
123,6069,0.0
123,6070,0.0
123,6071,1.538682393729993
123,6072,1.1665795370938714
123,6073,1.1405129078777914
123,6074,2.3070921935129283
123,6075,1.1665795370938714
123,6076,1.0187173169108272
123,6077,1.0187173169101034
123,6078,2.332985233515965
123,6079,0.0
123,6080,1.533112283796377
123,6081,1.1565760709339423
123,6082,0.0
123,6083,1.538682393729993
123,6084,2.3326637037086475
123,6089,0.30769017711283525
123,6090,1.1846390180292101
123,6091,0.0
123,6095,0.25677729863669435
123,6096,0.0
123,6097,0.0
123,6098,0.0
123,6099,0.0
123,6100,0.0
123,6101,1.1662580072882112
123,6102,0.0
123,6103,2.5469943322246373
123,6104,1.1467881035061973
123,6105,0.0
123,6106,1.5312471427015577
123,6107,0.0
123,6108,1.0187173169108272
123,6109,2.5469943322228277
123,6110,1.1662580072882112
123,6111,0.0
123,6112,1.0271091945471424
123,6113,0.0
123,6114,0.0
123,6115,1.1565760709347641
123,6116,0.0
123,6117,1.1565760709339423
123,6118,0.0
123,6119,1.1846390180292101
123,6120,2.3411669768381063
123,6121,3.6042294278748055
123,6122,3.4734978899366613
123,6123,2.332985233515965
123,6124,1.140512907876981
123,6125,1.0123578831555473
123,6126,1.0123578831555473
123,6127,1.4650383219115393
123,6128,1.0646262578668328
123,6129,0.0
123,6130,0.0
123,6131,0.0
123,6132,1.0123578831555473
123,6133,0.0
123,6134,1.140512907876981
123,6135,0.0
123,6136,0.0
123,6137,1.1665795370938714
123,6138,2.523253094403645
123,6140,0.5923195090146051
123,6141,1.1846390180292101
123,6142,1.1565760709339423
123,6143,0.0
123,6144,1.1565760709347641
123,6145,0.0
123,6146,0.0
123,6147,1.1565760709347641
123,6148,1.1565760709347641
123,6149,3.6201463267188627
123,6150,0.0
123,6151,0.0
123,6152,1.5312471427015577
123,6153,1.4637346006932785
123,6154,3.3749293908483544
123,6155,1.5498435683551535
123,6156,0.0
123,6157,2.5469943322246373
123,6158,1.1662580072882112
123,6159,1.0271091945464126
123,6160,1.1565760709347641
123,6161,1.1565760709347641
123,6169,0.0
123,6170,0.0
123,6171,1.595698948949893
123,6173,0.5129566323013134
123,6174,2.5348264910267737
123,6175,1.1662580072882112
123,6176,0.0
123,6177,3.645877093074841
123,6178,1.1467881035061973
123,6179,0.0
123,6180,1.1467881035061973
123,6181,0.0
123,6182,1.1467881035061973
123,6183,1.1467881035061973
123,6184,1.0187173169101034
123,6185,0.0
123,6186,2.332985233515965
123,6187,2.534826491028575
123,6191,0.29615975450724996
123,6192,2.313252221791753
123,6193,2.3132522217933964
123,6194,0.0
123,6195,3.470106907187117
123,6196,3.4701069071895825
123,6197,2.523253094405438
123,6198,1.1664057802411254
123,6199,1.1664057802402967
123,6200,2.3070921935145674
123,6201,1.0123578831555473
123,6202,1.0646262578660766
123,6203,0.0
123,6204,0.0
123,6205,1.0646262578668328
123,6206,0.0
123,6207,0.0
123,6208,0.0
123,6209,1.0123578831548279
123,6210,1.1405129078777914
123,6211,1.1405129078777914
123,6212,0.0
123,6213,3.4734978899341935
123,6214,1.0243231337519538
123,6215,2.313530836254819
123,6216,2.313530836254819
123,6217,0.0
123,6218,0.0
123,6219,1.1566761508586325
123,6220,2.291106730698367
123,6221,3.4477812051779932
123,6222,0.0
123,6223,0.0
123,6224,1.024323133751226
123,6225,2.332985233515965
123,6226,1.1405129078777914
123,6227,1.0123578831548279
123,6228,3.6255935579545557
123,6229,1.1662580072882112
123,6230,0.0
123,6231,2.3326637037086475
123,6232,1.1665795370938714
123,6233,0.0
123,6234,2.3329852335143078
123,6235,1.1662580072882112
123,6236,0.0
123,6237,0.0
123,6238,3.9454003795961223
123,6239,2.6648321561520634
123,6240,1.9489317946139875
123,6241,2.6472883298998378
123,6242,1.5521093644193815
123,6243,1.1565760709347641
123,6245,0.5923195090143947
123,6246,1.1846390180292101
123,6247,1.1565760709347641
123,6248,2.531349007040766
123,6249,2.5313490070389673
123,6250,1.1565760709347641
123,6252,0.5135545972733887
123,6253,3.49924340844224
123,6254,0.0
123,6255,1.1665795370938714
123,6256,1.5498435683540521
123,6257,1.5498435683551535
123,6258,1.1664057802411254
123,6259,0.0
123,6260,1.1664057802411254
123,6261,1.1664057802411254
123,6262,0.0
123,6263,1.5331122837952877
123,6264,1.1565760709347641
123,6265,1.1565760709347641
123,6267,0.5923195090143947
123,6269,0.5923195090146051
123,6270,1.1846390180283684
123,6271,0.0
123,6272,1.0259132646026268
123,6274,0.797849474474663
123,6278,0.39892473723740235
123,6279,2.350404337048998
123,6280,1.544088050723383
123,6281,2.3231153748917617
123,6282,3.6255935579545557
123,6283,1.544088050723383
123,6284,1.5440880507222858
123,6285,0.0
123,6286,0.0
123,6287,0.0
123,6288,1.1662580072873825
123,6289,0.0
123,6290,1.56572123989494
123,6294,0.2891440177336397
123,6295,0.0
123,6296,1.1565760709347641
123,6297,1.1565760709347641
123,6298,0.0
123,6300,0.5923195090143947
123,6301,1.1846390180292101
123,6302,1.5956989489487592
123,6303,1.1841734871270628
123,6305,0.0
123,6306,1.1662580072873825
123,6307,2.332985233515965
123,6308,1.1665795370938714
123,6309,1.1665795370930427
123,6310,1.1665795370938714
123,6311,2.332663703710305
123,6314,0.0
123,6316,0.7692254427821975
123,6318,0.0
123,6319,1.1846390180292101
123,6320,0.0
123,6321,1.1846390180292101
123,6322,1.1846390180292101
123,6323,0.0
123,6324,1.1846390180283684
123,6327,0.5128169618546768
123,6329,0.5920867435635314
123,6330,1.1841734871270628
123,6333,0.38875266909597833
123,6334,1.1662580072873825
123,6335,3.645877093077431
123,6336,1.1467881035061973
123,6337,1.5312471427026457
123,6338,0.0
123,6339,2.332985233515965
123,6340,1.0243231337519538
123,6341,1.1565760709347641
123,6342,1.1565760709339423
123,6343,0.0
123,6344,2.34116697683977
123,6345,1.1846390180283684
123,6346,0.0
123,6347,0.0
123,6348,0.0
123,6349,0.0
123,6350,2.3132522217933964
123,6351,2.3132522217933964
123,6356,0.20542183890937007
123,6357,3.49924340844224
123,6358,1.1405129078777914
123,6359,0.0
123,6360,3.6383270099766345
123,6361,2.564281336963687
123,6362,0.0
123,6363,1.0187173169101034
123,6364,2.5469943322246373
123,6365,1.1664057802411254
123,6366,2.523253094405438
123,6367,0.0
123,6368,0.0
123,6372,0.0
123,6373,3.4701069071895825
123,6374,3.470106907187117
123,6375,1.1565760709347641
123,6376,1.1565760709347641
123,6377,2.313252221791753
123,6378,1.1566761508586325
123,6379,1.56572123989494
123,6380,1.1841734871270628
123,6382,1.7584005743262405
123,6383,0.0
123,6384,1.1664057802402967
123,6385,2.5469943322246373
123,6386,0.0
123,6387,0.0
123,6388,0.0
123,6389,1.0187173169108272
123,6390,1.1665795370938714
123,6391,1.538682393729993
123,6392,0.0
123,6393,2.34116697683977
123,6394,0.0
123,6395,2.3411669768381063
123,6396,1.1565760709347641
123,6398,0.5782880354673821
123,6399,1.1566761508578105
123,6400,2.3132522217933964
123,6402,0.0
123,6405,0.5318996496498383
123,6406,1.025913264601898
123,6410,1.1913110967727887
123,6411,1.5312471427015577
123,6412,1.1467881035053824
123,6413,0.0
123,6414,3.0884788557871277
123,6415,1.5657212398938276
123,6420,0.20542183890939925
123,6421,3.4701069071920485
123,6422,2.313530836253175
123,6423,1.1566761508578105
123,6424,2.3132522217950404
123,6425,0.0
123,6426,1.1846390180283684
123,6427,2.5348264910303757
123,6431,0.6337066227569186
123,6433,0.7692254427821975
123,6434,2.3326637037086475
123,6435,0.0
123,6436,0.0
123,6437,1.1665795370930427
123,6438,1.1405129078786018
123,6439,1.140512907876981
123,6440,2.5313490070389673
123,6441,1.0243231337526817
123,6442,1.5331122837952877
123,6443,0.0
123,6448,0.2369278036058084
123,6452,0.29615975450730253
123,6453,0.0
123,6454,0.0
123,6455,0.0
123,6456,0.0
123,6457,1.5956989489510267
123,6458,2.350404337047328
123,6459,1.1664057802402967
123,6460,2.307092193516207
123,6461,1.140512907876981
123,6462,1.140512907876981
123,6463,0.0
123,6464,3.4734978899341935
123,6465,0.0
123,6466,0.0
123,6467,1.1662580072873825
123,6468,1.0271091945464126
123,6470,0.7665561418981885
123,6471,1.166405780241954
123,6472,1.0217108298087854
123,6473,1.1566761508578105
123,6474,1.1566761508594543
123,6475,2.313252221791753
123,6476,0.0
123,6477,0.0
123,6478,0.0
123,6479,0.0
123,6480,0.0
123,6481,0.0
123,6482,2.523253094407231
123,6483,1.1665795370930427
123,6484,2.3329852335143078
123,6485,2.332985233517623
123,6486,2.3329852335143078
123,6487,1.1662580072873825
123,6488,1.1662580072890398
123,6489,2.3329852335143078
123,6490,0.0
123,6491,1.1405129078786018
123,6492,2.515891771762276
123,6493,1.0217108298087854
123,6494,1.166405780241954
123,6495,1.5331122837952877
123,6496,0.0
123,6499,0.0
123,6500,1.1565760709339423
123,6501,0.0
123,6502,1.1565760709355861
123,6503,0.0
123,6504,1.2564459443085918
123,6505,1.2564459443103773
123,6506,0.0
123,6507,0.0
123,6508,1.0271091945464126
123,6509,0.0
123,6510,1.1841734871279042
123,6511,1.1841734871262215
123,6512,0.0
123,6513,3.4992434084447264
123,6514,2.3329852335143078
123,6515,1.1664057802402967
123,6516,2.523253094407231
123,6517,1.5956989489487592
123,6520,0.5318996496498383
123,6525,0.23131521418691997
123,6526,1.1565760709339423
123,6527,0.0
123,6528,0.0
123,6529,0.0
123,6530,0.0
123,6531,0.0
123,6532,1.1565760709355861
123,6533,0.0
123,6534,0.0
123,6535,1.0243231337526817
123,6536,1.1664057802402967
123,6537,0.0
123,6538,1.5498435683562548
123,6539,2.5469943322228277
123,6540,1.024018954485131
123,6541,2.3524248786292015
123,6542,1.0187173169101034
123,6543,1.0187173169101034
123,6544,0.0
123,6545,0.0
123,6546,2.5469943322264474
123,6547,0.0
123,6548,0.0
123,6549,1.5331122837974662
123,6550,0.0
123,6551,2.523253094403645
123,6552,1.0217108298102373
123,6553,1.1568546015763324
123,6554,2.313530836253175
123,6555,0.0
123,6556,1.1565760709339423
123,6557,1.027109194547872
123,6558,0.0
123,6559,1.0268918517971746
123,6560,0.0
123,6561,0.0
123,6562,1.0268918517971746
123,6563,1.538440324367492
123,6564,1.5384403243653058
123,6565,3.645877093074841
123,6566,1.146788103507012
123,6567,0.0
123,6568,3.499210216103194
123,6569,1.1759627424191204
123,6571,0.7872846722604411
123,6572,1.1662580072873825
123,6573,0.0
123,6574,1.1841734871279042
123,6575,0.0
123,6577,1.271330276504412
123,6580,0.0
123,6581,0.0
123,6582,0.0
123,6583,1.1760956794017496
123,6584,1.0211085900659107
123,6585,1.186024714262372
123,6586,1.1860247142606868
123,6587,0.0
123,6588,1.0209371801475036
123,6589,1.1957991868251405
123,6590,1.6343673504880651
123,6591,0.0
123,6592,1.469767726957046
123,6593,1.1747676506632518
123,6594,1.1745531577627615
123,6595,1.6913299262514998
123,6596,2.377693802120464
124,6691,25.140766203426338
124,6692,10.688327327365176
124,6693,11.731056869023998
124,6694,10.943019166598736
124,6695,7.638828679915336
124,6696,16.58018767835218
124,6697,8.99023286997812
124,6698,11.76615357398385
124,6699,10.932819396267345
124,6700,18.477487117042628
124,6701,15.437836199990958
124,6705,14.595483094456716
124,6706,7.978262901302071
124,6707,10.329351201662876
124,6708,25.177517831312652
124,6709,18.74882474540705
124,6710,15.728692263379097
124,6711,18.745899796476312
124,6712,15.61008766292727
124,6713,9.429131448277467
124,6714,12.607968896620976
124,6715,24.323650002467108
124,6716,22.089187502881114
124,6717,10.295396447176435
124,6718,12.431467473500568
124,6719,14.624853283180187
124,6723,18.892929106947808
124,6724,9.449294283994687
124,6725,14.271700233213753
124,6726,14.446400552980663
124,6727,16.219873130336257
124,6728,11.127133369440108
124,6729,145.14210820190632
124,6730,79.86658215530029
124,6731,26.291734278188606
124,6732,10.379859879622364
124,6733,10.108460560435846
124,6734,10.36092482506699
124,6735,6.631653159862828
124,6736,27.1025446057181
124,6737,29.37538415192055
124,6738,44.70853775743736
124,6739,40.22023916242449
124,6740,52.786007523509674
124,6741,22.2756519913876
124,6742,1.6890386492005292
124,6743,26.920975148664056
124,6744,2.686279602351248
124,6745,1.7283464223137597
124,6746,15.797033607974114
124,6747,10.855786353344133
124,6748,12.516655772918021
124,6749,8.389884755023004
124,6750,8.807446360583569
124,6751,8.404161483045094
125,6731,10.171648710960907
125,6732,12.383740246307193
125,6733,26.248977184282225
125,6734,24.144647419440314
125,6735,15.817163586630901
125,6736,16.74624994396307
125,6737,22.756566703307907
125,6738,21.263981759567525
125,6739,31.023360192759856
125,6740,25.82755386828055
125,6741,18.92758324744039
125,6742,14.193883985273729
125,6743,16.515032798043386
125,6744,22.783276140710573
125,6745,23.257276117789768
125,6746,16.631118804231512
125,6747,18.364299237718726
125,6748,18.01843509077104
125,6749,17.704541534201514
125,6750,17.63059839605383
125,6751,21.00450620054124
125,6752,24.87199276687977
125,6753,15.824417620889198
125,6754,17.669291943302653
125,6755,23.699430227301217
125,6756,14.759945422403414
125,6757,20.69649472834562
125,6758,20.092454552640174
125,6759,22.565571963775536
125,6760,15.896039307131922
125,6761,16.66912972926241
125,6762,19.63971644638964
125,6763,16.78429305554963
125,6764,15.594651550046573
125,6765,22.818077802646407
125,6766,16.520737856641535
125,6767,17.155410200348662
125,6768,15.959536582223356
125,6769,16.2990774214416
125,6770,14.59299132227151
125,6771,15.769632160677949
125,6772,12.134623378509035
125,6773,16.91376194357007
125,6774,16.627728492036685
125,6775,14.837325811378518
125,6776,17.054646313181735
125,6777,12.182094454776399
125,6778,17.266688346853957
125,6779,14.250383377067905
125,6780,8.07563111186762
125,6781,9.630895256991227
125,6782,15.757457613959339
125,6783,6.670018807050154
125,6784,4.8145078495120215
127,6799,30.478230714825695
127,6800,42.796854972817464
127,6801,39.528977572897716
127,6802,49.91521775727043
127,6803,36.902217864971355
127,6804,12.291834354394346
127,6805,21.395798921604545
127,6806,25.435455143438677
127,6807,35.903593897852176
127,6808,31.105239987357443
127,6809,23.487562537181283
127,6810,21.18365764619847
127,6811,26.024360954748193
127,6812,25.89319556950198
127,6813,22.80921041967559
127,6814,26.337232589708208
127,6815,24.704341292368646
127,6816,22.968375384828477
127,6817,32.34735488889947
127,6818,23.299284875380994
127,6819,22.745644748231594
127,6820,17.60545670985275
127,6821,20.761032700557518
127,6822,21.26392945646152
127,6823,21.48792207239959
127,6824,16.615760475412223
127,6825,16.99361130594338
127,6826,20.599236488331748
127,6827,18.17420169712766
127,6828,114.61569428438045
127,6829,49.28864836690288
127,6830,4.685317911211937
127,6831,12.427394539111456
127,6832,15.763153284802469
127,6833,19.070594608773966
127,6834,13.760928511612528
127,6835,22.679370045682553
127,6836,17.554808557024558
127,6837,11.332846730941696
127,6838,10.55059321225649
128,6858,28.243301510796403
128,6859,16.50091767310252
128,6860,32.85931617024549
128,6861,27.011923491940983
128,6862,21.887294948089846
128,6863,31.442055702238072
128,6864,23.540501296508193
128,6865,33.54443818329049
128,6866,21.359625309725164
128,6867,22.9232847690465
128,6868,22.291990667570154
128,6869,20.797467827815854
128,6870,22.540182173240577
128,6871,23.426311612150517
128,6872,23.01152944563642
128,6873,18.007643222799626
128,6874,17.681994885222306
128,6875,32.96729654072029
128,6876,15.66992506384048
128,6877,13.729809522641272
128,6878,12.562547028058301
128,6879,25.5292117595542
128,6880,16.46780580283709
128,6881,20.906075835217273
128,6882,17.81413123013209
128,6883,14.556431472294037
128,6884,11.834922730916645
128,6885,17.90251672269542
128,6886,20.421929061402363
128,6887,12.986487597220453
128,6888,13.77067163587869
128,6889,21.4788280427346
128,6890,15.728790163985789
128,6891,11.54622182251073
128,6892,17.517894655457116
128,6893,15.949231535188146
128,6894,12.91380643845779
128,6895,13.379137516014884
128,6896,11.00691743196058
128,6897,19.837847203006135
128,6898,13.361071497195084
128,6899,12.202866822492254
128,6900,12.993914633982687
128,6901,17.728867828836908
128,6902,12.04467281700276
128,6903,12.490773797028828
128,6904,10.319582596415962
128,6905,11.277834624062306
128,6906,9.115298911924468
128,6907,14.75185856224448
128,6908,8.899232894177652
128,6909,8.187662288542374
129,6874,52.199113369035516
129,6875,45.50993084905203
129,6876,40.10445356366967
129,6877,42.066191732921716
129,6878,42.39291429517485
129,6879,51.97162985799038
129,6880,42.045463621654605
129,6881,32.30434030292766
129,6882,38.243290185963126
129,6883,35.715941190701336
129,6884,32.8508323430847
129,6885,32.6773175597488
129,6886,35.02322584388848
129,6887,28.52246582506628
129,6888,32.142570912867214
129,6889,24.021389186370005
129,6890,22.958488762366947
129,6891,29.499913752105844
129,6892,27.049498558030596
129,6893,24.30377751587578
129,6894,24.5406621694788
129,6895,26.057440638528846
129,6896,26.582287251973487
129,6897,20.636823624361924
129,6898,24.101396799075196
129,6899,16.472322642818174
129,6900,22.710599005210703
129,6901,17.060480117789123
129,6902,14.705595821155573
129,6903,18.04518073796303
131,7090,88.45766544337516
131,7091,103.47569704065197
131,7092,87.33461916442218
131,7093,86.13092958922749
131,7094,85.74923515327623
131,7095,74.74108994003286
131,7096,62.429734468516855
131,7097,66.93744421001826
131,7098,52.614764571162965
131,7099,55.600642561963106
131,7100,48.95758330819486
131,7101,42.64661371705734
131,7102,49.148470759436485
131,7103,44.256416559196715
131,7104,37.337564527969334
131,7105,39.91352587941939
131,7106,30.77199429272031
132,7109,65.82696139809102
132,7110,68.6381256580977
132,7111,61.162111759154506
132,7112,73.52021813388878
132,7113,58.479371666961455
132,7114,56.447732448549004
132,7115,48.430384397481944
132,7116,46.80253028873886
132,7117,47.040410041785016
132,7118,45.99845230577023
132,7119,42.04607516531
132,7120,39.3715855479039
132,7121,101.43629550943064
132,7122,10.483000874513985
132,7123,23.14980000256308
132,7124,28.926358222987734
132,7125,28.578314781174342
132,7126,30.28331190346122
132,7127,23.908961713335803
132,7128,24.527345001684996
133,7132,75.56988179690559
133,7133,91.86062693591188
133,7134,79.59671437736255
133,7135,79.69198107726669
133,7136,75.75355410571991
133,7137,69.07080888744635
133,7138,65.48024296766515
133,7139,69.32989954944878
133,7140,49.3075633048759
133,7141,55.210268497517255
133,7142,52.35405921933357
133,7143,49.58995699879971
133,7144,42.45024383071945
133,7145,43.71605336663871
133,7146,41.66769325736975
133,7147,36.98402792213455
133,7148,36.85529530046485
133,7149,28.242647051836904
134,7157,64.58005607134017
134,7158,62.53692090508123
134,7159,68.45157265659645
134,7160,68.98181855684832
134,7161,68.68151307102505
134,7162,57.90015935894865
134,7163,55.41400909428868
134,7164,52.67808616158652
134,7165,51.9278991222116
134,7166,40.08903354410003
134,7167,40.50749838350131
134,7168,38.31732451913781
134,7169,37.55809843543608
134,7170,35.068144798260874
134,7171,36.79033488038548
134,7172,31.481014788134686
134,7173,34.5790144800963
134,7174,27.390426099325296
134,7175,32.942188382131896
134,7176,22.52084344624321
135,7177,67.59107172495314
135,7178,82.80308067794378
135,7179,76.3343328237143
135,7180,80.33113002784405
135,7181,77.69893348213036
135,7182,67.16297507292181
135,7183,60.19293308254977
135,7184,65.12377202507503
135,7185,52.9040300846581
135,7186,50.27157604691794
135,7187,47.33775436875783
135,7188,165.16304969802619
135,7189,74.31475818153393
135,7190,78.70652139182833
135,7191,15.834620744004345
135,7192,28.429645299896954
135,7193,34.60808157919067
135,7194,33.65686297419748
135,7195,28.48469495771858
136,7195,62.22018957134878
136,7196,74.01671111590441
136,7197,62.755209803549135
136,7198,64.39814329144045
136,7199,59.124689698273066
136,7200,55.13174414631884
136,7201,48.03645372388289
136,7202,55.51859378819747
136,7203,51.666265726063045
136,7204,40.318171977976206
136,7205,38.04566770795468
136,7206,188.01323890676417
136,7207,88.79041492947071
136,7208,122.80959606164372
136,7209,6.858812794085808
136,7210,20.2539047599023
136,7211,57.53008961674608
136,7212,12.424901425832115
136,7213,22.438715547343637
136,7214,19.893806129683806
136,7215,23.32285881041287
137,7200,58.678783178299454
137,7201,77.56904482837523
137,7202,73.00053477293932
137,7203,65.81667244430989
137,7204,54.10523593422983
137,7205,58.22590291505388
137,7206,54.126736521693196
137,7207,49.253790378615356
137,7208,44.791232943511936
137,7209,37.808935940246315
137,7210,39.46446776393665
137,7211,43.404992222763745
137,7212,36.84844493864082
137,7213,34.85614031556438
137,7214,31.57875984905535
137,7215,35.359877943974524
137,7216,22.870807349702655
137,7217,32.94767618177636
137,7218,22.5305503606681
137,7219,23.950409889242977
137,7220,26.16257786749455
137,7221,24.027850627921026
138,7256,87.35437095160785
138,7257,87.93613672264468
138,7259,74.81257617469774
138,7263,39.164170324810186
138,7264,77.43791699405523
138,7265,71.36955857273266
138,7266,288.6840963366273
138,7267,144.41638827316527
138,7268,64.85163509842417
138,7269,48.73376369480751
139,7262,113.02754759782731
139,7263,79.04920041568316
139,7264,75.7689338922113
139,7265,75.7904773950189
139,7266,68.27446639544021
139,7267,69.21722531315123
139,7268,63.342103958097475
139,7269,54.02907192711976
139,7270,54.78286921975194
139,7271,52.82392859463728
139,7272,45.16269743440225
139,7273,44.455959498859556
139,7274,40.746976733244765
139,7275,39.509067535380176
139,7276,37.27840304372788
139,7277,40.261287689245606
139,7278,39.83281821010459
139,7279,35.804499685746
139,7280,27.437270879770438
139,7281,23.268297314631955
140,7301,76.88192725177647
140,7302,89.31245327003973
140,7303,82.45562195773675
140,7304,76.38774633403685
140,7305,84.38324511058853
140,7306,64.19836699959332
140,7307,72.66235113150529
140,7308,56.525033712358166
140,7309,47.686232328390524
140,7310,56.09040319924687
140,7311,183.9778876303685
140,7312,74.29503321643843
140,7313,105.42852759370855
140,7314,15.07644474505607
140,7315,36.65840506551774
140,7316,32.01603233817151
140,7317,32.91561573742136
140,7318,24.45433527229965
140,7319,26.33217394354354
141,7314,63.03199231621379
141,7315,68.47497761246039
141,7316,67.35542893415855
141,7317,72.26045429702877
141,7318,61.61618292328543
141,7319,56.80385470395486
141,7320,54.52169179913592
141,7321,52.90194332604452
141,7322,48.58366727826494
141,7323,45.544981956458635
141,7324,37.249588072333836
141,7325,41.79515987632521
141,7326,33.58393907545279
141,7327,40.0773954391844
141,7328,42.30160921809894
141,7329,32.29914754627483
141,7330,31.075091958074225
141,7331,28.60018551348177
141,7332,24.37436521055531
141,7333,25.01224279402407
142,7334,85.84811210627933
142,7335,87.84721076496484
142,7336,85.83071529860874
142,7337,83.2475656270555
142,7338,81.27085804946661
142,7339,66.5219700336116
142,7340,65.13834714886194
142,7341,59.38326537614502
142,7342,49.616897106145274
142,7343,53.099176883670346
142,7344,47.68668293957279
142,7345,41.835119426229056
142,7346,44.88965392116815
142,7347,46.02580547330409
142,7348,39.4742900132931
142,7349,35.167778134378
142,7350,27.965022325501444
142,7351,30.129323601707306
143,7360,88.90287995346526
143,7361,76.2351554631797
143,7362,79.25179839130162
143,7363,69.72901761538172
143,7364,61.94035470482518
143,7365,62.63477325436249
143,7366,56.20772302155839
143,7367,46.7124617099523
143,7368,48.13104450700205
143,7369,49.12136435513196
143,7370,43.02770197389309
143,7371,44.29022580389236
143,7372,38.29647570846506
143,7373,40.70354372260873
143,7374,33.154643476039524
143,7375,26.609203219400147
143,7376,28.420633077606922
144,7413,66.56596899038648
144,7414,78.27196061607171
144,7415,70.20769000049815
144,7416,79.06855523593465
144,7417,57.98294305798426
144,7418,64.04011666771473
144,7419,53.11413824563089
144,7420,62.741755843130434
144,7421,48.29836606983763
144,7422,43.53885322806992
144,7423,43.333731293656115
144,7424,31.915755271940647
144,7425,42.401781678178075
144,7426,52.673129439327
144,7427,60.58417618280199
144,7428,14.462281912557833
144,7429,23.45816284416906
144,7430,20.355701297540104
144,7431,24.35204386709875
144,7432,25.01825630667101
145,7459,70.5109512805578
145,7460,77.749755978655
145,7461,76.45511269565486
145,7462,79.19173836704017
145,7463,70.41537880903925
145,7464,58.64190280434469
145,7465,60.468707084624825
145,7466,59.13087487226142
145,7467,54.251287579508684
145,7468,44.4408372044336
145,7469,43.786201179067376
145,7470,45.49540936944541
145,7471,41.45205169919923
145,7472,34.52976107595585
145,7473,37.5009271502303
145,7474,34.45402085784231
145,7475,27.863696515545897
145,7476,31.234106719477886
146,7467,81.82099521155939
146,7468,78.3376479148464
146,7469,82.83666729934598
146,7470,64.74324166771437
146,7471,72.2927320004167
146,7472,63.49703907963365
146,7473,59.330334663360766
146,7474,61.10939025884465
146,7475,49.91155385968516
146,7476,48.549871444677315
146,7477,50.86251497273303
146,7478,41.95703655479192
146,7479,41.984419226624944
146,7480,35.19880056384427
146,7481,38.54077398775036
146,7482,38.36215496066722
146,7483,28.533814251408288
146,7484,34.84846651552325
146,7485,24.301730990431953
146,7486,29.04954135416452
147,7498,76.40713870521452
147,7499,90.77069520958574
147,7500,72.19525516029479
147,7501,79.38690662379973
147,7502,73.25859010226236
147,7503,64.80722844597362
147,7504,58.17387342450027
147,7505,63.61554443841998
147,7506,52.17739284035875
147,7507,46.739310622257776
147,7508,50.75757622716214
147,7509,44.69058841464618
147,7510,39.67925906184944
147,7511,36.182460486870376
147,7512,40.67746192214793
147,7513,39.01584148410531
147,7514,29.65978145597848
147,7515,30.448763966544785
147,7516,22.846992015859403
147,7517,27.11252510546251
148,7500,77.7136588096221
148,7501,92.76703119273208
148,7502,78.7753307820083
148,7503,64.88635361191292
148,7504,73.48642766471919
148,7505,70.5499184132264
148,7506,58.07334423062215
148,7508,52.70358324051952
148,7509,46.654381155943845
148,7510,54.17037606244246
148,7511,46.292492151236694
148,7512,42.84612178800298
148,7513,35.68273812535671
148,7514,23.082342445838563
148,7515,30.792655348762022
149,7591,61.23039543634261
149,7592,59.30079817768878
149,7593,66.65583908554483
149,7594,56.953226923994364
149,7595,53.14081013199949
149,7596,63.4630608559232
149,7597,47.15271949765654
149,7598,44.731395542598726
149,7599,50.02415835861942
149,7600,49.46609795091006
149,7601,38.35046857593482
149,7602,37.189297378097024
149,7603,36.198942661266884
149,7604,36.5367802977375
149,7605,38.436763286625535
149,7606,32.156040966494324
149,7607,26.878826916242254
149,7608,32.99214988945227
149,7609,37.19335019586568
149,7610,30.22211730482943
149,7611,25.111803710447816
149,7612,17.113941907873937
149,7613,19.0786680579359
151,7638,77.04990863807056
151,7639,87.85945773120201
151,7640,161.17827415458063
151,7641,92.23966598519131
151,7642,84.43129956717941
151,7643,74.27487373348251
151,7644,68.57219159609356
151,7645,51.62817299363356
151,7646,61.32628440862511
151,7647,50.77180266377712
151,7648,46.80251955983629
151,7649,44.032610356847755
151,7650,41.92354381082298
151,7651,37.24061608312609
151,7652,45.299865603488165
151,7653,35.14265656469455
151,7654,34.873158931714336
152,7662,73.9672619104007
152,7663,77.43617892272363
152,7664,92.11606979365405
152,7665,76.77085161205179
152,7666,59.3753045797888
152,7667,68.99588942524241
152,7668,54.79886591431676
152,7669,56.624162793210985
152,7670,49.32558774945597
152,7671,43.50247442726277
152,7672,45.656138062453756
152,7673,44.11167383191713
152,7674,42.15163886550923
152,7675,43.672027587868286
152,7676,39.95363295076234
152,7677,42.84946918491446
152,7678,29.050767123684327
152,7679,27.922219634041806
153,7680,73.41724812991144
153,7681,77.03141748901241
153,7682,82.2094541788849
153,7683,78.2448863982754
153,7684,65.8192312717101
153,7685,74.74367558962945
153,7686,67.85858452316629
153,7687,68.69138896461787
153,7688,57.23261117940386
153,7689,54.14374709126564
153,7690,53.056175708743616
153,7691,48.111137151761895
153,7692,41.349237263181514
153,7693,44.01526451108588
153,7694,36.84282034638895
153,7695,37.029566466789376
153,7696,40.10534405711961
153,7697,33.99035811422517
153,7698,30.074231028541437
154,7724,96.11730337151687
154,7725,100.1280105113471
154,7726,90.62142491336002
154,7727,84.91528272636506
154,7728,78.4971266984538
154,7729,77.69851505752403
154,7730,66.25828206545181
154,7731,60.916700363128015
154,7732,59.47933673864053
154,7733,49.628736376737
154,7734,44.67301458118061
154,7735,45.63678860668519
154,7736,45.019687414146276
154,7737,46.59651517865658
154,7738,29.846020638969865
154,7739,29.791681766494772
155,7724,79.44246053702904
155,7725,69.40504968162801
155,7726,87.71060049529358
155,7727,74.264777898856
155,7728,64.10645306107104
155,7729,57.30145275589873
155,7730,55.86273193364456
155,7731,50.98850369450822
155,7732,54.349552989055475
155,7733,50.19414067265804
155,7734,48.1469231843702
155,7735,37.51155138019159
155,7736,43.58464390037214
155,7737,35.91835141180108
155,7738,32.88720577958237
155,7739,36.21726751325662
155,7740,28.682033121571173
155,7741,18.28183069826835
156,7745,90.58167457575932
156,7746,88.77759397037951
156,7747,104.19848799700175
156,7748,91.33556842799283
156,7749,75.8852130175327
156,7750,80.3118556737489
156,7751,66.87520623203672
156,7752,63.1183809042551
156,7753,60.23732900616426
156,7754,60.67532300945993
156,7755,52.61734485631006
156,7756,45.806288123107365
156,7757,38.60449522737199
157,7787,67.49553680416469
157,7788,87.44295895107592
157,7789,84.73559617991882
157,7790,64.56506788727317
157,7791,71.88667774206978
157,7792,65.07902204987057
157,7793,59.016264080971084
157,7794,55.08720874791388
157,7795,46.32967829701915
157,7796,50.610591173218026
157,7797,47.50893294808818
157,7798,40.51071703431918
157,7799,41.415474414863105
157,7800,40.38426160810312
157,7801,38.257251083831285
157,7802,30.53903371098435
157,7803,23.102273941028223
157,7804,28.361004888996874
158,7870,81.86678588386162
158,7871,91.8707442284466
158,7872,98.19559693331463
158,7873,82.07238793368909
158,7874,77.32148230082868
158,7875,67.08062052723314
158,7876,69.11334872242253
158,7877,56.342359185270055
158,7878,63.07106673714272
158,7879,53.43446373936781
158,7880,47.22945749763969
158,7881,45.459145903564085
158,7882,43.84703099731619
158,7883,44.17605489490157
158,7884,36.24252319334084
158,7885,36.97653383019949
158,7886,26.6579711437089
158,7887,32.07519114015846
159,7884,53.97280454632859
159,7885,58.04373800759827
159,7886,60.15327930447362
159,7887,56.75529599186855
159,7888,60.83535432821085
159,7889,52.8786832093922
159,7890,47.00437188146094
159,7891,46.12018704418562
159,7892,43.90657871959347
159,7893,42.98994719979948
159,7894,40.89520633224392
159,7895,37.046882808189515
159,7896,32.76396632197499
159,7897,37.20404952762608
159,7898,31.780158877356488
159,7899,28.514220714595027
159,7900,32.97108918426734
159,7901,49.56682026383726
159,7902,33.51565808060833
159,7903,10.772411227220747
159,7904,19.419013559808334
159,7905,26.43594861032983
159,7906,18.633771389713292
159,7907,19.740740507859066
159,7908,19.199622273435306
160,7902,69.54712092882761
160,7903,86.78098976607652
160,7904,89.04878139491294
160,7905,70.20143508917518
160,7906,72.05315172668585
160,7907,60.45999526983037
160,7908,68.22567701336231
160,7909,54.232211708994775
160,7910,51.56484067444723
160,7911,52.97512471673163
160,7912,47.42799460885483
160,7913,48.37026000027287
160,7914,40.04487097261288
160,7915,42.625523507573256
160,7916,35.50768911841761
160,7917,27.237974703297986
161,7909,80.00294029708584
161,7910,89.91485595711303
161,7911,80.65170228477167
161,7912,85.29623150821136
161,7913,79.82393503196347
161,7914,64.4706165790228
161,7915,59.95704352852616
161,7916,63.27508628374133
161,7917,52.01206684109888
161,7918,54.97448623177577
161,7919,46.05306744579689
161,7920,48.44155311581995
161,7921,37.96192109588261
161,7922,47.476365566229376
161,7923,38.07904511688192
161,7924,34.93260473016101
161,7925,36.91946446893711
161,7926,25.182571113096706
162,7950,70.61710774894917
162,7951,82.59424388404436
162,7952,75.64577221877302
162,7953,77.57498860355223
162,7954,68.5153824090607
162,7955,70.66970050341358
162,7956,58.403255939453764
162,7957,64.3857783079733
162,7958,54.31259214875304
162,7959,49.16168332097399
162,7960,51.94415330891565
162,7961,48.092544078802305
162,7962,37.927140891532574
162,7963,43.10133665804015
162,7964,40.9493494033604
162,7965,37.51709014175403
162,7966,30.79941987994134
162,7967,33.89458447693044
162,7968,26.168859601007426
162,7969,26.98722571137022
163,7950,70.09898006912461
163,7951,78.08616936202823
163,7952,65.62789320951708
163,7953,80.1024824380465
163,7954,68.29541981216751
163,7955,64.0761226416217
163,7956,54.91125583645872
163,7957,54.75448608403417
163,7958,53.15372228619717
163,7959,47.21178710458248
163,7960,44.57978636030437
163,7961,38.61303269861153
163,7962,41.45440399644639
163,7963,41.382882893123124
163,7964,38.132018744926015
163,7965,35.49214839933487
163,7966,30.51966279747878
163,7967,23.733260929572364
163,7968,25.60640037058474
164,7971,53.433219194460825
164,7972,57.74947822091009
164,7973,72.05799043174872
164,7974,58.8644510508119
164,7975,60.41611969467887
164,7976,47.11205720899079
164,7977,53.652344942141696
164,7978,50.14185905453978
164,7979,49.37007486817695
164,7980,42.26839005950958
164,7981,44.34251546857473
164,7982,41.25363528732237
164,7983,33.78453612325847
164,7984,35.11225640771977
164,7985,33.8381642103503
164,7986,32.51095354555374
164,7987,34.1883158683602
164,7988,29.574277997043804
164,7989,26.937505602822828
164,7990,29.70087826250464
164,7991,23.14781248571594
164,7992,17.2636158764274
164,7993,24.19111937283232
165,8008,82.1886402368125
165,8009,91.3823568820486
165,8010,87.5204372406802
165,8011,80.17054080959034
165,8012,70.1176750659584
165,8013,70.61194181448683
165,8014,128.88698816292845
165,8015,72.08283305164464
165,8016,59.499195814186805
165,8017,58.277728557556856
165,8018,47.517816424345504
165,8019,37.643175423179535
165,8020,41.524702012517665
165,8021,42.62598484758439
165,8022,40.93757450578503
165,8023,33.40434640644272
165,8024,31.902352273493218
165,8025,24.52625602482495
165,8026,27.939839065060628
166,8026,71.7595624923339
166,8027,70.178174972598
166,8028,67.10879445072557
166,8029,72.84892022605985
166,8030,59.3207591772619
166,8031,59.96428012844832
166,8032,60.23135304456467
166,8033,55.93259811398506
166,8034,49.81344401833847
166,8035,38.864964544808444
166,8036,43.56193363664306
166,8037,153.8114905356574
166,8038,83.22663903243958
166,8039,82.06664800639722
166,8040,9.958663210267694
166,8041,21.660042107124955
166,8042,31.597867906077433
166,8043,23.92735093830792
166,8044,23.363920748255047
167,8045,71.37295961376354
167,8046,72.5797337294285
167,8047,84.72875654693084
167,8048,74.00088071819334
167,8049,59.44112598901433
167,8050,66.05075418945748
167,8051,60.02624988552837
167,8052,59.40458893781342
167,8053,57.524532079667225
167,8054,51.30534231660126
167,8055,39.436991214788065
167,8056,50.68649768826753
167,8057,43.1818941235935
167,8058,33.72672915456954
167,8059,39.067358672598886
167,8060,36.4579743147228
167,8061,35.72971165178379
167,8062,33.82253229616342
167,8063,35.252670049699425
167,8064,23.92132937906949
167,8065,22.15514704583942
168,8060,68.30129921442521
168,8061,70.39170563217377
168,8062,70.42034626003478
168,8063,75.85732340819582
168,8064,66.40584111210288
168,8065,58.73847305771683
168,8066,55.271342396786416
168,8067,53.603137135478256
168,8068,51.305776834461675
168,8069,45.50590217117634
168,8070,44.18914407489424
168,8071,37.35079050067484
168,8072,38.152395486812146
168,8073,112.0554721354865
168,8074,14.610850811017928
168,8075,25.34426003693238
168,8076,24.873446524130493
168,8077,22.381941229125353
168,8078,29.28476572035245
169,8072,58.1854230165184
169,8073,73.71422231193586
169,8074,79.30356502540171
169,8075,76.73043072219738
169,8076,66.25440895554014
169,8077,64.0979129076587
169,8078,57.437134981126015
169,8079,60.5652290582347
169,8080,56.3821631670511
169,8081,49.45013880727146
169,8082,50.750650763557815
169,8083,45.94845592973266
169,8084,39.98890399930816
169,8085,43.2570925355351
169,8086,39.38775122163665
169,8087,39.43082749841581
169,8088,31.85661524537123
169,8089,26.80518954990923
170,8098,66.37665867802086
170,8099,75.26159942156961
170,8101,77.54813969131317
170,8102,78.23913037784064
170,8103,58.767505288094014
170,8104,55.62404215333
170,8105,58.212432861381075
170,8106,49.66863155362449
170,8107,41.20394200090341
170,8108,183.20137739172148
170,8109,29.539677500709683
170,8110,5.38187082857383
170,8111,21.205443888891814
170,8112,32.23839014766951
170,8113,35.542412996324444
170,8114,27.902454435811077
170,8115,28.26713293789371
170,8116,24.85288202764864
171,8253,3.793074376879182
171,8254,4.4955080375052345
171,8255,9.906700775036287
171,8256,13.500664383166082
171,8257,6.330219805246388
171,8258,10.431697592133908
171,8259,6.447203680869619
171,8260,9.96497176588488
171,8261,5.039828829464719
171,8262,7.559349462386079
171,8263,5.337986201052752
171,8264,6.277154982086786
171,8265,3.989568650720463
171,8266,5.052868388597792
171,8267,7.346622794862803
171,8268,1.2560498155647053
171,8269,4.370832592252892
171,8270,2.190778031944108
171,8271,2.143062371762556
171,8272,1.5806802548460026
171,8273,1.2404650077217432
171,8274,1.7550478130594955
171,8275,1.2328440137201202
171,8276,1.7942580208173156
171,8277,3.4407554939420524
171,8278,1.803933084010155
171,8279,2.1369784511614838
171,8280,2.1369784511645205
171,8281,3.4713980555516604
171,8282,2.0563375018555745
171,8283,1.1256513744586907
171,8284,0.0
171,8295,0.09381653148342312
171,8296,1.3385514635604874
171,8297,1.0798270907247505
171,8298,1.0319818463171209
171,8299,1.0621704440573578
171,8300,2.0337876677502718
171,8301,0.0
171,8302,1.6558444686249059
171,8303,1.9300698302676342
171,8304,1.8329217284908454
171,8305,0.0
171,8306,2.0744100585569263
171,8307,1.1142818257222773
171,8308,0.0
171,8309,3.0468013510092407
171,8310,1.6344225034132562
171,8311,1.690743025391429
171,8312,1.8329217284908454
171,8313,3.5236002132328608
171,8314,0.0
171,8315,0.0
171,8316,1.944271456451992
171,8317,0.0
171,8318,1.1142530757928155
171,8319,0.0
171,8320,0.0
171,8321,0.0
171,8322,0.0
171,8323,2.7044178731725683
171,8324,1.6558444686249059
171,8325,2.0646541938175127
171,8326,2.121699415146219
171,8327,0.0
171,8328,0.0
171,8329,1.690743025391429
171,8330,0.0
171,8331,1.690743025391429
171,8332,1.1155536957095278
171,8333,3.0966361239536657
171,8336,0.34399394877253664
171,8337,1.0319818463171209
171,8338,2.126904577018765
171,8339,1.0171737056220336
171,8340,2.121699415146219
171,8341,1.0322835110137314
171,8342,1.03237076662428
171,8343,1.1155536957079426
171,8344,0.0
171,8345,2.121699415146219
171,8346,1.0319818463185875
171,8347,2.1269045770157424
171,8348,1.0171737056220336
171,8349,0.0
171,8350,0.0
171,8351,0.0
171,8352,1.1155536957095278
171,8353,1.6737423464647314
171,8354,0.0
171,8355,1.6737423464671097
171,8356,1.6737423464647314
171,8357,0.0
171,8358,0.0
171,8359,1.8094466999163907
171,8360,0.0
171,8361,1.1094180587673472
171,8362,1.8329217284908454
171,8363,1.1142818257222773
171,8364,2.701550927011777
171,8365,1.3443932309739863
171,8366,1.6907430253938318
171,8367,3.7301380187253947
171,8368,2.121699415146219
171,8369,1.6907430253938318
171,8370,0.0
171,8371,0.0
171,8372,0.0
171,8373,1.690743025391429
171,8374,1.6907430253938318
171,8375,3.7198312953095476
171,8376,1.0798270907247505
171,8377,2.064654193820447
171,8378,1.9300698302676342
171,8379,0.0
171,8380,3.730138018730695
171,8381,1.0322835110122643
171,8382,1.0323707666257471
171,8383,0.0
171,8384,0.0
171,8385,1.1155536957095278
171,8386,0.0
171,8387,3.0537368729694956
171,8388,2.126904577018765
171,8389,0.0
171,8390,2.0337876677502718
171,8393,1.016987152397594
171,8394,1.6907430253938318
171,8395,1.1142818257206937
171,8396,2.1025343611855556
171,8397,1.1155536957079426
171,8398,1.9300698302676342
171,8399,1.6907430253938318
171,8400,1.1155536957079426
171,8401,3.0966361239536657
171,8404,0.34399394877253664
171,8405,1.0319818463185875
171,8406,2.1269045770157424
171,8407,1.0171737056234789
171,8408,1.0171737056220336
171,8409,1.0171737056220336
171,8410,0.0
171,8411,0.0
171,8412,0.0
171,8413,2.0341757498700046
171,8414,1.0170019604260487
171,8415,1.0170019604260487
171,8416,2.511514071377416
171,8417,1.6737423464647314
171,8418,1.1142818257206937
171,8419,1.1142818257222773
171,8420,2.701550927011777
171,8421,1.0322835110137314
171,8422,0.0
171,8423,2.121699415146219
171,8424,2.121699415149234
171,8425,1.0322835110122643
171,8426,1.0322835110122643
171,8427,1.3413434755069298
171,8428,1.6558444686225526
171,8429,0.0
171,8430,1.930069830270377
171,8431,3.7301380187253947
171,8432,2.064654193820447
171,8433,1.6737423464647314
171,8434,0.0
171,8435,1.1142818257222773
171,8436,2.7044178731725683
171,8437,1.6558444686225526
171,8438,2.064654193820447
171,8439,1.0798270907247505
171,8440,2.034175749867114
171,8441,1.0171737056234789
171,8442,0.0
171,8443,1.6558444686225526
171,8444,0.0
171,8445,1.9300698302676342
171,8446,1.6907430253938318
171,8447,0.0
171,8448,1.690743025391429
171,8449,0.0
171,8450,2.7044178731725683
171,8451,0.0
171,8454,0.4471144918352196
171,8455,1.0322835110137314
171,8456,2.0642652735103537
171,8458,0.515990923158927
171,8459,1.0322835110122643
171,8460,1.3443932309758968
171,8461,1.690743025391429
171,8462,3.7301380187253947
171,8463,2.121699415149234
171,8464,2.121699415146219
171,8466,0.515990923158927
171,8467,2.1269045770157424
171,8468,1.0171737056220336
171,8469,1.6907430253938318
171,8470,1.9300698302676342
171,8471,2.064654193820447
171,8472,1.0319818463171209
171,8473,2.1269045770157424
171,8474,0.0
171,8475,1.3413434755050235
171,8476,1.3413434755050235
171,8477,1.0171737056234789
171,8478,0.0
171,8479,0.0
171,8480,1.6907430253938318
171,8481,1.690743025391429
171,8482,1.6907430253938318
171,8483,3.7301380187253947
171,8488,0.20639636926354152
171,8491,0.37880262359975336
171,8492,1.0277603007847773
171,8493,1.1256513744586907
171,8500,0.14742597804539279
171,8502,0.0
171,8503,3.0537368729694956
171,8504,2.121699415146219
171,8505,0.0
171,8506,1.0319818463171209
171,8508,1.0634522885086268
171,8509,1.3413434755050235
171,8511,0.515990923158927
171,8512,0.0
171,8513,2.682524677368458
171,8514,1.3443072326474466
171,8515,1.0170019604260487
171,8516,0.0
171,8520,0.2542934264055987
171,8521,2.121699415149234
171,8522,2.121699415146219
171,8523,2.034175749867114
171,8524,0.0
171,8527,0.33900065347551017
171,8528,1.097611896693145
171,8529,1.3443072326474466
171,8530,0.0
171,8531,0.0
171,8532,1.0798270907262848
171,8533,1.0319818463171209
171,8534,1.0621704440558484
171,8535,2.033787667753162
171,8536,2.0337876677502718
171,8537,1.016785707324223
171,8538,0.0
171,8539,0.0
171,8540,1.3385514635585851
171,8541,3.096636123958066
171,8542,1.03237076662428
171,8543,2.784610055385596
171,8544,1.6907430253938318
171,8545,2.034175749867114
171,8546,1.016785707325668
171,8547,0.0
171,8550,0.3540568146854505
171,8551,1.0319818463171209
171,8552,1.0319818463185875
171,8555,0.7089681923389166
171,8556,0.0
171,8557,1.0170019604274938
171,8558,2.034175749867114
171,8559,0.0
171,8560,0.0
171,8561,1.3443932309739863
171,8562,2.784610055385596
171,8563,0.0
171,8564,3.7301380187253947
171,8567,0.0
171,8570,0.3599423635750873
171,8571,1.016785707325668
171,8572,2.0337876677502718
171,8573,1.347661335020568
171,8574,1.707958281041745
171,8575,3.728610165415287
171,8576,0.0
171,8577,1.016785707325668
171,8579,0.5310852220279242
171,8580,3.096636123958066
171,8581,1.03237076662428
171,8582,0.0
171,8583,1.0322835110122643
171,8584,0.0
171,8587,0.0
171,8588,1.0322835110137314
171,8589,2.0642652735103537
171,8590,0.0
171,8593,0.7089681923389166
171,8594,1.0171737056234789
171,8595,1.0171737056220336
171,8596,1.0171737056234789
171,8597,2.034175749867114
171,8598,1.0798270907247505
171,8600,0.0
171,8601,0.0
171,8602,1.0322835110137314
171,8603,2.0642652735103537
171,8604,2.0642652735103537
171,8605,1.634333655239638
171,8606,1.0170019604260487
171,8607,1.3413434755069298
171,8608,2.0646541938175127
171,8609,2.0646541938175127
171,8611,0.515990923158927
171,8613,1.0634522885086268
171,8614,1.0171737056220336
171,8615,0.0
171,8616,2.0341757498700046
171,8617,2.034175749867114
171,8618,2.034175749867114
171,8619,1.016785707325668
171,8624,0.4067575335502856
171,8631,0.19162049650079543
171,8632,2.064654193820447
171,8633,1.03237076662428
171,8634,1.4060873910777527
171,8635,1.1256513744602905
171,8636,0.0
171,8643,0.15426101296074124
171,8644,0.0
171,8645,0.0
171,8646,0.0
171,8647,1.3385514635585851
171,8648,1.0319818463171209
171,8649,1.0319818463185875
171,8654,0.4253809154032694
171,8664,0.1341343475505786
171,8665,0.0
171,8666,1.0319818463185875
171,8678,0.0
171,8680,0.5682039353997645
171,8682,0.0
171,8683,1.0277603007847773
171,8684,1.0277603007847773
171,8685,3.128466904166206
171,8686,1.1041466798627688
171,8687,2.0563375018526524
171,8688,1.6393909603372225
171,8689,2.1269045770157424
171,8690,1.0171737056220336
171,8691,1.3443932309758968
171,8692,0.0
171,8698,0.41516083292661526
171,8700,0.5083928536624728
171,8706,0.17997118178754365
171,8707,1.3413434755069298
171,8708,2.1269045770157424
171,8711,0.4461838211864064
171,8712,0.0
171,8713,1.016785707325668
171,8714,0.0
171,8715,0.0
171,8716,1.016785707325668
171,8717,0.0
171,8719,0.5399135453627588
171,8723,0.0
171,8724,1.0798270907262848
171,8726,0.5083928536621115
171,8730,0.2655426110141507
171,8731,0.0
171,8732,0.0
171,8735,0.7089681923389166
171,8737,0.6706717377525118
171,8738,2.121699415149234
171,8739,1.3443932309739863
171,8740,1.3443932309739863
171,8741,0.0
171,8742,2.1025343611825678
171,8743,2.701550927011777
171,8744,2.064265273513287
171,8748,0.2579954615793719
171,8749,0.0
171,8750,1.0319818463171209
171,8751,1.0319818463171209
171,8752,2.064654193820447
171,8753,1.9300698302676342
171,8754,3.7301380187253947
171,8755,0.0
171,8756,0.0
171,8770,0.11519487814179442
171,8772,0.8063641469927247
171,8773,1.0319818463171209
171,8774,0.0
171,8775,1.0319818463171209
171,8776,0.0
171,8777,1.0319818463185875
171,8778,3.0537368729694956
171,8779,1.690743025391429
171,8780,0.0
171,8781,3.7198312953095476
171,8782,1.0170019604274938
171,8783,1.0170019604260487
171,8784,1.3443072326474466
171,8785,2.11598396301462
171,8789,0.7627403642981052
171,8790,2.1025343611825678
171,8791,3.050295598807725
171,8792,1.0171737056220336
171,8793,1.0171737056220336
171,8794,0.0
171,8795,1.3413434755050235
171,8796,1.0322835110137314
171,8797,1.0322835110122643
171,8798,2.121699415146219
171,8799,2.0341757498700046
171,8805,0.16946428455411747
171,8806,2.115983963011613
171,8807,3.0468013510135705
171,8808,0.0
171,8809,3.7301380187253947
171,8810,0.0
171,8811,1.0319818463171209
171,8814,1.0322120413183775
171,8815,2.0646541938175127
171,8816,0.0
171,8817,1.4114057086400917
171,8818,0.0
171,8819,1.0277603007862377
171,8820,0.0
171,8822,0.703043695539376
171,8823,2.1963223256159514
171,8836,0.10856966989545101
171,8837,1.0322835110122643
171,8838,1.0322835110137314
171,8839,0.0
171,8840,1.0322835110122643
171,8841,1.0323707666257471
171,8842,2.0646541938175127
171,8845,0.4704685695469201
171,8846,4.768875762824582
171,8847,0.0
171,8848,2.701550927011777
171,8852,0.6227412493900704
171,8853,0.0
171,8854,1.016785707324223
171,8856,0.5083928536624728
171,8857,0.0
171,8858,1.0621704440558484
171,8860,1.0634522885086268
171,8861,2.1269045770157424
171,8865,0.3346378658897652
171,8866,2.0341757498700046
171,8867,0.0
171,8868,1.690743025391429
171,8869,2.7846100553895528
171,8870,1.4060873910777527
171,8871,1.406087391079751
171,8872,1.619634814559585
171,8873,1.1041466798627688
171,8874,1.1155536957095278
171,8875,0.0
171,8876,1.115543553605105
171,8877,2.111064959319366
171,8878,1.0170019604260487
171,8879,1.0170019604260487
171,8884,0.0
171,8891,0.19122163765134292
171,8892,2.0642652735103537
171,8894,0.516141755506499
171,8895,1.0319818463171209
171,8896,3.096636123958066
171,8897,1.9300698302676342
171,8898,2.784610055385596
171,8899,4.5090622454922675
171,8900,3.4831015393120115
171,8901,1.9300698302676342
171,8902,0.0
171,8903,2.784610055385596
171,8904,2.701550927011777
171,8905,1.6737423464671097
171,8906,0.0
171,8907,1.6737423464671097
171,8908,1.6737423464647314
171,8909,1.9300698302676342
171,8910,0.0
171,8911,1.8329217284908454
171,8912,3.5236002132278537
171,8913,2.0341757498700046
171,8914,2.034175749867114
171,8915,1.3443932309739863
171,8916,1.0322835110137314
171,8917,0.0
171,8918,0.0
171,8919,0.0
171,8920,0.0
171,8921,0.0
171,8922,0.0
171,8923,0.0
171,8924,1.0322835110137314
171,8925,1.0322835110122643
171,8926,3.7301380187253947
171,8927,2.704417873176412
171,8928,1.3413434755050235
171,8929,0.0
171,8930,1.0322835110137314
171,8931,1.0322835110122643
171,8932,0.0
171,8933,1.0798270907247505
171,8934,0.0
171,8935,0.0
171,8936,2.511514071373847
171,8937,1.9300698302676342
171,8938,0.0
171,8939,1.8329217284908454
171,8940,1.1094180587673472
171,8941,0.0
171,8942,3.4831015393120115
171,8943,2.0646541938175127
171,8944,1.0322835110137314
171,8945,0.0
171,8946,0.0
171,8947,1.0322835110122643
171,8948,3.731792271135329
171,8949,2.701550927015616
171,8950,0.0
171,8951,2.784610055385596
171,8952,2.7846100553895528
171,8953,1.0322835110122643
171,8954,0.0
171,8955,2.121699415149234
171,8956,1.690743025391429
171,8957,1.8329217284934503
171,8958,4.549997784195003
171,8959,1.0322835110122643
171,8960,0.0
171,8961,1.1256513744586907
171,8962,2.7501483634100197
171,8963,1.0171737056234789
171,8964,2.7044178731725683
171,8965,0.0
171,8966,1.8329217284934503
171,8967,3.594709597526142
171,8968,1.6737423464647314
171,8969,2.701550927015616
171,8970,0.0
171,8971,0.0
171,8972,0.0
171,8973,1.1148963030421992
171,8974,1.1148963030437835
171,8975,1.03237076662428
171,8976,1.6558444686225526
171,8977,2.033787667753162
171,8978,0.0
171,8979,1.016785707324223
171,8980,0.0
171,8981,1.0170019604260487
171,8982,1.0170019604274938
171,8983,0.0
171,8984,5.54979220032408
171,8985,4.5499977842014685
171,8986,1.097625726833378
171,8987,1.3413434755050235
171,8988,0.0
171,8989,0.0
171,8990,0.0
171,8991,1.0798270907262848
171,8992,0.0
171,8993,0.0
171,8994,0.0
171,8995,1.0798270907247505
171,8996,0.0
171,8997,1.0319818463171209
171,8998,1.0319818463171209
171,8999,0.0
171,9000,3.9896330237368205
171,9001,2.693055868147426
171,9002,1.6295665316298524
171,9003,2.0646541938175127
171,9004,1.6737423464647314
171,9005,3.7317922711406317
171,9006,1.0322835110122643
171,9007,2.064265273513287
171,9010,0.0
171,9011,0.0
171,9012,1.6393909603348928
171,9013,1.0277603007862377
171,9014,2.1963223256159514
171,9015,1.03237076662428
171,9016,1.6737423464671097
171,9017,2.701550927011777
171,9018,1.0322835110122643
171,9019,1.1256513744602905
171,9020,1.0277603007847773
171,9021,1.0277603007862377
171,9022,1.1256513744586907
171,9023,0.0
171,9024,0.0
171,9025,2.121699415146219
171,9026,2.034175749867114
171,9027,1.634333655239638
171,9028,1.0322835110122643
171,9029,0.0
171,9030,1.0319818463185875
171,9032,1.5268684364858327
171,9033,0.0
171,9034,1.690743025391429
171,9035,1.8329217284934503
171,9036,4.535889029500548
171,9037,1.0170019604260487
171,9038,3.719831295314834
171,9039,1.8329217284908454
171,9040,4.549997784195003
171,9041,0.0
171,9042,0.0
171,9043,1.0322835110122643
171,9044,2.064654193820447
171,9045,3.4831015393120115
171,9046,1.809446699918962
171,9047,1.6737423464647314
171,9048,1.4006598573170888
171,9049,1.6295665316298524
171,9050,1.6295665316275365
171,9051,1.0281039588148102
171,9052,2.195130921902269
171,9053,1.9300698302676342
171,9054,2.7044178731725683
171,9055,1.0170019604274938
171,9056,4.031861051915014
171,9057,2.701550927015616
171,9058,1.0322835110122643
171,9059,1.0798270907247505
171,9060,2.511514071377416
171,9061,1.6558444686225526
171,9062,2.7044178731725683
171,9063,0.0
171,9064,0.0
171,9065,0.0
171,9066,0.0
171,9067,2.784610055385596
171,9068,1.03237076662428
171,9069,1.1155536957095278
171,9070,1.690743025391429
171,9071,1.6907430253938318
171,9072,1.1155536957079426
171,9073,0.0
171,9074,1.6737423464671097
171,9075,1.1142818257206937
171,9076,0.0
171,9077,0.0
171,9078,1.9300698302676342
171,9079,1.9300698302676342
171,9080,1.6907430253938318
171,9081,0.0
171,9082,3.5236002132328608
171,9083,0.0
171,9084,1.8329217284908454
171,9085,0.0
171,9086,0.0
171,9087,2.7044178731725683
171,9088,2.704417873176412
171,9089,1.9300698302676342
171,9090,1.1155536957079426
171,9091,1.6907430253938318
171,9092,0.0
171,9093,2.116894572972168
171,9094,1.1155435536066902
171,9095,2.034175749867114
172,9129,25.66563159226058
172,9130,20.335352718848604
172,9131,18.865984976282004
172,9132,17.408386766926387
172,9133,20.417661666859672
172,9134,13.711416274302143
172,9135,25.78732073309383
172,9136,19.896343499411895
172,9137,22.7627438306692
172,9138,24.177676141284042
172,9139,14.460825473062746
172,9140,16.143864691249217
172,9141,17.624484300629433
172,9142,24.993086457239716
172,9143,19.990018308152464
172,9144,18.05727750064585
172,9145,14.862117469303158
172,9146,11.243800744424556
172,9147,16.191031336776078
172,9148,19.594664722671023
172,9149,22.491703927537394
172,9150,25.01529783009203
172,9151,17.47598782180846
172,9152,16.650788784042245
172,9153,19.532670825709843
172,9154,10.645535364741601
172,9155,18.910669237392458
172,9156,20.3576324880019
172,9157,17.530696839110107
172,9158,18.53772550820356
172,9159,12.558962255709899
172,9160,15.511147677912515
172,9161,10.236867964262494
172,9162,15.928927212945418
172,9163,11.527710556994432
172,9164,19.429635107507302
172,9165,15.561106503001835
172,9166,15.267766714109957
172,9167,11.324321329587866
172,9168,14.200091958038696
172,9169,15.141469538225595
172,9170,11.42954304813754
172,9171,8.231721594937182
172,9172,14.640534818164967
172,9173,9.855143353337969
172,9174,14.963608235134382
172,9175,15.007038563482237
172,9176,11.048238202923846
172,9177,11.673990190039762
172,9178,14.934795945875155
172,9179,10.677341669792435
172,9180,5.747509896760445
172,9181,12.035735696548027
172,9182,16.830318421140717
172,9183,11.439980864518988
172,9184,7.61787258088199
172,9185,13.558629602206164
172,9186,8.461555391545735
172,9187,6.001210659739285
172,9188,10.134699940690677
173,9136,10.282466858620152
173,9137,9.383614361281362
173,9138,7.823559120304548
173,9139,15.865969061843384
173,9140,13.87127593158966
173,9141,14.495289176715684
173,9142,16.719297766676934
173,9143,15.451931208364213
173,9144,14.583527147783192
173,9145,11.582042723888195
173,9146,15.774366259589238
173,9147,17.072301954022254
173,9148,15.958930402985994
173,9149,12.992059886467352
173,9150,22.852638065803283
173,9151,18.482948094596946
173,9152,14.322686344398173
173,9153,12.694895267480078
173,9154,14.661441296331533
173,9155,16.1666513979582
173,9156,13.375052511685205
173,9157,19.34396803380818
173,9158,14.631238281719352
173,9159,20.141095072020715
173,9160,17.808715850131023
173,9161,13.817210644476496
173,9162,11.172018125647552
173,9163,18.808105587976396
173,9164,16.552225649348376
173,9165,19.32189077137912
173,9166,15.732723623528484
173,9167,16.62093847989186
173,9168,20.568722337473837
173,9169,14.739482849849757
173,9170,8.946775719518852
173,9171,16.759247928873044
173,9172,13.51358726619983
173,9173,15.091935843221572
173,9174,14.139018058789716
173,9175,16.510074734679357
173,9176,14.89048451184465
173,9177,23.043233156225185
173,9178,15.159915089599481
173,9179,11.203448250884048
173,9180,11.429359316836262
173,9181,12.84466579555808
173,9182,13.527762740862753
173,9183,18.14433395861651
173,9184,17.557230591765006
173,9185,13.855029791606153
173,9186,16.36092782019732
173,9187,14.405923336736938
173,9188,14.144814312470903
173,9189,14.289181530468305
173,9190,14.145513027899181
173,9191,15.807335972800326
173,9192,10.591447949404067
173,9193,15.385891199104067
173,9194,12.133980989467213
173,9195,13.196863979094429
173,9196,14.024890065205932
173,9197,19.945553988208104
173,9198,10.677343681449196
173,9199,14.428445845855483
173,9200,9.737405106420304
173,9201,15.854486525050635
173,9202,11.862452924262344
173,9203,10.639101415867131
173,9204,13.949359059326666
173,9205,16.95290073753945
174,9214,37.48221606014241
174,9215,36.05564296243731
174,9216,33.56649935248567
174,9217,36.580921411495574
174,9218,32.02250182626993
174,9219,30.17202436926725
174,9220,35.17008751628984
174,9221,35.13636946681357
174,9222,34.5134344696822
174,9223,29.14574146269261
174,9224,32.899466156989455
174,9225,28.974195420727213
174,9226,28.275238573536715
174,9227,24.78913933040966
174,9228,24.44122731684388
174,9229,27.67828345297351
174,9230,25.768542587780548
174,9231,23.071892559516545
174,9232,19.117126911895973
174,9233,23.65241646765453
174,9234,22.043746858823944
174,9235,15.552548915161927
174,9236,18.898101747026313
174,9237,22.216711789358218
174,9238,111.94372057924915
174,9239,82.28216886516176
174,9240,21.78847566245872
174,9241,92.57030725487546
174,9242,18.37964683770193
174,9243,9.24404025077347
174,9244,75.9354346991276
174,9245,29.413251578792785
174,9246,1.2158293370168538
174,9247,11.684952378267033
174,9248,9.23322960733895
174,9249,12.738619297754429
174,9250,17.71602943538713
174,9251,15.105581581584833
174,9252,9.340324178346547
174,9253,12.529091835015564
174,9254,13.904778063290157
175,9230,32.5675427913962
175,9231,34.81595009563573
175,9232,33.81111949685311
175,9233,42.92966723439882
175,9234,35.099175274354145
175,9235,42.64231681827609
175,9236,30.127370953544464
175,9237,33.733187913877394
175,9238,33.93953830006825
175,9239,31.514174938185782
175,9240,29.161357283577306
175,9241,31.497059762506524
175,9242,28.631792664513245
175,9243,26.419694423662023
175,9244,31.635134518175285
175,9245,25.710022151457032
175,9246,24.605853259585825
175,9247,24.18185234068587
175,9248,23.53357315062273
175,9249,26.680987179303592
175,9250,18.999565690746124
175,9251,18.237622529258935
175,9252,19.21093583108742
175,9253,14.573189914219077
175,9254,22.78055906294611
175,9255,21.315867751856164
175,9256,21.98132380842038
175,9257,15.961949229254934
175,9258,24.83734935520809
175,9259,18.535078167905862
175,9260,13.513930588972938
175,9261,14.848937094203981
175,9262,18.191024512043228
175,9263,15.329563468708628
175,9264,18.78830149768822
175,9265,16.356849521390178
175,9266,15.726390928044317
175,9267,15.368379056445843
175,9268,16.438748091450865
175,9269,17.772506028429937
175,9270,10.65202496945313
175,9271,15.959812849774572
175,9272,17.736415565004812
175,9273,12.600599527352562
175,9274,9.074066653855947
175,9275,9.990465492005006
175,9276,9.755426868791357
176,9273,42.8827258944292
176,9274,45.94103693966276
176,9275,38.45668941734254
176,9276,32.26328372953672
176,9277,34.67654228213603
176,9278,28.80686044691519
176,9279,35.25968134401425
176,9280,37.03579455617458
176,9281,44.34034556148168
176,9282,28.946504294898613
176,9283,22.555996477592373
176,9284,36.38044774530457
176,9285,25.245235562347485
176,9286,26.65641009806223
176,9287,24.06617939470967
176,9288,24.1600030660849
176,9289,30.85536539553018
176,9290,14.814536422483496
176,9291,21.690400689860045
176,9292,24.84578222035091
176,9293,18.204717189064247
176,9294,20.328903347272288
176,9296,99.86657023431857
176,9297,2.3820015974330637
176,9298,81.06763243671084
176,9299,14.77647989989671
176,9300,7.244400456544032
176,9301,16.30793675779462
176,9302,17.8006450832052
176,9303,14.855875968925506
176,9304,18.690184950818992
176,9305,17.66106560827908
176,9306,22.74618119000225
176,9307,17.27211043240211
176,9308,11.034972667688447
176,9309,13.440236896269598
176,9310,16.043909490123085
177,9283,21.73686996101221
177,9284,46.15501821038746
177,9285,37.84467637542352
177,9286,38.506208360175464
177,9287,67.20032751556774
177,9288,56.72096371655854
177,9289,35.272966325265
177,9290,32.98555970190268
177,9291,31.979033947020053
177,9292,26.372535824762203
177,9293,23.829914331423964
177,9294,28.55656743052219
177,9295,27.13199257849259
177,9296,30.722360014943405
177,9297,22.262645959842736
177,9298,23.510946035373102
177,9299,22.01330512764072
177,9300,26.101176738725663
177,9301,25.923056602464765
177,9302,16.237271279111372
177,9303,23.238162696349654
177,9304,19.786279052485835
177,9305,18.166279792802165
177,9306,23.758932352053886
177,9307,19.83358919622318
177,9308,19.140323996534093
177,9309,21.37243956326345
177,9310,15.87896972896113
177,9311,20.008847415437
177,9312,20.936435759056824
177,9313,20.198844373244537
177,9314,13.340437263243526
177,9315,24.859056472765605
177,9316,12.337103337060704
177,9317,23.567929565894467
177,9318,15.649883598081212
177,9319,19.054528176801846
177,9320,8.676694035525651
177,9321,10.448101311931577
178,9303,29.363493919357538
178,9304,54.385296106310676
178,9307,36.158931255356336
178,9308,30.10732144115815
178,9309,30.127899348720398
178,9310,36.40864580872986
178,9312,26.653666198239996
178,9313,26.16437494757171
178,9314,29.752030670627633
178,9315,36.40430599449203
178,9319,23.431005477909935
178,9336,18.618947057162828
178,9337,5.5339242517919836
178,9338,6.976238563663151
179,9326,41.18635743854323
179,9327,46.2527364492837
179,9328,37.088811099510295
179,9329,36.92437291143436
179,9330,42.728531062641856
179,9331,34.641491174680155
179,9332,50.98010838036406
179,9333,39.4777661561764
179,9334,30.902727842315127
179,9335,23.693309426329225
179,9336,32.1112775802448
179,9337,29.068874716743853
179,9338,24.281869232676655
179,9339,31.420823335631507
179,9340,38.67520898578573
179,9341,30.186114013222493
179,9342,28.443359434590093
179,9343,24.38152670859043
179,9344,25.78243374826869
179,9345,27.851229608044683
179,9346,20.86801663043013
179,9347,26.631537973867143
179,9348,24.897020459162373
179,9349,21.167722642440975
179,9350,96.45327687258555
179,9351,26.79023891686023
179,9352,14.756970852626873
179,9353,14.214581251137137
179,9354,21.334834992874676
179,9355,18.61380234362388
179,9356,11.993761807673994
179,9357,17.56211489440608
180,9347,0.8610609976145239
180,9348,12.753366082900198
180,9349,49.81263935570479
180,9350,27.792583107934085
180,9351,33.43480825422484
180,9357,35.276291370398866
180,9358,29.932430684551182
180,9359,12.193057984107455
180,9361,32.372261881834746
180,9362,22.706685662257975
180,9363,19.89621073009393
180,9364,26.039080917821916
180,9365,22.72722870110303
180,9368,22.412960529326543
180,9369,21.98934093119714
180,9370,22.028204798687156
180,9371,17.90400937201221
180,9372,23.618357777583437
180,9373,19.532984644164586
180,9374,27.15501934292402
180,9375,10.794782191509448
180,9376,26.639911830411634
180,9377,23.53905022146459
180,9378,4.469989836213686
180,9379,21.79456964134055
180,9380,11.667213588963628
180,9381,32.537443041784805
180,9382,15.731611847891811
180,9383,22.669126689422455
180,9384,21.55010640620083
180,9385,2.6805970072770657
180,9386,8.61717447638071
180,9387,10.924571603531017
180,9388,15.921737551703629
181,9354,9.94587242602793
181,9355,41.585293114223155
181,9356,39.248748421648926
181,9357,43.61563950781021
181,9358,37.48687505720128
181,9359,34.45072442291405
181,9360,46.62903964523742
181,9361,29.938725829109135
181,9362,39.91384506223544
181,9363,32.988389432460274
181,9364,39.37458693979156
181,9365,35.559227764588286
181,9366,42.52444982532554
181,9367,32.31843531130092
181,9368,31.659105420096413
181,9369,35.383977592023605
181,9370,31.140240132792755
181,9371,32.39490509036149
181,9372,25.53723424671774
181,9373,21.793606728304205
181,9374,44.50694292787785
181,9375,15.545497387639678
181,9376,38.762882351855474
181,9377,18.24269324542751
181,9378,12.865943759673213
181,9379,26.292455792413612
181,9380,15.760799646391899
181,9381,27.898007333264385
181,9382,17.58273035289456
181,9383,32.451389729960056
181,9384,20.232047438611172
181,9385,13.835697770131297
181,9386,16.068436950436954
181,9387,21.60346359013406
181,9388,18.289605081098024
181,9389,16.552689671507952
181,9390,16.105688810340272
181,9391,20.138584524411396
182,9375,37.770065367202506
182,9376,68.3735150098451
182,9377,52.93655455117272
182,9378,26.346596181379194
182,9379,54.15144503113837
182,9380,38.5518246889465
182,9381,55.29993474480661
182,9382,27.525695264364483
182,9383,46.52549564836029
182,9384,42.78700321910576
182,9385,21.346719861049994
182,9386,32.40206122396719
182,9387,38.99357378480824
182,9388,28.322389125849735
182,9389,31.913869678957827
182,9390,23.598664998996107
182,9391,35.206986665757725
182,9392,33.97076457737138
182,9393,23.749126195895442
182,9394,29.2134082317618
182,9395,28.67405354975187
182,9396,22.220893353244012
182,9397,37.40850359199517
182,9398,15.736437141887244
182,9399,24.62418347599362
182,9400,21.37849733232358
182,9401,12.974799871438064
182,9402,18.074564337746846
183,9393,19.579150825728888
183,9394,44.60452437404875
183,9395,44.78733032939527
183,9396,47.031698226971486
183,9397,52.19853401181412
183,9398,40.8910086750775
183,9399,41.77997052673325
183,9400,44.40327554938906
183,9401,30.68149119613985
183,9402,33.437452912361046
183,9403,36.53774857519188
183,9404,42.88434326646518
183,9405,46.86088979248495
183,9406,23.034011721599242
183,9407,33.68206501010143
183,9408,40.388673841932615
183,9409,28.22701245544897
183,9410,24.709812998794142
183,9411,32.77830541132204
183,9412,33.745088875276466
183,9413,25.233023464702665
183,9414,31.174049377425458
183,9415,24.530169367777674
183,9416,22.802105247995136
183,9417,27.163124978528433
183,9418,23.730109333979865
183,9419,23.44750106336819
183,9420,20.920207053412227
183,9421,27.431552410150683
183,9422,24.18260872362807
183,9423,26.026718616472284
183,9424,19.167968183773308
183,9425,17.362722158423125
183,9426,16.934522241345324
184,9395,20.553842782963727
184,9396,10.428040400156922
184,9398,37.387217581253
184,9399,32.248410880594975
184,9401,37.08473950622569
184,9404,27.860986590384382
184,9405,35.82684516909997
184,9406,21.743646562088333
184,9408,23.939544260506626
184,9409,25.93241482971772
184,9410,33.35516542199308
184,9411,27.70765364168657
184,9412,33.90872776506596
184,9413,26.437480151677335
184,9414,25.4321265220512
184,9415,28.445086777195684
184,9416,25.543258488201488
184,9417,23.740862309920562
184,9418,23.2606503367305
184,9419,24.28374677898708
184,9420,21.472746133793336
184,9421,21.72997668387482
184,9422,21.34797915815215
184,9423,22.416717410076117
184,9424,20.39385974409051
184,9425,21.404018551100272
184,9426,22.215176224697196
184,9427,20.903794616479814
184,9428,18.2198381423857
184,9429,25.09236037729887
184,9430,18.788465112464827
184,9431,16.824650913468336
184,9432,11.69596955181232
184,9433,11.835255324834492
185,9430,53.628403544474736
185,9431,60.889137983290986
185,9432,52.57314741616262
185,9433,43.51217597720781
185,9434,56.90346121785114
185,9435,52.89743185048146
185,9436,43.009814321972776
185,9437,40.97408741710474
185,9438,40.16235977414923
185,9439,37.909387350063
185,9440,42.78907388446526
185,9441,40.51235586408485
185,9442,32.29886859653728
185,9443,30.398477911933607
185,9444,30.040899217156074
185,9445,27.398011386380485
185,9446,25.53023636343417
185,9447,27.158683240399775
185,9448,28.808204233631653
185,9449,29.58252310755559
185,9450,24.92612510918296
185,9451,27.409641444669052
185,9452,24.399974942229527
185,9453,24.81982916592282
185,9454,20.59168472885032
185,9455,16.049163937583263
185,9456,18.75952810048097
186,9453,75.66493928428594
186,9454,70.02965033050769
186,9455,89.14633870132924
186,9456,51.65104150769452
186,9457,57.16403782372905
186,9458,49.452976584409214
186,9459,54.02847647664167
186,9460,50.167495608375404
186,9461,40.60017138717482
186,9462,44.127348661400156
186,9463,43.101269602814774
186,9464,34.24489974973834
186,9465,32.75208681820148
186,9466,30.767228007344574
186,9467,39.69011664388534
186,9468,27.69073158501162
186,9469,34.42455142739566
186,9470,22.82170414923454
186,9471,35.744978785547346
186,9472,31.21363610027624
186,9473,26.00625872610669
186,9474,27.95842409136454
186,9475,18.90632003544794
186,9476,26.303128302083863
186,9477,24.50225025417649
186,9478,21.403985023487586
186,9479,17.74910107254074
186,9480,17.45899736882844
186,9481,17.795016467562156
186,9482,22.518952488919712
187,9463,42.39040374759715
187,9464,42.44266927240108
187,9465,46.225946545577244
187,9466,57.43727982049444
187,9467,47.994981408094645
187,9468,41.81915760038144
187,9469,45.31399548057863
187,9470,38.064054250697694
187,9471,32.94034302237646
187,9472,47.694048285459914
187,9473,32.63819754122018
187,9474,33.928624391586645
187,9475,31.24466121195148
187,9476,33.26019644735542
187,9477,25.098693072818694
187,9478,29.000644683823054
187,9479,24.515950977789732
187,9480,25.63785195352979
187,9481,24.166662991034542
187,9482,24.20159608127888
187,9483,24.98584985731754
187,9484,23.089978694903962
187,9485,25.075121819995797
187,9486,21.849887520063668
187,9487,23.291712999331956
187,9488,16.332224160447673
187,9489,24.97232079504643
187,9490,15.40658578275846
187,9491,20.132133811730576
187,9492,13.458274751894741
187,9493,15.095845162860778
187,9494,15.79889640213496
188,9489,62.594379186598225
188,9490,59.961833953826755
188,9491,52.11641550068827
188,9492,51.83813631531925
188,9493,59.81303572651664
188,9494,48.94480526451748
188,9495,45.92936396596467
188,9496,43.77472400669265
188,9497,35.708500742894024
188,9498,50.871151685688694
188,9499,35.042899847062515
188,9500,32.60528147218944
188,9501,31.702047586424822
188,9502,28.363370597388315
188,9503,31.21189266441656
188,9504,32.01749414203913
188,9505,32.338227331667746
188,9506,29.859973490222913
188,9507,28.55294644835208
188,9508,25.174162387835022
188,9509,20.756904780854097
188,9510,25.266722738765807
188,9511,21.393378227938197
188,9512,19.280932098617228
188,9513,21.457422673721755
189,9520,60.86920380589232
189,9521,50.31804263596343
189,9522,40.44428676364737
189,9523,52.96085536477241
189,9527,41.46495580674043
189,9528,38.2947000860972
189,9529,46.106266379332794
189,9530,34.723818898232565
189,9531,30.71075677870133
189,9532,27.111980617071016
189,9533,26.1278593540058
189,9534,30.725334584697265
189,9535,22.625007033368664
189,9536,125.91649532311675
189,9537,40.10349333284234
189,9538,46.0632437467994
189,9539,7.070998996492584
189,9540,13.75084742903006
189,9541,22.12607860567198
189,9542,20.692480802525424
189,9543,17.991199940433834
189,9544,12.688930034648992
189,9545,17.214326262465256
189,9546,18.205891996638645
189,9547,15.318845361463339
190,9522,17.262934595349886
190,9523,116.59307241433855
190,9524,84.08969342716236
190,9525,72.58319377895457
190,9526,56.52421295639961
190,9527,65.05219459539609
190,9528,53.82189810273278
190,9529,48.68105828759565
190,9530,52.07697629933325
190,9531,43.52902561423936
190,9532,44.599151909391914
190,9533,45.335667729354554
190,9534,37.709286510925075
190,9535,34.97631400826774
190,9536,37.71757721899011
190,9537,37.47383952138891
190,9538,32.65128403905024
190,9539,28.91217201946687
190,9540,32.340217530710845
190,9541,26.623569130921737
190,9542,31.345415711386856
190,9543,27.39987283943682
190,9544,26.015708148503123
190,9545,25.48728883265145
190,9546,20.84161698820102
190,9547,20.30405804513846
190,9548,19.161553680886957
191,9588,53.50797772412398
191,9589,58.7785613536534
191,9590,55.39362430569676
191,9591,53.77863407139901
191,9592,57.64618635174663
191,9593,48.05604457852767
191,9594,43.58405649665982
191,9595,42.31891483066301
191,9596,43.5761842132011
191,9597,40.74516355989279
191,9598,39.51225399968987
191,9599,39.32246357206107
191,9600,29.351448118671662
191,9601,34.56182420251986
191,9602,134.1161262990264
191,9603,75.21809399124112
191,9604,10.438026934856797
191,9605,43.26879501346709
191,9606,1.1777564696961578
191,9607,15.084035396589648
191,9608,17.524500936260797
191,9609,30.038694441303146
191,9610,21.989752650280927
191,9611,18.465178459873293
191,9612,23.805610835540037
192,9619,85.15536725528833
192,9620,59.87243056294239
192,9621,56.66095733647731
192,9622,60.71263253685706
192,9623,56.57052397725072
192,9624,54.46420133118815
192,9625,45.962414145446154
192,9626,43.48009139297169
192,9627,40.52821576598993
192,9628,40.87287962434585
192,9629,40.827590525129416
192,9630,38.88589382175167
192,9631,37.17969506977087
192,9632,36.93456262353442
192,9633,27.89034426210884
192,9634,22.765584290015973
192,9635,24.999880492709963
194,9706,76.60488188262836
194,9707,86.16148531444756
194,9708,78.83384585376521
194,9709,77.51552402969209
194,9710,74.88466858870642
194,9711,63.802065253225116
194,9712,59.85985636708059
194,9713,57.728304863028576
194,9714,53.944791555377066
194,9715,46.15833342072986
194,9716,49.558194279715785
194,9717,43.481738269306824
194,9718,37.603071033935386
194,9719,40.66867768768195
194,9720,39.442457556704376
194,9721,37.34347611669122
194,9722,30.99554568527543
194,9723,35.05227416751976
194,9724,27.116993665719853
194,9725,26.67895406483239
196,9756,74.48915004726413
196,9757,90.42323112496017
196,9758,85.72197854514505
196,9759,68.25048208233203
196,9760,71.0327696800878
196,9761,57.12121903893409
196,9762,63.52577090260117
196,9763,55.7145559788257
197,9800,76.77175819869882
197,9801,76.7720425128544
197,9802,79.34480667121474
197,9803,67.19434618946453
197,9804,75.82703590389187
197,9805,68.93773913389754
197,9806,58.07978689667592
197,9807,58.95198762422201
197,9808,48.89641821381928
197,9809,48.81210029122717
197,9810,49.15199518208206
197,9811,43.27482730148009
197,9812,40.9103903174191
197,9813,36.595193445715815
197,9814,38.55287879703457
197,9815,38.59764754770212
197,9816,33.512568175823176
197,9817,29.27186161278181
197,9818,21.083734631527605
197,9819,22.190579026957668
198,9858,37.470513582210444
198,9859,70.7279956340428
198,9860,84.90418374546144
198,9861,68.2806462049135
198,9862,73.75552296634716
198,9863,64.54656600958019
198,9864,56.45278036591503
198,9865,58.68333220478871
198,9866,56.40041828160647
198,9867,57.36866354939387
198,9868,49.520530700658256
198,9869,40.697680413760004
198,9870,47.72396564481201
198,9872,38.00563305617135
198,9873,33.059097826463955
198,9874,38.74435365203566
198,9875,38.561418950537984
198,9876,33.247844874841846
198,9877,33.51339966061779
198,9878,24.246941506850234
198,9879,23.868975341307827
198,9880,18.114313334243086
199,9903,67.95347034927707
199,9904,82.96122372146178
199,9905,68.23301017290599
199,9906,75.46234667297318
199,9907,65.98106503492635
199,9908,65.8242040872237
199,9909,55.86010336873058
199,9910,54.2076051235692
199,9911,52.79311001298111
199,9912,40.7026022672445
199,9913,47.976812124295954
199,9914,47.39310979840715
199,9915,39.40320342777144
199,9916,31.2511280179308
199,9917,36.56964272258795
199,9918,37.089403867702586
199,9919,34.234795868427895
199,9920,33.686437010747845
199,9921,27.779735326792235
199,9922,28.052931725964502
199,9923,21.77085489033539
199,9924,25.467789173149384
200,9928,77.05367982389076
200,9929,93.39936733241072
200,9930,76.50597274310394
200,9931,68.66437375541989
200,9932,65.78982889658235
200,9933,62.43231475350048
200,9934,57.07429111000956
200,9935,49.54146802429891
200,9936,43.99918735025062
200,9937,45.8401751518015
200,9938,43.26417624954344
200,9939,42.863462269284256
200,9940,38.81951451299589
200,9941,45.79176127914779
200,9942,32.194034457190256
200,9943,22.069556415069734
200,9944,28.744389116790213
201,9940,76.53383016582389
201,9941,86.41852676876299
201,9942,68.4447920322068
201,9943,73.49768221374566
201,9944,64.83885169035133
201,9945,84.4392603635356
201,9946,62.17443108564309
201,9947,51.00738108155502
201,9948,54.97955560681392
201,9949,46.7530006170698
201,9950,40.29959768054808
201,9951,42.87785768506718
201,9952,41.66927307847952
201,9953,36.93721532819766
201,9954,34.88875597713593
201,9955,36.13616019490667
201,9956,33.18126171825619
201,9957,38.838756680523915
201,9958,32.68628150223014
201,9959,28.57911944387881
201,9960,24.05845195057196
201,9961,24.353647828089652
202,9978,70.35493791099765
202,9979,71.58109903331909
202,9980,71.48829460150546
202,9981,68.3363771438249
202,9982,69.55245852476725
202,9983,66.07576847073035
202,9984,64.41419899460358
202,9985,51.09447240834115
202,9986,52.93433368203316
202,9987,49.490355849240736
202,9988,41.102833449877934
202,9989,44.98675256965243
202,9990,44.071413874603614
202,9991,40.16243487600165
202,9992,34.84734803436404
202,9993,32.83991038797606
202,9994,34.715391397507766
202,9995,35.96153497694083
202,9996,32.85709530118116
202,9997,28.540519773945515
202,9998,26.511844396577622
202,9999,23.86376649143482
202,10000,21.58579185603945
203,10026,55.2133852243141
203,10027,63.61799061304156
203,10028,67.93710350986821
203,10029,64.40516531464144
203,10030,71.59142017371013
203,10031,60.29717445370451
203,10032,48.697634339376876
203,10033,56.643244028062455
203,10034,49.07389998433464
203,10035,58.32417905335962
203,10036,48.23074758050359
203,10037,37.225703001003296
203,10038,38.327431082760384
203,10039,38.28898698089548
203,10040,39.29323822257893
203,10041,33.62181454899985
203,10042,28.64833384750808
203,10043,32.236949801428516
203,10044,35.763429701360806
203,10045,36.82144314048791
203,10046,35.41697412732484
203,10047,22.736991941917232
203,10048,18.49726706742294
203,10049,22.283257395049333
203,10050,24.33689743279166
204,10058,64.62588965889486
204,10059,69.1442155837659
204,10060,73.46964240080841
204,10061,72.39404439922444
204,10062,66.57329678532055
204,10063,66.77635073667878
204,10064,56.44853174683544
204,10065,50.80124795434261
204,10066,49.85515773300891
204,10067,43.657707273937774
204,10068,46.41034841535101
204,10069,39.63465660814075
204,10070,35.49592226741882
204,10071,38.422327637707376
204,10072,42.39607125518537
204,10073,45.778940319991534
204,10074,15.830813348307704
204,10075,39.85456556079733
204,10076,17.03417032956206
204,10077,20.829812586326472
205,10075,95.51081299776914
205,10076,48.389770388578455
205,10077,56.18733823304518
205,10078,53.95584225651842
205,10079,56.11175894734373
205,10081,47.642560601243915
205,10082,45.60251533989286
205,10083,48.07883799073621
205,10084,41.97602927682637
205,10085,38.19139480594294
205,10086,36.679892241936045
205,10087,43.31852316854169
205,10088,37.92764782909028
205,10089,32.20075339077256
205,10090,29.64030325411234
205,10091,31.954789459734418
205,10092,29.650281071647736
205,10093,27.577121257767875
205,10094,26.389929950261276
205,10095,28.18828672169197
205,10096,27.144534587884795
205,10097,19.944793581952382
205,10098,18.005248010149327
205,10099,21.70617610218115
205,10100,19.62464377283046
206,10131,46.62720823287898
206,10132,30.536005497006535
206,10133,24.28914606569955
206,10134,16.137124299994795
206,10135,22.286602109690907
206,10136,16.56553208827125
207,10116,11.927746832370307
207,10117,44.140191078163454
207,10118,63.487055897680236
207,10119,73.23142468935951
207,10120,70.06619811054459
207,10121,74.43791449076747
207,10122,61.94569230076482
207,10123,70.26122152801734
207,10124,54.457372427036226
207,10125,55.17534613606492
207,10126,49.81374979016617
207,10127,45.615110993426796
207,10128,45.92404246327912
207,10129,43.24896812436752
207,10130,41.72371119264583
207,10131,37.45046138761512
207,10132,35.34050971272822
207,10133,34.92165058849456
207,10134,36.6441866755298
207,10135,30.442935526398692
207,10136,31.095103919490164
207,10137,24.845074117170977
207,10138,24.59668815138193
208,10160,84.24394726760897
208,10161,78.80445420738003
208,10162,80.84186553950943
208,10163,76.67330503470718
208,10164,74.22087013717669
208,10165,56.74655735489803
208,10166,62.50140845781289
208,10167,53.06171178815035
208,10168,45.54139316079671
208,10169,44.76858973507184
208,10170,37.3208436369705
208,10171,56.44787192349799
208,10172,85.10002255435406
208,10173,50.93092203137654
208,10174,16.896739304081073
208,10175,17.847975343456675
208,10176,22.938412427890487
208,10177,20.51147192718464
209,10179,54.532222151728384
209,10180,67.91828513151624
209,10181,79.09203529353864
209,10182,81.12022519119012
209,10183,62.97626674172041
209,10184,69.34244692322045
209,10185,60.33406019216302
209,10186,57.114374041528094
209,10187,67.56828904148459
209,10188,54.0560013056293
209,10189,39.261191189269006
209,10190,46.23162209985275
209,10191,50.399581790016235
209,10192,33.8580849766558
209,10193,37.32052981851576
209,10194,37.442414760623656
209,10195,32.75885671375506
209,10196,38.319585621391816
209,10197,32.993544638140015
209,10198,29.935424029811802
209,10199,24.861207604430877
209,10200,22.285081297147794
210,10203,65.90184867378679
210,10204,81.04020416732456
210,10205,73.22999775416358
210,10206,80.14228641982747
210,10207,67.69756615168053
210,10208,63.53446125980942
210,10209,61.86945855614358
210,10210,60.61494648462086
210,10211,51.15116357800728
210,10212,45.62065780160477
210,10213,49.10548567776378
210,10214,42.43541926143383
210,10215,92.46881246562042
210,10216,40.12150973085238
210,10217,5.39657000452004
210,10218,25.95491051672561
210,10219,24.488208889983518
210,10220,25.22363036869666
211,10222,73.60609173770955
211,10223,79.09242689605482
211,10224,70.78958988196136
211,10225,74.0809017419436
211,10226,65.83749711510151
211,10227,67.63983428484393
211,10228,61.30371630188667
211,10229,62.52269446846624
211,10230,49.140027165457596
211,10231,45.71093559262798
211,10232,51.70373618607455
211,10233,44.90208864209739
211,10234,38.840344548205536
211,10235,39.14386063817723
211,10236,38.15775722263291
211,10237,39.43901091812024
211,10238,35.8855721354811
211,10239,31.9391897320584
211,10240,23.797564208495363
211,10241,26.11271560194483
212,10265,62.292925715414604
212,10266,83.43514323242147
212,10267,86.6209316253219
212,10268,65.74793815609429
212,10269,70.38216769701684
212,10270,69.08806085583014
212,10271,67.75178432470761
212,10272,60.8719021081613
212,10273,59.60525572296908
212,10274,54.227737784435
212,10275,49.891726970647085
212,10276,47.52173244950724
212,10277,48.192016482397044
212,10278,37.67756134269695
212,10279,40.835207998731704
212,10280,36.24779641631562
212,10281,37.392391562442725
212,10282,39.11191552880984
212,10283,39.57822829482915
212,10284,32.13727355001713
213,10278,56.826235055894394
213,10279,67.75801241394392
213,10280,74.69046592719195
213,10281,61.503052711455354
213,10282,55.072923302700545
213,10283,52.44293689725101
213,10284,52.50894069668944
213,10285,44.24243152145595
213,10286,47.30151772496665
213,10287,42.505757510640336
213,10288,39.107318222558305
213,10289,34.81621295211919
213,10290,38.046984672526925
213,10291,34.9083629250844
213,10292,34.16046112774055
213,10293,31.687665581686975
213,10294,32.8776302933992
213,10295,31.178740560992505
213,10296,35.85213840011043
213,10297,22.81978368757988
213,10298,20.611479431380218
213,10299,21.365665644426702
213,10300,23.727024793612742
214,10298,66.86157524582305
214,10299,74.91969287402291
214,10300,80.94942212100656
214,10301,73.79407167430917
214,10302,74.53666806227787
214,10303,65.81164598461599
214,10304,61.45983695980743
214,10305,52.59850502018944
214,10306,61.47209465500548
214,10307,54.571028351833384
214,10308,40.83237558601198
214,10309,45.99873661992581
214,10310,43.43999236826079
214,10311,43.98260861632958
214,10312,36.38043165205048
214,10313,35.91747164729524
214,10314,37.98943519590342
214,10315,33.16621720789166
214,10316,35.93978494409015
214,10317,25.871501862989543
215,10329,59.92636442181383
215,10330,68.02182912832724
215,10331,66.9240331649438
215,10332,65.42370736604919
215,10333,69.55634236332196
215,10334,58.335374593704906
215,10335,55.82508981232952
215,10336,55.8593684434605
215,10337,52.41704821583927
215,10338,45.5231648683962
215,10339,41.72484308479082
215,10340,41.55740886924525
215,10341,36.05712354186476
215,10342,36.87503099439642
215,10343,38.64710211751868
215,10344,62.800705432948966
215,10345,15.781514346591505
215,10346,23.789230585119903
215,10347,27.502134740338562
215,10348,25.957388877855372
216,10355,67.25853681570449
216,10356,70.0541120767235
216,10357,78.88878285892032
216,10358,69.16043221946994
216,10359,69.71504867073307
216,10360,62.96860635286337
216,10361,68.07514071461055
216,10362,53.09293270108368
216,10363,56.8641507626097
216,10364,49.86884772775006
216,10365,44.71310555932619
216,10366,44.97799783949174
216,10367,41.03036016223716
216,10368,148.67620825759911
216,10369,61.694911122378194
216,10370,21.834708899248398
216,10371,28.635062277343092
216,10372,32.270485460741696
216,10373,31.92221939562118
216,10374,28.65393966438992
216,10375,23.878757357585133
216,10376,25.71007579563733
216,10377,25.30118912460721
217,10419,71.7877471447644
217,10420,74.85875844951616
217,10421,75.00457406050829
217,10422,108.47296357149297
217,10423,79.62665319438676
217,10424,80.66298365600294
217,10425,59.43530559536755
217,10426,128.082314729625
217,10427,68.29538226133836
217,10428,52.70781576630757
217,10429,70.68576157089433
217,10430,41.251730918921794
217,10431,152.00377821914526
217,10432,76.7765432596905
217,10433,77.65378653999171
217,10434,18.184773623934024
217,10435,25.189695060276055
217,10436,30.103987455352645
217,10437,28.784249424919665
217,10438,26.45291358234904
218,10460,63.32913815980949
218,10461,71.62361204620512
218,10462,63.58740806576338
218,10463,67.05193698412317
218,10464,69.91879999634027
218,10465,61.218760013549
218,10466,52.25247323517783
218,10467,57.99083411690606
218,10468,52.34105587002938
218,10469,42.80657261613924
218,10470,41.985395550706365
218,10471,41.53413534168206
218,10472,38.56957286594325
218,10473,38.08885127304036
218,10474,37.90621697906127
218,10475,32.5207999348474
218,10476,34.19490069149175
218,10477,29.319784641292536
218,10478,27.355337440953566
218,10479,24.873948097216278
219,10489,74.90840613838179
219,10490,89.36496019358832
219,10491,76.14182531840575
219,10492,78.66904020305424
219,10493,73.71628761287732
219,10494,64.96330082422443
219,10495,60.57750284668685
219,10496,67.01771199709313
219,10497,50.523499846432586
219,10498,51.12907290456064
219,10499,51.68470859532289
219,10500,47.13109016416046
219,10501,40.58291137216399
219,10502,42.373634576836025
219,10503,39.375799298266294
219,10504,37.324617505054455
219,10505,38.587723374401854
219,10506,28.647328019127496
220,10501,69.21126008030213
220,10502,74.50780212885957
220,10503,68.63774478432005
220,10504,66.64239585396219
220,10505,58.01126182084591
220,10506,57.70213186737924
220,10507,57.51887798314557
220,10508,50.852006077740405
220,10509,44.88006502387612
220,10510,43.06078970436198
220,10511,40.51573544738604
220,10512,37.515791952590824
220,10513,55.22621154790179
220,10514,25.174465477453705
220,10515,28.971180617794474
220,10516,31.690221726923202
220,10517,31.7627620696859
220,10518,30.107796192153785
220,10519,25.439904928230536
220,10520,21.544385254372067
221,10607,4.144067913294663
221,10609,7.647020146246813
221,10611,9.19822543859665
221,10612,11.276199817651703
221,10613,5.613147988920549
221,10615,5.270307026800797
221,10616,6.3353810459433
221,10617,8.045504540200886
221,10618,7.908001095052487
221,10619,9.002549573787293
221,10620,3.631607070563366
221,10621,5.629973486070986
221,10622,5.447176247832373
221,10623,3.932674974201098
221,10624,5.686565414076255
221,10625,2.0590017735947566
221,10626,2.53453262150158
221,10627,3.183170221748863
221,10628,3.3474515005929035
221,10629,3.3275629207474853
221,10631,7.581811621786673
221,10632,7.137867137796218
221,10633,3.2298192009313276
221,10634,5.617244392630565
221,10635,2.5222558155678803
221,10636,3.1126730516537005
221,10637,4.708288349208807
221,10638,4.781572334472713
221,10642,2.791462596505444
221,10645,4.42661762237532
221,10647,1.9988961517814798
221,10648,2.438273504375164
221,10649,3.413437195125346
221,10652,2.9696776717900106
221,10653,1.4626578614108234
221,10660,1.0484080655235222
221,10661,1.1445743590587483
221,10662,1.1446523107582436
221,10663,1.5898128412678396
221,10671,0.13838487560861107
221,10677,0.2674209605902332
221,10681,0.2862047357484251
221,10696,0.0
221,10697,1.0696548968548072
221,10708,0.5118048597465888
221,10709,1.1366541311139013
221,10711,0.5535164941103368
221,10714,1.3802401721476987
221,10715,1.0680382791901133
221,10716,0.0
221,10717,2.2895461879658905
221,10725,0.13745280797593587
221,10727,0.7849294412882698
221,10728,1.1446523107582436
221,10729,2.289226669816992
221,10731,0.5722871795297807
221,10733,0.5722871795297807
221,10734,1.5573991835109373
221,10735,1.1973263695846956
221,10747,0.09472117759286998
221,10748,3.433953747151526
221,10749,1.1447272449742238
221,10753,0.3974532103165363
221,10760,0.0
221,10764,0.2767582470550701
221,10769,0.4428224153816952
221,10771,0.5535395024345426
221,10776,0.0
221,10779,0.36901099607347043
221,10796,0.0
221,10797,0.0
221,10798,0.0
221,10799,1.5761546976878673
221,10807,0.13968081213534175
221,10808,1.5898128412655803
221,10809,1.5304029174141207
221,10811,0.5535913445056586
221,10813,1.1070560384543953
221,10819,0.18944235518573996
221,10821,1.2589610181751372
221,10835,0.15815086263631006
221,10836,1.5761546976856275
221,10837,0.0
221,10840,0.523286294192056
221,10841,1.107182689012104
221,10843,0.5536161968481689
221,10845,0.0
221,10846,0.0
221,10847,2.214414998887837
221,10848,1.0996224638069012
221,10849,1.5898128412678396
221,10850,1.5898128412655803
221,10851,1.0996224638069012
221,10852,1.1070790048698718
221,10853,1.1070790048682988
221,10854,1.569858882575424
221,10855,1.5698588825776552
221,10857,1.2589610181751372
221,10864,0.16351062272274472
221,10867,0.37248216569422266
221,10871,0.27936162427073313
221,10872,0.0
221,10873,2.2893795557308407
221,10877,0.4011314408854448
221,10879,1.6095344535998217
221,10883,0.3860610723496251
221,10884,2.313552629201421
221,10888,0.6301194196568194
221,10891,0.39910878986118714
221,10893,0.5535164941099435
221,10894,1.1174464970837268
221,10895,1.569858882575424
221,10897,0.0
221,10899,0.5535913445056586
221,10900,1.0830330848688305
221,10901,1.6045257635406391
221,10902,2.2141120769103635
221,10903,1.1366541311139013
221,10904,1.609418950974118
221,10905,1.1174464970837268
221,10911,0.2626924496143957
221,10912,1.5761546976856275
221,10913,1.1445743590603747
221,10914,1.1445743590587483
221,10915,0.0
221,10916,1.1174464970837268
221,10921,0.22348929941655477
221,10923,0.7880773488428138
221,10924,0.0
221,10925,0.0
221,10935,0.11973263695836747
221,10940,0.6817711964248061
221,10943,0.0
221,10944,0.0
221,10950,0.18453044816850916
221,10951,1.1071826890105307
221,10963,0.09225658373907951
221,10964,1.1070790048682988
221,10965,1.1070790048682988
221,10966,1.10703298822146
221,10967,0.0
221,10975,0.27676400961354963
221,10976,2.4903392046677246
221,10987,0.28608048165386524
221,10999,0.21003980655224821
221,11005,0.0
221,11006,0.0
221,11007,1.5698588825776552
221,11008,1.1071826890105307
221,11009,2.214261610059798
221,11010,1.1174464970837268
221,11014,0.39403867442154683
221,11021,0.1710466242262462
221,11022,3.5917739197593437
221,11023,1.0996224638069012
221,11024,2.2141120769103635
221,11025,2.2734826058137707
221,11026,2.2734826058137707
221,11027,0.0
221,11035,0.2841853257268728
221,11036,1.6493163071564343
221,11037,1.1177040729666
221,11039,0.5588520364836971
221,11041,0.0
221,11042,1.1445743590587483
221,11047,0.3114798367023645
221,11049,1.1512229684742596
221,11054,0.4428523220120854
221,11055,1.5304029174162956
221,11069,0.2565552799829405
221,11072,0.7674819789826579
221,11073,1.5898128412655803
221,11074,1.099622463808464
221,11075,1.6045257635406391
221,11077,1.2799727730455561
221,11078,1.5899176150552246
221,11079,0.0
221,11080,0.0
221,11081,0.0
221,11082,3.5413842648299956
221,11083,0.0
221,11085,24.1345489025164
221,11086,36.25936210153632
221,11087,8.808234930033946
221,11090,1.84063408523791
221,11091,1.6094189509764052
221,11106,0.10729459673165868
221,11123,0.13147945022758184
221,11127,0.27942601824184854
221,11138,0.1040593009780759
221,11139,1.5898128412655803
221,11171,0.03459621890215277
221,11173,0.5498112319034506
221,11174,0.0
221,11178,1.16035597398859
221,11185,0.15755508893304043
221,11186,2.560355924068572
221,11187,1.1445743590587483
221,11190,0.523286294192056
221,11191,1.099622463808464
221,11192,1.1446523107582436
221,11194,0.5723261553795285
221,11195,1.144727244972597
221,11196,1.0830330848703698
221,11198,0.5536161968481689
221,11199,1.1072323936979112
221,11200,1.0830330848688305
221,11205,0.5070349015295793
221,11207,0.794906420633355
221,11211,0.27490561595182295
221,11217,0.18327041063457034
221,11227,0.15898128412664841
221,11255,0.0
221,11275,0.08047094754874591
221,11281,0.2682364918291467
221,11283,0.0
221,11293,0.0
221,11296,0.7674819789830215
221,11297,1.1973263695829943
221,11298,1.1973263695829943
221,11299,1.1973263695846956
221,11304,0.44282241538156936
221,11305,1.107182689012104
221,11309,0.619059833697878
221,11316,0.16351062272277792
221,11325,0.1788243278860978
221,11333,0.1383791235275596
221,11336,0.3788847103714799
221,11337,0.0
221,11345,0.20117736887187196
221,11347,0.5587232485414663
221,11348,1.5761546976856275
221,11355,0.3584854491055361
221,11356,1.0996224638069012
221,11357,1.107182689012104
221,11360,1.1070981994270859
221,11361,1.713858135043698
221,11364,0.8704176731407313
221,11367,0.36901099607347043
221,11368,2.5093981437372244
221,11369,2.5093981437407904
221,11370,2.5093981437372244
221,11371,1.14465231075987
221,11372,1.1174464970821385
221,11373,0.0
221,11384,0.1463108137249954
221,11392,0.20117736887187196
221,11393,1.107032988219887
221,11405,0.09225274901837853
221,11406,1.1174464970821385
221,11407,1.1174464970837268
221,11408,1.107032988219887
221,11409,1.107032988219887
221,11411,1.1512229684742596
221,11412,1.126578329130431
221,11415,0.8704176731407313
221,11416,0.0
221,11418,0.5535395024341494
221,11423,0.221436537802232
221,11435,0.18452180083842573
221,11436,1.5898128412655803
221,11437,1.1446523107582436
221,11438,1.1445743590603747
221,11439,1.1445743590587483
221,11441,0.7880773488433737
221,11442,0.0
221,11443,1.107032988219887
221,11444,0.0
221,11451,0.15963521386894178
221,11453,0.5587232485414663
221,11461,0.2878057421185138
221,11462,1.1973263695829943
221,11463,1.1973263695846956
221,11464,1.1973263695829943
221,11465,0.0
221,11466,0.0
221,11467,0.0
221,11469,0.5683270655573546
221,11470,0.0
221,11472,0.8047094754876307
221,11473,0.0
221,11476,0.36901099607347043
221,11477,0.0
221,11478,0.0
221,11479,1.1366541311139013
221,11480,0.0
221,11481,1.1366541311139013
221,11482,1.7138581350461335
221,11483,1.169980494304893
221,11484,1.609418950974118
221,11485,0.0
221,11486,0.0
221,11490,0.2767582470550701
221,11492,0.0
221,11493,1.1366541311139013
221,11494,0.0
221,11495,1.609418950974118
221,11496,0.0
221,11498,0.5535164941099435
221,11499,0.0
222,10584,8.637927398081176
222,10585,17.643367052094295
222,10586,17.30150207876274
222,10587,12.807199358933573
222,10588,7.583390101797325
222,10589,17.64470681547216
222,10590,15.32525584100893
222,10591,7.9511370509935215
222,10592,1.8341625854363595
222,10593,4.626342840490358
222,10594,14.355480372918787
222,10595,0.0
222,10596,4.928135611121368
222,10597,10.363698229188387
222,10598,11.969190090888576
222,10599,14.100838154567192
222,10600,13.22555556892672
222,10620,0.5932208150625146
222,10622,6.233029961587238
222,10623,23.827545940863818
222,10629,0.8911653421818873
222,10656,0.9879876176516361
222,10657,22.44729459287778
222,10658,10.526352077717165
222,10659,19.237846434106523
222,10660,13.470627665531966
222,10661,1.6087002865961906
222,10662,9.479388669128337
222,10663,10.519769266257319
222,10664,5.366032719609377
222,10665,15.565902292720459
222,10666,4.709290489558688
222,10667,9.530848190183532
222,10668,4.989733546969722
222,10671,0.9897406026725315
222,10672,3.780596405265781
222,10673,6.338226199146844
222,10674,4.279592223469335
222,10675,0.0
222,10678,5.096459984779164
222,10679,9.452925324435167
222,10681,2.0242272689942573
222,10682,2.2283121943494084
222,10683,2.5637536123381848
222,10684,7.115048244591888
222,10687,3.0757272988556648
222,10688,2.159214802088317
222,10689,2.4904765002416744
222,10691,2.958390712738626
222,10692,10.294329598540763
222,10694,2.997428253293634
222,10697,1.3352936133741826
222,10698,5.162680707869273
222,10699,5.512345209722764
222,10700,3.3740120753628635
222,10701,0.0
222,10702,6.1631188541706825
222,10703,7.177021354433203
222,10706,3.591664507984979
222,10708,5.927142798901784
222,10709,1.2697880901389778
222,10710,5.389694161718025
222,10711,2.4869061447667273
222,10712,13.096397817128157
222,10714,4.654345102609129
222,10715,9.927846640343356
222,10716,1.2940534483653154
222,10717,13.021729141467109
222,10718,12.791242897503984
222,10719,5.523327849810379
222,10720,4.415543004868156
222,10722,2.2077715024356466
222,10723,5.91998264193232
222,10724,8.123472332961795
222,10726,2.988626249133012
222,10727,2.1904147602637662
222,10728,11.332716643804476
222,10729,9.477306604380527
222,10730,1.0156409908095299
222,10731,9.528533443803681
222,10732,5.8878926932865285
222,10733,1.726700551806997
222,10734,1.547774747013254
222,10735,1.1912307143222198
222,10736,9.309316501016623
222,10737,5.412591509518239
222,10738,4.152971506122552
222,10739,2.586048971860278
222,10740,1.5233500488094642
222,10741,6.717570349580199
222,10742,3.9424657076577048
222,10743,1.6827488690606092
222,10744,3.5009388998182667
222,10745,3.330045305190767
222,10746,9.532200023540584
222,10748,3.387601822612937
222,10749,1.1838556453596392
222,10750,7.693117260928987
222,10751,6.316120773550617
222,10753,0.5076076369733629
222,10754,4.372593797741084
222,10755,8.14789652825143
222,10756,6.030775979158177
222,10757,4.726653099064357
222,10758,2.8880212828502185
222,10759,12.547250390046377
222,10760,11.669789850722436
222,10761,2.7783789485678767
222,10762,2.2522400133300224
222,10763,3.372290432456223
222,10764,14.398143589489248
222,10765,2.2755209170270243
222,10767,1.3812503032389052
222,10768,3.5725565627199014
222,10769,4.634630866352959
222,10770,6.5672727674212235
222,10771,5.0137869268701385
222,10772,6.59582287072798
222,10773,1.042521586641136
222,10775,4.599956609309635
222,10776,9.199913218612734
222,10777,5.874495059257129
222,10778,12.64518052338907
222,10780,2.7643570303922433
222,10781,3.06284632533632
222,10782,8.874624297030891
222,10783,9.601958245034073
222,10784,6.851670742031407
222,10785,2.6478950120532754
222,10786,9.67723175882798
222,10787,0.0
222,10788,8.73207896948655
222,10789,4.949998967346997
222,10790,6.299550086256619
222,10791,1.1530105769644732
222,10792,4.1929421201326855
222,10793,10.190822482103856
222,10794,4.55689206719813
222,10795,3.787026330826729
222,10796,0.9257704764612988
222,10802,4.579204916953867
222,10804,18.981148302545375
222,10805,0.9105025045581993
222,10806,2.2515515238035126
222,10807,1.5538957156255073
222,10808,2.8469657152876597
222,10809,1.806312706320554
222,10810,1.5540118888034649
222,10811,2.443761471657695
222,10812,3.4450443461519735
222,10814,4.837164469064245
222,10815,1.905347574501255
222,10816,2.9692218080190007
222,10817,2.969221808014781
222,10818,9.802626371378652
222,10819,22.861089706441692
222,10820,15.638229399911511
222,10821,28.221087455775177
222,10822,14.525891840450486
222,10824,1.5587952733042958
222,10825,3.0754335969670774
222,10826,3.056393936274872
222,10831,0.5832935571670864
222,10832,2.3935697972796275
222,10833,0.9101456031198614
222,10834,1.3836427498601749
222,10835,2.709827050569138
222,10836,4.203695431349511
222,10837,3.3041804283840444
222,10838,0.903675276786911
222,10839,0.9035144280637649
222,10840,5.539106279608754
222,10843,1.217585764825298
222,10844,3.6527572944793545
222,10845,5.3368905186625835
222,10846,2.1375184133668315
222,10848,2.87008870392891
222,10849,3.2954810187250545
222,10850,5.679253712293581
222,10851,4.568699486551332
222,10852,8.452965617187559
222,10853,2.6083310879753596
222,10854,8.07738997041766
222,10855,6.018707379704227
222,10856,10.756385028356771
222,10857,2.9222114011671896
222,10858,2.3690959811198513
222,10859,4.297464787957854
222,10860,2.5551041588210457
222,10861,3.859750740228109
222,10862,0.0
222,10863,3.3259968459636418
222,10864,1.1667127255344383
222,10865,0.9033292718227056
222,10866,3.058725446465413
222,10867,3.2821162417514222
222,10868,2.269043046979936
222,10870,5.135863982142039
222,10871,3.689565919343013
222,10872,8.573711290951158
222,10873,0.0
222,10874,0.0
222,10877,2.7571430057286173
222,10879,4.674642384049885
222,10880,0.0
222,10882,2.0814971253280015
222,10883,0.9036752767856268
222,10884,0.0
222,10885,2.2515515238067128
222,10886,2.044640723614839
222,10887,2.709827050565287
222,10888,4.203695431355485
222,10893,1.9152119010682518
222,10894,1.8848917074518656
222,10896,2.6955479756003022
222,10897,2.4919217079865104
222,10898,5.4634854197474185
222,10899,7.155999541289162
222,10900,3.88172104954521
222,10901,2.5551041588174144
222,10902,5.946967005735084
222,10903,15.86941033600949
222,10904,1.1729035992169339
222,10905,1.5329595655216808
222,10906,3.185459822414676
222,10907,0.0
222,10908,6.721512526270288
222,10912,0.4550954746081714
222,10913,4.913161508743463
222,10914,5.816356167194252
222,10915,2.0407783426333954
222,10916,2.520942036064772
222,10918,4.673505127427571
222,10919,8.175257742412374
222,10920,3.64533025771193
222,10921,3.6453302577171107
222,10922,9.290276169772163
222,10923,4.634630866346373
222,10927,1.3893543463203095
222,10928,6.744810193773634
222,10929,9.599072858686304
222,10930,13.15427586437468
222,10931,7.075587585564809
222,10932,5.346303060655688
222,10933,1.480451803653675
222,10934,2.8165997564778227
222,10937,2.4353411793707878
222,10939,3.999024778605303
222,10940,4.713223278520081
222,10941,4.7458808496637594
222,10944,0.41075583547352185
222,10948,7.549737095831645
222,10949,10.092706605801226
222,10950,12.214358746999213
222,10951,3.2161754742248294
222,10952,1.6146432235851667
222,10953,4.960882365701045
222,10954,3.065778315065723
222,10955,7.124029621488376
222,10956,5.391095951196774
222,10957,1.4178783819092295
222,10958,4.698041304943542
222,10959,5.51443263888077
222,10960,10.014687180528211
222,10961,8.260118141766137
222,10963,1.321610463783408
222,10965,3.8280376419405426
222,10966,1.1403801385323644
222,10967,3.8807799294571095
222,10968,5.979497507211487
222,10969,6.744810193783219
222,10970,17.748693376770476
222,10971,1.1530105769644732
222,10972,1.884891707449187
222,10973,3.7520925700645327
222,10975,2.259669229388687
222,10976,5.70598527788824
222,10978,10.64205318689558
222,10980,1.9492446072403493
222,10981,14.252104014150957
222,10982,7.586904466159091
222,10983,5.149479210374105
222,10984,5.409152917561148
222,10985,5.114545449619176
222,10986,1.553895715623299
222,10987,2.8244760632500507
222,10988,0.8966046385475207
222,10989,4.289151951668453
222,10990,5.184836760160655
222,10991,8.018249273307463
222,10992,3.0226651579126154
222,10993,2.5121430493878387
222,10994,0.0
222,10995,1.1427689809346315
222,10996,4.152971506122552
222,10997,1.5541099570683634
222,10998,1.5541099570683634
222,10999,5.45244812965889
222,11000,0.0
222,11008,0.8401890657842338
222,11012,1.2282903771845566
222,11013,10.66467560828702
222,11014,12.470025569194137
222,11015,0.9105025045569053
222,11017,2.119600586593573
222,11018,3.525081798432454
222,11019,5.66342666745701
222,11020,3.143738731740297
222,11022,5.417294763029699
222,11025,0.8306405693292304
222,11026,1.7623467743387742
222,11027,2.1815777197500044
222,11028,4.958700053391304
222,11029,1.5535954758516948
222,11030,8.317035958178455
222,11031,5.844967290756096
222,11032,2.796080354603688
222,11037,0.3358363732694816
222,11038,8.066086471088116
222,11039,8.096610009666115
222,11040,2.0189106278111146
222,11041,5.124842450027359
222,11045,1.6453370824453644
222,11046,3.7805964052711536
222,11047,2.9946105927213607
222,11048,0.8811304718251489
222,11049,7.026595696813299
222,11050,2.730884402988944
222,11051,10.619434788817696
222,11052,0.881130471826401
222,11054,0.0
222,11055,2.113481294365659
222,11056,4.1929421201326855
222,11057,6.643086075788817
222,11058,2.048450130968238
222,11059,0.880529154091623
222,11060,10.57134479285248
222,11061,0.0
222,11062,4.5830613747215665
222,11063,0.0
222,11064,2.136833779512743
222,11065,6.024071797725457
222,11066,2.5198250636481316
222,11067,3.780596405265781
222,11068,2.0407783426333954
222,11069,2.188654895873868
222,11070,2.956639900802054
222,11071,0.9035144280650489
222,11072,5.149479210374105
222,11073,1.1447153426700936
222,11074,3.954221494499465
222,11076,0.0
222,11077,3.1093826517491014
222,11078,7.924572452898739
222,11079,2.513025496153738
222,11080,1.3838726654661366
222,11081,2.0714544318605794
222,11082,0.0
222,11084,1.0684168897563715
222,11085,3.3644818514616097
222,11086,8.096610009666115
222,11088,3.530768752098786
222,11089,3.3652908727509447
222,11090,1.876128260045284
222,11091,1.8761282600479499
222,11093,0.612219739705011
222,11097,2.886912189424612
222,11098,1.8207387998690825
222,11099,0.0
222,11101,5.309717394408848
222,11102,1.5140920691205921
222,11103,0.9261996299023658
222,11104,2.559372056274297
222,11106,1.871893890202418
222,11109,1.1243782192468217
222,11110,8.262843936689263
222,11111,1.2356739118688937
222,11112,5.629674419757824
222,11113,1.7623467743412788
222,11114,1.7614033073177864
222,11115,1.7614033073177864
222,11116,3.0657783150700797
222,11117,5.160327069458705
222,11118,3.8807799294571095
222,11119,3.9507208764589
222,11121,2.226049918681826
222,11122,1.2601706944399587
222,11123,1.2601706944399587
222,11124,4.076111465696227
222,11125,2.446771077810466
222,11126,2.9518940672263305
222,11127,5.975368916993808
222,11128,2.5600511580692547
222,11129,2.298946492372767
222,11130,6.262138634925816
222,11131,3.776626065371489
222,11132,3.6968306824598556
222,11133,2.5500312633799385
222,11134,3.7287224829177856
222,11135,0.0
222,11136,1.5547132864586506
222,11137,1.884891707449187
222,11138,5.114545449619176
222,11139,1.1780799273395473
222,11140,2.6054534129785085
222,11141,3.6674467474255543
222,11142,2.2256381995964585
222,11143,5.169512964782455
222,11144,1.8063127063231206
222,11145,6.831055283542953
222,11146,0.0
222,11147,5.931348502632922
222,11148,1.1547007039183432
222,11149,1.793217658998213
222,11150,3.860109150407724
222,11151,1.4608931355170882
222,11152,1.8063127063231206
222,11153,5.5253415182204595
222,11154,3.997677974400859
222,11158,0.708497716114066
222,11159,2.5500312633799385
222,11160,3.7590069696341373
222,11161,1.514239758252323
222,11162,1.9356714561571708
222,11163,1.09529321082036
222,11164,1.0952932108188034
222,11165,4.960882365701045
222,11166,0.0
222,11169,3.562402278184756
222,11170,5.624653324481947
222,11171,5.624653324489941
222,11172,3.6126069724541305
222,11173,4.257259145376889
222,11174,1.5289364196374016
222,11176,6.721279174085993
222,11177,8.535929694779531
222,11178,3.780596405265781
222,11181,1.964691951870844
222,11187,2.156694754958071
222,11188,8.267288357026944
222,11189,15.228377133600073
222,11190,7.10359655320281
222,11191,4.575966931883682
222,11193,7.92800366878104
222,11194,5.514432638888606
222,11195,3.8032701238970374
222,11196,2.559372056277934
222,11198,3.6474243924003065
222,11199,9.199913218625808
222,11200,15.189065337173322
222,11202,3.0114015564328462
222,11203,0.9956162888551625
222,11204,6.698336228724868
222,11205,2.386934682729031
222,11206,3.5732660070043405
222,11207,5.389694161718025
222,11208,5.532413832840473
222,11210,2.8020120598381375
222,11211,4.85652063041677
222,11212,2.519825063644551
222,11213,1.2607714254420541
222,11214,8.672839030619
222,11215,12.680022418492506
222,11216,8.599590584643556
222,11217,8.147896528239851
222,11218,10.076754167670817
222,11219,2.8938916325595474
222,11220,7.240863293405644
222,11221,5.619844794278488
222,11222,8.39540876447725
222,11223,4.638784602282058
222,11224,3.693431317809603
222,11232,1.5888284705579618
222,11233,3.5832971334439065
222,11244,0.9391990168528171
222,11247,4.21506017446502
222,11248,4.3256440758683015
222,11250,2.794964052737315
222,11251,1.2693125847720568
222,11252,7.196303084499228
222,11253,7.124029621478251
222,11254,10.014487355942371
222,11255,0.0
222,11256,5.490110702809863
222,11257,5.122882090513597
222,11260,4.678357690572562
222,11261,6.421662345525317
222,11262,2.4904765002416744
222,11263,0.0
222,11264,2.5473773851977666
222,11265,9.724970385427268
222,11275,1.7398986965418852
222,11277,7.394847571851294
222,11278,6.083662435409295
222,11279,11.851014643901484
222,11280,10.781918317089351
222,11281,2.4918291717754966
222,11283,0.6123939575628664
222,11285,2.8316097334032926
222,11288,4.275687038898306
222,11289,8.521295562382154
222,11290,2.1057759784151275
222,11291,2.2759871184846596
222,11292,9.363761320705393
222,11293,2.8244760632500507
222,11294,3.0628463253406726
222,11295,1.4123941026620792
222,11296,4.1792320087590085
222,11297,3.7520925700645327
222,11300,1.378815025091119
222,11302,0.6467968085782027
222,11303,16.35209664701579
222,11304,11.033893749112206
222,11305,5.539091527467043
222,11306,0.0
222,11307,3.727783039215617
222,11308,7.282929047938435
222,11309,7.5608374178370905
222,11310,1.552867926658612
222,11311,7.068115621801575
222,11312,5.126517489549875
222,11316,1.2005767878147369
222,11321,3.4891290664674837
222,11322,10.507754310960163
222,11323,4.326783344147376
222,11324,1.1628717184077348
222,11325,10.142890736455497
222,11326,3.580083176491813
222,11327,6.08366243541794
222,11328,2.2755209170270243
222,11329,4.462669417259795
222,11330,4.103030785921967
222,11331,3.867353796956945
222,11332,1.23567391187065
222,11333,4.462669417259795
222,11334,1.1863663606339585
222,11335,1.5792447701110897
222,11336,7.4835073202810145
222,11337,3.2458500936610784
222,11338,3.030897863212004
222,11339,6.630472317334598
222,11340,9.67723175882798
222,11341,5.761375576262946
222,11342,11.355487257236394
222,11343,3.7520925700645327
222,11344,3.170674815776848
222,11346,3.409727364779197
222,11347,9.137071073050594
222,11348,2.137518413363794
222,11349,4.125987812880454
222,11350,4.12598781287459
222,11351,5.3368905186625835
222,11352,3.740256987515514
222,11353,8.257580101485797
222,11354,1.7623467743387742
222,11355,6.739780381328036
222,11356,1.1094704456621693
222,11357,2.5391699932538714
222,11358,3.6155765131097417
222,11359,3.3324653282744525
222,11360,2.8122726827885454
222,11361,5.706407725808085
222,11362,2.9865039512499787
222,11368,0.7177967391907897
222,11369,6.884372904902998
222,11370,1.7623467743387742
222,11372,0.0
222,11373,0.8811304718251489
222,11374,3.342755623164833
222,11375,6.046578884121662
222,11376,4.720481336114376
222,11377,2.9703624174025847
222,11378,0.0
222,11379,3.827602788804003
222,11380,3.2161754742294
222,11381,3.965830095110295
222,11382,7.717075422413215
222,11383,4.989733546969722
222,11386,0.8582625165581378
222,11390,1.64760656654809
222,11392,2.5120614096527327
222,11394,5.804695934058391
222,11395,2.295691631733197
222,11396,13.75780373812973
222,11398,15.712097436181613
222,11400,9.958767145874097
222,11401,2.189813274889064
222,11402,8.309431895621227
222,11406,0.4347446328028357
222,11407,1.0469103511432396
222,11408,5.246773660180269
222,11409,6.916537284847536
222,11410,3.9457581192290903
222,11411,9.265844598407774
222,11412,1.095121633260882
222,11414,3.446537330747337
222,11420,0.4066686239093388
222,11421,5.807529017334498
222,11422,2.1599864400912203
222,11423,3.448610343037272
222,11424,2.39150164649108
222,11425,11.941516399377436
222,11426,0.9255988150830301
222,11427,17.545576393620237
222,11428,7.681574374433403
222,11429,1.7095689475527602
222,11430,1.5115964412702956
222,11431,2.4273582547890644
222,11432,10.254442468294888
222,11433,2.5474778003977616
222,11434,10.276077836746682
222,11438,0.979427397251324
222,11439,15.840184986583237
222,11440,11.975757479661537
222,11443,0.7404055260121541
222,11444,4.204281829301367
222,11446,0.6652178009973301
222,11447,9.55431014298904
222,11448,1.6377600096157754
222,11449,1.09529321082036
222,11450,4.027618467805709
222,11452,3.7125219404704803
222,11453,1.1427689809346315
222,11454,15.391615033141845
222,11456,5.751418545843315
222,11457,1.844762172551641
222,11458,5.930673256513423
222,11460,11.122539415957757
222,11462,0.9065059293056856
222,11465,4.343156218528583
222,11466,2.782368399205354
222,11467,5.557417385277289
222,11468,1.9356714561571708
222,11469,5.279768854384455
222,11471,1.2459608539941405
222,11476,1.7917141467328765
222,11477,2.2188575752099666
222,11478,4.271032623944482
222,11479,2.244498152284666
222,11480,1.5295115858330333
222,11481,3.2007276266796905
222,11482,2.966124527159051
222,11486,2.735727801918556
222,11489,1.9163326174020043
222,11492,1.9879283756016932
222,11493,20.38795620201975
222,11494,21.5590287745195
222,11496,0.0
222,11498,3.144073337314905
222,11501,3.6365447938440854
222,11502,4.149835333231886
222,11503,2.3869346827256392
222,11504,2.8325867280349546
222,11505,1.18690556846667
222,11506,5.5422427877755425
222,11507,2.1815777197500044
223,11608,6.217049360272088
223,11609,20.77813982962499
223,11610,15.869891792550215
223,11611,18.769428133954936
223,11613,20.71246996522362
223,11614,12.586378455155609
223,11615,12.346245646470429
223,11616,18.406196683661992
223,11617,16.106851547948228
223,11618,23.35346817969081
223,11619,16.970608681455786
223,11620,10.858677774662185
223,11621,13.668492883456265
223,11622,24.666516780840652
223,11623,15.63583016394769
223,11624,16.261669993415367
223,11625,12.035946249955694
223,11626,26.452795565114794
223,11627,13.343914747250295
223,11628,13.935976177446864
223,11629,13.336625844233366
223,11630,16.487422138467526
223,11631,16.468426734200637
223,11632,12.228300869475996
223,11633,16.894362866869866
223,11634,17.47148439287246
223,11635,13.10833901168108
223,11636,14.757371842853626
223,11637,21.089323014010134
223,11638,16.035082340255062
223,11639,9.253622442479168
223,11640,17.101217508307293
223,11641,20.763226747531704
223,11642,14.27701503037676
224,11665,29.00441318748898
224,11666,28.209226727511314
224,11667,29.832754433139797
224,11668,28.94730359314391
224,11669,71.47528588778322
224,11670,49.20790851113663
224,11671,34.63467031720451
224,11672,20.059545189131963
224,11673,57.33245909211087
224,11674,42.445751130619506
224,11675,19.835705459107743
224,11676,28.125230669960892
224,11677,25.5920612812275
224,11678,22.697466909873793
224,11679,22.40828052161978
224,11680,10.27438603342514
224,11681,28.749093711361482
224,11682,16.965304613128836
224,11683,57.73010194298652
224,11684,25.804985761629254
224,11685,22.6132375002113
224,11686,21.92580878733467
224,11687,21.428807526815895
224,11688,22.26265802981494
224,11689,14.064448624842123
224,11690,20.68298041819468
224,11691,17.73104310037318
224,11692,13.187950998537946
224,11693,18.182741850605247
224,11694,17.721857875601675
224,11695,17.530884593716237
224,11696,15.407311320318886
224,11697,18.15011009573008
224,11698,17.017689496270055
224,11699,13.650149256003397
224,11700,14.457034170620199
224,11701,14.26275104283557
224,11702,21.049020141382286
224,11703,15.381767302743672
224,11704,22.416293621051764
224,11705,12.598566412937178
224,11706,19.905743300904582
224,11707,17.35050603748946
224,11708,10.118766278023312
224,11709,14.372414499513903
224,11710,8.457395285375657
225,11673,18.116882890453606
225,11674,48.645315170332324
225,11675,112.19010829919797
225,11676,43.36668491361307
225,11677,36.78311169150837
225,11678,37.369367480258894
226,11722,35.55818170307248
226,11723,34.814407825452165
226,11724,25.284009575866808
226,11725,24.93637114761984
226,11726,22.380527704942697
226,11727,26.48450195791746
226,11728,28.031943440422978
226,11729,19.21681523322076
226,11730,23.014638125917386
226,11731,26.074094474302303
226,11732,29.310029447105364
226,11733,25.746022760854903
226,11734,21.760776489961934
226,11735,19.143230170028932
226,11736,22.837668657291175
226,11737,20.40987119077592
226,11738,23.727676570437076
226,11739,20.898882150639334
226,11740,17.211004346600312
226,11741,21.9086426496705
226,11742,19.3975009024044
226,11743,20.899837017048636
226,11744,20.58742672206844
226,11745,16.151704788199748
226,11746,16.3054168224483
226,11747,20.818637162436325
226,11748,15.219772607080303
226,11749,16.00601390005614
226,11750,17.260792851439227
226,11751,18.131074458351396
226,11752,22.751620709916782
226,11753,12.470165044062911
226,11754,17.88490667938271
226,11755,14.25601333381042
226,11756,21.63124188779678
226,11757,14.495722353471589
226,11758,16.989865601054085
226,11759,16.303461492053273
226,11760,13.677070587885899
226,11761,14.008700251572117
226,11762,13.095040619366623
226,11763,15.68944886328217
226,11764,11.848882287734645
226,11765,15.321291536084921
226,11766,13.523589223635575
226,11767,11.24693356453797
227,11742,29.931269288047734
227,11743,73.12272012229994
227,11744,39.88140910867504
227,11745,40.79647690055668
227,11746,43.87995779518304
227,11747,40.07847368715144
227,11748,29.628115296348675
227,11749,36.81573003533851
227,11750,30.92848777769414
227,11751,39.64683651922105
227,11752,46.155436635059374
227,11753,34.68317538498058
227,11754,33.99633944032837
227,11755,23.257498741171055
227,11756,26.147136390195822
227,11757,27.440199852014704
227,11758,33.621878921968424
227,11759,24.38531130551044
227,11760,18.103093653933776
227,11761,21.959721297014447
227,11762,21.460523307312478
227,11763,27.639214396501885
227,11764,27.575916945920188
227,11765,23.720203936087874
227,11766,22.60027706625133
227,11767,20.04365041850972
227,11768,19.474166482677035
227,11769,20.006625205296594
227,11770,22.0362098514921
227,11771,19.520087242144218
227,11772,19.939747005690865
227,11773,15.726205855599941
227,11774,22.95801132919492
227,11775,15.022411644451084
227,11776,19.048953205337316
227,11777,16.773686260000225
227,11778,13.830439299337941
227,11779,11.799266785377188
227,11780,12.965177446615568
229,11772,20.51893249153041
229,11773,33.507522940618536
229,11774,32.08300977948246
229,11775,29.163580834850652
229,11776,31.50482743976889
229,11777,26.717191636586648
229,11778,32.73740977047199
229,11779,30.227175950988567
229,11780,27.04931348564701
229,11781,27.76591390369902
229,11782,36.143032014402834
229,11783,24.144574999796912
229,11784,24.064519107329456
229,11785,21.09734550120365
229,11786,24.72066521643328
229,11787,25.31675130127565
229,11788,22.826089561006327
229,11789,20.66879957913295
229,11790,21.837944984424865
229,11791,22.679635584375028
229,11792,19.899601042260482
229,11793,20.70433616637124
229,11794,18.700673729198297
229,11795,20.736697018135906
229,11796,18.54869306089181
229,11797,13.049204349511147
229,11798,22.403891086566908
229,11799,18.58673214914105
229,11800,19.57012116908026
229,11801,19.280057698478373
229,11802,18.760698884742634
229,11803,14.965424090616201
229,11804,17.60625466703468
229,11805,17.613514065758512
229,11806,16.75415977834798
229,11807,13.840818107140732
229,11808,12.721474617713142
229,11809,15.012751668683956
229,11810,15.635510981097136
229,11811,11.982928365462849
229,11812,13.85287865995652
229,11813,14.610417634262022
229,11814,10.734295025462382
229,11815,10.945834815496566
229,11816,12.776407599460777
230,11794,19.523224085587138
230,11795,47.41603195664841
230,11796,36.50079578164559
230,11797,44.349269270874224
230,11798,36.01909786460941
230,11799,46.17758631710437
230,11800,34.302494823915104
230,11801,39.95078712699754
230,11802,35.467236042054964
230,11803,35.405167043190964
230,11804,36.310849785786175
230,11805,32.72835731509325
230,11806,36.22246295211846
230,11807,28.70891958477724
230,11808,30.075075924381128
230,11809,24.0658065676566
230,11810,31.010102033643314
230,11811,30.98327726124132
230,11812,26.230539679513864
230,11813,24.211616814158525
230,11814,23.048745095718036
230,11815,22.702957391727278
230,11816,26.59653514626061
230,11817,26.986061632619403
230,11818,22.807453572738424
230,11819,24.526757597945586
230,11820,20.04911139606404
230,11821,21.340808272381164
230,11822,21.05774939059134
230,11823,23.359766006457775
230,11824,20.49607202412562
230,11825,20.32041415571127
230,11826,19.82448577879845
230,11827,21.09050452711116
230,11828,20.058601051558725
230,11829,19.191399961700156
230,11830,9.745086953052802
232,11818,42.32915014026384
232,11819,39.024864435231414
232,11820,33.87701332567389
232,11821,34.41432684663088
232,11822,37.35796272752758
232,11823,29.728888571247154
232,11824,28.55792194607471
232,11825,38.42846721408786
232,11826,33.119125664217215
232,11827,29.62270796301675
232,11828,25.572279989706306
232,11829,24.37801569698994
232,11830,20.670596659202303
232,11831,23.393760323512506
232,11832,23.1127989292355
232,11833,24.723926782595385
232,11834,35.367136001568824
232,11835,24.643618762515548
232,11836,18.46712037920007
232,11837,23.78805845974659
232,11838,18.32753688098667
232,11839,21.351962238539265
232,11840,21.513597518194636
232,11841,9.93188135326812
232,11842,21.362337023008863
232,11843,23.23288947342638
232,11844,16.210543066277943
232,11845,21.248054802406884
232,11846,50.69528996949038
232,11847,3.3459487929923104
232,11848,5.820831432935599
232,11849,16.697221845403597
232,11850,24.683012366282234
232,11851,15.041987746946269
232,11852,5.79611621797612
232,11853,12.30340406298008
232,11854,17.420059740534455
232,11855,8.63642200828384
232,11856,9.270754382009532
232,11857,12.468787729751483
232,11858,12.553010433905856
233,11868,44.58965152499779
233,11869,42.02672839168556
233,11870,43.4317499398963
233,11871,40.6071370840442
233,11872,35.46189844606493
233,11873,43.023496270157736
233,11874,42.6427137852103
233,11875,37.04578310249341
233,11876,29.449061751350595
233,11877,31.44887119534492
233,11878,26.93716228006892
233,11879,31.47876441477119
233,11880,33.18713575604596
233,11881,26.94692820309214
233,11882,27.47200548651333
233,11883,23.506987094867124
233,11884,34.34972047804029
233,11885,25.876235961937596
233,11886,11.145039796823523
233,11887,16.62506908177479
233,11888,21.05951160194405
233,11889,34.049777090532054
233,11890,120.30645132058665
233,11891,69.12773609167665
233,11892,31.218308508380183
233,11893,102.51130342478277
233,11894,9.728628918537407
233,11895,1.0606920439744532
233,11896,11.088071018467497
233,11897,16.942076683035765
233,11898,15.551988333455714
233,11899,12.362367063772002
233,11900,19.51912030576661
233,11901,17.08478629588207
233,11902,5.323878116910531
233,11903,9.144359305496307
233,11904,21.255341023195836
233,11905,11.417141854773416
234,11882,61.33965253835535
234,11883,54.5892673730571
234,11884,84.0704834460782
234,11885,53.37214529519167
234,11886,111.39734387392068
234,11887,48.32954406735809
234,11888,46.052219867748185
234,11889,57.16541111466344
234,11890,99.84496235842366
234,11891,60.7410424948291
234,11892,50.88403701779623
234,11893,31.021254658683166
234,11894,41.882213652172034
234,11895,33.49432379005626
234,11896,25.10567218067545
234,11897,35.46472817657564
234,11898,29.55034732817092
234,11899,34.090442061455256
234,11900,26.18922293184848
234,11901,26.704896390424416
234,11902,18.249967396275906
234,11903,22.560615241516015
234,11904,36.32746607063343
234,11905,18.38389143349412
234,11906,23.133682608592597
234,11907,30.20115047695999
234,11908,22.843969166267154
234,11909,16.935824453822054
234,11910,18.75429779292859
234,11911,20.16944065689009
235,11884,63.54753971096603
235,11885,39.15797978643164
235,11886,7.192848399277822
235,11887,41.798627972581464
235,11888,64.11899507051578
235,11889,40.683293044546296
235,11890,29.733740687355088
235,11891,48.04439306263525
235,11892,38.274441361407725
235,11893,18.397589474907047
235,11894,34.038691520721876
235,11895,33.373619019968125
235,11896,25.26976972820673
235,11897,30.082438588127005
235,11898,56.37165963646866
235,11899,33.91549497845874
235,11900,25.588810443865086
235,11901,56.733393073052945
235,11902,23.292423784754003
235,11903,24.933806955801607
235,11904,25.28376817701954
235,11905,18.21612864734399
235,11906,20.666602849949754
235,11907,18.473002463595982
235,11908,22.14058399199307
235,11909,24.325940608965826
235,11910,19.537186324614172
235,11911,21.47399336098526
235,11912,19.93702992795878
235,11913,15.785596668734602
235,11914,22.09484964608016
235,11915,22.472815811622567
235,11916,16.476855576053346
235,11917,12.289136052125365
235,11918,18.750318735828344
235,11919,13.606081902993179
235,11920,14.407532662145874
236,11942,60.121838450401064
236,11943,52.02915787694177
236,11944,54.34403300290282
236,11945,53.18182110783717
236,11946,63.8672000170335
236,11947,52.11134612557606
236,11948,30.89448541401236
236,11949,53.156082630205816
236,11950,41.593530178048795
236,11951,41.369485259034924
236,11952,38.372508287464704
236,11953,31.409037709220076
236,11954,32.520510256273795
236,11955,37.86685556176769
236,11956,32.47307002542742
236,11957,25.876683890843083
236,11958,32.62076050041437
236,11959,29.340606629833474
236,11960,26.228466331982627
236,11961,30.747883915885453
236,11962,25.009472072111684
236,11963,26.033729910874204
236,11964,30.842598080619297
236,11965,23.949125111090805
236,11966,24.400970041774055
236,11967,25.802046060548935
236,11968,24.392443299281037
236,11969,25.985316038155347
236,11970,17.2075442969711
236,11971,16.81339368225673
237,11946,66.80035114294405
237,11947,41.64617657659307
237,11948,36.428287625294175
237,11949,63.53531420236644
237,11950,41.778916418531026
237,11951,32.25313425062437
237,11952,37.2599896788936
237,11953,29.62476253508006
237,11954,28.55980485676258
237,11955,39.47751671079412
237,11956,27.939015626893056
237,11957,26.009549796604922
237,11958,35.818747580033104
237,11959,33.80368977783382
237,11960,26.266569793248223
237,11961,28.433499634251355
237,11962,28.166169226155176
237,11963,26.435709893727502
237,11964,27.76325315235625
237,11965,22.139547318208812
237,11966,25.582118332409284
237,11967,25.00630974768313
237,11968,24.505570828902105
237,11969,28.608095347907334
237,11970,18.561306148757975
237,11971,26.667010188126977
237,11972,19.84190806745468
237,11973,16.023092865935713
237,11974,20.556459277886965
237,11975,13.402376174919901
237,11976,13.535525053732623
238,11948,17.70314410327959
238,11949,65.67503571516288
238,11950,49.45633471009585
238,11951,46.172924637770876
238,11952,42.69785463813851
238,11953,48.22505593297399
238,11954,47.83698320386347
238,11955,40.781043469942944
238,11956,37.72671550510384
238,11957,33.547737300426476
238,11958,35.17547607420076
238,11959,33.92757833002263
238,11960,37.543201446567345
238,11961,31.457397937758564
238,11962,29.763295948490175
238,11963,28.28049570324609
238,11964,28.038391470894776
238,11965,26.86753481625136
238,11966,131.08424305927755
238,11967,62.33614146706254
238,11968,74.42313015457161
238,11969,4.252118691805892
238,11970,11.786766350263287
238,11971,18.899613171833064
238,11972,15.443222075692859
238,11973,15.609363466493253
238,11974,27.965067923094438
238,11975,21.67440801857793
238,11976,14.392516314976005
238,11977,21.8112583458622
239,11997,44.36654001472111
239,11998,49.045329093908016
239,11999,53.17393004899093
239,12000,52.887099981280926
239,12001,57.226828336686424
239,12002,48.328868150755014
239,12003,43.24212849137955
239,12004,41.94172918794394
239,12005,42.98167794946765
239,12006,34.737626910191885
239,12007,39.806411862409554
239,12008,41.928103566148295
239,12009,30.629413425906726
239,12010,30.216522216824355
239,12011,30.629882812484333
239,12012,26.452685594545184
239,12013,29.21319365504061
239,12014,29.199967682346664
239,12015,140.47442078583208
239,12016,54.351022839595636
239,12017,30.79417079685543
239,12018,44.955861568427935
239,12019,12.613732963811904
239,12020,6.964705064889206
239,12021,23.440672159216266
239,12022,16.898469328871666
239,12023,17.708229571571827
240,11996,69.03070986277183
240,11997,52.08734035489279
240,11998,55.74254751202593
240,11999,57.39557683473085
240,12000,50.69935619828492
240,12001,51.407024860355776
240,12002,49.71917510037176
240,12003,42.34323710201005
240,12004,44.06266450879704
240,12005,41.807943284549594
240,12006,117.29161620134074
240,12007,51.29408776764767
240,12008,40.61421006915876
240,12009,32.998992204649255
240,12010,28.499085009123974
240,12011,29.86519038675688
240,12012,32.740663290007056
240,12013,29.68933403494674
240,12014,26.80904388426363
240,12015,21.4264485239873
240,12016,24.177989959738785
240,12017,23.267715275275723
240,12018,25.80143451689354
240,12019,24.037321507952615
240,12020,21.33282065390449
240,12021,24.582099616549915
240,12022,19.586945325126166
240,12023,18.461715728035067
240,12024,21.84421598913272
240,12025,15.53907483815352
240,12026,15.216076523057781
240,12027,17.528918534533233
241,12034,48.76332163808235
241,12035,52.11362063889475
241,12036,69.68418180938971
241,12037,61.96702659126926
241,12038,61.020775437410535
241,12039,43.895876705624055
241,12040,50.88859140870352
241,12041,56.73243284230624
241,12042,45.04742145536026
241,12043,45.87242066857852
241,12044,41.84740930799476
241,12045,38.59603285787515
241,12046,37.84648150209055
241,12047,35.20959377287017
241,12048,31.4005941152412
241,12049,34.098223149807474
241,12050,35.056900978070445
241,12051,33.22508364914148
241,12052,33.66645187142573
241,12053,26.75254046915593
241,12054,25.95055460928543
241,12055,23.632616400740183
241,12056,15.489708781234448
241,12057,26.058985590958454
242,12047,51.652715206119815
242,12048,53.65714073178407
242,12049,62.579079866466216
242,12050,55.74701607224473
242,12051,52.3992758989066
242,12052,49.68219816689242
242,12053,55.92178344723702
242,12054,38.71005624530719
242,12055,48.07033538822731
242,12056,45.02931118009171
242,12057,34.81601446870156
242,12058,39.131015539149296
242,12059,36.86849445102713
242,12060,32.70283877852553
242,12061,31.14359289406137
242,12062,31.47751986978828
242,12063,33.485056757957395
242,12064,30.378648340686517
242,12065,29.222291707977604
242,12066,25.64511269333311
242,12067,25.78923851250283
242,12068,28.81646543739752
242,12069,23.262509107610878
242,12070,27.213073074803738
242,12071,25.72176486256078
242,12072,21.208995133627532
242,12073,20.99955081938623
242,12074,19.62779536845085
242,12075,16.986215114584816
242,12076,17.12250620125848
243,12074,50.652632117317495
243,12075,55.531092882127965
243,12076,51.94556415078367
243,12077,46.52788817886769
243,12078,51.48942232129324
243,12079,57.157364487618764
243,12080,46.131919026416774
243,12081,38.12843799589114
243,12082,41.45386755470232
243,12083,38.77130985258026
243,12084,33.17660003898831
243,12085,43.532466888467326
243,12086,32.42186933754216
243,12087,32.98644751308661
243,12088,25.99559158089141
243,12089,31.94262295959746
243,12090,27.506930530057186
243,12091,28.562127649810066
243,12092,30.71839839218476
243,12093,26.797094643102287
243,12094,83.45885932453118
243,12095,14.476633071892008
243,12096,15.728851854815483
243,12097,15.040686875574046
243,12098,15.813543945542829
243,12099,16.50995537640166
243,12100,23.110146224486925
245,12154,52.582186460468094
245,12155,71.2355124951057
245,12156,84.29699599738576
245,12157,55.87910413747147
245,12158,52.70587921139882
245,12159,48.27668845651064
245,12160,43.52821558717872
245,12161,45.520445108390405
245,12162,39.67215389011261
245,12163,38.64162504676519
245,12164,36.263334453087374
245,12165,34.603849053365174
245,12166,31.83960735800778
245,12167,29.376389980301134
245,12168,33.48439425228313
245,12169,30.158202946213493
245,12170,28.357134461388387
245,12171,37.805677056346944
245,12172,34.050595164281596
245,12173,26.060332059846896
245,12174,26.461606621766315
245,12175,25.95275938509567
245,12176,19.64010134338328
245,12177,18.203201740996704
245,12178,12.740584015839735
245,12179,23.350383639323688
246,12165,47.03258872029759
246,12166,51.557582616852926
246,12167,53.17860245701931
246,12168,45.502839088416664
246,12169,43.188377022782504
246,12170,48.51814091203115
246,12171,64.05095815664396
246,12172,42.38475233314253
246,12173,36.38289123771713
246,12174,36.55593395236479
246,12175,31.344254314883408
246,12176,27.525732815251576
246,12177,39.601424038446204
246,12178,23.683240413653657
246,12179,29.778209030612974
246,12180,22.34556376936084
246,12181,31.06844276188215
246,12182,160.91095447554918
246,12183,71.93412601944105
246,12184,28.55488032101124
246,12185,107.71506786356233
246,12186,1.0157797951246073
246,12187,2.7444946020827556
246,12188,2.3062977567336076
246,12189,24.720962941633932
246,12190,17.28113204239915
246,12191,21.8530176580151
246,12192,18.37370976804747
246,12193,15.620508044950125
246,12194,19.900095909852006
247,12182,63.31055045133627
247,12183,50.66501855847628
247,12184,41.94463938472509
247,12185,29.94473129513603
247,12186,37.1972984075356
247,12187,34.8504567146123
247,12189,32.30501085520434
247,12190,25.308833420263696
247,12191,30.146508514908557
247,12192,26.768260896192206
247,12193,34.42302525041727
247,12194,26.664188504243306
247,12195,34.42304670808939
247,12196,26.080593466782446
247,12197,20.898467749346533
247,12198,22.477969676244683
247,12199,18.886734545248043
247,12200,23.929606676089442
247,12201,20.323823243369194
248,12210,62.751309871730655
248,12211,72.0446598529447
248,12212,71.0630947351092
248,12213,65.75724005705139
248,12214,48.11331510541362
248,12215,46.99763417241553
248,12216,49.04398262505224
248,12217,43.527099788166666
248,12218,42.55528718230932
248,12219,40.132844746149324
248,12220,38.87923657892146
248,12221,39.94087636474427
248,12222,32.95526951549752
248,12223,38.66325169799734
248,12224,30.11939942839501
248,12225,31.35798186062162
248,12226,26.054463386522315
248,12227,31.734867095976128
248,12228,30.40487766264314
248,12229,27.392070293412498
248,12230,23.557723760626285
248,12231,23.463127613055626
248,12232,14.809131771339533
248,12233,21.93535208700965
248,12234,21.383164376009493
249,12215,77.08007276054254
249,12216,74.77387189871912
249,12217,71.50214552875676
249,12218,62.153574228254946
249,12219,59.45018649106665
249,12220,58.24709236618877
249,12221,59.72612679010101
249,12222,48.619979023908535
249,12223,54.340057969065526
249,12224,47.87126719955983
249,12225,42.58715450761524
249,12226,34.511117041093335
249,12227,40.92652916911987
249,12228,45.73556363580271
249,12229,32.254864275438976
249,12230,32.253426611452824
249,12231,28.25504153965458
249,12232,36.607968807253755
249,12233,32.32550829647318
249,12234,29.18529063461718
249,12235,28.052990734602695
249,12236,23.626506328570677
249,12237,22.830311357963325
249,12238,21.590310037155714
249,12239,24.270872175681095
250,12248,59.066421389549554
250,12249,57.960020899825366
250,12250,57.133482098550175
250,12251,54.41149592396813
250,12252,51.241704225586766
250,12253,52.01450765130243
250,12254,47.32769608495199
250,12255,45.212817192118756
250,12256,40.00302582977156
250,12257,38.351946473156524
250,12258,39.413446783999305
250,12259,35.898387730103245
251,12273,8.964788094158354
251,12274,3.254659473898987
251,12277,4.481523334979841
251,12278,5.766305476424129
251,12279,4.643772169945248
251,12280,3.588287383321211
251,12281,5.979718789455216
251,12282,52.80715405945812
251,12283,60.020418763129996
251,12284,58.47829341885436
251,12285,53.64472746853939
251,12286,53.73132526871793
251,12287,59.82521831986228
251,12288,45.24874806408229
251,12289,51.84909045693606
251,12290,41.725921332814806
251,12291,35.19013971093518
251,12292,45.68569064137983
251,12293,34.523082375508764
251,12294,33.099304139644204
251,12295,31.14374577997522
251,12296,33.81343424323296
251,12297,32.49282181261308
251,12298,26.85790300367889
251,12299,30.679087936906107
251,12300,42.47331887481424
251,12301,19.949699342240617
251,12302,24.95667278768902
251,12303,20.147636979808038
251,12304,23.96974593399729
251,12305,17.110805064455334
253,12302,4.590540826320475
253,12303,59.00796532627902
253,12304,75.88021874423914
253,12305,75.03636896617085
253,12306,72.7017366885767
253,12307,59.57362174993211
253,12308,71.8608963489165
253,12309,51.640178561184214
253,12310,51.27121925358667
253,12311,53.25296938416618
253,12312,45.49090862271843
253,12313,29.302141070392555
253,12314,38.9745461940566
253,12315,43.67641031739862
253,12316,39.24676090482467
253,12317,39.59598451850773
253,12318,38.03354680536231
253,12319,36.49288862946968
253,12320,33.79908174274623
253,12321,22.778998017331812
255,12350,53.25497031209129
255,12351,78.72161686416413
255,12352,64.24462974077346
255,12353,66.18680655952883
255,12354,50.80512106416011
255,12355,53.23119521145894
255,12356,50.29241681096365
255,12357,51.40014767651464
255,12358,45.90181767938173
255,12359,43.89248102901121
255,12360,38.057571351562785
255,12361,39.59480166433216
255,12362,35.93267709014962
255,12363,36.3271334767672
255,12364,36.59317106006658
255,12365,36.24363899229103
255,12366,32.34439373019299
255,12367,33.25175017116753
255,12368,28.08513164518827
255,12369,20.260634422320674
255,12370,23.52627485989321
256,12355,59.730316400582275
256,12356,59.426491856544615
256,12357,59.42559063440006
256,12358,56.135550141305814
256,12359,65.72692036625361
256,12360,54.55645859246447
256,12361,51.13821923730141
256,12362,45.622041821456456
256,12363,46.412231326145424
256,12364,46.18076205251239
256,12365,37.82240062950107
256,12366,39.04462963346218
256,12367,32.41036534307729
256,12368,34.96887356041073
256,12369,34.33845520022655
256,12370,35.027399361115656
256,12371,31.55364364388475
256,12372,31.297806501372538
256,12373,29.45069253443165
256,12374,25.674662590050207
256,12375,25.141817629324446
256,12376,19.318224191655766
256,12377,21.17534279825229
257,12396,60.58472335344103
257,12397,67.71545112129562
257,12398,72.89753258224573
257,12399,63.02605926996242
257,12400,60.36463201042901
257,12401,64.25079345699838
257,12402,63.14711272722265
257,12403,51.54619395730243
257,12404,52.56879150864773
257,12405,50.69433510308108
257,12406,42.84448832271291
257,12407,40.77956020835771
257,12408,38.305458426455935
257,12409,40.557940006235356
257,12410,39.47406202558293
257,12411,30.87147474287361
257,12412,29.426702857002464
257,12413,34.71978485587417
257,12414,36.82320266960168
257,12415,31.312030255778506
257,12416,34.57333892586991
257,12417,22.619894742954127
257,12418,23.169232606875966
258,12416,52.87835597996752
258,12417,56.638973951310746
258,12418,74.49894547458652
258,12419,61.54727160936232
258,12420,62.91456520554185
258,12421,50.37763595585637
258,12422,56.27195656296712
258,12423,54.011074304553055
258,12424,48.61052691940914
258,12425,37.93924570081678
258,12426,42.370651960351246
258,12427,39.13682520393117
258,12428,36.5342590212635
258,12429,34.9252420663655
258,12430,36.43494755032992
258,12431,30.163755118831464
258,12432,38.403694331680896
258,12433,28.982987701878024
258,12434,28.457569777950987
258,12435,31.829119920759542
258,12436,23.378163278090913
258,12437,16.45683690904729
258,12438,23.269303143045608
259,12420,63.76147806641178
259,12421,73.2655638457011
259,12422,57.521549463242664
259,12423,68.12256753441187
259,12424,61.23512148862685
259,12425,55.238764286013
259,12426,52.174029350254074
259,12427,50.588017702148676
259,12428,46.66261553761956
259,12429,42.77684569356637
259,12430,45.093587636988644
259,12431,35.02290129659768
259,12432,36.14976972344825
259,12433,34.44493621585991
259,12434,40.21436512468188
259,12435,66.02999925619409
259,12436,35.36848783491233
259,12437,4.705931358036971
259,12438,24.662654399894258
259,12439,21.806084364641478
259,12440,20.886835008848948
259,12441,20.782877951879332
260,12436,55.30700504776986
260,12437,62.24163115021382
260,12438,61.16726696496805
260,12439,59.7549390792541
260,12440,65.63823044296721
260,12441,57.35046744351835
260,12442,56.6457384824463
260,12443,54.401925802203
260,12444,44.212549030821
260,12445,49.323184490178626
260,12446,49.58591222767571
260,12447,40.000043213347
260,12448,37.06564486024868
260,12449,36.53454601768002
260,12450,35.61348080633249
260,12451,35.65417528150642
260,12452,28.051681816603423
260,12453,32.65354245899437
260,12454,31.985251307471124
260,12455,28.391737639929847
260,12456,29.35251563785959
260,12457,27.734322845961046
260,12458,26.979970335946586
260,12459,21.48655146359298
260,12460,21.116988658924235
261,12481,67.9166597127567
261,12482,67.67246603971914
261,12483,66.66987240311073
261,12484,63.782292008367335
261,12485,76.76594316966363
261,12486,59.1314166783984
261,12487,53.55380594727638
261,12488,33.48163425925439
261,12489,43.84368628261231
261,12490,40.43411850927192
261,12491,40.04108101133174
261,12492,37.61928230522138
261,12493,81.03437840934423
261,12494,21.37568235399283
261,12495,19.98465389012268
261,12496,25.330894589447173
261,12497,30.696272850020915
261,12498,30.508241951449996
261,12499,26.021866500401323
261,12500,24.988620579229924
261,12501,24.57646161316568
262,12482,92.57159471520261
262,12483,63.66135656830392
262,12484,69.79679703708892
262,12485,113.0712997914389
262,12486,92.15399622912462
262,12487,78.09625983234226
262,12488,48.299943208738384
262,12489,42.61724352834429
262,12490,44.09132122991214
262,12491,50.2671664953689
262,12492,38.20727348325682
262,12493,42.46927946803781
262,12494,59.85111773019512
262,12495,26.307575404630555
262,12496,29.409348964717914
262,12497,32.81514823435059
262,12498,32.121681869013564
262,12499,33.58223587277606
262,12500,31.924091577513575
262,12501,25.518029630171117
262,12502,32.9136282205881
262,12503,22.73301422594815
262,12504,20.88971704243545
262,12505,22.310890853425292
263,12543,64.3320482968955
263,12544,60.543025732095465
263,12545,56.44640743729565
263,12546,61.640210151728425
263,12547,61.439838409392394
263,12548,51.57029092309221
263,12549,41.847774088420785
263,12550,49.954152703259666
263,12551,51.16660773751502
263,12552,37.397297322784105
263,12553,39.105947613696124
263,12554,31.834366321547435
263,12555,32.42116659882633
263,12556,35.40133416650868
263,12557,29.462437927749725
263,12558,32.727040350420424
263,12559,30.893171131595068
263,12560,30.9196659922881
263,12561,28.863683044895666
263,12562,31.60948187111191
263,12563,19.9474355578604
263,12564,22.624682486045707
263,12565,19.924750775088608
264,12594,66.14137530332859
264,12595,64.73487317558792
264,12596,61.69144570833095
264,12597,70.22153019901498
264,12598,58.145774602860264
264,12599,50.646961927460005
264,12600,48.89428317544343
264,12601,51.66760146615246
264,12602,45.01936554912847
264,12603,39.64482486245988
264,12604,43.81791830060625
264,12605,32.779453396826995
264,12606,37.28920161722183
264,12607,36.75211071971421
264,12608,121.301679611144
264,12609,17.226044833651315
264,12610,22.153622210045935
264,12611,12.532554566853788
264,12612,21.503980457771743
264,12613,24.98527050020583
264,12614,19.41261515020331
264,12615,23.21038037537341
264,12616,22.07086265089135
265,12607,67.50128746038854
265,12608,73.79057943817178
265,12609,76.60179734226124
265,12610,79.66236412532423
265,12611,62.515645623175104
265,12612,64.3108481168418
265,12613,57.636476755194636
265,12614,57.8685039281549
265,12615,58.897699713676836
265,12616,49.60346996788722
265,12617,42.17604696748484
265,12618,46.160243153548464
265,12619,42.481716871300236
265,12620,37.855348885039994
265,12621,64.84032690530952
265,12622,23.091394901263822
265,12623,28.205383121952885
265,12624,32.487081885367374
265,12625,29.860139787181836
265,12626,25.685380697237225
265,12627,22.653677165528876
265,12628,25.515564680086435
266,12630,57.403945326857325
266,12631,67.0126748084679
266,12632,58.84154498582469
266,12633,68.5216480493195
266,12634,55.284914374323215
266,12635,52.55745112900746
266,12636,41.4157533645418
266,12637,48.670388460134404
266,12638,52.51468062405594
266,12639,43.861710727192374
266,12641,34.12134110928261
266,12643,36.575044691543944
266,12644,30.933044850854394
266,12645,32.89466232059703
266,12646,30.33687829974073
266,12647,26.983779072747733
266,12648,25.975689589963977
266,12649,32.57072389128786
266,12650,19.826725423325886
266,12651,19.200949966897678
266,12652,22.86765307190114
267,12655,62.13876307016302
267,12656,84.04414415355197
267,12657,67.79680788523164
267,12658,70.23089110847695
267,12659,61.34149789807042
267,12660,60.51064610486766
267,12661,50.01312375066106
267,12662,48.542377352689705
267,12663,52.347300052690436
267,12664,49.52291250226348
267,12665,39.75281596181743
267,12666,37.569972574745016
267,12667,41.45386219022538
267,12668,36.799773573856605
267,12669,36.841498017344605
267,12670,35.31251549718958
267,12671,31.228323876886158
267,12672,32.98862010238867
267,12673,26.893624663339207
267,12674,30.997897982625545
267,12675,22.74733453987865
267,12676,21.688614338625303
267,12677,23.168326020261855
268,12680,66.26312077051467
268,12681,61.3957643508597
268,12682,68.83880317217412
268,12683,52.64183878895928
268,12684,60.663215517966705
268,12685,56.59508764748952
268,12686,54.00389671322921
268,12687,47.62639760968633
268,12688,42.42571234706923
268,12689,44.61598545310599
268,12690,38.89944165943063
268,12691,36.08283519748155
268,12692,36.794261634331
268,12693,155.10461568824462
268,12694,60.162007212693574
268,12695,19.65313687919565
268,12696,38.09077173474915
268,12697,40.22968322036593
268,12698,3.813778012989
268,12699,20.695688724536645
268,12700,21.370378285635507
268,12701,21.438336074341297
268,12702,24.275088608287003
270,12730,63.73684465890959
270,12731,65.08055090900906
270,12732,60.32661437993768
270,12733,59.19606864449334
270,12734,62.68519878384245
270,12735,51.96271419529872
270,12736,47.42151975629288
270,12737,45.64707219598342
270,12738,45.30667304996797
270,12739,46.10886275765921
270,12740,36.158433258514975
270,12741,33.64921867850504
270,12742,32.092456519587316
270,12743,33.04719686506488
270,12744,31.336792409448517
270,12745,32.223436832411494
270,12746,28.871005475547346
270,12747,32.63301819561242
270,12748,23.398639261710596
270,12749,29.31586056950374
270,12750,21.854534447181965
270,12751,25.253477990614368
270,12752,21.349305510540354
270,12753,21.57554313539355
270,12754,17.769477814426867
271,12770,68.69514405723872
271,12771,79.71554160125353
271,12772,66.2560933828015
271,12773,69.49314951893112
271,12774,61.811485290583555
271,12775,55.26929318902049
271,12776,52.10946857926564
271,12777,50.63939273361997
271,12778,51.987256407711136
271,12779,44.93850499389257
271,12780,36.051351428064706
271,12781,38.09475213287312
271,12782,44.22094166282861
271,12783,34.69137221573009
271,12784,32.78094738720171
271,12785,31.271917820005253
271,12786,30.850655436500027
271,12787,29.217868745312053
271,12788,31.16795539858792
271,12789,28.250371813759656
271,12790,26.609066426740387
271,12791,22.786140739938478
271,12792,18.034890443077398
271,12793,19.972538352002417
271,12794,24.68971788885455
272,12777,65.06208658224301
272,12778,67.60298073288321
272,12779,63.79224836823061
272,12780,68.46569716936617
272,12781,60.70670485493416
272,12782,45.147746801417405
272,12783,53.22009086606164
272,12784,52.09577858445363
272,12785,49.44353520874706
272,12786,43.42165410516425
272,12787,39.81855690477242
272,12788,37.67420053485482
272,12789,35.17589181659807
272,12790,34.28805649278794
272,12791,32.1657961607272
272,12792,31.940968036635272
272,12793,56.563008427591
272,12794,18.722858279960498
272,12795,20.715531706799403
272,12796,23.170723915121172
272,12797,17.196181118479515
272,12798,23.540815114962932
273,12796,75.02567768103748
273,12797,59.91856455799852
273,12798,65.97218155857526
273,12799,52.15967416768049
274,12841,59.27943170076039
274,12842,68.35700333124656
274,12843,59.37130808818787
274,12844,62.43804931646304
274,12845,52.696850895929586
274,12846,47.25976109495566
274,12847,57.71611690526489
274,12848,49.32574331764893
274,12849,40.13725697986475
274,12850,46.81455731396164
274,12851,40.84729671481986
274,12852,31.901885569033958
274,12853,37.35204577449381
274,12854,34.617294967206014
274,12855,32.25857108825171
274,12856,30.965620279340296
274,12857,30.02678275111068
274,12858,26.675451099821036
274,12859,28.44321459534371
274,12860,23.570995330831988
274,12861,23.915983736468824
274,12862,20.310703218001716
274,12863,26.9470837712533
274,12864,22.070912271758125
275,12862,68.28170299536241
275,12863,75.63542425639356
275,12864,70.69516003138295
275,12865,67.48723268495868
275,12866,52.63945162301083
275,12867,62.59740471845598
275,12868,54.70308959473528
275,12869,51.640500426339386
275,12870,45.582420229953264
275,12871,46.507669687181235
275,12872,42.16468781236669
275,12873,38.763536810910196
275,12874,38.2995495199417
275,12875,40.93206793073562
275,12876,37.894133627449165
275,12877,34.12468850606045
275,12878,29.64855372908428
275,12879,28.34631979468063
275,12880,24.745129644822935
276,12869,75.09797394282495
276,12870,87.54487752922391
276,12871,83.83639633639345
276,12872,81.16815626628629
276,12873,72.78997600085204
276,12874,67.04446434961713
276,12875,65.9929579496984
276,12876,128.1060576440069
276,12877,54.98657762993676
276,12878,46.231842041057675
276,12879,97.85069704064685
276,12880,61.72839045512667
276,12881,50.886477828072096
276,12882,35.75612604621325
276,12883,38.58233749859029
276,12884,36.796227693591206
276,12885,35.43860614302997
276,12886,31.032396554886923
276,12887,31.18750065567946
276,12888,24.221846759341336
276,12889,24.890422225021112
276,12890,27.555902302211912
277,12899,57.37230062473653
277,12900,74.58672881133188
277,12901,77.79376029975337
277,12902,61.822761297106474
277,12903,66.2933224440224
277,12904,51.86151981358477
277,12905,58.00300061691518
277,12906,50.38523733620458
277,12907,44.28564727310393
277,12908,43.24903786174045
277,12909,42.512948513069674
278,13999,27.800656557029402
278,14000,59.40009355550446
278,14001,39.54048693183681
278,14002,28.489624857847467
278,14003,26.159828603291462
278,14004,32.95419126752036
278,14005,30.725573301255924
278,14006,32.55340486767869
278,14007,31.71687752011323
278,14008,25.882807373950527
278,14009,28.9765745401646
278,14010,26.37882560493961
278,14011,17.753667533363362
278,14012,32.3282790184315
278,14013,21.442717462797592
278,14014,26.680013537431186
278,14015,25.673482418010686
278,14016,30.593946576146294
278,14017,19.831877946871675
278,14018,17.465988546576124
278,14019,22.952089011690035
278,14020,21.796875000019824
278,14021,16.43602833148641
278,14022,22.632702291032395
278,14023,19.975901842135478
278,14024,13.981363177272478
278,14025,139.6282482148487
278,14026,60.922499299104786
278,14027,21.71005055304146
278,14028,98.19512486466756
278,14029,27.95931190254847
278,14030,40.49793362609666
278,14031,28.56238245966648
278,14032,11.106890738020509
278,14033,11.137958094456128
278,14034,11.502712368975612
278,14035,19.282509237545387
278,14036,18.043182492221295
278,14037,10.966097563515145
278,14038,9.793433770546283
280,14121,16.037317514418948
280,14122,10.31024247408851
280,14123,11.822914481173779
280,14125,11.409895867103462
280,14126,22.293476611396084
280,14127,11.437471657969304
280,14128,6.078188717370794
280,14129,4.372503943745299
280,14130,11.7194496094954
281,14095,58.09203922753849
281,14096,65.33131599413643
281,14097,59.56352591520005
281,14098,46.54169082645834
281,14099,56.44068896759569
281,14100,49.5996665955041
281,14101,46.23435795311365
281,14102,50.96659541120216
281,14103,38.956065773999356
281,14104,48.691207766577186
281,14105,48.46820354452303
281,14106,32.92505711320057
281,14107,34.856081306966054
281,14108,29.282622635307938
281,14109,27.888783216501807
281,14110,15.994642674937491
281,14111,25.333142280529653
281,14112,28.19887340071382
281,14113,24.343771934531418
281,14114,26.497532129311818
281,14115,27.471278607792215
281,14116,25.839393138909
281,14117,19.95631903411773
281,14118,33.79491090768005
281,14119,17.619911134259038
281,14120,18.452938199060057
281,14121,17.971422672236994
282,14154,41.919013559856396
282,14155,41.0471776127022
282,14156,51.6752403975003
282,14157,37.43398189548083
282,14158,33.782540559703385
282,14159,40.43378323320252
282,14160,35.26475876572955
282,14161,30.741559266984652
282,14162,31.503958404092835
282,14163,38.83264392617897
282,14164,33.99606585505717
282,14165,26.460681259580973
282,14166,35.70955216887861
282,14167,32.76853412392735
282,14168,29.624193906726806
282,14169,23.97252202036177
282,14170,26.623687148118393
282,14171,26.79981708521432
282,14172,27.285066247011205
282,14173,24.1370970010977
282,14174,24.664199352216738
282,14175,22.929059565088146
282,14176,20.450427532214643
282,14177,23.072310984090084
282,14178,23.463264405748728
282,14179,23.11841011049466
282,14180,19.547408223114385
282,14181,20.111537128705198
282,14182,15.549492537989455
282,14183,18.328831046784263
282,14184,13.241538852465276
282,14185,15.067172348513003
282,14186,16.958486437764773
283,14156,59.58887815480883
283,14157,95.11801958092758
283,14158,124.02040958380573
283,14159,85.55442094810638
283,14160,108.40245366106356
283,14161,83.11010777934224
283,14162,59.44487035279912
283,14163,57.928537130408515
283,14164,58.31293523316919
283,14165,59.90200996387349
283,14166,176.48104906098206
283,14167,70.28563499457076
283,14168,32.960824370320516
283,14169,33.31208914521386
283,14170,44.68116581444036
283,14171,39.71256941549255
283,14172,31.17964178326581
283,14173,31.66339427235622
285,14326,71.68534576899373
285,14327,82.80754387362688
285,14328,74.06478166586936
285,14329,76.56457901007941
285,14330,85.76625108702297
285,14331,111.11456394205662
285,14332,69.04801547533593
285,14333,59.63782310474314
285,14334,52.948592305231564
285,14335,44.24662113193722
285,14336,55.67188739765852
285,14337,46.29259943966308
285,14338,39.012115895783616
285,14339,37.32429027560767
285,14340,37.99147367470074
285,14341,36.62017017606251
285,14342,36.11796140674061
285,14343,32.80429065221169
285,14344,26.67254090311569
285,14345,22.41949349643839
285,14346,27.18390136951915
286,14423,73.97738993174606
286,14424,79.04365360721572
286,14425,89.70511257656626
286,14426,77.00908005244584
286,14427,67.0975720881119
286,14428,61.25305473810045
286,14429,61.33718490606165
286,14430,57.52138853062004
286,14431,46.18104636673359
286,14432,146.44285082830396
286,14433,84.8185998199731
286,14434,68.03219854837883
286,14435,17.964025139824994
286,14436,28.87089550489568
286,14437,36.71723127368452
286,14438,29.910787940052533
286,14439,30.857556760339193
287,14517,87.62359499939305
287,14518,91.49640440923174
287,14519,83.09215307243275
287,14520,77.01974987990708
287,14521,89.92480158788467
287,14522,70.9981584549596
287,14523,72.41631746298701
287,14524,65.4304558037447
287,14525,52.10853517060251
287,14526,55.69046974187194
287,14527,47.24007368078639
287,14528,37.9296326637613
287,14529,51.05258703236455
287,14530,41.259117722431554
287,14531,39.72405463460721
287,14532,36.92049711946031
287,14533,32.709305584367485
287,14534,26.64058506491223
288,14533,68.68224263177949
288,14534,75.10285556323207
288,14535,71.47908926016633
288,14536,75.83708345875388
288,14537,66.21586024767223
288,14538,58.02690982823881
288,14539,56.616722345403666
288,14540,54.611154198541
288,14541,47.59187757973231
288,14542,42.66519606117314
288,14543,46.18686139574661
288,14544,44.48277622465365
288,14545,33.89923810961945
288,14546,56.59909486759691
288,14547,29.134390354182994
288,14548,29.871753752258766
288,14549,29.3085595964819
288,14550,24.097480773947698
288,14551,27.465670108820145
289,14546,82.62545406802421
289,14547,89.29858088501469
289,14548,87.75629460819596
289,14549,77.83389687523103
289,14550,78.06046843535847
289,14551,60.79115688806341
289,14552,65.15482127653881
289,14553,63.23320090776473
289,14554,48.49401712422013
289,14555,52.77247309674554
289,14556,47.61566877369443
289,14557,45.67929089073521
289,14558,43.89104604712587
289,14559,40.801624059714236
289,14560,39.107438921963976
289,14561,39.83502030364921
289,14562,28.74361395838491
289,14563,26.33119225504409
290,14659,72.84359335905978
290,14660,78.45365345485193
290,14661,68.02851319299901
290,14662,72.85790026194523
290,14663,64.68877136713189
290,14664,60.09577274327975
290,14665,58.05967032898173
290,14666,55.093951821377324
290,14667,53.86152505879532
290,14668,40.39467662565054
290,14669,41.443291604556585
290,14670,40.13450235132053
290,14671,39.29065525524175
290,14672,38.79724413160038
290,14673,34.40497934821397
290,14674,30.69145828479557
290,14675,36.19634896520092
290,14676,27.33487218620879
290,14677,24.541474878740566
291,14675,83.49137306220972
291,14676,93.29559803017519
291,14677,83.1522399185481
291,14678,79.08168733127158
291,14679,71.17467463022983
291,14680,67.94718861566763
291,14681,63.37027788167995
291,14682,51.42566084866433
291,14683,52.300184368986145
291,14684,50.00351071362275
291,14685,49.29523587231351
291,14686,40.11609435073729
291,14687,46.09687864784619
291,14688,37.89985477927794
291,14689,40.53943008188121
291,14690,39.15046423666063
291,14691,37.18851149085566
291,14692,33.4325471520728
291,14693,25.989816784808475
291,14694,24.38987106087042
292,14696,72.37368643269858
292,14697,78.50753903396118
292,14698,72.09573984152675
292,14699,79.21520233138988
292,14700,65.8405816555622
292,14701,59.92777526384083
292,14702,59.0131258963398
292,14703,61.28651261335225
292,14704,51.81163609032575
292,14705,39.447762966079765
292,14706,42.52919733528191
292,14707,39.37818914655452
292,14708,39.17100995771467
292,14709,108.20960283289261
292,14710,31.537199020414423
292,14711,6.495857611286007
292,14712,13.886197060359233
292,14713,19.879387915152513
292,14714,20.79262509943946
294,14738,68.09759616858
294,14739,68.93736362463545
294,14740,70.81677138791703
294,14741,70.21803796297738
294,14742,57.642522454314204
294,14743,60.891568064571956
294,14744,54.145431518603935
294,14745,57.61408567433829
294,14746,51.2935513256989
294,14747,46.638078689617615
294,14748,45.8247363567769
294,14749,53.12783896912798
294,14750,50.576709508941875
294,14751,37.7199161053047
294,14752,31.89049959176576
294,14753,31.84431999924695
294,14754,27.197288274789752
294,14755,24.910485148381728
295,14746,88.41318368894656
295,14747,119.25054073344586
295,14748,113.27173590670398
295,14749,107.54659295061307
295,14750,72.2941535711946
295,14751,118.93289208422988
295,14752,50.513511299989354
295,14753,52.18357801442124
295,14754,52.92299866681144
295,14755,47.19220161428867
295,14756,44.61376190189605
295,14757,48.880775570913904
295,14758,46.06004118910471
295,14759,34.86374974253964
295,14760,39.0450480580685
295,14761,39.06294375650486
295,14762,27.9817727208392
295,14763,30.01836061480391
295,14764,38.031808733974714
295,14765,27.43727087969246
297,14782,69.66159760958332
297,14783,71.03560745702367
297,14784,64.49954688554908
297,14785,72.68423259264881
297,14786,58.09036016453007
297,14787,55.02018034463165
297,14788,46.053496599239274
297,14789,53.10414433484139
297,14790,47.92144060125626
297,14791,45.213112235110394
297,14792,35.70060968402294
297,14793,40.66054791204223
297,14794,149.74177479757577
297,14795,43.992422819177584
297,14796,68.62861990915385
297,14797,13.098807781946652
297,14798,2.226326856764196
297,14799,24.175841510249143
297,14800,17.092154324070265
297,14801,24.243757724784015
299,14820,88.20127308376705
299,14821,127.44814395879911
299,14822,70.31871736056047
299,14823,66.96797847753894
299,14824,71.38094723210845
299,14825,63.62736225133961
299,14826,59.58661437040026
299,14827,60.16840159881408
299,14828,48.39248478417029
299,14829,47.064802050633325
299,14830,49.38179612150186
299,14831,47.02363014225468
299,14832,38.70508074763958
299,14833,41.00756406776132
299,14834,36.44050240519977
299,14835,38.742299079930255
299,14836,39.61891740552875
299,14837,28.782036602523277
299,14838,24.195612072966647
300,14842,60.370232462937906
300,14843,64.37272667872386
300,14844,60.899652242715916
300,14845,61.99257731443321
300,14846,63.435562848922196
300,14847,54.759061932613584
300,14848,52.566774487543235
300,14849,45.44668972483435
300,14850,44.17750328783239
300,14851,44.46973264221422
300,14852,40.839700698773605
300,14853,34.167378544838506
300,14854,33.91250163319811
300,14855,31.930435001788418
300,14856,42.65773952011173
300,14857,122.53691196452796
300,14858,38.72027814380792
300,14859,36.873290240798156
300,14860,9.760425835856733
300,14861,16.694181561437766
300,14862,18.778692483919055
300,14863,18.010383099333932
300,14864,18.642467111366063
301,14934,59.11266267305029
301,14935,69.23085093504527
301,14936,59.9180817602907
301,14937,64.73926126962829
301,14938,61.033580303247646
301,14939,55.831033587506525
301,14940,44.93697613469022
301,14941,41.224731802977864
301,14942,40.23339539769971
301,14943,44.05044436446259
301,14944,38.54880720380474
301,14945,35.869709551367
301,14946,44.57869201889959
301,14947,32.29547828438835
301,14948,36.06894940141144
301,14949,27.208714485115873
301,14950,17.056226134315747
301,14951,27.57455438377981
302,14941,71.68974459177815
302,14942,68.6038416624693
302,14943,75.40301084503861
302,14944,73.7698781490997
302,14945,66.05990052229214
302,14946,63.74522924410898
302,14947,61.648396253641884
302,14948,49.55405294899679
302,14949,52.8071111439638
302,14950,55.81176459794352
302,14951,38.17724615338937
302,14952,45.49413263788968
302,14953,45.1483047008925
302,14954,37.23114520314742
302,14955,36.53441727154346
302,14956,25.246541798137738
302,14957,44.40412580970988
302,14958,40.79428285352452
302,14959,26.40124082567709
302,14960,30.544540286091927
302,14961,21.225634217221245
302,14962,25.47694891693525
303,14997,86.88729643829619
303,14998,79.50212359435636
303,14999,76.70593142494636
303,15004,64.43114089968017
303,15005,196.76717519722104
303,15006,77.52958953387636
303,15007,112.33462572107995
303,15008,73.63716781125143
303,15009,31.597800850896963
303,15010,8.387034237392424
303,15011,30.432029664457637
303,15013,28.654079139258695
303,15014,34.56732541325852
304,15001,30.738305747536963
304,15002,35.12144297354587
304,15003,53.263692855883406
304,15004,100.6238114834747
304,15005,61.61413907992852
304,15006,59.480146765763024
304,15007,56.83051586156292
304,15008,48.004224300291746
304,15009,39.44865077737581
304,15010,53.56885850434407
304,15011,51.117437481781394
304,15012,41.98165118698124
304,15013,53.12201857571665
304,15014,44.936327040236336
304,15015,42.09141522637815
304,15016,44.50165629390949
304,15017,41.4377126098056
304,15018,38.88094246379967
304,15019,36.02824151519238
304,15020,33.62823575738151
304,15021,33.55402976268005
304,15022,27.979895174528775
304,15023,34.76527243855777
304,15024,30.114531218947384
304,15025,20.727497041244288
306,15084,73.79702210433042
306,15085,75.9087306261753
306,15086,72.2623318432365
306,15087,74.76797103888636
306,15088,70.21044731146523
306,15089,67.47363388544497
306,15090,55.23352861393744
306,15091,59.83208477502543
306,15092,52.16192722325301
306,15093,49.054051637554736
306,15094,41.01729780439293
306,15095,45.846194028896065
306,15096,42.621376812375665
306,15097,35.56530833247558
306,15098,34.973859787019116
306,15099,98.11253428440206
306,15100,18.612066954391242
306,15101,23.484748899958035
306,15102,32.705748975213744
306,15103,23.8061204552867
306,15104,24.549907743953145
307,15120,70.14448642737092
307,15121,69.36506330953543
307,15122,72.17882931239018
307,15123,72.04362452036735
307,15124,61.78975403296927
307,15125,52.74624109272986
307,15126,53.265173435259626
307,15127,56.25674307335471
307,15128,48.55138957504874
307,15129,38.53396654132533
307,15130,39.55022066823945
307,15131,148.88390779508782
307,15132,29.568393230465123
307,15133,30.31850248569351
307,15134,15.821652263417327
307,15135,22.818335294744266
307,15136,30.76354533427969
307,15137,23.391239047071753
308,15128,62.43077516561465
308,15129,76.17052495486512
308,15130,81.82623624785822
308,15131,77.09579050547936
308,15132,70.44959306723327
308,15133,65.71161031710322
308,15134,63.333660364208605
308,15135,57.14359939103555
308,15136,56.54103040684263
309,15153,8.738571926953146
309,15154,65.75282514101288
309,15155,81.88966512664229
309,15156,73.54076921946539
309,15157,68.0303210020684
309,15158,62.99892604338868
309,15159,57.5304973125981
309,15160,57.56092429166307
309,15161,56.33888304222663
309,15162,51.13199651245953
309,15163,40.54841011766307
309,15164,43.32360059026844
309,15165,43.67681801310681
309,15166,38.411633670364985
309,15167,36.43952339890934
309,15168,59.172948002700885
309,15169,18.699592798965295
309,15170,29.390393793609647
309,15171,25.235115587662563
309,15172,24.727341234706483
310,15157,69.08845782286252
310,15159,80.11596858497336
310,15160,86.10718667515003
310,15161,59.672096371535375
310,15162,58.823804855400184
310,15163,53.77769529824379
310,15164,47.068782448811426
310,15165,54.109811782732336
310,15166,51.181375980423745
310,15167,39.18167710307824
310,15168,38.032487332747394
310,15169,39.245470762288505
310,15170,39.362538456952606
310,15171,36.34966135017999
310,15172,35.09949713948581
310,15173,27.51543581488251
310,15174,25.334378778885515
310,15175,29.48436766865551
311,15217,72.86984682089758
311,15218,63.06567013251514
311,15219,80.86374163634979
311,15220,77.91566669948035
311,15221,76.03120565399735
311,15222,66.47195219999637
311,15223,66.75357878214231
311,15224,60.380167364957465
311,15225,56.149572730115466
311,15226,49.92165505890618
311,15227,54.6630603073971
311,15228,49.242246151015244
311,15229,37.684518992935125
311,15230,44.233073294077265
311,15231,33.35505545142347
311,15232,40.54120302204005
311,15233,34.199436306887335
311,15234,38.669278621708756
311,15235,26.23752146961691
311,15236,23.18181216712286
312,15230,59.207060336952225
312,15231,69.38267469412439
312,15232,68.95577967173173
312,15233,66.23978018747879
312,15234,67.9501873255394
312,15235,56.49089992051494
312,15236,56.027473211180165
312,15237,56.42287373547918
312,15238,54.054391980220366
312,15239,44.936348497908455
312,15240,40.874657928864636
312,15241,41.350908279456554
312,15242,36.65340274575706
312,15243,35.81158339970343
312,15244,38.75160634521194
312,15245,32.63243079188454
312,15246,30.14646559947863
312,15247,32.29214429858284
312,15248,31.473083496122374
312,15249,25.741181373546443
313,15263,65.24615049368117
313,15264,78.79972279078976
313,15265,76.52910947784893
313,15266,62.46297776704748
313,15267,60.35431623464352
313,15268,59.18502867210393
313,15269,52.990118265200174
313,15270,46.788287758869764
313,15271,46.061967015177395
313,15272,41.593377292194056
313,15273,39.650680124795734
313,15274,40.05929857484705
313,15275,39.700579941308845
313,15276,41.553605496921186
313,15277,31.606048643527938
313,15278,40.25393307212676
313,15279,32.6122739911376
313,15280,26.394288539835465
313,15281,23.02536427976795
314,15274,66.01915776716825
314,15275,69.69538271433494
314,15276,68.85171532637183
314,15277,73.60328614697536
314,15278,69.08323824411954
314,15279,58.20212244992781
314,15280,53.697207569972214
314,15281,53.21386814122271
314,15282,49.449527263686335
314,15283,48.535800576116216
314,15284,34.327420592339266
314,15285,63.69225561624597
314,15286,148.0244100090981
314,15287,28.15136343243298
314,15288,55.43626606469428
314,15289,19.572276324051536
314,15290,13.261355012629627
314,15291,26.26575708391671
314,15292,22.7259814739434
314,15293,24.96173411602918
315,16477,12.505251020168933
315,16478,16.011646538987417
315,16479,14.168326556695472
315,16480,15.753681063621594
315,16481,13.786385357392453
315,16482,22.574114799520043
315,16483,12.405470162606106
315,16484,10.05250766874274
315,16485,8.13927121461178
315,16486,12.850814759706457
315,16487,10.937692970047408
315,16488,11.354565918455913
315,16489,9.829543009409308
315,16491,12.564538568251857
315,16492,13.346552699816446
315,16493,17.28406101461885
315,16494,12.173406779777155
315,16495,14.198011904967823
315,16496,7.189264297471457
315,16497,9.719218388208645
317,16471,6.98688760398468
317,16472,9.624974280604535
317,16473,17.940569221989737
317,16474,15.327058285445156
317,16475,14.07343938948004
317,16476,12.96234369279133
317,16477,15.025867670745422
317,16478,13.740052878869156
317,16479,13.738176673663236
317,16480,13.776884973022538
317,16481,11.938284337531458
317,16482,22.123087942620373
317,16483,14.93184953925108
317,16484,14.632092565311389
317,16485,11.731249988089742
317,16486,15.802754759757972
317,16487,13.63220527769375
317,16488,11.136150285611745
317,16489,11.2635357678039
317,16490,18.841014951431102
317,16491,11.097049042592605
317,16492,12.17677161098634
317,16493,15.946722328632053
317,16494,16.299604475513025
317,16495,13.11437666417361
317,16496,12.372200041985442
317,16497,12.07195222378875
317,16498,15.227839350714227
317,16499,13.107553124402463
317,16500,18.46889868380319
317,16501,14.180104136479876
317,16502,19.940166771373356
317,16503,14.093061089528502
317,16504,7.085271030670888
317,16505,19.043474793397337
317,16506,21.58454328777369
317,16507,11.933902949105626
317,16508,12.794567495559761
317,16509,14.346439987434085
317,16510,13.788450658333922
317,16511,15.58268487450449
317,16512,12.091088444005518
317,16513,3.364285379651269
317,16514,15.674746334567022
317,16515,14.412005245657724
317,16516,6.909385174519147
317,16517,13.881055265677679
317,16518,12.392303198552023
317,16519,14.414906054748293
317,16520,11.55285224319555
317,16521,12.574042975878255
317,16522,3.1736634671716946
317,16523,12.350694090139179
317,16524,8.351695463045193
317,16525,14.029755592358951
317,16526,10.013475492605734
317,16527,12.875922918294817
317,16528,9.791977331051196
317,16529,7.895303517587214
317,16530,12.093251645541661
317,16531,8.510053753860584
317,16532,11.460573524247103
317,16533,10.392135679701747
317,16534,8.59620429576225
317,16535,12.955471873295169
317,16536,10.7024458050521
317,16537,9.467165172108679
317,16538,13.67925524712853
317,16539,12.188797295104623
317,16540,5.489427745331645
318,16515,60.82976460445092
318,16516,22.51629710199497
318,16517,46.32304787640016
318,16519,24.73346471785234
318,16520,30.0410118699347
318,16521,26.44582986826554
318,16522,21.37206137182272
318,16523,34.771782159836924
318,16524,22.657094299749456
318,16525,26.757019758248823
318,16526,28.349787890936888
318,16527,19.90692883726087
318,16528,19.07867342235393
318,16529,23.017237186452817
318,16530,24.309458434534776
318,16531,19.572378247994102
318,16532,17.14218690992961
318,16533,24.337200522375756
318,16534,23.309340477010945
318,16535,19.125307649391402
319,16551,1.5230037644504923
319,16552,32.06763267510892
319,16553,24.665650427363897
319,16554,30.82477211955013
319,16555,27.902280092185457
319,16556,9.105901792653736
319,16557,37.7175047994003
319,16558,41.31895512334467
319,16559,28.167727589632857
319,16560,18.217877447621703
319,16561,28.729392886106282
319,16562,24.448697268985097
319,16563,23.37747931482534
319,16564,13.159597367060233
319,16565,25.577690005252997
319,16566,2.197976913305136
319,16567,23.695374727270696
319,16568,17.375828772749696
319,16569,25.726737678074393
319,16570,23.479843139669793
319,16571,16.388873755900182
319,16572,25.221929848217062
319,16573,12.105690389882607
319,16574,19.460003077946247
319,16575,17.398667782560914
319,16576,14.03209447861994
319,16577,16.688345074621374
319,16578,16.537430584445737
319,16579,17.719824761168383
319,16580,20.425449460705384
319,16581,14.000459164393762
319,16582,18.255228549258625
319,16583,15.762989670007759
319,16584,17.353870868698646
319,16585,15.717130601420394
319,16586,13.202798366521113
319,16587,16.05283722282916
319,16588,11.463828384886678
319,16589,16.05880111457378
319,16590,17.28181064125536
319,16591,11.338920593272032
319,16592,12.828927934181436
319,16593,11.193941161014857
319,16594,12.809125185024467
319,16595,18.14822986723643
319,16596,16.412349790302983
319,16597,7.695971131331768
319,16598,13.885636478675119
319,16599,8.200303539617902
319,16600,9.356454983362125
319,16601,17.22254186870234
319,16602,5.018872059871987
319,16603,9.91086155177064
319,16604,9.243769347676102
320,16574,51.722372174163034
320,16575,37.010439634356786
320,16576,39.89892661575132
321,16604,39.58931922916198
321,16605,40.097163319510216
321,16606,41.96152120832445
321,16607,34.90603744986848
321,16608,20.132581740578843
321,16609,41.77963525060639
321,16610,35.79094111922658
321,16611,36.116775870253385
321,16612,35.19591450694425
321,16613,29.188353717353664
321,16614,31.825201213388777
321,16615,29.90979820484103
321,16616,28.198910951640027
321,16617,29.666390419033327
321,16618,19.838743060788914
321,16619,26.835120320344537
323,16634,119.68457579623616
323,16635,62.76478528982149
323,16636,50.93445181836775
323,16637,27.260483801389693
323,16638,33.545862436325066
323,16639,46.53974354271353
323,16640,34.6851414441392
323,16641,47.11941719059461
323,16642,40.12431800369097
323,16643,32.751856148179655
323,16644,32.21542775633881
323,16645,43.06529045108898
323,16646,38.107774257586264
323,16647,26.011365652108008
323,16648,20.28690531851706
323,16649,30.830434262692947
323,16650,36.44237726930118
323,16651,27.944562435175563
323,16652,14.334627538891745
323,16653,27.344018518949582
323,16654,22.307711094638133
323,16655,29.229552447739376
323,16656,21.1188192665769
323,16657,19.218020886200264
323,16658,30.299767255724525
323,16659,24.165759086630867
323,16660,16.471241712585172
323,16661,29.61419731372832
323,16662,21.44451588394208
323,16663,16.495502293124897
323,16664,15.692549496903387
323,16665,15.687572658031664
323,16666,13.891527950776338
324,16639,45.87917983536125
324,16640,40.51651060573377
324,16641,38.45895588401478
324,16642,37.159919142756884
324,16643,42.67374694339134
324,16644,36.79009884599217
324,16645,39.46058928970111
324,16646,34.8272743820471
324,16647,30.929311215905663
324,16648,24.8114579916226
324,16649,31.905286610064838
324,16650,33.91578733924136
324,16651,31.305928230314116
324,16652,25.54033488030266
324,16653,22.734095156213456
324,16654,30.788084864644397
324,16655,24.990868270348887
324,16656,23.563439548037024
324,16657,27.139580547834285
324,16658,24.188048243475897
324,16659,22.7269175648896
324,16660,20.66239982845278
324,16661,24.464203119230675
324,16662,23.56240689756629
324,16663,23.701264858267407
324,16664,22.72189915182273
324,16665,22.364498823837927
324,16666,25.04727512600316
324,16667,23.724310398123382
324,16668,10.775740519145167
324,16669,14.196192026151218
324,16670,16.216964274659603
326,16714,58.57340991502367
326,16715,58.068585991747206
326,16716,54.04760062699465
326,16717,53.7681519985688
326,16718,55.30146360386651
326,16719,47.22310602669243
326,16720,37.30692297223624
326,16721,42.94168621293352
326,16722,40.19479304555734
326,16723,34.95639860633215
326,16724,39.80823576442654
326,16725,30.17881304028395
326,16726,35.34372031691905
326,16727,25.24222612376103
326,16728,30.454485118416827
326,16729,26.22387170794011
326,16730,42.760224044240324
326,16731,20.222903788108145
326,16732,24.212625324748124
326,16733,24.458951353979526
326,16734,24.28226083519283
326,16735,26.102507114434143
326,16736,23.346330821469007
326,16737,24.165136814139412
326,16738,16.63010492922388
326,16739,17.953390181080934
326,16740,16.6224807500518
327,16741,36.82611286643516
327,16742,48.30744802956206
327,16743,64.93685960757102
327,16744,54.80412840848185
327,16745,54.794890880634554
327,16746,53.392589092151454
327,16747,46.50640368465839
327,16748,50.30347287659452
327,16749,54.02713537205745
327,16750,40.0392195582754
327,16751,37.38962352279249
327,16752,47.412357330230634
327,16753,39.27947312597033
327,16754,31.454852521448135
327,16755,29.691651463451226
327,16756,38.59442889693909
327,16757,39.27654147151705
327,16758,31.978486776290122
327,16759,18.28451156617874
327,16760,28.68563264610992
327,16761,30.71521461004043
327,16762,32.21447288992951
327,16763,25.85628032686678
327,16764,22.64372885229263
327,16765,23.22782278056424
327,16766,24.90173041822791
327,16767,24.507831931136487
327,16768,16.298874914614647
327,16769,18.206401616351474
328,16772,39.1720184684156
328,16773,41.088615059889975
328,16774,43.6432877182117
328,16775,42.896748483220016
328,16776,39.82488960031317
328,16777,30.298723876417732
328,16778,28.719439208533657
328,16779,31.096477210549985
328,16780,28.446958959047652
328,16781,26.29938393833645
328,16782,26.25028342010978
328,16783,26.28366351122545
328,16784,35.564061105283656
328,16785,25.661270320438835
328,16786,30.557731389940333
328,16787,25.393280088924616
328,16788,17.159216254965177
328,16789,14.62867140771289
328,16790,14.11098629233494
328,16791,19.493104219454377
328,16792,16.47182509304591
328,16793,20.252259224614104
329,16797,56.33805155759214
329,16798,57.4813002348469
329,16799,65.35622835146671
329,16800,55.81281065945933
329,16801,56.211923360875716
329,16802,49.232869148159246
329,16803,41.62285476926775
329,16804,47.52761721615345
329,16805,38.480319678709044
329,16806,40.78924030069246
329,16807,39.72468227151669
329,16808,36.903585791516505
329,16809,31.066184341935756
329,16810,29.956889748600553
329,16811,33.14777165644915
329,16812,29.643757939365646
329,16813,30.527046918896787
329,16814,31.76305979493169
329,16815,28.48329484457233
329,16816,28.13596487047847
329,16817,25.19460350277331
329,16818,28.173191249316126
329,16819,21.8823516369065
329,16820,18.549151718633357
329,16821,19.30900946255767
329,16822,23.30082714559767
330,16828,60.58937966829089
330,16829,75.17183661467715
330,16830,79.47486698612111
330,16831,62.226567864474625
330,16832,68.34030926233785
330,16833,63.06140542018147
330,16834,54.97408390050166
330,16835,50.443559289024456
330,16836,48.959117531681805
330,16837,49.735756516501844
330,16838,44.20329809192863
330,16839,40.11683464053942
330,16840,41.8188142775681
330,16841,38.657855093514314
330,16842,55.67051410680112
330,16843,136.61484003040613
330,16844,65.55104255682231
330,16845,13.864542245877477
330,16846,29.023183286133943
330,16847,30.7988727093023
330,16848,33.32995802167109
330,16849,24.58969563241021
330,16850,23.474408984205613
331,16838,64.50314104562904
331,16839,67.98801720148549
331,16840,61.47601604449788
331,16841,71.20730638510506
331,16842,55.4288685322312
331,16843,57.361555695422894
331,16844,46.24004960064325
331,16845,52.840665578890224
331,16846,45.2849632500727
331,16847,41.39614105228374
331,16848,34.33783024552608
331,16849,40.416614413183304
331,16850,32.145094871550235
331,16851,35.136954188378816
331,16852,33.96389275782697
331,16853,33.10289025309712
331,16854,29.753513932255153
331,16855,27.34331309790095
331,16856,31.643999218969512
331,16857,19.642971307057124
331,16858,25.517112314651765
333,16883,67.94497847543937
333,16884,72.8092020750708
333,16885,60.63534736638816
333,16886,66.56242847429763
333,16887,65.02176225191309
333,16888,53.88878703122272
333,16889,52.30954527859677
333,16890,47.676206231025105
333,16891,55.7655179501087
333,16892,38.380833864246945
333,16893,42.401652932085106
333,16894,36.612600982222474
333,16895,172.5293505193372
333,16896,77.58107185348776
333,16897,29.176053106811352
333,16898,6.645645573741281
333,16899,58.37134838092966
333,16900,3.378964439037535
333,16901,17.845538556592007
333,16902,18.235594779217763
333,16903,19.234791398065894
333,16904,25.38269072773381
334,16923,65.00217139726828
334,16924,74.1565829514024
334,16925,75.31822621829208
334,16926,60.208055377061285
334,16927,66.98721528040336
334,16928,61.64574086671714
334,16929,60.27815222745655
334,16930,52.82026469697281
334,16931,49.986215829894704
334,16932,41.74996465448362
334,16933,41.81570559731985
334,16934,47.71490514282752
334,16935,32.70155131819838
334,16936,39.479506909770954
334,16937,35.92847406867434
334,16938,35.0005799532255
334,16939,29.31646406653209
334,16940,18.479361981117773
334,16941,26.994572281862013
335,16923,86.01553022869304
335,16924,74.75577771649219
336,16960,69.36581969267479
336,16961,67.81146883951433
336,16962,61.91707849508195
336,16963,68.08288693434231
336,16964,53.64465236668697
336,16965,51.64578974236997
336,16966,48.836948275610524
336,16967,48.763267993971354
336,16968,49.417560696506364
336,16969,43.65776360038913
336,16970,33.07515621188311
336,16971,41.28175288430819
336,16972,37.989161610637886
336,16973,31.178354322938663
336,16974,37.442143857406734
336,16975,38.35050344470651
336,16976,25.72846233847097
336,16977,24.64189141983992
336,16978,28.200026750590222
336,16979,25.641274452232796
336,16980,20.562376230915383
337,16991,61.93230807786852
337,16992,66.64092600351673
337,16993,61.37501478183329
337,16994,62.76003777986513
337,16995,65.53241193300485
337,16996,55.60481607903225
337,16997,55.90237498288471
337,16998,49.78956699375866
337,16999,50.57184934606315
337,17000,44.197402596513896
337,17001,40.842380225695564
337,17002,32.93758034699751
337,17003,37.38341957334104
337,17004,36.96019649508977
337,17005,33.92820328467488
337,17006,32.55211204293351
337,17007,30.313781797913464
337,17008,37.18887358896698
337,17009,21.66589334609095
337,17010,30.676947534112223
337,17011,20.587815642317086
337,17012,22.32159286739472
338,17012,65.382798314154
338,17013,75.39104819304647
338,17014,64.01325166231256
338,17015,76.92692935451899
338,17016,63.611301183758414
338,17017,61.990243792590256
338,17018,62.82255470740575
338,17019,55.10148882870917
338,17020,51.56633734707754
338,17021,46.02494180193589
338,17022,47.5907778740362
338,17023,42.956213057080234
338,17024,45.14871776095248
338,17025,36.667803525958035
338,17026,35.625928938421225
338,17027,32.50385642045415
338,17028,36.917039752040104
338,17029,30.593603253392388
338,17030,38.16760092966333
338,17031,29.989105761078452
338,17032,25.55845052006185
338,17033,25.09346812958636
339,17094,69.62488889700546
339,17095,74.371202588149
339,17096,72.05757737145802
339,17097,75.94650685794109
339,17098,61.317674517687294
339,17099,61.96187138545459
339,17100,53.962821364451855
339,17101,55.496481657078675
339,17102,46.62596583357383
339,17103,44.064534008543035
339,17104,44.916859567206224
339,17105,40.99454194299405
339,17106,39.792577028310724
339,17107,46.649655103725905
339,17108,29.825204014720494
339,17109,31.439392268686277
339,17110,35.54133474830046
339,17111,24.349471628618865
339,17112,26.335725188279262
340,17115,60.472644567372754
340,17116,76.72937929637258
340,17117,76.76334142691918
340,17118,96.86311840992327
340,17119,74.43742632872676
340,17120,64.54571843153148
340,17121,60.29375731933385
340,17122,45.49354791645373
340,17123,54.70764398579805
340,17124,50.02877175798284
340,17125,37.57978677753052
340,17126,45.79182028774612
340,17127,29.010147750321586
340,17128,48.94400596623104
340,17129,27.715525925184664
340,17130,48.60140740862037
340,17131,25.688980221771715
340,17132,29.62859809401346
340,17133,32.40393877023156
340,17134,31.88968688252488
340,17135,25.946799516701454
340,17136,23.4159636497045
340,17137,27.570641040827077
341,17114,68.60329449183027
341,17115,88.70795309526466
341,17116,88.95455539234624
341,17117,75.26537597186258
341,17118,94.95143294316061
341,17119,72.42700874812037
341,17120,64.32429134851584
341,17121,54.28487420071601
341,17122,46.726318001789636
341,17123,48.738527298017964
341,17124,44.89285916081335
341,17125,40.84196716550727
341,17126,40.881915986575116
341,17127,33.02619516843135
341,17128,42.052477598228556
341,17129,23.549931943438015
341,17130,32.38238185637891
342,17115,69.49522018419187
342,17116,76.93195045001352
342,17117,66.49289488798466
342,17118,90.10964870435465
342,17119,67.61557102209518
342,17120,57.27546751504386
342,17121,47.473720908073226
342,17122,45.84136605266926
342,17123,42.61227071289123
342,17124,44.16793584815072
342,17125,40.48991113904821
342,17126,37.7782246470795
342,17127,24.769913256120493
342,17128,42.53329843286568
342,17129,25.94332873823618
342,17130,43.00346553317342
342,17131,27.003705203557733
342,17132,29.85919564965103
342,17133,24.24889415497862
342,17134,28.424114584948644
343,17160,74.02011752135334
343,17161,73.0484873055
343,17162,77.42010176188835
343,17163,71.46302282816711
343,17164,63.66338431840965
343,17165,53.38687062253171
343,17166,58.987038731628665
343,17167,51.09444022183297
343,17168,47.422024011520286
343,17169,47.97399580483032
343,17170,39.092212021386416
343,17171,40.73645979158158
343,17172,41.11216753724976
343,17173,33.53938221934508
343,17174,38.356986343786495
343,17175,31.550612747697915
343,17176,28.220559060599243
343,17177,28.089492917006563
347,17262,77.03311264521929
347,17263,86.47710084923025
347,17264,71.49694204336947
347,17265,76.38097107395669
347,17266,60.00092446809504
347,17267,67.00159192091361
347,17268,56.32459759701333
347,17269,60.887088775690145
347,17270,48.88217568401968
347,17271,42.848323881543315
347,17272,52.429992556619645
347,17273,41.23014181856091
347,17274,35.87737798683862
347,17275,37.273505330119654
347,17276,41.131334602870204
347,17277,36.91192209713478
347,17278,34.8558372259457
347,17279,31.569718122511013
347,17280,25.89932709927322
347,17281,20.73179125787713
347,17282,25.95653861763454
348,17277,66.06619298445331
348,17278,87.63734936722143
348,17279,71.10567212111265
348,17281,62.813789248434354
348,17282,67.83532977110357
348,17283,51.8670022486638
348,17284,54.09877181058082
348,17285,49.30970907215789
348,17286,49.89218831052674
348,17287,51.72033905987676
348,17288,41.647029519118995
348,17289,39.29991960529087
348,17290,37.65769153826111
348,17291,38.920145630871886
348,17292,41.92527920011519
348,17293,28.78116220230262
348,17294,20.147713422793593
348,17295,28.629840016391093
349,17324,62.484928965447786
349,17325,79.03453409678971
349,17326,76.64157450206098
349,17327,74.18114662156073
349,17328,61.03303313260861
349,17329,66.72808706766476
349,17330,54.07462656487504
349,17331,54.858936667492216
349,17332,52.44076967244149
349,17333,43.01396906367572
349,17334,45.13501703743271
349,17335,39.69562590125834
349,17336,43.2642164825557
349,17337,43.9317405224246
349,17338,36.33345276120629
349,17339,36.48726135495643
349,17340,30.680589973867253
349,17341,25.37590205671711
349,17342,30.159876644638786
350,17330,76.96996271595384
350,17331,74.00604128844317
350,17332,70.51030755049443
350,17333,70.3152894972396
350,17334,63.02966415887843
350,17335,65.05200147634702
350,17336,56.27332985390278
350,17337,48.56396377091056
350,17338,54.971047639896796
350,17339,44.00412261490055
350,17340,39.6938931941219
350,17341,49.129925966307496
350,17342,39.18077319864022
350,17343,33.87505531304488
350,17344,36.359250247511554
350,17345,37.19625771049068
350,17346,34.125957190924495
350,17347,34.41551506522448
350,17348,29.95931714775903
350,17349,26.46365582937848
350,17350,23.560770750067206
351,17392,74.85458493239535
351,17393,90.7760381696854
351,17394,84.04971778400436
351,17395,74.15898084647249
351,17396,77.6408046482493
351,17397,67.08965420729064
351,17398,58.119413852744515
351,17399,65.89534163462301
351,17400,47.45110988621259
351,17401,53.38093221192447
351,17402,51.58290266980693
351,17403,38.91021877530776
351,17404,37.13491559032003
351,17405,43.572823405181595
351,17406,38.907544612919914
351,17407,42.7251890302093
351,17408,38.17833781234992
351,17409,29.97899919751033
351,17410,23.075934648534783
351,17411,29.015812575761032
352,17395,70.93681097037091
352,17396,72.90584743008829
352,17397,70.37706613547051
352,17398,69.23618316656687
352,17399,57.30313181866062
352,17400,58.886783123069925
352,17401,54.46370244031138
352,17402,50.67486226548892
352,17403,47.479970455212865
352,17404,42.522011697331
352,17405,41.0982924698989
352,17406,35.28894960883489
352,17407,138.867852687962
352,17408,28.54405760759559
352,17409,21.240445375461825
352,17410,13.11511695386172
352,17411,22.085440456824536
352,17412,24.06434208156867
352,17413,25.981472432637002
352,17414,22.865418791791733
353,17429,65.73477923876065
353,17430,76.0187280176601
353,17431,78.74609470374594
353,17432,75.12568652636685
353,17433,78.23700070366044
353,17434,69.31379556662188
353,17435,48.81333947186141
353,17436,55.80170631397907
353,17437,48.95953595642728
353,17438,43.64872187379992
353,17439,44.45746153597107
353,17440,41.349556445995525
353,17441,42.4527007341771
353,17442,39.54448878768703
353,17443,36.81417971842327
353,17444,33.730406463176884
353,17445,33.87436598542433
353,17446,27.219486236519657
353,17447,24.740677177928536
354,17469,65.090174675047
354,17470,79.06898975379507
354,17471,69.65634584413418
354,17472,75.96202075488324
354,17473,72.64064133173875
354,17474,59.23625349987026
354,17475,60.616877675111596
354,17476,56.440399289182494
354,17477,53.467218875781676
354,17478,49.44782674317089
354,17479,47.456029057545905
354,17480,41.1284700035254
354,17481,121.02492928515952
354,17482,57.289216518454204
354,17483,27.786344289725964
354,17484,26.680971086049503
354,17485,19.917303621787067
354,17486,16.355254948107582
356,17541,55.38675785069734
356,17542,68.94980907446457
356,17543,68.1067210434551
356,17544,65.47785043722386
356,17545,71.08573257929592
356,17546,64.81773197638383
356,17547,69.04405653482995
356,17548,53.63375723366847
356,17549,59.14189338672652
356,17550,53.477695584345824
356,17551,41.81125044826496
356,17552,51.75146877755654
356,17553,154.82989311232345
356,17554,69.13254261023134
356,17555,47.16434419146006
356,17556,23.821363449118348
356,17557,65.30329763895253
356,17558,14.486877769203797
356,17559,25.068394839786443
356,17560,29.32389378550336
356,17561,26.970241963811247
356,17562,25.255722999595726
357,17603,62.24494636064468
357,17604,72.9681175947853
357,17605,74.30609464631026
357,17607,69.92699682718916
357,17608,68.26280415044944
357,17609,61.34595572954035
357,17610,51.70177817349368
357,17611,58.05813610542521
357,17612,41.5566873550793
357,17613,44.02459055189322
357,17614,48.61536026005398
357,17615,41.56057119361474
357,17616,36.18944764140559
357,17617,34.585969448121055
357,17618,40.41170597068606
357,17619,34.618668258221646
357,17620,33.30251902344872
357,17621,34.749978482656076
357,17622,26.90023899080816
357,17623,22.49768927695413
358,17660,80.41961073882742
358,17661,75.11981785282876
358,17662,65.03229260450557
358,17663,74.59540843970409
358,17664,64.85760033136545
358,17665,69.23980951295822
358,17666,55.725595951131005
358,17667,58.475686311774986
358,17668,48.12838375559089
358,17669,49.81067061428786
358,17670,46.05993390087502
358,17671,46.532635688691805
358,17672,137.37820744526962
358,17673,43.0983030796443
358,17674,23.314332067921402
358,17675,35.474727451833566
358,17676,36.75696015361314
358,17677,34.86223429434715
358,17678,26.362051069760458
358,17679,23.556535542032687
361,17743,62.00018942344127
361,17744,74.57404196269142
361,17745,82.0853859186919
361,17746,78.36746335014456
361,17747,79.53739464290224
361,17748,75.00813066966204
361,17749,61.45488023746057
361,17750,64.51326906686928
361,17751,60.15361189847696
361,17752,45.85822641840655
361,17753,54.42201018338385
361,17754,51.94792985920862
361,17755,41.05880498878173
361,17756,38.724022507702756
361,17757,43.819798529187956
361,17758,38.34029763929587
361,17759,37.905999720131064
361,17760,34.97847050431572
361,17761,23.052784502461705
361,17762,28.851398527648463
362,18827,20.942587405402715
362,18828,29.339091181781754
362,18829,30.613102912930675
362,18830,21.3817575573508
362,18831,26.278806030774177
362,18832,17.466750293985992
362,18833,14.095980674001154
362,18834,14.433550089610831
362,18835,23.896449208281314
362,18836,11.139932200291085
362,18837,11.047971323142564
362,18838,17.85994872452453
362,18839,19.52622279526579
362,18840,21.243496388155886
362,18841,15.217212438597214
362,18842,21.227114796657794
362,18843,20.268331021031308
362,18844,16.87792092563257
362,18845,10.446487292656863
362,18847,14.236993789665568
362,18850,12.598853409289836
362,18851,14.978959858431136
362,18852,18.363423496449265
362,18853,4.579961076382988
362,18854,12.863867729913967
362,18855,10.699139982441253
362,18856,11.601019352685036
362,18857,15.294115394367775
362,18858,7.447920441613108
362,18859,13.090208619844898
362,18860,18.196358084695202
362,18861,15.495517104834173
362,18862,10.429954826841303
362,18863,10.881522148857476
362,18864,11.198329254995041
362,18865,5.800295099604841
362,18866,15.201184898628709
362,18867,9.982736706742783
362,18868,13.69878843424057
362,18869,10.454756543049784
362,18870,11.983767896901538
362,18871,17.741081267561004
362,18872,13.009073138248832
362,18873,12.96113535763012
362,18874,9.99131977556205
362,18875,13.823917508137878
362,18876,10.26090793312529
362,18877,11.976719051576355
362,18878,10.85401810706649
362,18879,11.843964457522674
362,18880,14.740453809471251
362,18881,14.552076905979039
362,18882,11.375688314448213
362,18883,9.565789327006927
362,18884,9.390449970969158
362,18885,14.24092993141516
362,18886,12.112870663381054
362,18887,11.255593746910796
362,18888,9.489345029005097
362,18889,8.808763995774651
363,18833,17.2779268026018
363,18834,55.88757991795854
363,18835,42.00645625595099
363,18836,10.614788532236565
363,18837,24.48965191843353
363,18838,17.19994962216988
363,18839,14.836062490953587
363,18841,22.2097018360978
363,18842,26.38879805805699
363,18843,22.789233326867883
363,18844,24.200745821021158
363,18845,15.513821840300366
363,18846,14.567767828674773
363,18847,19.717505872267537
363,18848,11.28120481968952
363,18849,15.05724549290608
363,18850,21.633000075836783
363,18851,19.546445310133592
363,18852,21.65340900416958
363,18853,20.138736069220737
363,18854,16.40533447267117
363,18855,23.30612450833585
363,18856,25.137332975887272
363,18857,17.532282024637908
363,18858,14.514369070501887
363,18859,21.78967863323286
363,18860,20.67566737534496
363,18861,18.163319975102606
363,18862,17.03661113978982
363,18863,14.492079913629361
363,18864,15.093879103674311
363,18865,19.178631305657515
363,18866,15.795200318112435
363,18867,14.41713094712615
363,18868,13.901763260337665
363,18869,15.71066379548548
363,18870,14.552316963685872
363,18871,15.859569311111317
363,18872,21.78536564113691
363,18873,12.327340096246488
363,18874,23.39418679471263
363,18875,15.15179067851491
363,18876,15.94831690193673
363,18877,19.47159960862211
363,18878,21.767714023609887
363,18879,14.41315859557509
363,18880,13.0186834931122
363,18881,15.263500660671767
364,18886,20.450025200804287
364,18887,29.619317650821927
364,18888,29.284655749824456
364,18889,25.95881313087917
364,18890,24.24236029381835
364,18891,24.21313226225194
364,18892,21.45980045201346
364,18893,26.013315617987903
364,18894,18.459600806253057
364,18895,18.16991820933087
364,18896,22.47093290086218
364,18897,23.65116387607818
364,18898,22.282149642726182
364,18899,26.29230827088043
364,18900,18.22062805296648
364,18901,14.568344503654378
364,18902,15.436689555615153
364,18903,19.431693702953844
364,18904,16.469062417760572
364,18905,20.79861581321511
364,18906,16.44244417549675
364,18907,13.106460124266148
364,18908,17.964577674831002
364,18909,17.770014256255102
364,18910,16.35919779540596
364,18911,17.66441032287045
364,18912,20.18288657071042
364,18913,12.877021282923014
364,18914,14.34381008149498
364,18915,14.429443627568014
364,18916,20.04035130144988
364,18917,15.928080976023857
364,18918,14.496485441895127
364,18919,16.380155235543842
364,18920,18.878701329248432
364,18921,17.38461568948247
364,18922,13.449592441332651
364,18923,14.357709288610165
364,18924,16.597976088491784
364,18925,17.754001468436176
364,18926,15.634373724474822
364,18927,15.416567623585472
364,18928,15.592448115362997
364,18929,14.2896656692158
364,18930,17.867827713455
364,18931,14.559076130403408
364,18932,16.068329662099195
364,18933,10.581635758260303
364,18934,16.78470745684243
364,18935,17.18618452550544
364,18936,8.306726887806096
365,18894,19.032289981859353
365,18895,32.676612138777884
365,18896,30.89164227241268
365,18897,19.13104757668328
365,18898,29.782634675529867
365,18899,31.58590525382613
365,18900,30.31067043545619
365,18901,26.140060722851686
365,18902,25.774840414474266
365,18903,24.63752746584272
365,18904,21.33504286410365
365,18905,26.09920263285361
365,18906,18.54291826488274
365,18907,22.83441513778856
365,18908,18.769522011243787
365,18909,23.25563728811472
365,18910,25.797856450104334
365,18911,22.361357957081495
365,18912,16.938738673940804
365,18913,11.607078462849683
365,18914,15.970408916487916
365,18915,18.24646711345961
365,18916,22.50679135324618
365,18917,20.24749025704318
365,18918,19.62446540590308
365,18919,11.850560009490302
365,18920,23.208752274534355
365,18921,17.152497321334113
365,18922,13.77882555128397
365,18923,20.166773200053438
365,18924,16.26511931416229
365,18925,16.579491645112814
365,18926,15.128617733730724
365,18927,15.008716285199723
365,18928,15.984076112523313
365,18929,17.57142350079227
365,18930,15.980872213809597
365,18931,14.157668799174788
365,18932,21.079056859035592
365,18933,16.8081070482406
365,18934,18.517957627790125
365,18935,18.979406207817174
365,18936,13.738982677433164
365,18937,13.568901121628704
365,18938,11.119649335752111
365,18939,12.65787407757003
365,18940,10.39326556024927
366,18893,28.448324203436233
366,18894,38.33817601207406
366,18895,21.348514258880957
366,18896,41.39562606803523
366,18897,28.03144991400407
366,18898,38.86825293306071
366,18899,25.61350286001977
366,18900,32.16342777016704
366,18901,32.2062250972087
366,18902,34.35662716620481
366,18903,27.980356514479336
366,18904,28.367385864283612
366,18905,26.457162201353437
366,18906,24.441173672698316
366,18907,28.55809092524265
366,18908,28.88673394912859
366,18909,28.828100860145085
366,18910,25.90606749060126
366,18911,23.953738510562378
366,18912,29.404907226589245
366,18913,20.543936043996425
366,18914,25.03328740599048
366,18915,18.231397122109463
366,18916,19.343618005531738
366,18917,27.880444228674495
366,18918,27.508427202648406
366,18919,23.092320263406773
366,18920,26.654186546826764
366,18921,20.945352762897066
366,18922,12.131301462661332
366,18923,20.875483900327595
366,18924,23.901977240993084
366,18925,20.28337419034895
366,18926,19.770909994858606
366,18927,18.1554450094349
366,18928,22.31766209008339
366,18929,19.64711531998514
366,18930,17.84830793734916
366,18931,19.37805756928299
366,18932,19.801973998564613
366,18933,13.176593184445665
366,18934,12.036887705337028
367,18947,17.176441401258835
367,18948,44.66022312645206
367,18949,22.619500458196793
367,18950,36.97543412450339
367,18951,39.43240463737259
367,18952,49.377354383373195
367,18953,42.899106144944106
367,18954,36.21523976329283
367,18955,25.890164673278363
367,18956,38.57241332534484
367,18957,31.710381209879152
367,18958,21.692814677911795
367,18959,34.27428066733617
367,18960,36.10273987058109
367,18961,25.394956469486747
367,18962,29.404681921031994
367,18963,31.304388642339568
367,18964,26.08628779652107
367,18965,32.507646381792185
367,18966,26.08639240267265
367,18967,29.183657169368587
367,18968,18.96665900941998
367,18969,22.065747678299946
367,18970,25.031932890437957
367,18971,22.46324703093002
367,18972,22.971172928831013
367,18973,25.460678637050897
367,18974,22.085880339102975
367,18975,18.518978208320295
367,18976,20.935214012880294
367,18977,52.218280434507534
367,18978,62.23034441476759
367,18979,10.137673839935939
367,18980,18.830571770631636
367,18981,8.015360534198422
367,18982,21.34636580946003
367,18983,16.2275563180133
367,18984,13.883914500487556
367,18985,12.529571950447034
368,18952,39.432063996715634
368,18953,52.23558604722005
368,18954,34.6326157450991
368,18955,24.10670220847239
368,18956,38.33571910861641
368,18957,22.926803827306617
368,18958,38.755522370263535
368,18959,35.247536301644914
368,18960,37.54462033513623
368,18961,32.56217837327386
368,18962,27.819893360163242
368,18963,30.52267223599349
368,18964,24.462625980399444
368,18965,21.738764941650338
368,18966,29.795766770866795
368,18967,26.2409225106478
368,18968,27.13229835028173
368,18969,26.824007928395826
368,18970,18.680956810729807
368,18971,26.012717485377582
368,18972,17.33594164253858
368,18973,20.357219427842534
368,18974,23.48632872100106
368,18975,19.433658421057256
368,18976,22.686461806317936
368,18977,19.792660027704134
368,18978,21.114225983638896
368,18979,20.33254846932353
368,18980,54.53488290299366
368,18981,5.974275246267983
368,18982,12.727956175815715
368,18983,17.38682448860623
368,18984,14.277252405894867
368,18985,23.34652662279345
368,18986,12.710924148535005
368,18987,11.552644371996896
369,18987,47.96052038673948
369,18988,54.1245907545582
369,18989,70.97259700304764
369,18990,48.53791415681995
369,18991,63.002203702983934
369,18992,44.47187572721712
369,18993,43.233607113277806
369,18994,47.924997210546216
369,18995,36.97363168004537
369,18996,45.36934018126302
369,18997,39.82466429475592
369,18998,40.047411024606895
369,18999,36.11702531569177
369,19000,32.32774257662852
369,19001,36.4219790697429
369,19002,31.42380863422043
369,19003,29.52429234984222
369,19004,27.11731553080164
369,19005,32.01521962874901
369,19006,28.315232992197995
369,19007,31.96783035996484
369,19008,20.66181644793332
369,19009,23.195201754591103
369,19010,14.364404082311344
369,19011,20.286671966275108
371,19067,75.14977812773864
371,19068,83.39738309367274
371,19069,72.2766494751634
371,19070,79.34894263751572
371,19071,66.61735475050449
371,19072,69.23419296747782
371,19073,61.3606220484338
371,19074,55.08035838593328
371,19075,55.89709103112536
371,19076,48.02173912529545
373,19107,79.08736824996512
373,19108,111.54847025849719
373,19109,88.3762228489726
373,19110,72.29146063334365
373,19111,66.3069480656296
373,19112,59.418568611199056
373,19113,65.2515578270552
373,19114,51.17661237721329
373,19115,48.42576026907145
373,19116,32.456952631503064
373,19117,38.554496169125336
373,19118,46.157727241426905
373,19119,44.78377908472319
373,19120,43.74763369564221
373,19121,38.30202251665342
373,19122,40.97777009014042
373,19123,36.18542164567424
373,19124,28.616123199407586
373,19125,32.03080862763457
374,19106,57.471724748663725
374,19107,60.86078166967206
374,19108,86.1920624969724
374,19109,62.037193179186986
374,19110,58.05569529538666
374,19111,48.564779162313066
374,19112,51.49509787564193
374,19113,39.830546379125586
374,19114,43.246546089688536
374,19115,40.09049803010822
374,19116,22.384697198888155
374,19117,36.11645936969227
374,19118,32.35356152051395
374,19119,36.11276865008778
374,19120,32.19522535803862
374,19121,31.072407066761997
374,19122,55.373062491467294
374,19123,75.3747028113097
374,19124,18.726629465782214
374,19125,13.755916804087754
374,19126,29.553169012096582
374,19127,23.111377358391916
374,19128,15.742454677834525
374,19129,20.004132092017247
374,19130,21.011072248179836
375,19220,64.07398760324584
375,19221,75.63896477207824
375,19222,66.6844797135006
375,19223,77.07185447223044
375,19224,69.92465794072943
375,19225,62.45673894887882
375,19226,54.243654012729394
375,19227,53.603255152598734
375,19228,47.82869517807542
375,19229,46.61446988586851
375,19230,40.06476223461038
375,19231,161.7510223390143
375,19232,67.19491481787117
375,19233,72.08030104623215
375,19234,62.501381635722744
375,19235,10.04807598889788
375,19236,20.126989334782802
375,19237,22.58842438461451
375,19238,17.887265682236727
375,19239,28.903985917594497
376,19254,80.0252455473674
376,19255,93.04203271847862
376,19256,86.34596765049204
376,19257,86.42587602146381
376,19258,80.8012139795649
376,19259,71.44328176981747
376,19260,69.68809783465049
376,19261,60.702407956006034
376,19262,51.27056479458704
376,19263,56.87734723096298
376,19264,53.63371968274226
376,19265,41.597639322200486
376,19266,43.90155225996196
376,19267,42.542745173016144
376,19268,40.77415287486779
376,19269,37.21551328900861
376,19270,30.373404622105568
376,19271,28.18972975010192
377,19258,68.20379555212192
377,19259,75.8639431000446
377,19260,60.25085806852099
377,19261,72.75637865052468
377,19262,67.90350079542614
377,19263,56.27126991753928
377,19264,54.05259490018038
377,19265,52.12357163419186
377,19266,52.22429394726734
377,19267,46.35173678402348
377,19268,37.19834715120756
377,19269,38.77272337678621
377,19270,160.6895756722958
377,19271,66.07738316046343
377,19272,78.3980566263912
377,19273,9.133198633798324
377,19274,20.663018077571987
377,19275,28.65172952416165
377,19276,21.99653863908861
377,19277,24.425737559748175
378,19269,60.81626236444283
378,19270,72.87544190890264
378,19271,74.69623804077972
378,19272,67.193804383339
378,19273,52.788968682337135
378,19274,61.335849165797896
378,19275,50.75613319878426
378,19276,50.40719926361854
378,19277,48.12734305849311
378,19278,40.65128624442937
378,19279,38.44599813226382
378,19280,42.629278600133524
378,19281,36.31741046908821
378,19282,36.34089320901361
378,19283,34.79140520089101
378,19284,33.99151414635889
378,19285,32.805100679427426
378,19286,34.2037895321185
378,19287,28.481808900859033
378,19288,26.20230406525134
378,19289,21.92435368897525
379,19331,65.30739605432728
379,19332,72.13186919695738
379,19333,63.41599881636761
379,19334,73.24521124369608
379,19335,56.96992099290307
379,19336,59.134275913124235
379,19337,48.14222395424453
379,19338,54.37891781335055
379,19339,44.287283420603025
379,19340,44.72130239001214
379,19341,34.86390799287152
379,19342,38.501763939892506
379,19343,134.08539891217066
379,19344,74.708839058944
379,19345,9.171099588283296
379,19346,25.956302583167457
379,19347,12.530855387460662
379,19348,28.279505968119594
379,19349,18.172790855134178
379,19350,24.208398163340654
380,19356,65.78411579138063
380,19357,73.77415359026944
380,19358,69.47444915758058
380,19359,69.3032115698491
380,19360,60.12821674352393
380,19361,55.48218011845356
380,19362,49.97937619690672
380,19363,49.913667440459825
380,19364,48.0743855238398
380,19365,45.74880838385324
380,19366,37.00472384694604
380,19367,39.20433104041805
380,19368,36.75385683767845
380,19369,34.039627611668074
380,19370,36.64066761735434
380,19371,33.66450190537623
380,19372,32.75584459307789
380,19373,31.87232494357147
380,19374,26.5036743878806
380,19375,23.88078510763433
380,19376,20.7715281844328
381,19397,71.53769552714178
381,19398,75.7708489895556
381,19399,65.86211442934659
381,19400,65.80358862882876
381,19401,57.78136432176123
381,19402,59.74812626827136
381,19403,52.98354685311368
381,19404,47.76205301289134
381,19405,45.16293883314941
381,19406,40.50395786765922
381,19407,42.10748970512405
381,19408,43.52317839852505
381,19409,39.543949663675036
381,19410,40.64657896760823
381,19411,30.193707346857845
381,19412,22.767204344293322
381,19413,30.365950763253174
382,19413,70.14055430895509
382,19414,69.4967007637656
382,19415,72.04097986207391
382,19416,71.93751633173811
382,19417,64.71343696123287
382,19418,51.98879063119377
382,19419,58.73473942285158
382,19420,53.6751973629486
382,19421,43.859546184455034
382,19422,43.150504231492185
382,19423,43.68076354269186
382,19424,36.36080592863685
382,19425,39.03810918334697
382,19426,42.663004696407974
382,19427,38.538056909963515
382,19428,32.67421424391857
382,19429,37.456997931037634
382,19430,19.469195008240266
383,19469,58.19399535661268
383,19470,76.34216487414628
383,19471,84.33710575087461
383,19472,76.20835483081119
383,19473,70.8502292633701
383,19474,75.50110995754909
383,19475,65.38121044641719
383,19476,58.99795532231928
383,19477,60.05263745773153
383,19478,48.234550952955246
383,19479,43.55575114492564
383,19480,47.78385937204663
383,19481,47.827826142354596
383,19482,39.69344258312021
383,19483,36.91499322645682
383,19484,97.99286484727234
383,19485,19.700573086756506
383,19486,26.346625685640916
383,19487,28.665918409850445
383,19488,25.529946684860562
384,19471,65.00484287726236
384,19472,70.3129237890883
384,19473,67.37161338335443
384,19474,73.37667703614359
384,19475,65.80783188349034
384,19476,56.71922564511689
384,19477,56.63541734207652
384,19478,49.71693277363531
384,19479,52.40737080578802
384,19480,47.46457993975049
384,19481,44.36335623268347
384,19482,43.25643539432645
384,19483,36.222267150808904
384,19484,39.1450434923528
384,19485,101.9364094735119
384,19486,10.586457028964563
384,19487,16.486546397224163
384,19488,28.931422233607858
384,19489,23.703024387381177
384,19490,25.34452289337982
386,19549,72.95331716523377
386,19550,91.77132010468247
386,19551,76.93847358233774
386,19552,86.91655933840167
386,19553,76.38026297099384
386,19554,65.36047697073205
386,19555,59.891672730330114
386,19556,65.69599449640528
386,19557,46.19585216049581
386,19558,52.74403095235168
386,19559,53.73082637791752
386,19560,45.70602178577765
386,19561,41.46353423587415
386,19562,62.54971504217115
386,19563,26.98564320805143
386,19564,32.858731448680246
386,19565,36.36387437574988
386,19566,27.925824522997505
386,19567,26.734631359601497
387,19555,81.8333494661657
387,19556,87.9104465247
387,19557,84.08788561828632
387,19558,72.88536608205061
387,19559,77.08642423159935
387,19560,67.67995476728873
387,19561,61.34831070888107
387,19562,54.53598260884477
387,19563,53.73658776288152
387,19564,51.848350167321634
387,19565,46.505073308854826
387,19566,45.94736158851988
387,19567,49.74859893326516
387,19568,37.58885800831206
387,19569,29.463137984302612
387,19570,34.21035557988417
388,19611,73.71510207638799
388,19612,67.8948694468162
388,19613,86.78177833565022
388,19614,77.20506370074618
388,19615,66.73351585852124
388,19616,74.32572841651047
388,19617,62.929698228893294
388,19618,60.43686926353218
388,19619,58.8492161036073
388,19620,48.69310677055973
388,19621,46.69910967340981
388,19622,47.81162559990463
388,19623,45.42643904690106
388,19624,37.59801506988888
388,19625,41.09138041738433
388,19626,38.31620872024206
388,19627,39.09580618135526
388,19628,34.31338995698235
388,19629,25.91184496881934
388,19630,25.591618716667305
389,19647,70.24605631834697
389,19648,77.05525159842823
389,19649,77.17348873600349
389,19650,72.20351099974523
389,19651,67.78220593935455
389,19652,58.576709031945505
389,19653,54.408196806957136
389,19654,54.33047711854154
389,19655,49.571696519755875
389,19656,49.5022112131569
389,19657,45.791219472926784
389,19658,43.42335194340897
389,19659,40.23251295093381
389,19660,38.26027393344544
389,19661,34.19681578867979
389,19662,32.37987667325104
389,19663,25.910251736664495
389,19664,28.660763204123814
390,19675,68.55314254766978
390,19676,78.2243031264063
390,19677,73.36159765706189
390,19678,78.0269622803444
390,19679,62.37276434904049
390,19680,62.3987227677093
390,19681,57.96736478810814
390,19682,56.66793107991604
390,19683,61.302128434062745
390,19684,49.62925136093838
390,19685,40.71685820821651
390,19686,43.21814954272501
390,19687,43.83929818872625
390,19688,39.59242254499222
390,19689,35.27997493747105
390,19690,34.381196200781176
390,19691,33.980549275906
390,19692,36.16889387372446
390,19693,31.09268456691455
390,19694,35.18462240699154
390,19695,22.83174633981874
390,19696,22.745819091752914
391,19747,83.51783573635068
391,19749,61.539697051016795
391,19750,60.09327292447787
391,19751,56.40724718575839
391,19752,67.68449842916759
391,19753,48.8134092092958
391,19754,42.59143263105451
391,19756,41.157875061014096
391,19757,35.61334937814137
391,19758,35.53990244858549
391,19759,29.533653259304202
391,19760,37.597129941020825
391,19761,32.168899476465995
391,19762,19.377598911541444
391,19763,18.985729515569787
391,19764,26.007535457634738
391,19765,21.970683485227084
391,19766,27.521704137350316
393,19787,87.43511617191638
393,19788,54.497739672710395
393,19789,55.41653037076268
393,19790,51.23877525319688
393,19791,70.04723489290886
393,19804,39.865647829497334
393,19805,26.022091805884614
393,19806,30.591224133996178
393,19807,19.45277586581092
393,19808,26.33897870773947
393,19809,25.001513958000036
393,19810,23.37947487833242
393,19811,24.999545216512047
393,19812,22.837392389795095
394,19787,66.2547898293144
394,19788,74.92123782641549
394,19789,75.40592372424308
394,19790,59.39656376827205
394,19791,58.780487179809626
394,19792,63.305432796535854
394,19793,50.381750464342026
394,19794,46.11077249054334
394,19795,30.15737414362789
394,19796,51.35155141343682
394,19797,48.96129548554105
394,19798,29.992962777641875
394,19799,37.942365109847174
394,19800,36.97640240195776
394,19801,34.67209786179835
394,19802,37.28937327854579
394,19803,37.127287387881665
394,19804,29.07101243737004
394,19805,26.82763695711673
394,19806,28.008050322558127
395,19825,68.1695544720316
395,19826,64.07682001596557
395,19827,64.73754465567474
395,19828,68.97726953035907
395,19829,55.0528550148511
395,19830,57.414808273204464
395,19831,49.10973429684337
395,19832,51.9578111172195
395,19833,44.80893015852851
395,19834,46.24513506893549
395,19835,33.892264366180726
395,19836,38.36137711994387
395,19837,35.68387538197902
395,19838,34.23666805032029
395,19839,35.9620499611228
395,19840,29.165423512402437
395,19841,30.675598382977732
395,19842,26.735747158551693
395,19843,29.50628936285039
395,19844,22.30675756933334
395,19845,24.06615525486274
396,19834,75.48462510115813
396,19835,81.3750833273674
396,19836,73.9803618191243
396,19837,62.81913220888129
396,19838,61.784427166041304
396,19839,59.737392067963576
396,19840,55.170609354866215
396,19841,55.25844097142477
396,19842,45.93658983711606
396,19843,41.942338049330715
396,19844,45.51408290867177
396,19845,37.025945484671894
396,19846,37.91937053196254
396,19847,41.446110606231244
396,19848,36.65415376428123
396,19849,36.09289079897581
396,19850,29.254531860378172
396,19851,21.276282370109836
396,19852,25.637562274883315
397,19843,96.2842869756745
397,19844,62.52476513391459
397,19845,78.54873240001194
397,19846,73.57645332799044
397,19847,69.47892308241488
397,19848,59.396767616325995
397,19849,62.14667558658033
397,19850,53.345870375681756
397,19851,44.680833220522516
397,19852,44.003594219599556
397,19853,155.5033850671275
397,19854,86.42005026348345
397,19855,98.24938058834161
397,19856,18.216135352866527
397,19857,30.676223337678202
397,19858,35.44756740324799
397,19859,35.82072436812798
397,19860,24.67831581833223
397,19861,24.997978806447353
398,19848,58.0860793591074
398,19849,95.62191009503003
398,19850,34.08708393576861
398,19852,10.721991062158821
398,19853,61.73831999307525
398,19854,71.1525356770209
398,19855,72.20376849160544
398,19856,73.91059219843912
398,19857,63.51960718637522
399,19908,69.22683835016223
399,19909,76.60113751895241
399,19910,61.42839074140414
399,19911,72.44960367665594
399,19912,65.0167250633831
399,19913,62.63841032987569
399,19914,57.91963219647907
399,19915,54.50152158726649
399,19916,53.777137398768694
399,19917,48.80263209347395
399,19918,47.82982170572574
399,19919,46.39313399795937
399,19920,43.59835803512724
399,19921,31.252790987431208
399,19922,40.854163169897994
399,19923,36.267218291792474
399,19924,36.845741271901446
399,19925,36.06411874297561
399,19926,40.28193265203325
399,19927,26.37724041933684
399,19928,21.93589657547085
399,19929,23.147361874601437
400,19923,63.84168684488381
400,19924,77.39156842216794
400,19925,69.57388401037821
400,19926,73.82423579699555
400,19927,61.07240259635566
400,19928,61.3504832983575
400,19929,55.45084655289925
400,19930,54.46811199177706
400,19931,45.84701478485462
400,19932,49.767014980361424
400,19933,42.390116751112075
400,19934,37.5991791487082
400,19935,46.24836444858943
400,19936,30.66352576011454
400,19937,35.299522876771604
400,19938,33.95908892157782
400,19939,31.5077161789227
400,19940,32.0121726393081
400,19941,23.611378669760246
400,19942,26.542558372044862
401,19944,63.21260154253033
401,19945,76.0209703446126
401,19946,71.525899171691
401,19947,77.6504606009236
401,19948,63.00321757799156
401,19949,66.32410347448882
401,19950,58.31474304204523
401,19951,55.585294961979876
401,19952,58.20825934398845
401,19953,51.98054552082975
401,19954,37.9152265191423
401,19955,45.10081887236462
401,19956,44.5292803645539
401,19957,37.65022963288871
401,19958,37.50966578714751
401,19959,37.02587038281948
401,19960,57.51246750359998
401,19961,35.97203850739202
401,19962,31.248118579416083
401,19963,28.932690918471902
401,19964,22.11929664017782
401,19965,21.38825654979387
401,19966,25.04284948112858
403,20002,70.70303499684975
403,20003,71.3350224495583
403,20004,68.14968466764927
403,20005,73.94688248620048
403,20006,65.77427208429596
403,20007,65.70015728479639
403,20008,56.83803141106111
403,20009,51.01253092293611
403,20010,54.92343306546438
403,20011,46.12262785425809
403,20012,43.68753075603644
403,20013,43.40037077669276
403,20014,42.421525418796975
403,20015,36.93534314625277
403,20016,35.674589574369456
403,20017,41.63567841056796
403,20018,31.88030451530017
403,20019,31.83199793103252
403,20020,36.21534973386244
403,20021,27.55302429193894
403,20022,24.575563073180614
403,20023,25.85062623026338
405,20060,97.91785955437983
405,20061,65.1503688095741
405,20062,65.31770646578055
405,20063,63.56784939771711
405,20064,67.06077218061824
405,20065,69.56626117216017
405,20066,62.459276318606925
405,20067,51.275387406395815
405,20068,53.64445924748543
405,20069,48.71260643009801
405,20070,42.644789814987824
405,20071,49.20508146276501
405,20072,44.16973024610722
405,20073,35.97454369071418
405,20074,37.68142372362484
405,20075,31.94470435383841
405,20076,35.34608066085215
405,20077,32.66728609794025
405,20078,32.066047489672265
405,20079,34.475990831883315
405,20080,24.916386008214477
405,20081,21.047375947256157
405,20082,22.44373664261952
407,20147,90.95246315010714
407,20148,93.94679546364746
407,20149,86.32468163950449
407,20150,77.34706521041275
407,20151,71.14280462271485
407,20152,63.88755798327497
407,20153,59.71089184289641
407,20154,80.70896208293625
407,20155,51.18304431428554
407,20156,51.05106353764409
407,20157,42.65788435939854
407,20158,166.15965127912835
407,20159,79.67457890517807
407,20160,17.934134602563002
407,20161,29.82328891748387
407,20162,44.248691797296715
407,20163,34.70636844638167
407,20164,29.084742665317282
407,20165,29.84019756311372
408,20153,62.17296123510293
408,20154,104.84544754037857
408,20155,77.95980513080788
408,20156,58.728693723732
408,20157,58.32808434968532
408,20158,39.39170479766862
408,20159,46.374342441601016
408,20160,51.85096800332017
408,20161,47.76159703722306
408,20162,44.3557441234992
408,20163,44.79530990127823
408,20164,40.86544454101465
408,20165,40.84987163535806
408,20166,46.196007728618675
408,20167,34.65502291920953
408,20168,35.2899581193242
408,20169,29.25672322514334
408,20170,23.55491548778769
408,20171,26.80462092155998
409,20184,79.51212823398193
409,20185,80.82465112216671
409,20186,81.66513204558801
409,20187,69.10086572176543
409,20188,70.16206026083651
409,20189,60.668236613328794
409,20190,62.65718579280188
409,20191,62.218703627642945
409,20192,52.26996660237298
409,20193,47.74545013895344
409,20194,45.689815878909656
409,20195,48.87885510925924
409,20196,38.94249379627331
409,20197,38.4229257703177
409,20198,36.22307449582534
409,20199,37.18171209089723
409,20200,37.01169759038477
409,20201,32.53826111558059
409,20202,28.038893043940714
411,20554,4.639223143462585
411,20555,4.345700964323228
411,20556,6.105019524699042
411,20557,2.981630042198032
411,20558,9.141884967667076
411,20559,9.80481036008296
411,20560,6.87699213624626
411,20561,6.06256149708053
411,20562,2.7155465260172744
411,20563,3.159313984218133
411,20564,6.887590885168618
411,20565,8.831045776588539
411,20566,0.0
411,20567,2.2080616839250147
411,20568,3.2462024688657967
411,20569,5.651922672992125
411,20570,5.696580782537873
411,20571,0.969974705947551
411,20576,5.77629053592879
411,20583,3.807351248603736
411,20584,2.1028625965137535
411,20585,3.188533298674146
411,20586,2.5234187208067285
411,20587,3.0083119869259543
411,20588,0.48489892389669415
411,20589,0.48515859525694865
411,20590,0.0
411,20591,3.1735045462875617
411,20592,0.0
411,20593,1.392079889771632
411,20594,2.7848667092646653
411,20595,3.899984210733146
411,20596,2.3804497718765028
411,20597,3.2723801583081444
411,20598,3.672315292063715
411,20599,3.0083119869174038
411,20600,0.7010423904291211
411,20602,1.1828782316291242
411,20603,0.4850758239631296
411,20608,0.09701516479251564
411,20609,0.48489892389669415
411,20610,0.9699747059503078
411,20611,3.4933837875656324
411,20612,1.4018452260655994
411,20613,0.7008027937269624
411,20614,0.7008027937269624
411,20615,0.8828863129002674
411,20616,0.48515859525694865
411,20620,0.6308546802030269
411,20621,1.5974987111954808
411,20622,1.5974987112000212
411,20623,0.7010423904291211
411,20624,2.365756463254886
411,20625,0.48489892389669415
411,20626,0.48489892389669415
411,20627,0.0
411,20628,3.0083119869259543
411,20629,3.0083119869259543
411,20630,1.7683832533623374
411,20631,2.237628009172329
411,20632,2.8484198078539054
411,20633,3.091567084187255
411,20634,2.6439711079025474
411,20635,0.0
411,20636,0.9700575191508857
411,20637,1.0868475213656774
411,20638,1.4940626733018636
411,20639,0.48489892389669415
411,20640,24.95766252274458
411,20641,9.666547849783152
411,20650,1.5551498532294639
411,20654,1.474052052945192
411,20655,3.8002603501008023
411,20656,0.0
411,20657,0.7010173285386382
411,20658,0.0
411,20659,0.7010423904291211
411,20660,2.36575646326161
411,20661,0.48507582396175103
411,20662,0.0
411,20663,0.0
411,20664,2.8484198078539054
411,20665,1.8845079839193162
411,20666,4.354572370652345
411,20667,1.3920798897755888
411,20668,3.1735045462785423
411,20669,0.0
411,20670,3.1735045462875617
411,20671,0.0
411,20672,1.1310892179618632
411,20673,2.1028625965137535
411,20674,0.0
411,20675,0.0
411,20676,2.1028625965137535
411,20677,0.7010173285366458
411,20678,0.7010423904291211
411,20680,0.35040139686298327
411,20681,1.7683832533673634
411,20682,0.48489892389669415
411,20683,0.0
411,20684,2.209784165026767
411,20685,2.2696547582766198
411,20686,1.2826096359615573
411,20687,0.5426478898157644
411,20688,0.0
411,20691,0.2895695809274802
411,20692,18.626600503938448
411,20693,13.05659785864214
411,20694,3.4241781011254937
411,20695,0.0
411,20696,0.7008027937249707
411,20697,1.8845079839246723
411,20698,2.5234187208139005
411,20699,3.4933837875656324
411,20700,2.237628009172329
411,20701,0.7008027937269624
411,20702,1.4020598027828062
411,20703,1.1310892179618632
411,20704,1.3920798897755888
411,20705,3.3088437840278573
411,20706,3.279153406623008
411,20707,2.8931121155645934
411,20708,2.643971107895033
411,20709,3.73795498162848
411,20710,3.290982283654822
411,20711,3.044230453664141
411,20712,1.496646311135461
411,20713,1.496646311135461
411,20714,1.4964536950005791
411,20715,1.1508317850507905
411,20716,4.1397009417452315
411,20717,1.496646311135461
411,20718,2.622958011920151
411,20719,2.517156768592501
411,20720,0.7010173285386382
411,20721,2.5234187208067285
411,20722,1.3191885128629286
411,20723,1.1508317850540615
411,20724,2.7048946358211214
411,20725,2.6666106283688955
411,20726,1.1508317850540615
411,20727,2.643971107895033
411,20728,1.496646311135461
411,20729,1.4970347285284307
411,20730,2.99368087201732
411,20731,0.0
411,20732,0.0
411,20733,2.643971107895033
411,20734,2.6439711079025474
411,20735,2.6439711079025474
411,20736,1.1508317850507905
411,20737,0.0
411,20738,2.6666106283688955
411,20739,3.672315292063715
411,20740,0.9135096799564587
411,20741,0.5426478898157644
411,20742,0.5426478898157644
411,20743,0.8687087427807946
411,20744,2.8484198078539054
411,20745,0.7008027937269624
411,20746,0.7008027937249707
411,20747,0.7008027937269624
411,20748,2.5871825404488726
411,20749,0.0
411,20750,1.5752196125700495
411,20751,3.963940814141064
411,20752,3.272380158298844
411,20753,1.402059802786791
411,20759,0.0
411,20760,16.678618043676288
411,20761,5.945727154601051
411,20762,7.984409853823294
411,20763,3.4241781011254937
411,20766,0.5894610844552294
411,20767,3.0083119869259543
411,20768,0.7010423904271286
411,20769,0.7010423904291211
411,20770,0.0
411,20771,3.4933837875656324
411,20772,0.9699747059503078
411,20773,3.188533298674146
411,20774,2.517156768585347
411,20775,3.3088437840372613
411,20776,4.498254619542875
411,20777,2.999781891697808
411,20778,5.7845009118371165
411,20779,4.128297194842278
411,20780,1.2558985222106742
411,20781,3.73795498162848
411,20782,2.038268297912544
411,20783,3.0083119869174038
411,20784,2.36575646326161
411,20785,2.8484198078539054
411,20788,0.7458760030567364
411,20789,0.7008027937269624
411,20790,0.0
411,20791,0.0
411,20792,1.402059802786791
411,20793,0.0
411,20794,0.7010173285386382
411,20795,0.0
411,20796,1.5974987111954808
411,20797,1.3920798897755888
411,20798,1.3920798897755888
411,20799,2.694834172720469
411,20800,5.187945440416287
411,20801,1.3924749288720635
411,20802,2.5548466667483547
411,20803,4.5327142998617385
411,20804,1.402059802786791
411,20805,1.8845079839193162
411,20806,0.48489892389669415
411,20807,0.48489892389669415
411,20809,0.6554403947662935
411,20810,0.7008027937269624
411,20811,2.023963909592293
411,20812,0.0
411,20813,2.5871825404488726
411,20814,1.4018452260655994
411,20815,2.885459102684643
411,20816,2.8854591026928444
411,20817,0.7010423904291211
411,20818,0.7008027937249707
411,20819,1.7258147522822818
411,20820,2.6948341727281284
411,20821,1.392079889771632
411,20822,3.584906458857936
411,20823,1.0708697699020113
411,20824,1.070264764128047
411,20825,3.4241781011254937
411,20826,1.4018452260655994
411,20827,1.4018452260616152
411,20828,0.7008027937269624
411,20829,2.8484198078539054
411,20830,2.8484198078458096
411,20831,4.658349640671675
411,20832,3.2723801583081444
411,20833,1.4020598027828062
411,20834,0.7010423904291211
411,20835,0.7010423904291211
411,20836,0.7010423904271286
411,20837,0.0
411,20838,3.0013871938017487
411,20839,2.0188784413058047
411,20840,1.123721441251848
411,20841,1.0708697699020113
411,20842,5.035910792653373
411,20843,0.0
411,20844,0.0
411,20845,2.7048946358288095
411,20846,1.1310892179586485
411,20847,1.1310892179618632
411,20848,2.7048946358288095
411,20849,0.48515859525556976
411,20850,0.48489892389669415
411,20851,2.36575646326161
411,20853,0.35040139686298327
411,20854,1.3108807895344499
411,20855,3.1885332986650834
411,20856,3.188533298674146
411,20857,0.0
411,20858,2.5234187208067285
411,20859,0.7010423904291211
411,20861,0.0
411,20862,0.0
411,20863,2.36575646326161
411,20864,2.36575646326161
411,20865,1.8845079839193162
411,20866,0.48489892389669415
411,20867,0.48489892389669415
411,20871,0.12122473097400126
411,20876,0.2173695042730119
411,20877,1.0868475213625883
411,20878,1.7683832533673634
411,20879,1.4018452260655994
411,20880,14.972373694152505
411,20881,7.1265193820064505
411,20882,5.111056566243052
411,20883,4.658349640658435
411,20884,0.7008027937269624
411,20886,0.0
411,20887,4.364391937855876
411,20888,1.0708697699020113
411,20889,1.1237214412550418
411,20890,3.279153406613688
411,20891,1.1310892179618632
411,20892,3.907819613817908
411,20893,1.392474928868106
411,20894,2.717903517189114
411,20895,2.9788096994188695
411,20896,2.649907339359169
411,20897,3.0478085204986636
411,20898,2.0764408260602765
411,20899,1.3747490476790325
411,20900,1.0868475213656774
411,20901,0.0
411,20902,0.9700575191508857
411,20903,0.0
411,20904,1.1508317850540615
411,20905,0.0
411,20906,2.6666106283688955
411,20907,0.0
411,20908,0.0
411,20909,0.7010173285386382
411,20910,0.7010173285386382
411,20911,0.0
411,20912,3.188533298674146
411,20913,2.7377882413591013
411,20914,2.910435162487293
411,20915,0.9700575191508857
411,20916,0.0
411,20917,1.2826096359652024
411,20918,2.7380450628644954
411,20919,3.7251967191730047
411,20920,1.0608189459899775
411,20921,0.5426478898142222
411,20922,0.9135096799590551
411,20923,0.0
411,20924,0.48507582396175103
411,20925,0.4850758239631296
411,20927,0.24253791198122013
411,20928,3.493383787575561
411,20929,2.8854591026928444
411,20930,1.392079889771632
411,20931,4.072453267876038
411,20932,4.072453267876038
411,20933,1.5974987111954808
411,20934,0.0
411,20935,0.0
411,20936,0.7010423904271286
411,20937,0.0
411,20938,1.8845079839246723
411,20939,1.3191885128629286
411,20940,2.694834172720469
411,20941,2.8363505378391314
411,20942,1.7683832533673634
411,20943,1.4549087919266714
411,20945,0.5424571596090959
411,20946,0.0
411,20947,3.444034829738888
411,20948,0.7010423904291211
411,20949,0.7010423904271286
411,20950,2.5234187208139005
411,20951,1.8845079839246723
411,20952,10.754005238393027
411,20953,8.853278607138103
411,20954,2.023963909598046
411,20955,5.197089761485547
411,20956,3.279153406623008
411,20957,1.1310892179618632
411,20958,3.8002603501008023
411,20959,4.498254619542875
411,20960,0.7010173285386382
411,20961,2.1028625965077765
411,20962,1.4018452260655994
411,20963,3.1751463934808046
411,20964,0.9005739726134385
411,20965,4.571143984785782
411,20966,1.5240697190179382
411,20967,4.260860346261562
411,20968,0.0
411,20971,0.4079413879662598
411,20972,0.4850758239631296
411,20974,0.24253791198122013
411,20975,0.0
411,20976,1.455133426935804
411,20977,2.7048946358211214
411,20978,0.7010173285386382
411,20979,0.7010423904291211
411,20980,1.836594678458002
411,20981,1.3191885128629286
411,20982,2.5234187208139005
411,20983,2.5234187208067285
411,20984,2.5234187208139005
411,20986,1.956457067280007
411,20988,0.5434237606828387
411,20989,0.9700575191536428
411,20990,2.7048946358211214
411,20991,2.6666106283688955
411,20992,1.4964536950005791
411,20993,2.643971107895033
411,20994,2.2696547582766198
411,20995,2.2696547582766198
411,20996,2.7048946358211214
411,20997,1.1310892179618632
411,20998,2.6948341727281284
411,20999,1.3191885128591792
411,21000,23.863506317160375
411,21001,9.74284999073438
411,21002,10.492429509738672
411,21003,2.5871825404488726
411,21008,0.14016055874523314
411,21009,2.8484198078539054
411,21010,0.4850758239631296
411,21011,3.0083119869174038
411,21012,2.5234187208139005
411,21013,0.48515859525694865
411,21014,0.48515859525694865
411,21015,2.5234187208067285
411,21016,1.5974987112000212
411,21017,3.618506155911399
411,21018,1.3191885128591792
411,21019,2.6666106283688955
411,21020,4.625555612151062
411,21021,2.7380450628644954
411,21022,0.9711887408056747
411,21023,0.0
411,21024,0.0
411,21025,1.1508317850540615
411,21026,2.6439711079025474
411,21027,2.643971107895033
411,21028,0.0
411,21029,28.624137640025424
411,21030,10.986192002871261
411,21031,10.158176645645797
411,21032,6.006102338438729
411,21033,2.0382682979067512
411,21034,3.9893121644890828
411,21035,3.9893121644890828
411,21036,2.643971107895033
411,21037,3.1751463934808046
411,21038,7.058381885296566
411,21039,4.128297194842278
411,21040,0.0
411,21041,1.4964536950005791
411,21042,2.6948341727281284
411,21043,1.392079889771632
411,21044,1.3920798897755888
411,21045,1.3920798897755888
411,21046,3.9893121644777447
411,21047,0.48515859525694865
411,21048,1.8845079839246723
411,21049,2.365756463254886
411,21050,1.0868475213656774
411,21051,1.0868475213656774
411,21053,0.24253791198122013
411,21054,4.156533814970459
411,21055,3.40417217462597
411,21056,2.8931121155645934
411,21057,0.0
411,21058,2.1926373057025015
411,21059,1.402059802786791
411,21060,1.402059802786791
411,21061,2.365756463254886
411,21062,2.36575646326161
411,21063,2.36575646326161
411,21064,0.48489892389669415
411,21065,1.3191885128591792
411,21066,1.284545268864608
411,21067,1.284545268864608
411,21068,0.0
411,21069,1.4964536950005791
411,21070,3.4041721746356455
411,21071,1.4020598027828062
411,21072,0.7010423904291211
411,21073,3.1751463934808046
411,21074,0.0
411,21075,3.0442304536727933
411,21076,2.7609083801533063
411,21077,2.760908380145459
411,21078,2.784471586349159
411,21079,1.5974987112000212
411,21080,3.0083119869174038
411,21081,3.0083119869259543
411,21082,1.5974987112000212
411,21083,1.1310892179586485
411,21084,2.33708549291108
411,21085,2.4447689764223877
411,21086,1.1310892179586485
411,21087,0.0
411,21088,3.672315292063715
411,21089,3.0083119869259543
411,21090,2.5234187208067285
411,21091,2.5234187208139005
411,21092,3.444034829738888
411,21093,0.9135096799564587
411,21094,2.36575646326161
411,21095,0.7010423904291211
411,21096,2.1446069888729133
411,21097,2.7697365358497064
411,21098,1.402059802786791
411,21099,0.0
411,21100,4.5327142998617385
411,21101,4.460094496611838
411,21102,2.0382682979067512
411,21103,0.48515859525694865
411,21104,3.188533298674146
411,21105,3.1885332986650834
411,21106,3.618506155911399
411,21107,3.0921353772310725
411,21108,3.092135377222284
411,21109,2.6948341727281284
411,21110,1.6205925308182674
411,21114,5.653005614877872
412,21247,22.533516883870593
412,21248,24.485988020919184
412,21249,30.033654570521485
412,21250,36.001524031195004
412,21251,17.537081837670062
412,21252,25.97689121956573
412,21253,27.324856817747172
412,21254,17.198521345869448
412,21255,26.982357501931496
412,21256,26.1273497343301
412,21257,27.73802965881963
412,21258,24.004582464648585
412,21259,22.68537282945789
412,21260,26.207051575207704
412,21261,23.72446596617882
412,21262,19.71305340530281
412,21263,21.583348363657553
412,21264,17.31092736126567
412,21265,21.070488542277623
412,21266,18.865188360231393
412,21267,19.050247371214073
412,21268,32.28867620223481
412,21269,25.116862356685594
412,21270,15.480205714716686
412,21271,21.943705826955348
412,21272,23.73358011247886
412,21273,15.112657248987592
412,21274,17.224401980605215
412,21275,20.387740284223025
412,21276,15.31790390612088
412,21277,16.962592899766562
412,21278,20.296664536017758
412,21279,16.49496987463544
412,21280,14.696221500606745
412,21281,16.306728422656583
412,21282,15.916807651534251
412,21283,15.182045996159776
412,21284,16.184577941909254
412,21285,10.728737488398773
412,21286,20.606077462394946
412,21287,15.464225113405941
412,21288,13.860219866049976
412,21289,12.433520704519136
412,21290,18.98424357172158
412,21291,16.397526562228812
412,21292,12.156777083884807
412,21293,11.244530305244648
412,21294,15.271528512253346
413,21273,26.16683453323837
413,21274,23.925991058303367
413,21275,41.40639245513867
413,21276,24.001642763636482
413,21277,25.158318579148307
413,21278,23.948575258276787
413,21279,35.71906596425444
413,21280,19.828927516898936
413,21281,20.69582283498739
413,21282,25.50585776569779
413,21283,34.39398765557318
413,21284,25.28523802759563
413,21285,20.246500521916683
413,21286,19.89740833636253
413,21287,20.05375027658379
413,21288,26.04225933554157
413,21289,12.617534995090516
413,21290,15.819183289974157
413,21291,36.79976284507284
413,21292,20.86640194060316
413,21293,17.936688065494202
413,21294,13.773395419133317
413,21295,17.24177733065266
413,21296,17.435106933083215
413,21297,17.204734683052454
413,21298,31.022338271169268
413,21299,13.582867383930658
413,21300,17.04344943167329
413,21301,13.703063875449248
413,21302,19.174660295210973
413,21303,9.931441470989677
413,21304,13.384394645703091
413,21305,20.031474530658155
413,21306,19.77123856546293
413,21307,16.758212596193296
413,21308,18.41904312368648
413,21309,15.864456295981533
413,21310,16.301541030421777
413,21311,8.773655220849248
413,21312,11.00570909679937
413,21313,12.097270935784852
413,21314,16.73849165441128
413,21315,15.359918028086541
413,21316,14.396998286260347
413,21317,7.71496050060497
413,21318,15.29453918334866
413,21319,14.577855616821198
413,21320,15.629717409624964
413,21321,15.46502172943941
413,21322,17.344441562906784
413,21323,13.218070864689452
413,21324,14.29655224082091
413,21325,15.730361938490868
413,21326,14.793434143079862
413,21327,6.84686020015347
413,21328,12.19679027796901
414,21288,25.41753530504631
414,21289,27.45071411135309
414,21290,45.21279036990011
414,21291,37.25951492789796
414,21292,26.236247420334838
414,21293,34.956066012314956
414,21294,22.095225155373644
414,21295,27.33337551357848
414,21296,30.099441111029627
414,21297,40.16701072458106
414,21298,30.707570314435277
414,21299,25.85557222361336
414,21300,17.94082939626418
414,21301,25.89241236450643
414,21302,25.060307979535306
414,21303,19.797646254319076
414,21304,17.96697556974138
414,21305,26.890164613671786
414,21306,30.015133917358995
414,21307,20.877690017242347
415,21339,28.771058321025315
415,21340,39.15375798933091
415,21341,42.81018018726428
415,21342,39.06709045175291
415,21343,38.036749362872044
415,21344,41.863945126571586
415,21345,33.475888967544485
415,21346,24.88997161383587
415,21347,25.012747049354417
415,21348,37.96178966764088
415,21349,25.838156640479696
415,21350,25.917609035992353
415,21351,28.61853718760232
415,21352,30.063888430537293
415,21353,28.02500993015931
415,21354,23.8102081418254
415,21355,26.147187352129947
415,21356,23.075250685235986
415,21357,21.968543082495643
415,21358,24.866459369611366
415,21359,22.36744120719083
415,21360,23.13454896213728
415,21361,21.2334984540529
415,21362,20.9989795088959
415,21363,25.102244317554415
415,21364,20.800034701843106
415,21365,21.710566878276826
415,21366,21.771023869534268
415,21367,22.12012007834539
415,21368,16.38659253713302
415,21369,18.122278153912816
415,21370,12.622655332099951
415,21371,10.988576486685497
415,21372,17.449610978380814
415,21373,13.424387723219683
416,21342,42.09444880489363
416,21343,112.84680962540752
416,21344,42.13551878932971
416,21345,57.68445611005308
416,21346,27.43424266571465
416,21347,32.10834324362814
416,21348,25.501480400585482
416,21349,27.01383858913923
416,21350,32.998922467261764
416,21351,30.848705470590037
416,21352,27.487186789459514
416,21353,28.701868057277082
416,21354,31.16609126332257
416,21355,22.381644844965596
416,21356,27.392314374471784
416,21357,21.67683809997623
416,21358,23.563863336994405
416,21359,23.89103114607123
416,21360,23.00295174123949
416,21361,27.42699801916544
416,21362,25.4785609245532
416,21363,22.482003718635028
416,21364,18.52943614126937
416,21365,17.00966969129136
416,21366,19.117830991762382
416,21367,20.131425708550644
416,21368,24.143354594660828
416,21369,20.434607863444796
416,21370,17.29918330909395
416,21371,16.19675114747732
416,21372,18.91675785185627
416,21373,16.55604779721812
416,21374,16.105645894973147
416,21375,17.01019540430662
416,21376,15.872344672694338
416,21377,22.753739654973877
416,21378,12.991617321979895
416,21379,16.758295744672758
416,21380,15.416859984368092
416,21381,21.482517421265115
416,21382,16.496497392669422
416,21383,14.714311659307652
416,21384,19.273037016409283
416,21385,16.111698299661033
416,21386,13.72137799856395
416,21387,9.712815955290093
416,21388,9.415872618564586
417,21354,55.72465181355776
417,21355,39.786397218627336
417,21356,51.1901736259926
417,21357,38.19814324382442
417,21358,34.46921557181373
417,21359,52.45318293576243
417,21360,40.41060894731382
417,21361,33.061855137284276
417,21362,33.55666100981904
417,21363,33.411652743846766
417,21364,31.661355793504903
417,21365,30.119927823485337
417,21366,33.207662701636956
417,21367,32.91900873187198
417,21368,25.973433852145543
418,21441,101.40167355546637
418,21442,65.65312206751119
418,21443,66.74383699881052
418,21444,61.66754722600823
418,21445,162.98810005202813
418,21446,94.38101291638253
418,21447,64.52578425413279
418,21448,50.30514657501982
419,21446,23.33692967887183
419,21447,44.104453325311724
419,21448,39.096624255215914
419,21449,40.15478521577704
419,21450,35.82677543166558
419,21451,34.76103991273227
419,21452,36.11929178230935
419,21453,31.70611381533645
419,21454,38.609827458893605
419,21456,27.667559981331976
419,21457,27.04077064993457
419,21458,32.66041964286214
419,21459,21.660975515862138
419,21460,30.646319389371136
419,21461,21.81471973653392
419,21462,31.686946749716018
419,21463,22.57082104684975
419,21464,23.197701573392983
419,21465,21.682721525388775
419,21466,15.588246434941164
419,21467,24.106160402319897
419,21468,19.353343695364742
419,21469,21.260972321052815
419,21470,20.314942449349758
419,21471,19.225514978133237
419,21472,113.76922130595064
419,21473,66.16232335573493
419,21474,6.262801811086948
419,21475,5.273954495792418
419,21476,21.000680029411345
419,21477,33.64262849085981
419,21478,1.8400263972597168
419,21479,12.498308122169417
419,21480,14.857314974040882
419,21481,15.763096958413156
419,21482,12.785001397144502
419,21483,9.591529816370548
419,21484,13.013433069002543
419,21485,12.130217850219315
420,21492,34.77044373753849
420,21493,47.16567456713144
420,21494,40.874413847960454
420,21495,43.308936953584
420,21496,39.99202072612663
420,21497,31.92798078063054
420,21498,33.99772077801936
420,21499,42.45270341626546
420,21500,29.765575826195132
420,21501,35.19691765311582
420,21502,28.275729417746255
420,21503,30.72271406653337
420,21504,28.057314455534705
420,21505,27.3984351753659
420,21506,29.021155536201167
420,21507,31.155933737783158
420,21508,26.440427899309555
420,21509,23.000655770322737
420,21510,24.656836688540952
420,21511,21.87488973136489
420,21512,17.637848407046146
420,21513,25.769811272644592
420,21514,19.54060882331718
420,21515,22.260612845377818
420,21516,22.67558813097155
420,21517,19.467098861950458
420,21518,20.312999188860736
420,21519,21.004724800605807
420,21520,16.00331827999617
420,21521,21.741090416866246
420,21522,20.156324654835913
420,21523,17.02292382718681
420,21524,17.17268630858917
420,21525,18.009771555678537
420,21526,12.680128365766615
420,21527,13.956519216272083
420,21528,11.946053355943102
421,21601,27.679867029199507
421,21602,17.442839741673136
421,21603,24.00797009470262
421,21604,22.280003875514264
421,21605,21.878753453450837
421,21606,24.474926590941756
421,21607,16.597438305631474
421,21608,23.044957816556263
421,21609,21.944789439459733
421,21610,18.203809261338577
421,21611,22.305038273291395
421,21612,21.533545106668985
421,21613,15.782018601908732
421,21614,25.357754230522332
421,21615,21.717256307559957
421,21616,18.89441773297121
421,21617,20.219505429286272
421,21618,21.073471158702176
421,21619,16.015743613257673
421,21620,21.555473506470257
421,21621,17.849288284744098
421,21622,16.172233074918196
421,21623,18.19502905012832
421,21624,20.014109909495776
421,21625,11.195692643533398
421,21626,12.62807875872807
421,21627,18.353838622534568
421,21628,15.88291525842204
421,21629,16.33339628578718
421,21630,14.524869918795172
421,21631,17.151909917608602
421,21632,16.446181833759006
421,21633,15.109474807948475
421,21634,16.390590369716293
421,21635,15.294352769865593
421,21636,16.24523207542141
421,21637,14.835155904306554
421,21638,9.833734631547335
421,21639,14.085616618407663
421,21640,10.715337842682157
421,21641,8.550768345602183
421,21642,10.131302922973312
421,21643,12.667806297516183
421,21644,12.55347043276975
422,21608,41.64997458449897
422,21609,57.4397045374439
422,21610,50.33666253094483
422,21611,53.96528363217414
422,21612,48.146740794225614
422,21613,47.05821454529274
422,21614,35.10276138785694
422,21615,41.00508570663156
422,21616,30.573821961907537
422,21617,40.5344948172938
422,21618,35.532158911159506
422,21619,33.71501058343139
422,21620,35.8798643946974
422,21621,33.736811578208574
422,21622,28.61105650665978
422,21623,28.908371329333846
422,21624,26.028142869422197
422,21625,25.52087277176317
422,21626,27.811779677893185
422,21627,30.619762837827633
422,21628,124.50805664073825
422,21629,64.17296111589546
422,21630,8.76761488614772
422,21631,17.34495386482863
422,21632,23.107767105123557
422,21633,23.568071722938765
422,21634,22.54583895208502
422,21635,17.349877059475467
422,21636,11.086588427403004
422,21637,17.274524420515515
423,21652,57.205456495174474
423,21653,56.47782683377634
423,21654,55.575649738362316
423,21655,51.18716418733241
423,21656,55.02427339558838
423,21657,48.90732407574334
423,21658,46.16060256949086
423,21659,43.32406997684605
423,21660,37.20092743638561
423,21661,40.62202870837944
423,21662,44.962510764639745
423,21663,28.766584396388467
423,21664,37.149522900615146
423,21665,28.286678194945026
423,21666,31.847989261179322
423,21667,71.38359725481804
423,21668,5.367532744993326
423,21669,17.890704274193823
423,21670,25.78523397448024
423,21671,25.66153317684936
423,21672,25.20675122740177
423,21673,24.16372328998856
423,21674,23.309884965374717
423,21675,21.672511696835205
423,21676,17.829700112359053
423,21677,17.908404171432217
423,21678,17.805546820179924
424,21666,67.74403274065456
424,21667,69.85046267515813
424,21668,87.59279251081705
424,21669,87.15667605408012
424,21670,76.04799628264668
424,21671,77.18606829628332
424,21672,60.96352636819662
424,21673,68.68721008307028
424,21674,59.4341737030788
424,21675,47.42744743828319
424,21676,49.899301528976046
424,21677,50.08361220350123
424,21678,42.14209556583423
424,21679,42.160575985946856
424,21680,33.71141105883759
424,21681,43.31499338153964
424,21682,45.19537746910391
424,21683,32.54899531596569
424,21684,27.53063589336992
425,21697,61.16958975797495
425,21698,59.47891294961617
425,21699,55.406214594733925
425,21701,57.68113017087461
425,21702,46.84509158125407
425,21703,44.6874743700434
425,21704,37.65996336940376
425,21705,44.42335188380239
425,21706,40.44487684968812
425,21707,31.759208142786303
425,21708,31.281713247238738
425,21709,34.142546653778616
425,21710,29.876420795944682
425,21711,32.83966630690904
425,21712,27.20196872952074
425,21713,66.80520594126102
425,21714,2.2604963555952606
425,21715,22.1661306917239
425,21716,24.16470766069703
425,21717,27.47406542303677
425,21718,17.113386690583535
425,21719,21.167096346635997
425,21720,16.333494186416225
425,21721,21.062449961860004
426,21708,58.69412004936319
426,21709,56.91719412808827
426,21710,71.1330735684088
426,21711,53.316462635890915
426,21712,56.04161381726593
426,21713,48.70704889301915
426,21714,41.66074097160314
426,21715,47.2427612542193
426,21716,45.251339077990686
426,21717,35.70284664634137
426,21718,41.09252303830788
426,21719,35.10011941197727
426,21720,33.67970734837734
426,21721,35.04886507981202
426,21722,30.064564347294496
426,21723,28.677891790892932
426,21724,29.313446581307026
426,21725,24.945820570014757
426,21726,25.635625720047425
426,21727,25.21073967213527
426,21728,18.818389177339505
426,21729,24.394701719306244
426,21730,19.418165981732034
426,21731,19.896544665116284
426,21732,14.638464152826272
426,21733,14.038133472177076
426,21734,19.648939222115267
426,21735,16.52782291175438
426,21736,13.41112956402094
427,21736,54.80860769738096
427,21737,60.110975503976185
427,21738,58.04880201821839
427,21739,52.47315466408734
427,21740,64.6623891590776
427,21741,53.02512109284455
427,21742,41.2072706222909
427,21743,41.625126600185055
427,21744,44.75179106001156
427,21745,37.84321993592843
427,21746,40.777248144070974
427,21747,36.892124712500745
427,21748,29.961283206966947
427,21749,30.87469071143859
427,21750,32.080721855192756
427,21751,24.92380768062951
427,21752,86.07243597490842
427,21753,8.725492805250475
427,21754,18.89798507096102
427,21755,22.236879318909583
427,21756,24.416076242945945
427,21757,21.858140677233546
427,21758,26.942958533711813
427,21759,16.236469298615916
427,21760,18.212915360944148
427,21761,18.89535114165469
428,21763,57.80225336556923
428,21764,66.9367468357695
428,21765,60.62187731254305
428,21766,59.69800114637082
428,21767,58.72720777993775
428,21768,51.864185929198165
428,21769,43.49189847711705
428,21770,51.46595299248608
428,21771,45.01860916605832
428,21772,41.77679747346863
428,21773,39.90629196170622
428,21774,38.75067830078265
428,21775,28.396895527865485
428,21776,34.524254500897335
428,21777,30.15803664916886
428,21778,137.977380752689
428,21779,50.00335514549989
428,21780,16.22890546914779
428,21781,19.554435610788964
428,21782,23.694210648558233
428,21783,25.457765757988366
428,21784,29.22825157645023
428,21785,23.726102113745334
428,21786,15.017375797004288
428,21787,20.85580989720334
429,21793,58.97612214077042
429,21794,61.94508612161548
429,21795,53.28118085866052
429,21796,52.94967055310506
429,21797,60.4960495234086
429,21798,52.01198637490234
429,21799,45.84300220003805
429,21800,42.26162821058303
429,21801,39.714752733743545
429,21802,42.64145851127013
429,21803,36.68432056907175
429,21804,35.37143021825193
429,21805,28.395734131281333
429,21806,23.529308438322488
429,21807,31.19929969313598
429,21808,27.918644249385284
429,21809,121.88082218181252
429,21810,69.7678560019174
429,21811,78.16255867466126
429,21812,1.7552602104858626
429,21813,12.43671387435137
429,21814,21.964054405709216
429,21815,20.715298354585666
429,21816,19.68490764500501
429,21817,17.012809216991638
429,21818,16.104167997805945
429,21819,14.974260628237037
429,21820,18.341137021796694
430,21796,36.85285180799991
430,21797,63.298024535236706
430,21798,70.64366161829699
430,21799,66.36128425585319
430,21800,72.52084314829746
430,21801,68.1106156111383
430,21802,56.9169795512053
430,21803,58.38495254521912
430,21804,47.691527009053694
430,21805,53.222655057804246
430,21806,52.02023684983216
430,21807,43.38949710134638
430,21808,39.857403337878445
430,21809,37.88488268855679
430,21810,41.65074974302266
430,21811,33.203974664147104
430,21812,37.08598941567933
430,21813,30.234645903138002
430,21814,35.04939615729659
430,21815,37.136632203984014
430,21816,33.74399721625536
430,21817,27.294762432600052
430,21818,25.167945027302736
431,21811,69.76939558969364
431,21812,76.49233102805418
431,21813,68.07750642305844
431,21814,66.95552229887376
431,21815,64.68497872340099
431,21816,55.59211313729574
431,21817,61.53990626340741
431,21818,45.99702537050894
431,21819,47.09341585640422
431,21820,49.18587148194018
431,21821,41.27002894870411
431,21822,37.263827919993915
431,21823,42.48464047912647
431,21824,38.377113640234214
431,21825,36.92138224843522
431,21826,34.08542364838839
431,21827,32.88081139319741
431,21828,28.148045539881558
431,21829,29.3247655034332
431,21830,28.870957195703024
431,21831,28.79443913700815
431,21832,25.84038019182648
431,21833,19.805075973234047
431,21834,21.083098948021036
431,21835,24.647529423259265
432,21847,13.607483357184126
432,21848,29.13025707009104
432,21849,50.43879032125262
432,21850,63.928686976490944
432,21851,58.72301816945649
432,21852,51.48846745481077
432,21853,62.369352579173544
432,21854,53.92486810689108
432,21855,49.520450234317444
432,21856,56.336200833371855
432,21857,48.4956693649733
432,21858,49.359485506916016
432,21859,33.795369565517646
432,21860,32.88004159930359
432,21861,37.967803180144365
432,21862,43.11776250604736
432,21863,42.92511284355253
432,21864,36.679465770754796
432,21865,34.07225400202842
432,21866,32.52785950902083
432,21867,30.759031176595055
432,21868,31.46502345794319
432,21869,32.1523100138003
432,21870,30.579910576371347
432,21871,23.59757333989351
432,21872,24.306143224261458
432,21873,18.99122536184131
433,21863,38.63009691241917
433,21864,32.46863633397194
433,21865,53.1540924309657
433,21866,20.171562284249532
433,21867,21.398777514715583
433,21868,24.51513022179634
433,21869,20.290577262658456
433,21870,20.024593323487377
433,21871,24.66231375927927
433,21872,26.244843900227576
433,21873,25.784464180492964
433,21874,24.57755595440883
435,21915,78.64994287475645
435,21916,80.37180840976396
435,21917,64.26175832754258
435,21918,155.96464991539378
435,21919,83.1066745520394
435,21920,58.71293842797851
435,21921,52.35734224309339
435,21922,47.888953685804054
435,21923,49.68309938912142
435,21924,46.600629687219204
435,21925,35.186062753232534
435,21926,42.374731600323116
435,21927,42.10361659518688
435,21928,34.62735056880286
435,21929,30.931819081334588
435,21930,32.888828515942905
435,21931,34.845792353184926
435,21932,30.431490540532135
435,21933,28.166638612692758
435,21934,28.009600639368735
435,21935,32.129910886316914
435,21936,21.22693642969797
435,21937,19.825901985186487
435,21938,24.40918564798668
436,21945,65.38699328905331
436,21946,67.0359563826219
436,21947,60.75062334543031
436,21948,65.98659574991505
436,21949,54.705589413537155
436,21950,56.21574819093095
436,21951,49.928510785148255
436,21952,45.50431966772822
436,21953,47.029241323513844
436,21954,39.48810070756689
436,21955,39.44322466842657
436,21956,36.37475609782666
436,21957,35.94345420602253
436,21958,32.17526704066734
436,21959,34.604514241250044
436,21960,36.375778019461336
436,21961,29.206002652588666
436,21962,27.77416706087731
436,21963,27.957117855574285
436,21964,24.3594172597153
436,21965,21.199335157830276
436,21966,23.969743251822337
436,21967,26.784938871884865
437,21978,110.4886758328489
437,21979,64.02412533765894
437,21980,60.65839827048976
437,21981,63.01662325864801
437,21982,50.304089784667944
437,21983,53.60190331925523
437,21984,51.5894526243679
437,21985,51.475973725365726
437,21986,50.582004189393516
437,21987,34.34127956631923
437,21988,42.4119311571507
437,21989,44.01768654588888
437,21990,42.524482011712855
437,21991,32.21564769747803
437,21992,29.02075588705795
437,21993,34.50786083930022
437,21994,31.93869352343603
437,21995,34.36888217929151
437,21996,26.046188771674363
437,21997,28.77810716631646
437,21998,23.967018127463202
437,21999,21.58398404713274
437,22000,27.212807536149935
438,22004,64.63670432573475
438,22005,74.37495768055847
438,22006,79.8278832436334
438,22007,84.7232365608986
438,22008,52.89535045613557
438,22009,50.90786039833884
438,22010,46.64909720425081
438,22011,47.58313894262654
438,22012,50.172366499946456
438,22013,42.73917675022197
438,22014,40.169255733526526
438,22015,38.69399249546203
438,22016,36.99407815936592
438,22017,31.823962032823896
438,22018,37.51954972736737
438,22019,35.314234793218304
438,22020,32.46693313124749
438,22021,33.13618719571386
438,22022,30.516122281579115
438,22023,21.645214855690615
438,22024,22.522079944567068
439,22008,63.734033703680836
439,22009,125.54935455333684
439,22010,116.70933008204585
439,22011,82.51947462542797
439,22012,78.55775535113804
439,22013,82.03649997718644
439,22014,103.53195905694841
439,22015,65.94775736319195
439,22016,47.76261627678447
439,22017,52.65324354176541
439,22018,40.17707169048174
439,22019,42.863186001816636
439,22020,47.63020634655516
439,22021,38.35064291946629
439,22022,36.54274553063855
439,22023,35.135001540215974
439,22024,36.99560970060828
439,22025,31.44331634047507
439,22026,30.69756031039169
439,22027,30.4033595322975
439,22028,29.004533886935864
439,22029,20.40517196061083
439,22030,25.920580923507185
440,22020,59.491444230133766
440,22021,83.46855819209179
440,22022,76.45756423480312
440,22023,66.04992270475672
440,22024,57.88170039642591
440,22025,65.84152042871742
440,22026,53.200832605410326
440,22027,55.040779709709604
440,22028,47.61694014076749
440,22029,44.7345471382548
440,22030,44.14236366740278
440,22031,42.17633128170034
440,22032,38.77519905570696
440,22033,39.25013244144483
440,22034,39.153020381963096
440,22035,35.91907829049516
440,22036,30.16683965915572
440,22037,22.85181194545917
440,22038,26.217823326611523
441,22043,68.97495210157415
441,22044,79.18816030032684
441,22045,60.4857498407914
441,22046,68.72700870023797
441,22047,54.41502571110906
441,22048,48.84150803093584
441,22049,46.5518403052384
441,22050,52.43260502820015
441,22051,50.67956149582704
441,22052,37.33372360460695
441,22053,40.29766112569659
442,22060,18.19890618325935
442,22061,57.823818325884645
442,22062,68.0270272493981
442,22063,46.868625283283905
442,22064,51.2457811832894
442,22065,69.24022793756454
442,22066,64.41073358064787
442,22067,58.79678964620216
442,22068,51.695308685202825
442,22069,54.20242846017045
442,22070,59.964076280648406
442,22071,45.52673757067465
442,22072,37.87733227017986
442,22073,48.583865761801086
442,22074,43.1894123553395
442,22075,31.915261745481907
442,22076,36.66184902194497
442,22077,34.935772418908314
442,22078,34.95827883485159
442,22079,33.95058363679159
442,22080,32.07193762057781
442,22081,30.79258292916237
442,22082,24.161427319071812
442,22083,21.597381681162105
443,22104,69.7905099392572
443,22105,81.88246071322828
443,22106,71.44736945635618
443,22107,89.77453351028979
443,22108,50.80620467652992
443,22109,76.31682336337354
443,22110,56.0004955530676
443,22111,56.488228440175554
443,22112,44.89776492122919
443,22113,25.493439137958823
443,22114,40.54949104789607
443,22115,40.27621954671705
443,22116,38.93367469314301
443,22117,39.41245168451079
443,22118,34.49568092816362
443,22119,33.350101411372954
443,22120,33.60923498871999
443,22121,26.146752834269538
443,22122,28.502166867282085
444,22108,11.650432348228827
444,22110,83.6383098364637
444,22111,76.29538178429164
444,22112,55.756779313138175
444,22113,42.650092542210274
444,22114,47.36010253433721
444,22115,63.57796668994061
444,22116,54.43671941762153
444,22117,52.40186154847143
444,22118,54.5653742550749
444,22119,51.628387570428124
444,22120,40.98318278793248
444,22121,47.567700147536854
444,22125,36.87837570906419
444,22126,33.75319987538546
444,22127,35.79950004809137
446,22148,66.89492046839122
446,22149,81.88880681975752
446,22150,70.73885858065363
446,22151,69.34349834925283
446,22152,64.5985203980151
446,22153,57.86544084554213
446,22154,56.60246908669851
446,22155,46.76153004160427
446,22156,51.988618969964584
446,22157,51.74437165265021
446,22158,41.9778102635526
446,22159,38.37537825111065
446,22160,41.61268919710129
446,22161,39.22216773025562
446,22162,35.06033420565933
446,22163,38.65123003724752
446,22164,34.30978238585732
446,22165,31.40953660005221
446,22166,30.698874592808988
446,22167,33.77998709681722
446,22168,25.296830534886105
446,22169,21.266478896160393
446,22170,25.655079782032455
447,22165,72.53950595841692
447,22166,74.00341272360856
447,22167,74.92400050170083
447,22168,70.1961082218721
447,22169,63.895980119763315
447,22170,48.972314000174244
447,22171,55.92985689629236
447,22172,53.65477502350919
447,22173,45.65258681778292
447,22174,41.4297088979874
447,22175,40.41178911928037
447,22176,36.74075692895416
447,22177,128.59291076635304
447,22178,6.557716056710485
447,22179,28.030414581324322
447,22180,4.265015088013512
447,22181,17.20042839647904
447,22182,22.05165401103118
447,22183,22.71023154254339
448,22216,28.817093074347955
448,22217,30.627020895508966
448,22218,33.54787945740892
448,22219,28.65699201824887
448,22220,28.456789255168093
449,22199,34.142780005865866
449,22200,55.35837471490173
449,22201,76.42285108573236
449,22202,81.29831314071203
449,22203,79.73666667945484
449,22204,70.62953174120652
449,22205,70.56724548326206
449,22206,58.34829747682156
449,22207,65.7158267498614
449,22208,57.24502980698012
449,22209,43.28184396032456
449,22210,49.727409482047484
449,22211,48.06265354147205
449,22212,43.988662362138705
449,22213,37.166455686126184
449,22214,43.573185503522446
449,22215,26.090576648661735
449,22216,35.794723033937586
449,22217,32.810274660617154
449,22218,28.75366687769101
451,22286,67.23962724195836
451,22287,77.62277483947184
451,22288,75.5228841305466
451,22289,76.683894395898
451,22290,66.6855847834252
451,22291,60.0208693743298
451,22292,57.10978209977576
451,22293,54.4558328389069
451,22294,50.00067293648499
451,22295,45.16933321956928
451,22296,47.13252246370744
451,22297,36.076778769525916
451,22298,134.7057402135167
451,22299,17.653189301456667
451,22300,17.710144668833628
451,22301,31.045225560693364
451,22302,28.526955842916667
451,22303,22.713396549245513
452,22321,65.15916109072491
452,22322,76.41015887267388
452,22323,82.22639501102296
452,22324,82.70359754546395
452,22325,69.8226535320917
452,22326,65.68423569208397
452,22327,58.306267261392435
452,22328,65.19215226179331
452,22329,50.1533228159407
452,22330,54.45175588120427
452,22331,49.18752372269336
452,22332,42.31928497556721
452,22333,42.90250718585306
452,22334,41.661435663738
452,22335,34.846827685864675
452,22336,36.51031225912668
452,22337,30.90428620579669
452,22338,27.03201055529192
453,22341,76.04373693473103
453,22342,67.54142403608743
453,22343,79.45845186695001
453,22344,74.57556545741188
453,22345,66.13509356981571
453,22346,55.621193647277146
453,22347,52.47629821305279
453,22348,53.66705417637938
453,22349,51.726390123267336
453,22350,46.202911734623015
453,22351,42.274594008961024
453,22352,47.00643718233561
453,22353,41.64298474792454
453,22354,36.171425879034516
453,22355,32.825399637158846
453,22356,37.46187686923573
453,22357,24.50541257860505
453,22358,29.169360995236286
454,22349,72.06327974782367
454,22350,86.0490363837071
454,22351,76.10832989222773
454,22352,78.16133022293243
454,22353,72.27634906775373
454,22354,63.81865203386389
454,22355,55.97302436817796
454,22356,60.4832285643174
454,22357,52.82601535325087
454,22358,48.912248611355665
454,22359,47.7836179733711
454,22360,43.48173826936862
454,22361,42.47021287671465
454,22362,40.50239413980353
454,22363,37.25194573405793
454,22364,35.85813850167675
454,22365,29.08500015730005
454,22366,34.220325350792535
454,22367,26.21116340162754
454,22368,27.97274976963359
455,22418,81.55762910827134
455,22419,74.11264836794918
455,22420,83.81144106395715
455,22421,68.50728213773839
455,22422,67.75123178965055
455,22423,61.78056478505985
455,22424,60.82031249988245
455,22425,53.40337157254308
455,22426,44.76541936401624
455,22427,45.950628518969424
455,22428,43.87419104580101
455,22429,43.24913710359692
455,22430,43.504671156322324
455,22431,40.10769635442567
455,22432,40.47007888559208
455,22433,23.83587151761217
456,22467,61.323022842463004
456,22468,81.03896498664453
456,22469,95.74575304993755
456,22470,81.5749454499033
456,22471,63.82705271231713
456,22472,81.90992116935551
456,22473,69.33576285845388
456,22474,58.25759053219027
456,22475,56.480369567922466
456,22476,46.25692605976497
456,22477,53.30841064442822
456,22478,46.14194512371445
456,22479,36.78957849744328
456,22480,37.057541906762026
456,22481,43.35471153263221
456,22482,41.51021540168723
456,22483,36.84572786085637
456,22484,36.96555823091054
456,22485,26.700363457227198
456,22486,24.274895489168934
457,22489,65.04536032682613
457,22490,69.63974297033202
457,22491,63.08057785039917
457,22492,68.23104143148906
457,22493,69.52010035501397
457,22494,57.436872124724175
457,22495,53.77599477772835
457,22496,53.940703868761716
457,22497,51.51376068596757
457,22498,44.258310198824134
457,22499,42.02824115745051
457,22500,38.522105813061465
457,22501,35.87877005341932
457,22502,39.18589889995631
457,22503,29.914205074337506
457,22504,37.92502999309175
457,22505,34.48097974055302
457,22506,26.35171651842607
457,22507,30.148096382645374
457,22508,24.651432037305874
457,22509,25.1824101805916
458,22531,72.54252076155585
458,22532,79.57564830787267
458,22533,80.79127371295574
458,22534,74.87352669245854
458,22535,65.24485766893599
458,22536,66.67921185480583
458,22537,58.91048848634355
458,22538,54.90964114670979
458,22539,57.451956868223945
458,22540,44.191085994158215
458,22541,46.92762851719356
458,22542,44.90058660511286
458,22543,43.96990567437257
458,22544,37.65832453969566
458,22545,41.0576301813499
458,22546,33.19805234664223
458,22547,36.66115969422814
458,22548,34.108015894920854
458,22549,32.63115942471873
458,22550,23.165297806284038
459,23000,6.549074649816747
459,23001,4.600752890114201
459,23002,12.784513235067456
459,23003,10.43189138175006
459,23004,13.582790941012338
459,23005,7.226633504019122
459,23006,11.424912214289566
459,23007,9.151281416424492
459,23008,7.930443808421067
459,23009,6.299100145703322
459,23010,5.454698838298514
459,23011,4.251179918638597
459,23012,4.57625560462891
459,23013,3.3361309021741694
459,23014,4.084465205673117
459,23015,2.789317499840829
459,23016,2.070725038649535
459,23017,3.522939383986816
459,23018,1.7603998258675886
459,23019,1.6967520117775137
459,23020,0.9944694768646464
459,23021,1.9885475188455295
459,23022,0.9939082246282795
459,23023,2.272162958981673
459,23024,1.0923165455439439
459,23025,1.0922298766682546
459,23026,2.098967358471872
459,23031,0.20343517698342942
459,23034,0.8061970397829704
459,23035,0.0
459,23036,0.0
459,23037,3.7227394804392344
459,23038,1.1018458474437485
459,23039,1.1018458474437485
459,23040,3.4431051090293145
459,23041,2.7134706638778097
459,23042,1.7621367238477998
459,23043,3.3058400452073102
459,23044,2.2040797770043397
459,23045,1.1018458474437485
459,23046,1.7207951657440783
459,23047,3.4721983596714128
459,23048,1.111265011132774
459,23049,2.7004000917024875
459,23050,1.102233929560591
459,23051,1.0575563739994847
459,23052,3.6429648846317457
459,23053,1.111265011132774
459,23054,0.0
459,23055,1.098058819768691
459,23056,1.5619463659837147
459,23057,0.0
459,23058,1.15617248229459
459,23059,0.0
459,23060,1.156172482297876
459,23061,3.3948860317403033
459,23062,2.7004000917101627
459,23063,1.7715014889852423
459,23064,1.1017601843933351
459,23065,2.2036060318308204
459,23066,1.102233929560591
459,23067,0.0
459,23068,2.204079776998075
459,23069,2.2040797770043397
459,23070,0.0
459,23071,0.0
459,23072,2.683901824059543
459,23073,2.22313402220809
459,23074,2.2231340222017715
459,23075,0.0
459,23076,0.0
459,23077,1.646220870312847
459,23078,3.394886031749952
459,23079,1.102233929560591
459,23080,2.6839018240519152
459,23081,1.1114377621571396
459,23082,1.1116961762319184
459,23083,1.1247591208644825
459,23084,3.36719658226081
459,23085,1.114917928353966
459,23086,0.0
459,23087,1.1039909441034106
459,23088,1.1653121933351624
459,23089,0.0
459,23090,0.0
459,23091,1.6474032215789043
459,23092,1.156159825624087
459,23093,1.5592609718411827
459,23094,0.0
459,23095,1.1039909441034106
459,23096,1.15617248229459
459,23097,0.0
459,23098,0.0
459,23099,1.098058819768691
459,23100,1.0980588197718115
459,23101,1.156172482297876
459,23102,0.0
459,23103,0.0
459,23104,0.0
459,23105,1.646220870312847
459,23106,1.111265011132774
459,23107,1.156172482297876
459,23108,0.0
459,23109,2.439748551698758
459,23112,0.3962511755525916
459,23114,0.5060375388716294
459,23115,0.0
459,23116,0.0
459,23117,1.6369332186892616
459,23118,1.4578858762951332
459,23119,1.4578858762992768
459,23120,0.0
459,23121,1.098058819768691
459,23122,1.5619463659837147
459,23123,2.407352160664602
459,23124,0.9884393680821628
459,23126,0.5826829187577303
459,23127,1.1653121933318504
459,23128,0.0
459,23129,1.1653121933351624
459,23130,1.5229990147024761
459,23131,0.0
459,23132,1.5229990147068047
459,23133,0.0
459,23134,0.0
459,23135,0.0
459,23136,1.1653121933318504
459,23137,1.1653121933351624
459,23138,0.0
459,23139,0.0
459,23140,1.0120750777403822
459,23141,1.0120750777432588
459,23142,0.0
459,23143,1.1653121933318504
459,23144,1.1653121933351624
459,23145,0.0
459,23146,0.0
459,23147,0.0
459,23148,0.0
459,23149,0.0
459,23150,1.0120750777432588
459,23151,1.1887535266589009
459,23152,1.0363665036837097
459,23156,0.0
459,23157,0.0
459,23158,0.0
459,23159,1.6474032215789043
459,23160,1.6474032215789043
459,23161,1.1653121933318504
459,23162,0.0
459,23163,0.0
459,23164,0.0
459,23170,0.16867917962371665
459,23171,1.0120750777403822
459,23172,1.1653121933351624
459,23173,0.0
459,23174,1.1653121933318504
459,23175,1.6369332186892616
459,23176,1.6369332186892616
459,23177,0.0
459,23178,1.1653658375154605
459,23179,0.0
459,23180,2.3306780308439987
459,23181,0.0
459,23182,0.0
459,23183,0.0
459,23184,0.0
459,23185,1.1653121933351624
459,23186,0.0
459,23187,1.6369332186892616
459,23188,1.156172482297876
459,23189,0.0
459,23190,1.647403221574222
459,23191,1.6474032215789043
459,23192,1.6474032215789043
459,23193,1.1653121933318504
459,23194,0.0
459,23195,0.0
459,23196,0.0
459,23197,0.0
459,23198,0.0
459,23199,0.0
459,23200,0.0
459,23201,0.0
459,23202,0.0
459,23203,1.1653121933351624
459,23204,0.0
459,23205,0.0
459,23206,0.0
459,23207,1.1653121933351624
459,23208,1.5229990147024761
459,23209,0.0
459,23210,1.0363665036866554
459,23211,1.1099058855303534
459,23212,1.156159825624087
459,23213,2.5600742921256465
459,23214,2.2227028571089456
459,23215,2.7004000917024875
459,23216,3.394886031749952
459,23217,0.0
459,23218,1.647403221574222
459,23219,0.0
459,23223,0.3991174791009028
459,23226,0.0
459,23227,1.0120750777403822
459,23228,0.0
459,23229,0.0
459,23230,1.1653121933318504
459,23231,0.0
459,23232,0.0
459,23233,2.3306780308439987
459,23234,0.0
459,23235,1.2070639617752086
459,23236,1.207063961771778
459,23237,1.1653658375154605
459,23238,1.1653121933351624
459,23239,2.6209282502555844
459,23240,2.6209282502481352
459,23241,0.0
459,23242,0.0
459,23243,1.0363665036837097
459,23247,0.2590916259214798
459,23248,1.0363665036866554
459,23249,1.5229990147024761
459,23250,1.1653121933351624
459,23251,1.0363665036866554
459,23258,0.14805235766934186
459,23259,0.0
459,23260,1.0363665036866554
459,23261,0.0
459,23262,1.0363665036866554
459,23263,0.0
459,23264,0.0
459,23265,0.0
459,23266,1.0363665036866554
459,23267,0.0
459,23268,1.5229990147024761
459,23269,1.6369332186892616
459,23270,1.0980588197718115
459,23271,2.6990901678748416
459,23272,0.0
459,23273,1.7715014889852423
459,23274,1.636933218684609
459,23275,1.1039909441034106
459,23276,0.0
459,23277,1.1039909441002729
459,23278,1.1039909441034106
459,23279,0.0
459,23280,0.0
459,23281,1.1039909441034106
459,23282,1.1039909441034106
459,23283,0.0
459,23284,1.1039909441034106
459,23285,0.0
459,23286,1.1653121933318504
459,23287,1.1653121933351624
459,23288,1.6369332186892616
459,23289,2.794660292568364
459,23290,1.0923165455439439
459,23291,1.1476107034842677
459,23292,1.7207951657489693
459,23293,0.0
459,23294,1.0926599521199867
459,23295,0.0
459,23296,2.184546422209094
459,23297,1.1922194436203357
459,23298,1.7719282954947375
459,23299,1.1653658375121483
459,23300,0.0
459,23301,1.0120750777432588
459,23313,0.08433958981185832
459,23314,1.1653121933351624
459,23315,1.1653121933318504
459,23316,2.550779767336781
459,23317,1.7515202052907184
459,23318,4.275326170018993
459,23319,0.0
459,23320,0.0
459,23321,0.0
459,23322,1.0120750777432588
459,23327,0.297717992216281
459,23328,5.254485346381674
459,23329,1.679339781405069
459,23330,1.0609302576610804
459,23331,1.0609302576640955
459,23332,1.1255093012015327
459,23333,0.0
459,23334,3.441338539126665
459,23335,1.7413418926314457
459,23336,1.0926599521168812
459,23337,1.4458710886551178
459,23338,3.6429648846420997
459,23339,0.0
459,23340,1.646220870312847
459,23341,1.156159825624087
459,23342,1.5592609718456145
459,23343,0.0
459,23344,0.0
459,23345,1.1653121933351624
459,23346,0.0
459,23347,1.1653121933351624
459,23348,0.0
459,23349,0.0
459,23350,1.1039909441034106
459,23351,1.156172482297876
459,23352,1.15617248229459
459,23353,1.1039909441034106
459,23354,1.1653658375154605
459,23355,1.207063961771778
459,23356,0.0
459,23357,0.0
459,23358,0.0
459,23359,2.6810206286633558
459,23360,2.1849764138480032
459,23361,2.661549970502478
459,23362,1.7715014889852423
459,23363,2.7004000917101627
459,23364,1.7515202052907184
459,23365,1.646220870312847
459,23366,1.156172482297876
459,23367,1.6369332186892616
459,23368,0.0
459,23369,1.6369332186892616
459,23370,0.0
459,23371,0.0
459,23372,1.0980588197718115
459,23373,1.1653658375154605
459,23374,0.0
459,23375,0.0
459,23376,1.1653121933351624
459,23377,0.0
459,23378,0.0
459,23379,1.6474032215789043
459,23380,1.1039909441002729
459,23381,1.1653658375154605
459,23382,1.1653658375154605
459,23383,0.0
459,23384,1.1653658375154605
459,23385,1.1653658375154605
459,23386,1.1653121933318504
459,23387,1.1653121933351624
459,23388,0.0
459,23389,1.5592609718456145
459,23390,1.1560964584328242
459,23391,1.1560964584361102
459,23392,2.1431522257645548
459,23395,0.0
459,23396,1.0363665036837097
459,23397,0.0
459,23398,0.0
459,23399,0.0
459,23400,2.330678030850623
459,23401,1.0980588197718115
459,23402,1.15617248229459
459,23403,1.1039909441034106
459,23404,1.1653658375154605
459,23405,1.1653658375121483
459,23406,0.0
459,23407,0.0
459,23408,1.1653121933318504
459,23409,0.0
459,23410,0.0
459,23411,0.0
459,23412,0.0
459,23413,0.0
459,23414,1.0363665036866554
459,23415,1.0363665036837097
459,23416,0.0
459,23417,0.0
459,23418,0.0
459,23420,0.7982349582023729
459,23422,0.5060375388709102
459,23423,1.1653658375154605
459,23424,0.0
459,23425,0.0
459,23426,1.1653658375154605
459,23427,0.0
459,23428,1.5229990147068047
459,23429,1.0363665036866554
459,23431,0.5181832518425913
459,23432,1.0363665036866554
459,23433,1.1653121933318504
459,23434,1.1653121933351624
459,23435,0.0
459,23436,0.0
459,23437,1.557414606214986
459,23438,1.557414606214986
459,23439,0.0
459,23440,1.0363665036837097
459,23443,0.0
459,23444,1.0363665036866554
459,23445,1.0363665036866554
459,23446,1.0363665036837097
459,23447,1.1653121933351624
459,23448,0.0
459,23449,0.0
459,23450,0.0
459,23452,0.0
459,23453,1.0120750777432588
459,23454,1.0120750777432588
459,23455,0.0
459,23456,0.0
459,23457,0.0
459,23458,0.0
459,23459,0.0
459,23460,0.0
459,23461,2.7110712602682168
459,23462,1.1017601843933351
459,23463,1.1018458474437485
459,23464,0.0
459,23465,1.1022339295574581
459,23466,0.0
459,23467,1.102233929560591
459,23468,2.2036060318308204
459,23469,1.1884573940198502
459,23470,1.0980588197718115
459,23471,1.1653658375121483
459,23472,0.0
459,23473,1.1653121933351624
459,23476,0.0
459,23477,0.0
459,23478,1.1653121933351624
459,23479,1.1653121933351624
459,23480,0.0
459,23481,0.0
459,23482,1.557414606214986
459,23485,1.2097884714602964
459,23486,1.4885899610788664
459,23488,0.5060375388716294
459,23490,0.5060375388709102
459,23491,0.0
459,23492,0.0
459,23493,1.0120750777403822
459,23494,0.0
459,23495,0.0
459,23496,0.0
459,23497,1.1653658375154605
459,23498,1.0980588197718115
459,23499,3.512733913951284
459,23500,1.4249599166227427
459,23501,1.6364713758245093
459,23502,1.0586502123603627
459,23503,1.1253169365237456
459,23504,2.683901824059543
459,23505,2.2092743776695944
459,23506,0.0
459,23509,0.4961966536938956
459,23510,1.5964699164047458
459,23511,0.0
459,23512,1.0363665036866554
459,23513,1.0363665036866554
459,23514,1.5964699164047458
459,23516,1.1925491038703777
459,23519,1.190747357904866
459,23524,0.4755099602042548
459,23526,1.1887749005119883
459,23534,0.4605394788085695
459,23535,0.0
459,23536,0.0
459,23537,0.0
459,23538,0.0
459,23539,0.0
459,23540,0.0
459,23541,1.091032521800199
459,23542,1.7621367238477998
459,23543,1.7621367238427914
459,23544,1.1922194436203357
459,23545,0.0
459,23546,0.0
459,23547,1.0841844230900135
459,23548,0.0
460,22986,1.3910189922872123
460,22987,14.0303765237459
460,22988,8.585269600160778
460,22989,5.119940042500384
460,22990,4.975921511640468
460,22991,2.7932427451039925
460,22992,4.7175993025345795
460,22993,66.36128425585319
460,22994,38.192443549667765
460,22995,18.072552680985677
460,22996,10.395027771572051
460,22997,72.87249147898626
460,22998,29.194069504764407
460,23003,12.41963732242302
460,23004,5.336714498703565
460,23005,1.9049702212177653
460,23006,11.153543740521085
460,23007,2.3787653446219146
460,23008,9.153513014298868
460,23009,1.824824139477482
460,23010,0.9571529086687925
460,23011,4.744413346043
460,23012,0.0
460,23013,1.6484115645304414
460,23015,49.5560377835974
460,23016,63.26623499399217
460,23017,25.227262079738676
460,23018,12.837673276638016
460,23019,6.285422891384119
460,23020,1.6064988635495014
460,23021,2.913424484426113
460,23022,1.2389173731219114
460,23023,1.2389173731219114
460,23024,2.0427418872674563
460,23025,1.0209789220252978
460,23026,2.573744002731995
460,23027,1.4532994665177392
460,23028,4.5445472002070755
460,23029,0.9689334221193067
460,23030,1.9383999332748145
460,23031,2.724828477951382
460,23032,1.5702305361642814
460,23033,84.29169595225257
460,23034,20.12342065574569
460,23035,18.227774798886667
460,23036,29.494761228504398
460,23037,5.9529013931805395
460,23038,7.72821396589982
460,23039,8.37255366147326
460,23041,1.1805380042636315
460,23042,1.0654545575390015
460,23043,5.791977569449675
460,23044,3.0047127977040913
460,23045,85.56519806392824
460,23046,43.128995597279165
460,23048,15.158472061171015
460,23049,4.205351360134103
460,23050,4.945645071570603
460,23051,4.370647184554738
460,23053,5.8528221398562055
460,23054,5.686242878442214
460,23059,1.0225272104141772
460,23063,1.1816422361882892
460,23065,0.0
460,23066,3.1352264061598683
460,23067,1.1195746622989824
460,23068,1.3963221386048035
460,23069,1.3969206064952204
460,23078,0.6748786568641407
460,23083,0.5632143393157631
460,23086,1.0876925289630477
460,23087,6.463760286575474
460,23095,1.2666628137233393
460,23103,2.4407136440273285
460,23105,2.9248855635508835
460,23106,2.7120115421737063
460,23117,0.26460555805404923
460,23118,0.0
460,23119,2.9106611385967978
460,23123,0.7877058628948109
460,23125,26.070575416074767
460,23126,14.313990622771884
460,23127,10.83232574162774
460,23131,4.3735466524967315
460,23132,3.0249923095134594
460,23133,3.167469575995046
460,23134,18.939763158577023
460,23135,1.3024161569785995
460,23137,2.0523118413974277
460,23139,4.67775441706606
460,23141,2.246121056376739
460,23142,12.399181723605944
460,23143,4.3848273530517705
460,23147,2.7274625748401347
460,23153,0.7550424523651313
460,23158,3.9878464043131348
460,23159,8.813268765815168
460,23161,14.14139315485231
460,23162,17.582118809239166
460,23163,42.794972062149824
460,23165,1.1694424599403122
460,23169,13.400402069094463
460,23170,65.8563369513157
460,23171,6.9955390691622
460,23177,6.065768748521575
460,23179,4.675851054493865
460,23180,1.201682193202438
460,23181,1.3016947265726246
460,23182,13.692221045506532
460,23183,12.66561493275102
460,23184,28.46513360741343
460,23186,0.8851235266770364
460,23187,13.997471183551168
460,23191,0.31785532599321376
460,23192,4.936482645575722
460,23193,33.243188559944755
460,23195,12.465243190538299
460,23199,12.83513724803268
460,23201,2.81781613827008
460,23203,6.169487759467784
460,23205,13.15059989690108
460,23206,1.1413861345510137
460,23207,14.13978248835896
460,23213,7.49325111508341
460,23214,3.137452639642231
460,23215,1.406198786568904
460,23216,2.768749315294161
460,23217,2.9134244844343935
460,23223,2.387310191988855
460,23225,4.273356758055885
460,23226,4.427086897198412
460,23227,4.7175993025211715
460,23231,4.540078304708907
460,23235,16.10333383083664
460,23236,20.367717593868946
460,23237,7.551941871649935
460,23239,25.026571154617184
460,23240,19.839633554181855
460,23241,65.56075215345624
460,23252,7.807011170819789
460,23259,3.462482775960987
460,23261,1.3747584354125382
460,23267,3.7720365822331656
460,23268,6.163574159133443
460,23269,4.833484143023118
460,23271,3.6668077111225443
460,23272,1.0654545575390015
460,23273,10.751169472942594
460,23276,2.8603157401083816
460,23289,0.7795005922134378
460,23291,1.606521327047718
460,23292,6.626401394611663
460,23293,5.823991745699117
460,23294,2.1311201713998624
460,23295,37.358343601260785
460,23296,25.871413350055285
460,23297,2.878894060852762
460,23303,7.86557346582383
460,23304,10.561192631731101
460,23305,16.984857916799147
460,23306,63.69847834116054
460,23307,17.812111526743877
460,23309,35.18426299093354
460,23312,31.261950731276283
460,23313,12.034703046094396
460,23315,9.680378660554702
460,23316,3.1470559537439358
460,23317,1.3921901118022946
460,23321,14.019030779592972
460,23323,2.7098117955053658
460,23325,14.291061758987745
460,23328,10.046981871127702
460,23329,2.171558998527118
460,23330,5.548615716387039
460,23331,1.221364326776185
460,23332,1.4869435876621417
460,23334,0.495324712246403
460,23336,1.2786134798073188
460,23337,2.787382956596764
460,23338,1.6057213582113088
460,23339,2.1311201713998624
460,23341,2.24093517288451
460,23342,12.918584793817825
460,23345,15.047900676726726
460,23348,3.895719498395772
460,23351,3.3025990426539127
460,23355,8.703850731249172
460,23356,4.440804384652839
460,23357,3.9200471341645606
460,23360,1.0610742866992549
460,23361,1.0477763693759456
460,23363,1.0280372388670258
460,23364,1.197476824746625
460,23365,3.9200471341534193
460,23366,1.363272713498521
460,23367,1.0102826077500233
460,23368,0.0
460,23369,6.024768501525637
460,23371,0.0
460,23372,1.7334107682124644
460,23373,47.515139579816164
460,23374,14.075605273219562
460,23375,33.98695439103357
460,23376,31.087548136739393
460,23377,20.977662652690398
460,23381,11.319407522680628
460,23383,1.6740353777996082
460,23384,4.914464391772449
460,23385,2.7849808707858617
460,23391,2.344798967242152
460,23393,10.167376622552439
460,23397,1.6876469179991265
460,23403,2.320729047059925
460,23404,8.451854512103138
460,23427,0.7988203867621413
460,23431,3.690949268639822
460,23433,3.264695294199704
460,23439,6.540142446759213
460,23440,4.72291845827382
460,23441,2.0963292382676593
460,23443,13.408586829893881
460,23447,6.602667868138673
460,23448,5.188630074267339
460,23449,6.675666198121521
460,23451,2.353613432498927
460,23452,27.098835110611994
460,23461,3.9396947622297707
460,23463,5.034836567942907
460,23464,11.236300617466656
460,23465,2.7849808707779466
460,23466,2.787382956596764
460,23468,2.242522370069072
460,23470,0.6944568548357842
460,23471,8.200094997866994
460,23472,3.1320453062682025
460,23473,3.1320453062682025
460,23475,3.432319611309203
460,23477,6.147111430761054
460,23481,13.134512007239096
460,23491,3.594497233629431
460,23493,4.981053918597534
460,23495,2.5781590864085757
460,23497,13.806410729878039
460,23498,10.711360797295777
460,23499,1.0475655645111819
460,23500,1.3902870006871946
460,23501,2.3610760085306186
460,23502,3.212277218693247
460,23503,1.9300914555805595
460,23505,0.6816363567482918
460,23506,2.724828477951382
460,23507,8.761593997486454
460,23509,0.6500358274203194
460,23510,1.2687229178857422
460,23511,2.0374705083628855
460,23513,6.91635824740562
460,23521,3.987926803528639
460,23525,3.8987731933601504
460,23527,0.0
460,23533,5.457915365695746
460,23534,5.355437323455913
460,23535,11.799516230832342
460,23538,1.3955017179250189
460,23539,4.186505153779023
460,23549,2.103439003228663
460,23551,20.30156627299248
460,23557,3.222883790731308
460,23558,7.901633530839908
460,23559,2.954025417568986
460,23560,1.8089774809794188
460,23561,1.1241886485346286
460,23562,0.0
460,23563,1.4361613243831346
460,23564,0.0
460,23565,1.88075808807844
460,23566,29.89700406792499
460,23567,15.542597919716666
461,23686,29.550317823829758
461,23687,18.987821638601407
461,23688,53.681564927149964
461,23689,35.59595525267978
461,23690,46.882808804421416
461,23691,45.5590528250155
461,23692,71.34726941592031
461,23693,34.26395416253144
461,23694,44.13922548298082
462,23739,75.21801352507757
462,23740,83.8000309465696
462,23741,76.12567842013607
462,23742,71.42922699457942
462,23743,68.8563930986981
462,23744,58.43992710118841
462,23745,131.54784679424804
462,23746,65.29968202101485
462,23747,55.5665355921297
462,23748,51.64131045346189
462,23749,43.79740476599812
462,23750,42.16467440132161
462,23751,38.55938583615949
462,23752,36.5628352760562
462,23753,35.03046512606946
462,23754,38.761600256001444
462,23755,29.814998209418846
462,23756,31.745440363912845
462,23757,31.305391788511137
462,23758,27.76139438146948
462,23759,23.410272002241445
462,23760,21.61122187974034
462,23761,24.892120063256794
463,23758,72.82308518872493
463,23759,81.95861935622993
463,23760,68.81170749670565
463,23761,74.06474411473265
463,23762,62.50529229646646
463,23763,63.76165509229737
463,23764,56.982130408338875
463,23765,61.159064769626674
463,23766,48.145018816038046
463,23767,44.69342619184744
463,23768,42.757523059762335
463,23769,44.837527871172675
463,23770,145.4086017609965
463,23771,43.0884647368552
463,23772,21.34367957713161
463,23773,28.8702946901584
463,23774,30.7736545800568
463,23775,23.831330537817696
463,23776,27.258279025579448
464,23831,79.49066519744474
464,23832,77.27133035666819
464,23833,81.65014386161283
464,23834,71.10974371439725
464,23835,65.71223258978145
464,23836,59.47892367828318
464,23837,65.17691195017068
464,23838,55.519961714795066
464,23839,45.77476680282941
464,23840,48.83241534223656
464,23841,153.1548857690297
464,23842,69.13472056395143
464,23843,59.05220031726869
464,23844,21.868433654328207
464,23845,26.554883122468304
464,23846,22.291318774180247
464,23847,26.856653094316112
465,23835,80.30852437026653
465,23836,69.29672598825412
465,23837,60.517807602937424
465,23838,72.68814325339252
465,23839,62.346763014850104
465,23840,54.61696922768528
465,23841,65.46612918382877
465,23842,55.3665447235611
465,23843,61.995211243509644
465,23844,46.272155642551546
465,23845,41.22710824016506
465,23846,42.8843727707034
465,23847,50.660764575050656
465,23848,31.506257057218598
465,23849,40.10232120744584
465,23850,40.36675482992029
465,23851,35.93041330579211
465,23852,36.65594011538097
465,23853,35.39953708651902
465,23854,25.53619623186527
465,23855,22.85363852973336
466,23884,71.54050111777136
466,23885,76.60192608840279
466,23886,63.823378085966745
466,23887,73.98476600653701
466,23888,56.44419729714759
466,23889,62.868731617984736
466,23890,53.44229578961534
466,23891,66.95305466658006
466,23892,49.53757882122731
466,23893,46.8961930274057
466,23894,45.279840230982956
466,23895,43.10972660783874
466,23896,41.3923779129182
466,23897,96.81056857117875
466,23898,9.618922546514677
466,23899,14.796870052785886
466,23900,27.059224247957044
466,23901,25.586525201820756
467,23906,66.06242179876614
467,23907,75.66386640078751
467,23908,70.58312952504822
467,23909,74.5919001103126
467,23910,69.52956855303412
467,23911,72.26200461373668
467,23912,62.68768250947932
467,23913,66.23273134237591
467,23914,55.614514946988145
467,23915,47.15165734281964
467,23916,54.8018324375651
467,23917,49.892579913184726
467,23918,40.03338038913619
467,23919,40.80433577302829
467,23920,37.420645952258766
467,23921,40.601311325948444
467,23922,33.88678461316329
467,23923,37.13337868455449
467,23924,31.19239032262496
467,23925,28.125989735152075
468,23980,90.55863976461076
468,23981,87.98561811455146
468,23982,117.04031467448388
468,23983,79.57029998287082
468,23984,68.49322199827702
468,23985,77.34558463103653
468,23986,64.61739242064387
468,23987,66.1740767956382
468,23988,55.62545835976891
468,23989,49.38974082474432
468,23990,46.41995072355836
468,23991,48.671230673834245
468,23992,51.08093261723396
468,23993,43.28790307036616
468,23994,41.7152059078596
468,23995,26.71640038492725
468,23996,28.704134523813085
469,23998,82.88118124015718
469,23999,84.82949495299157
469,24000,92.1014034748915
469,24001,74.46009099490263
469,24002,65.91925621019975
469,24003,72.34354376799487
469,24004,67.47323691851076
469,24005,60.14930427062808
469,24006,51.379591226624484
469,24007,51.10950350766062
469,24008,49.002703428173724
469,24009,46.42868936066082
469,24010,48.58014822010644
469,24011,37.02612519257065
469,24012,30.512689054040052
469,24013,34.800629317792115
470,24038,82.95902967460547
470,24039,85.69934606559919
470,24040,89.80954706651497
470,24041,81.47305369384547
470,24042,72.90897488600687
470,24043,67.52819538103405
470,24044,64.40347015863554
470,24045,56.77747786050239
470,24046,53.757846951380785
470,24047,48.78709673885968
470,24048,45.458947420161586
470,24049,48.94654870023804
470,24050,43.57253372673183
470,24051,42.65175282959049
470,24052,29.782851934375422
470,24053,31.54304355385788
471,24058,72.00034975991639
471,24059,104.68305587778076
471,24060,102.07362055787787
471,24061,85.66364049894943
471,24062,76.54994487769414
471,24063,65.04882037645535
471,24064,72.29790329939742
471,24065,58.97366523731278
471,24066,58.85794401174176
471,24067,56.89384818082262
471,24068,39.00078892700287
471,24069,50.221424102828884
471,24070,39.40083235505827
471,24071,47.5026136635816
471,24072,44.45435553793182
471,24073,27.841080129171896
471,24074,27.78938323253983
471,24075,33.28354775908637
472,24105,86.587994098496
472,24106,75.83354294306977
472,24107,90.50109028824455
472,24108,78.99681150897972
472,24109,68.9426100254686
472,24110,68.17642092710973
472,24111,60.84877073753041
472,24112,54.18760120873611
472,24113,51.209040284203375
472,24114,47.54265367989096
472,24115,46.31982386103261
472,24116,44.029096663038246
472,24117,41.50296539071997
472,24118,40.167812704962344
472,24119,31.669681370287133
472,24120,29.177184999015644
473,24122,92.1546506882552
473,24123,92.40187525757611
473,24124,87.03149735910762
473,24125,80.25315821178106
473,24126,82.80634224422356
473,24127,63.02155315863828
473,24128,68.92188191420148
473,24129,58.35990071302
473,24130,57.34936773765924
473,24131,55.54730951791093
473,24132,49.277903437659255
473,24133,49.172814488315915
473,24134,44.04796332124902
473,24135,42.68427193168708
473,24136,38.39890927068919
473,24137,30.201268494156647
473,24138,31.37704432013505
474,24154,68.75104129320675
474,24155,77.24029183372828
474,24156,77.99081146724166
474,24157,76.83725237853363
474,24158,60.582759976269934
474,24159,70.65811872488727
474,24160,58.117879629187996
474,24161,54.57228898991528
474,24162,47.47535169128921
474,24163,46.8675255775878
474,24164,45.38603961471871
474,24165,42.34321832648677
474,24166,43.30695211891298
474,24167,42.4595618248372
474,24168,35.87061613791209
474,24169,38.10941576961169
474,24170,29.878542423275462
474,24171,26.324661076018
475,24208,76.62267029270622
475,24209,85.92386305339998
475,24210,102.29983806619413
475,24211,93.70184540730487
475,24212,81.02163791663864
475,24213,79.12806808955713
475,24214,79.49710786349851
475,24215,66.14126265036198
475,24216,69.36689257628075
475,24217,109.75599288950413
475,24218,31.341244876324165
475,24219,40.16193866733389
475,24220,49.9500918388821
475,24221,48.159588575270085
475,24222,40.5987095833194
475,24223,37.541830837760735
476,24216,64.69143211847467
476,24217,86.20610117920133
476,24218,77.86836326107235
476,24219,71.15275561816011
476,24220,70.71255147463553
476,24221,65.71678161608392
476,24222,57.492270469717816
476,24223,52.55505323414814
476,24224,50.13904809942092
476,24225,49.517371058509084
476,24226,44.77008104328412
476,24227,46.89727127542969
476,24228,48.039656281514944
476,24229,39.16020065549597
476,24230,32.42818057530811
476,24231,31.845363378553742
476,24232,26.260631382489247
477,24256,88.45460772522388
477,24257,83.65147948272684
477,24258,87.40291893465316
477,24259,74.69222009188769
477,24260,77.88444042212893
477,24261,63.872575163717805
477,24262,61.709700822886326
477,24263,50.34872710709383
477,24264,48.16611170773118
477,24265,53.080374598400525
477,24266,47.06204473976601
477,24267,43.83900314573461
477,24268,41.68742358676483
477,24269,35.54059445861235
477,24270,41.44870162013963
477,24271,32.015815079150315
477,24272,34.476521909268264
477,24273,27.53159612419725
478,24332,69.14454281336397
478,24333,73.2890278099551
478,24334,72.60859429842877
478,24335,70.1381242275876
478,24336,60.44145584094765
478,24337,57.88402855401535
478,24338,49.86525356774097
478,24339,51.841033101129
478,24340,44.290917813692325
478,24341,39.43600147966157
478,24342,42.20237284902596
478,24343,36.821300983357794
478,24344,35.38649350407958
478,24345,36.807452738318545
478,24346,35.381150543621345
478,24347,30.813812613515267
478,24348,35.223535895379634
478,24349,24.447366893244226
478,24350,23.949184119723167
478,24351,26.904101371789608
479,24392,85.66255152233286
479,24393,78.23128223404069
479,24394,84.05322611339584
479,24395,77.58534729487799
479,24396,64.743354320401
479,24397,66.87723398214702
479,24398,59.384112954193725
479,24399,53.653627037898325
479,24400,48.44891846184369
479,24401,50.71238100533329
479,24402,82.65974342807053
479,24403,16.36555194856225
479,24404,34.63003814223578
479,24405,39.29296195499456
479,24406,27.085504531884986
479,24407,30.709455907372753
480,24437,66.21059238916696
480,24438,78.78980398185267
480,24439,76.46233856684962
480,24440,76.24991297707126
480,24441,65.40619790559995
480,24442,63.402421474514455
480,24443,61.31791055190633
480,24444,58.923513293319886
480,24445,51.10298573975442
480,24446,45.34760892382441
480,24447,47.013641595883215
480,24448,150.84377646459947
480,24449,40.54703414432319
480,24450,21.558085978050766
480,24451,31.335762441186798
480,24452,32.71690696471567
480,24453,27.130106985593674
480,24454,27.844116389776758
481,24474,101.76589608172776
481,24475,99.73015308389198
481,24476,88.2705760002939
481,24477,89.35378074628727
481,24478,71.08523905283718
481,24479,72.20602154738319
481,24480,64.50092017638138
481,24481,64.1854655743229
481,24482,54.651103019764065
481,24483,50.79434931268412
481,24484,53.44151794915292
481,24485,46.495519280475946
481,24486,44.79482442131922
481,24487,39.30198490623234
481,24488,33.38578552010711
481,24489,35.556789636644275
482,24488,61.07921540742707
482,24489,83.69286060340863
482,24490,74.18872117981877
482,24491,67.88019776350473
482,24492,55.28316557412407
482,24493,66.58790945993906
482,24494,53.000010252047105
482,24495,60.9041154385167
482,24496,49.7213101386063
482,24497,44.544550180475696
482,24498,46.212299466175146
482,24499,51.18861258020045
482,24500,32.037747502356105
482,24501,41.307689845599555
482,24502,33.74059617512858
482,24503,39.10534679893236
482,24504,29.341196715858445
482,24505,19.067574441396104
483,24519,78.77257883555902
483,24520,70.88759779936562
483,24521,81.19759082778496
483,24522,70.01817584044149
483,24523,67.5653117895741
483,24524,60.23162126529497
483,24525,63.312916159687404
483,24526,49.539821147963764
483,24527,46.46830022326072
483,24528,46.10312283043286
483,24529,43.60229820017012
483,24530,42.797455787575984
483,24531,93.49210739144245
483,24532,8.902664780624859
483,24533,27.61300116772083
483,24534,26.45424932243846
483,24535,24.62732434275006
483,24536,30.57995617383769
484,24568,106.34678721407364
484,24569,86.62077605732213
484,24570,73.56186211115852
484,24571,76.94030821308525
484,24572,64.69188272958917
484,24573,75.05293428904683
484,24574,59.06186163414031
484,24575,63.5854929686171
484,24576,56.14731431012492
484,24577,45.99773347368887
484,24578,54.85062718396407
484,24579,173.8717317582758
484,24580,84.99039530737663
484,24581,98.79055380830214
484,24582,13.507239818585283
484,24583,25.07705837483328
484,24584,35.22559046748504
484,24585,39.147291183507285
484,24586,30.182758569659075
484,24587,27.406910955930844
485,24612,76.88725948340733
485,24613,82.37207651145798
485,24614,86.6555804014994
485,24615,86.14605188353102
485,24616,77.25041985518806
485,24617,66.27391934400865
485,24618,57.18037247646725
485,24619,63.20180296903636
485,24620,59.41355824475924
485,24621,44.470722377214315
485,24622,52.63311088089962
485,24623,165.840994119795
485,24624,63.30837786185427
485,24625,26.90495163204733
485,24626,29.66272383930997
485,24627,39.00416851036163
485,24628,35.9612399340003
485,24629,30.310662388829144
485,24630,27.650662064498867
486,24666,86.59119129188784
486,24667,87.46281266220419
486,24668,81.78005933745791
486,24669,82.7615278960027
486,24670,81.27147495754004
486,24671,62.163852453111666
486,24672,66.6935724020611
486,24673,55.355193615010066
486,24674,53.94085407246655
486,24675,54.444320797969745
486,24676,46.419650316280624
486,24677,43.727788031016715
486,24678,40.12443602088763
486,24679,42.80293822292406
486,24680,41.39142036429989
486,24681,36.71788305047514
486,24682,28.79072427752252
486,24683,30.90681284660088
487,24711,75.99235653862571
487,24712,74.04913365847648
487,24713,81.02754950530746
487,24714,72.95490503317792
487,24715,66.37026429163504
487,24716,59.891093373353115
487,24717,63.759718537388615
487,24718,53.08213949193232
487,24719,48.789489269300965
487,24720,46.47768795494492
487,24721,41.70588254920529
487,24722,41.061269938983116
487,24723,97.91175484666194
487,24724,5.556214749802342
487,24725,26.18402481081483
487,24726,29.029540121581732
487,24727,27.470862865394906
487,24728,24.487216472648004
488,24722,73.34041357047076
488,24723,84.78566765792928
488,24724,82.63619899733786
488,24725,70.09697377688109
488,24726,75.97401022917983
488,24727,68.89592349515951
488,24728,62.33924210077234
488,24729,64.994376897871
488,24730,48.655496835614585
488,24731,51.731126904534655
488,24732,52.658135891008584
488,24733,44.80293005696221
488,24734,39.2877155542731
488,24735,40.993758738078206
488,24736,38.18155378095877
488,24737,38.618139624630764
488,24738,36.266488730940424
488,24739,29.649082124260214
488,24740,26.278014779040095
489,24764,70.43461024767606
489,24765,74.81488287434425
489,24766,69.22385573393443
489,24767,72.5259661675159
489,24768,62.120985388635745
489,24769,61.53623163705701
489,24770,52.13917672638867
489,24772,49.137028455709114
489,24773,47.22109436993126
489,24774,41.11002713433904
489,24775,200.61264753359922
489,24776,97.61269927033719
489,24777,18.827220350467535
489,24778,66.77858233457917
489,24779,16.21553063394114
489,24780,13.015706241105674
489,24781,25.989642441296375
489,24782,21.40147447588006
489,24783,23.16883027549081
489,24784,22.167626023312703
490,24771,72.92351245866033
490,24772,80.28485655791908
490,24773,87.41336345680558
490,24774,84.22478556616718
490,24775,75.5071663857193
490,24776,77.45450913913142
490,24777,64.98814344393568
490,24778,70.83979547030215
490,24779,53.719668388415556
490,24780,56.464244127164434
490,24781,51.84206306939072
490,24782,46.99695289139254
490,24783,43.13140153876552
490,24784,43.54322254661706
490,24785,40.954373180903495
490,24786,37.516060173439
490,24787,36.44025027755237
490,24788,30.40970832112217
491,24789,68.09800386435028
491,24790,88.35744738561719
491,24791,86.72038257129927
491,24792,69.1890621185932
491,24793,75.77187895760197
491,24794,61.14148020749885
491,24795,63.988816738186856
491,24796,52.05313146104289
491,24797,53.085572719622256
491,24798,50.98680317406523
491,24799,46.69253826132333
491,24800,45.1124864817076
491,24801,42.219707965889235
491,24802,44.85127687445556
491,24803,34.24343526366487
491,24804,26.334228515648952
492,24795,68.85256826883857
492,24796,70.6829935310905
492,24797,72.09737598902583
492,24798,69.88027274614967
492,24799,57.97270774830105
492,24800,58.449996113830316
492,24801,53.949007988025144
492,24802,51.38398468484485
492,24803,47.146480679554905
492,24804,44.431044459383365
492,24805,38.30940127365338
492,24806,71.56138479716134
492,24807,124.27530527126171
492,24808,53.83004128922549
492,24809,17.861795425431286
492,24810,24.58109378816933
492,24811,29.493170678558574
492,24812,36.75017148259644
492,24813,19.281476587074653
492,24814,23.771890103838608
493,24826,76.94026529795968
493,24827,83.95842075331674
493,24828,78.3884435892818
493,24829,72.73437917239129
493,24830,65.08818984019098
493,24831,62.694597244319716
493,24832,60.53075730806133
493,24833,47.60316967954972
493,24834,51.90163493161154
493,24835,45.474788546603556
493,24836,43.35599899283613
493,24837,40.37450373176432
493,24838,45.04412233833595
493,24839,41.61915332082719
493,24840,37.887074053214285
493,24841,41.77894860509858
493,24842,28.717481195952786
493,24843,21.84367820616315
496,24914,65.55175602442027
496,24915,83.98794651015261
496,24916,73.5601294041349
496,24917,70.04015922552757
496,24918,58.05131793010937
496,24919,65.92855811125075
496,24920,54.69959199433533
496,24921,57.23656475532914
496,24922,50.22939562802115
496,24923,40.66846579316977
496,24924,42.54525035611513
496,24925,43.46456676725526
496,24926,35.519724190267446
496,24927,40.637330710809366
496,24928,44.520313739817105
496,24929,32.733217477828234
496,24930,33.19134682410501
496,24931,27.950723469282774
496,24932,21.396307200212867
497,24990,84.76808845980474
497,24991,99.46259737023817
497,24992,96.28585338601286
497,24993,88.58237206918763
497,24994,91.39747381218639
497,24995,86.51556372650386
497,24996,70.56668221936893
497,24997,71.52343153960058
497,24998,63.092642426548174
497,24999,54.828804731263055
497,25000,50.7552212477192
497,25001,52.91450142865226
497,25002,56.223338842283304
497,25003,41.20304346088342
497,25004,40.12396126989199
