gt_id,frame_idx,track_id,class_id,class_name,conf,x1,y1,x2,y2,cx,cy_bottom,bbox_w,bbox_h
2,17,1,0,car,0.9478909969329834,0.7951688766479492,458.5573120117188,404.0623779296875,1059.09716796875,202.42877340316767,1059.09716796875,403.2672090530396,600.5398559570312
2,18,1,0,car,0.9425939321517944,0.8673272728919983,450.6015930175781,404.8988342285156,1055.6214599609375,202.8830807507038,1055.6214599609375,404.0315069556236,605.0198669433594
2,19,1,0,car,0.947016716003418,1.189024806022644,444.9745788574219,406.6588745117188,1051.5208740234375,203.9239496588707,1051.5208740234375,405.4698497056961,606.5462951660156
2,20,1,0,car,0.9432873129844666,1.610011339187622,441.9525146484375,407.4296875,1041.752197265625,204.5198494195938,1041.752197265625,405.8196761608124,599.7996826171875
2,21,1,0,car,0.944890022277832,1.6730034351348877,438.0715637207031,408.3764343261719,1036.3009033203125,205.02471888065332,1036.3009033203125,406.703430891037,598.2293395996094
2,22,1,0,car,0.94273579120636,1.0735771656036377,433.4737243652344,407.4229736328125,1033.0787353515625,204.24827539920807,1033.0787353515625,406.34939646720886,599.6050109863281
2,23,1,0,car,0.9421752095222472,1.716489315032959,428.2378234863281,408.703125,1022.32080078125,205.20980715751648,1022.32080078125,406.98663568496704,594.0829772949219
2,24,1,0,car,0.939190685749054,1.4377121925354004,425.1359252929688,409.9578247070313,1016.3358154296876,205.69776844978333,1016.3358154296876,408.5201125144959,591.1998901367188
2,25,1,0,car,0.9383071660995485,1.0033422708511353,422.8937683105469,410.3880310058594,1010.0047607421876,205.69568663835528,1010.0047607421876,409.3846887350082,587.1109924316406
2,26,1,0,car,0.9405916929244996,1.037019968032837,420.0780334472656,411.8295593261719,1001.6847534179688,206.4332896471024,1001.6847534179688,410.79253935813904,581.6067199707031
2,27,1,0,car,0.9413146376609802,0.7833996415138245,417.5920104980469,412.8614501953125,992.8665161132812,206.8224249184132,992.8665161132812,412.0780505537987,575.2745056152344
2,28,1,0,car,0.9420639872550964,0.6081053018569946,413.552001953125,414.0382385253906,987.705078125,207.3231719136238,987.705078125,413.4301332235336,574.153076171875
2,29,1,0,car,0.9425029754638672,0.5107907056808472,409.40234375,414.2240905761719,983.978271484375,207.3674406409264,983.978271484375,413.713299870491,574.575927734375
2,30,1,0,car,0.9424630403518676,0.8278668522834778,405.6311645507813,415.4394226074219,971.6331176757812,208.13364472985268,971.6331176757812,414.6115557551384,566.001953125
2,31,1,0,car,0.9419081807136536,0.6779907941818237,402.6893615722656,415.5597839355469,965.1265869140624,208.11888736486435,965.1265869140624,414.88179314136505,562.4372253417969
2,32,1,0,car,0.943051815032959,0.6469265222549438,400.7650146484375,416.8641357421875,961.2373657226562,208.7555311322212,961.2373657226562,416.21720921993256,560.4723510742188
2,33,1,0,car,0.9435254335403442,0.5419148206710815,399.7008666992188,418.324462890625,958.3234252929688,209.43318885564804,958.3234252929688,417.7825480699539,558.62255859375
2,34,1,0,car,0.9441587924957277,0.5602654218673706,397.6265563964844,418.0920715332031,957.168212890625,209.32616847753525,957.168212890625,417.53180611133575,559.5416564941406
2,35,1,0,car,0.931876540184021,0.6997803449630737,394.4749755859375,418.56158447265625,953.18212890625,209.6306824088097,953.18212890625,417.8618041276932,558.7071533203125
2,36,1,0,car,0.941583216190338,0.5609036087989807,393.3577270507813,419.812744140625,951.4719848632812,210.186823874712,951.4719848632812,419.251840531826,558.1142578125
2,37,1,0,car,0.9385545253753662,0.1569955348968505,392.41748046875,420.5733947753906,949.4577026367188,210.3651951551437,949.4577026367188,420.4163992404938,557.0402221679688
2,38,1,0,car,0.9377568364143372,0.0427751615643501,390.8924560546875,421.0166015625,945.8253173828124,210.52968836203212,945.8253173828124,420.9738264009357,554.932861328125
2,39,1,0,car,0.937821626663208,0.2250527888536453,387.8265686035156,421.3059387207031,942.5814208984376,210.7654957547784,942.5814208984376,421.0808859318495,554.7548522949219
2,40,1,0,car,0.9476831555366516,0.075605534017086,385.0878601074219,422.1212463378906,940.1776123046876,211.09842593595383,940.1776123046876,422.0456408038736,555.0897521972656
2,41,1,0,car,0.9482376575469972,0.1183201074600219,382.78558349609375,422.0054016113281,939.1526489257812,211.06186085939407,939.1526489257812,421.8870815038681,556.3670654296875
2,42,1,0,car,0.9474635124206544,0.2091546654701233,380.3158264160156,422.849853515625,937.1334838867188,211.5295040905476,937.1334838867188,422.6406988501549,556.8176574707031
2,43,1,0,car,0.9433897137641908,0.276714563369751,379.25433349609375,423.0621032714844,929.92431640625,211.66940891742703,929.92431640625,422.7853887081146,550.6699829101562
2,44,1,0,car,0.9412623047828674,0.3566751480102539,376.95513916015625,423.52099609375,926.3982543945312,211.93883562088013,926.3982543945312,423.16432094573975,549.443115234375
2,45,1,0,car,0.942129611968994,0.5756658911705017,375.9019775390625,423.4493408203125,923.9972534179688,212.0125033557415,923.9972534179688,422.873674929142,548.0952758789062
2,46,1,0,car,0.9423366189002992,0.6861200928688049,373.9347534179688,423.9790954589844,920.2978515625,212.3326077759266,920.2978515625,423.2929753661156,546.3630981445312
2,47,1,0,car,0.941555380821228,0.980065643787384,372.4176940917969,424.6107482910156,917.5484008789062,212.7954069674015,917.5484008789062,423.6306826472282,545.1307067871094
2,48,1,0,car,0.9421136379241944,0.8500499725341797,372.5133666992188,424.8855590820313,919.1566772460938,212.86780452728271,919.1566772460938,424.035509109497,546.643310546875
2,49,1,0,car,0.9394078850746156,0.8127553462982178,370.7843322753906,424.99359130859375,918.1038208007812,212.903173327446,918.1038208007812,424.18083596229553,547.3194885253906
2,50,1,0,car,0.9382155537605286,0.7392334938049316,368.8652648925781,425.3246765136719,915.4569702148438,213.0319550037384,915.4569702148438,424.5854430198669,546.5917053222656
2,51,1,0,car,0.9405824542045592,0.8910022377967834,368.5757751464844,425.4611206054688,912.0180053710938,213.1760614216328,912.0180053710938,424.570118367672,543.4422302246094
2,52,1,0,car,0.9390521049499512,0.9027101397514344,367.5932312011719,425.0110778808594,912.3007202148438,212.9568940103054,912.3007202148438,424.108367741108,544.7074890136719
2,53,1,0,car,0.9381756782531738,1.8122732639312744,369.1288146972656,424.5850830078125,908.92822265625,213.1986781358719,908.92822265625,422.7728097438812,539.7994079589844
2,54,1,0,car,0.9381542801856996,1.3604369163513184,367.5406494140625,424.9632263183594,912.6157836914062,213.1618316173553,912.6157836914062,423.60278940200806,545.0751342773438
2,55,1,0,car,0.9385672211647034,1.2340630292892456,366.8966369628906,425.5994567871094,912.9938354492188,213.4167599081993,912.9938354492188,424.3653937578201,546.0971984863281
2,56,1,0,car,0.937841534614563,1.7746646404266355,367.6094970703125,425.7257385253906,908.1463623046876,213.75020158290863,908.1463623046876,423.951073884964,540.536865234375
2,57,1,0,car,0.9385743737220764,1.897883415222168,367.4685668945313,426.1277160644531,906.6314697265624,214.01279973983765,906.6314697265624,424.22983264923096,539.1629028320312
2,58,1,0,car,0.9382680654525756,1.827478528022766,367.3424987792969,425.9973754882813,906.2719116210938,213.912427008152,906.2719116210938,424.1698969602585,538.9294128417969
2,59,1,0,car,0.9384246468544006,1.9020025730133057,366.7353515625,425.876220703125,906.5781860351562,213.88911163806915,906.5781860351562,423.9742181301117,539.8428344726562
2,60,1,0,car,0.9387073516845704,1.788005828857422,367.1071166992188,425.8823547363281,906.2066040039062,213.8351802825928,906.2066040039062,424.0943489074707,539.0994873046875
2,61,1,0,car,0.9383786916732788,1.806347608566284,367.4973754882813,426.1902160644531,905.8516845703124,213.9982818365097,905.8516845703124,424.3838684558869,538.3543090820312
2,62,1,0,car,0.9391459226608276,1.8613712787628167,367.5489807128906,426.60546875,905.5970458984376,214.2334200143814,905.5970458984376,424.7440974712372,538.0480651855469
2,63,1,0,car,0.9389496445655824,2.099106550216675,367.3497619628906,426.7135314941406,905.2446899414062,214.40631902217865,905.2446899414062,424.614424943924,537.8949279785156
2,64,1,0,car,0.9386796951293944,1.8993586301803589,367.4477233886719,426.6675720214844,906.1175537109376,214.2834653258324,906.1175537109376,424.768213391304,538.6698303222656
2,65,1,0,car,0.938181459903717,1.8371593952178955,367.3497314453125,426.4583129882813,906.5797119140624,214.1477361917496,906.5797119140624,424.62115359306335,539.22998046875
2,66,1,0,car,0.9380794167518616,1.7486108541488647,367.0261535644531,426.3005676269531,907.4090576171876,214.024589240551,907.4090576171876,424.55195677280426,540.3829040527344
2,67,1,0,car,0.93803608417511,1.7283812761306765,367.0594482421875,426.0798645019531,907.1525268554688,213.9041228890419,907.1525268554688,424.3514832258225,540.0930786132812
2,68,1,0,car,0.9380440711975098,1.6852473020553589,367.3715515136719,425.9299926757813,907.1295166015624,213.8076199889183,907.1295166015624,424.2447453737259,539.7579650878906
2,69,1,0,car,0.93870747089386,1.7542129755020142,368.0001220703125,425.9419250488281,906.2645874023438,213.84806901216507,906.2645874023438,424.1877120733261,538.2644653320312
2,70,1,0,car,0.9383655786514282,1.738073468208313,368.3298950195313,425.78656005859375,906.1975708007812,213.76231676340103,906.1975708007812,424.04848659038544,537.86767578125
2,71,1,0,car,0.9380187392234802,1.8066930770874023,368.6709899902344,425.6396484375,904.9750366210938,213.7231707572937,904.9750366210938,423.8329553604126,536.3040466308594
2,72,1,0,car,0.9380134344100952,1.6546357870101929,368.5870056152344,425.3822326660156,906.3009643554688,213.5184342265129,906.3009643554688,423.72759687900543,537.7139587402344
2,73,1,0,car,0.93719881772995,1.6549910306930542,368.93408203125,425.0335998535156,907.687744140625,213.3442954421044,907.687744140625,423.37860882282257,538.753662109375
2,74,1,0,car,0.9374015927314758,1.6243982315063477,368.71527099609375,424.94830322265625,907.56640625,213.2863507270813,907.56640625,423.3239049911499,538.8511352539062
2,75,1,0,car,0.9365684986114502,1.7191087007522583,369.016845703125,424.9933776855469,908.4091796875,213.3562431931496,908.4091796875,423.2742689847946,539.392333984375
2,76,1,0,car,0.9374397993087769,1.7097680568695068,368.6568603515625,425.3153381347656,908.8362426757812,213.5125530958176,908.8362426757812,423.6055700778961,540.1793823242188
2,77,1,0,car,0.937139332294464,1.7086007595062256,368.6030883789063,425.1918640136719,909.16748046875,213.45023238658905,909.16748046875,423.4832632541657,540.5643920898438
2,78,1,0,car,0.9370731711387634,1.6226341724395752,368.8417053222656,424.9114685058594,909.2056884765624,213.26705133914948,909.2056884765624,423.2888343334198,540.3639831542969
2,79,1,0,car,0.9362450838088988,1.66274094581604,369.016845703125,424.5654602050781,908.5576171875,213.11410057544708,908.5576171875,422.9027192592621,539.540771484375
2,80,1,0,car,0.9372752904891968,1.536213755607605,368.8507995605469,425.037841796875,908.3302612304688,213.2870277762413,908.3302612304688,423.5016280412674,539.4794616699219
2,81,1,0,car,0.9374160170555116,1.5554673671722412,368.7628784179688,425.40673828125,907.7008056640624,213.48110282421112,907.7008056640624,423.85127091407776,538.9379272460938
2,82,1,0,car,0.9379763603210448,1.6172853708267212,368.2402648925781,425.8520202636719,907.173828125,213.7346528172493,907.173828125,424.2347348928452,538.9335632324219
2,83,1,0,car,0.9382674098014832,1.7203038930892944,367.9011535644531,426.2549133300781,906.4605712890624,213.9876086115837,906.4605712890624,424.5346094369888,538.5594177246094
2,84,1,0,car,0.9382988214492798,1.6843851804733276,368.1945190429688,426.3736267089844,906.3929443359376,214.02900594472885,906.3929443359376,424.6892415285111,538.1984252929688
2,85,1,0,car,0.9381970167160034,1.6087026596069336,368.0103759765625,426.32318115234375,907.1052856445312,213.9659419059753,907.1052856445312,424.7144784927368,539.0949096679688
2,86,1,0,car,0.9376180171966552,1.5859063863754272,368.1138916015625,425.9230651855469,907.5028076171876,213.75448578596115,907.5028076171876,424.33715879917145,539.388916015625
2,87,1,0,car,0.9374064207077026,1.7105050086975098,368.2082824707031,425.6104431152344,906.82666015625,213.660474061966,906.82666015625,423.89993810653687,538.6183776855469
2,88,1,0,car,0.9379652738571168,1.7231993675231934,368.1047058105469,425.827392578125,906.4517211914062,213.7752959728241,906.4517211914062,424.1041932106018,538.3470153808594
2,89,1,0,car,0.9374472498893738,1.800326585769653,368.1976318359375,426.00299072265625,906.2697143554688,213.90165865421287,906.2697143554688,424.2026641368866,538.0720825195312
2,90,1,0,car,0.9366204738616944,1.9394270181655884,368.27142333984375,426.108154296875,905.2718505859376,214.0237906575203,905.2718505859376,424.1687272787094,537.0004272460938
2,91,1,0,car,0.9370229244232178,1.4059392213821411,365.958251953125,425.8804931640625,907.8363647460938,213.64321619272232,907.8363647460938,424.4745539426804,541.8781127929688
2,92,1,0,car,0.9373183250427246,1.7210956811904907,367.3926696777344,425.6896667480469,906.0169067382812,213.70538121461868,906.0169067382812,423.9685710668564,538.6242370605469
2,93,1,0,car,0.9362986087799072,1.9273483753204343,368.3014526367188,425.2262268066406,904.8570556640624,213.57678759098053,904.8570556640624,423.2988784313202,536.5556030273438
2,94,1,0,car,0.9371243715286256,1.834274411201477,368.7099609375,425.3476867675781,904.415771484375,213.5909805893898,904.415771484375,423.5134123563767,535.705810546875
2,95,1,0,car,0.937441885471344,1.8710287809371948,369.0856323242188,425.2823181152344,903.9821166992188,213.57667344808576,903.9821166992188,423.4112893342972,534.896484375
2,96,1,0,car,0.9380950331687928,1.6809250116348269,368.2297668457031,425.5397644042969,904.2808227539062,213.61034470796585,904.2808227539062,423.8588393926621,536.0510559082031
2,97,1,0,car,0.9378306269645692,1.693932056427002,367.6876525878906,425.4653625488281,904.4244995117188,213.5796473026276,904.4244995117188,423.7714304924011,536.7368469238281
2,98,1,0,car,0.9375556707382202,1.562998652458191,367.615966796875,425.3734130859375,905.0784301757812,213.46820586919785,905.0784301757812,423.8104144334793,537.4624633789062
2,99,1,0,car,0.937089502811432,1.5300019979476929,367.4536743164063,424.7769775390625,906.1312255859376,213.1534897685051,906.1312255859376,423.2469755411148,538.6775512695312
2,100,1,0,car,0.9371254444122314,1.4629695415496826,367.3945007324219,424.1873779296875,905.653564453125,212.8251737356186,905.653564453125,422.7244083881378,538.2590637207031
2,101,1,0,car,0.9366811513900756,1.4260787963867188,368.01947021484375,423.6516723632813,905.7460327148438,212.538875579834,905.7460327148438,422.2255935668945,537.7265625
2,102,1,0,car,0.93661767244339,1.3839807510375977,368.3870544433594,423.6946411132813,904.9087524414062,212.53931093215945,904.9087524414062,422.31066036224365,536.5216979980469
2,103,1,0,car,0.9368169903755188,1.4898416996002195,368.0834045410156,424.0776062011719,905.0244750976562,212.78372395038605,905.0244750976562,422.58776450157166,536.9410705566406
2,104,1,0,car,0.937166154384613,1.3408870697021484,367.9796447753906,424.2173767089844,906.2008056640624,212.7791318893433,906.2008056640624,422.8764896392822,538.2211608886719
2,105,1,0,car,0.9364305138587952,1.1773337125778198,368.1938781738281,423.804931640625,907.5755004882812,212.4911326766014,907.5755004882812,422.6275979280472,539.3816223144531
2,106,1,0,car,0.937143862247467,0.8957495093345642,368.4120178222656,424.2279052734375,910.0233154296876,212.56182739138603,910.0233154296876,423.3321557641029,541.6112976074219
2,107,1,0,car,0.9368405342102052,0.7229196429252625,369.0236511230469,423.9440307617188,910.3949584960938,212.333475202322,910.3949584960938,423.2211111187935,541.3713073730469
2,108,1,0,car,0.93729567527771,0.668428361415863,368.6861877441406,423.9446716308594,910.4213256835938,212.3065499961376,910.4213256835938,423.2762432694435,541.7351379394531
2,109,1,0,car,0.937317669391632,0.6635207533836365,369.1049499511719,423.8977966308594,909.844482421875,212.2806586921215,909.844482421875,423.2342758774757,540.7395324707031
2,110,1,0,car,0.9373428225517272,0.6879625916481018,369.1177062988281,424.1082458496094,910.2725830078124,212.3981042206288,910.2725830078124,423.4202832579613,541.1548767089844
2,111,1,0,car,0.9373727440834044,0.6696656346321106,369.03326416015625,424.2210388183594,911.12548828125,212.4453522264957,911.12548828125,423.55137318372726,542.0922241210938
2,112,1,0,car,0.9377008676528932,0.5505536198616028,368.776611328125,425.3357849121094,911.6929321289062,212.9431692659855,911.6929321289062,424.7852312922478,542.9163208007812
2,113,1,0,car,0.9385753273963928,0.5456881523132324,367.3482971191406,426.2458801269531,911.3340454101562,213.3957841396332,911.3340454101562,425.7001919746399,543.9857482910156
2,114,1,0,car,0.9379982352256776,0.4860303103923797,365.8860473632813,426.5523376464844,910.0504150390624,213.5191839784384,910.0504150390624,426.066307336092,544.1643676757812
2,115,1,0,car,0.9375981092453004,0.5878485441207886,366.14154052734375,427.00732421875,910.529296875,213.7975863814354,910.529296875,426.4194756746292,544.3877563476562
2,116,1,0,car,0.937946617603302,0.5660201907157898,365.4064331054688,428.0024719238281,913.4161987304688,214.284246057272,913.4161987304688,427.43645173311234,548.009765625
2,117,1,0,car,0.93841552734375,0.6134107112884521,363.8716430664063,428.1455993652344,914.727294921875,214.3795050382614,914.727294921875,427.5321886539459,550.8556518554688
2,118,1,0,car,0.9380440711975098,0.740132212638855,362.2378540039063,428.4430236816406,914.9380493164062,214.5915779471397,914.9380493164062,427.70289146900177,552.7001953125
2,119,1,0,car,0.9387143850326538,0.7559642195701599,361.5021057128906,427.79248046875,914.302001953125,214.27422234416008,914.302001953125,427.03651624917984,552.7998962402344
2,120,1,0,car,0.9383624196052552,0.9653497338294984,360.2251892089844,428.4607543945313,908.4966430664062,214.7130520641804,908.4966430664062,427.49540466070175,548.2714538574219
2,121,1,0,car,0.9383959770202636,0.9410832524299622,356.3995056152344,427.9736328125,904.1090087890624,214.45735803246492,904.1090087890624,427.0325495600701,547.7095031738281
2,122,1,0,car,0.9373689889907836,0.9138771891593932,355.1545104980469,427.8612060546875,899.6064453125,214.38754162192345,899.6064453125,426.9473288655281,544.4519348144531
2,123,1,0,car,0.9379297494888306,0.8307557106018066,352.4578552246094,426.67877197265625,898.2410278320312,213.75476384162903,898.2410278320312,425.8480162620544,545.7831726074219
2,124,1,0,car,0.9382952451705932,0.9072887301445008,349.2851867675781,428.6458129882813,895.1616821289062,214.77655085921288,895.1616821289062,427.7385242581368,545.8764953613281
2,125,1,0,car,0.9382193684577942,1.1364272832870483,346.74853515625,429.725830078125,893.3912963867188,215.431128680706,893.3912963867188,428.589402794838,546.6427612304688
2,126,1,0,car,0.938202977180481,1.48495614528656,345.781005859375,430.256591796875,891.277099609375,215.8707739710808,891.277099609375,428.7716356515885,545.49609375
2,127,1,0,car,0.9369277954101562,1.389033555984497,343.6640014648437,430.98583984375,887.0357666015625,216.18743669986725,887.0357666015625,429.5968062877655,543.3717651367188
2,128,1,0,car,0.9381402134895324,0.8778063654899597,336.6752624511719,431.1402282714844,884.180419921875,216.0090173184872,884.180419921875,430.2624219059944,547.5051574707031
2,129,1,0,car,0.9388667345046996,0.7697345018386841,332.7329406738281,431.5885314941406,881.1408081054688,216.17913299798963,881.1408081054688,430.81879699230194,548.4078674316406
2,130,1,0,car,0.9398163557052612,0.6197237372398376,330.0675964355469,433.4129333496094,879.5433349609375,217.0163285434246,879.5433349609375,432.7932096123696,549.4757385253906
2,131,1,0,car,0.9417405128479004,0.5180349349975586,326.6073608398437,434.4066467285156,877.4461669921875,217.4623408317566,877.4461669921875,433.88861179351807,550.8388061523438
2,132,1,0,car,0.9409515261650084,0.4692572057247162,324.2715148925781,436.05999755859375,873.8914794921875,218.26462738215923,873.8914794921875,435.590740352869,549.6199645996094
2,133,1,0,car,0.9401759505271912,0.236840158700943,323.8070678710937,436.7833251953125,866.8306884765625,218.51008267700672,866.8306884765625,436.5464850366116,543.0236206054688
2,134,1,0,car,0.9406003952026368,0.2192969918251037,322.5301818847656,436.3805236816406,860.0731811523438,218.2999103367329,860.0731811523438,436.1612266898155,537.5429992675781
2,135,1,0,car,0.9404963850975036,0.1137358471751213,318.4855651855469,438.0840759277344,856.0083618164062,219.09890588745475,856.0083618164062,437.97034008055925,537.5227966308594
2,136,1,0,car,0.9390808343887328,0.0528503507375717,317.8780212402344,438.6188659667969,846.561279296875,219.3358581587672,846.561279296875,438.5660156160593,528.6832580566406
2,137,1,0,car,0.9331029653549194,0.0491881929337978,317.6150817871094,439.7672729492188,833.8494873046875,219.90823057107627,833.8494873046875,439.71808475628495,516.2344055175781
2,138,1,0,car,0.9333969354629515,0.0797975435853004,316.7649841308594,434.133056640625,832.4314575195312,217.10642709210515,832.4314575195312,434.0532590970397,515.6664733886719
2,139,1,0,car,0.9257276654243468,0.038067914545536,311.5913391113281,430.57958984375,822.515625,215.30882887914777,822.515625,430.54152192920446,510.9242858886719
2,140,1,0,car,0.9220216274261476,0.0,308.8077697753906,430.8864440917969,810.136474609375,215.44322204589844,810.136474609375,430.8864440917969,501.3287048339844
2,141,1,0,car,0.93459290266037,0.0,303.95416259765625,436.6981201171875,800.7119750976562,218.3490600585937,800.7119750976562,436.6981201171875,496.7578125
2,142,1,0,car,0.9335240721702576,0.051549594849348,297.9139404296875,428.0806884765625,783.9878540039062,214.06611903570592,783.9878540039062,428.0291388817132,486.0739135742188
2,143,1,0,car,0.9285240769386292,0.2796825766563415,295.3346252441406,423.7125244140625,777.9597778320312,211.99610349535945,777.9597778320312,423.43284183740616,482.6251525878906
2,144,1,0,car,0.9317360520362854,0.8695064783096313,286.7975769042969,433.6704711914063,772.3692626953125,217.269988834858,772.3692626953125,432.8009647130966,485.5716857910156
2,145,1,0,car,0.9324594140052797,0.826312780380249,281.00213623046875,432.0219421386719,766.4207153320312,216.4241274595261,766.4207153320312,431.1956293582916,485.4185791015625
2,146,1,0,car,0.9347975850105286,0.7362771034240723,275.54071044921875,437.7966613769531,760.1087646484375,219.2664692401886,760.1087646484375,437.06038427352905,484.5680541992188
2,147,1,0,car,0.9358252286911012,1.0818926095962524,271.4491882324219,443.4599304199219,746.669677734375,222.27091151475904,746.669677734375,442.3780378103256,475.2204895019531
2,148,1,0,car,0.9369237422943116,1.7356204986572266,265.5788269042969,445.9385986328125,739.5648803710938,223.8371095657349,739.5648803710938,444.2029781341553,473.9860534667969
2,149,1,0,car,0.9357494115829468,2.818141222000122,258.7862243652344,445.7853698730469,726.0679931640625,224.3017555475235,726.0679931640625,442.9672286510468,467.2817687988281
2,150,1,0,car,0.9369600415229796,3.0084712505340576,251.148178100586,449.586181640625,712.3116455078125,226.2973264455796,712.3116455078125,446.5777103900909,461.16346740722656
2,151,1,0,car,0.9361746311187744,3.6343743801116943,245.7973175048828,451.5841064453125,701.3941040039062,227.6092404127121,701.3941040039062,447.9497320652008,455.5967864990234
2,152,1,0,car,0.941511869430542,6.781960964202881,237.8510589599609,450.8651428222656,684.6099853515625,228.82355189323425,684.6099853515625,444.08318185806274,446.7589263916016
2,153,1,0,car,0.946413278579712,12.363943099975586,230.596435546875,451.70806884765625,671.5767822265625,232.03600597381592,671.5767822265625,439.3441257476807,440.9803466796875
2,154,1,0,car,0.9488369822502136,17.03579330444336,225.75491333007807,452.95416259765625,661.447265625,234.9949779510498,661.447265625,435.9183692932129,435.6923522949219
2,155,1,0,car,0.9524322748184204,20.99961853027344,219.26486206054688,454.3101501464844,648.6318359375,237.6548843383789,648.6318359375,433.3105316162109,429.3669738769531
2,156,1,0,car,0.949106216430664,26.53469657897949,211.65252685546875,455.3021240234375,639.75244140625,240.9184103012085,639.75244140625,428.767427444458,428.0999145507813
2,157,1,0,car,0.9478985071182252,32.57797622680664,204.5087280273437,455.228759765625,628.77099609375,243.90336799621585,628.77099609375,422.6507835388184,424.2622680664063
2,158,1,0,car,0.9485002160072328,38.38594436645508,197.39450073242188,456.7630310058594,617.6771240234375,247.57448768615723,617.6771240234375,418.3770866394043,420.2826232910156
2,159,1,0,car,0.9504320025444032,43.05364608764648,190.8025054931641,456.8491821289063,601.7067260742188,249.9514141082764,601.7067260742188,413.79553604125977,410.9042205810547
2,160,1,0,car,0.9542308449745178,49.31667709350586,182.9656219482422,456.1027221679688,590.2916259765625,252.7096996307373,590.2916259765625,406.7860450744629,407.3260040283203
2,161,1,0,car,0.9480683207511902,58.56574249267578,175.79055786132812,456.4591674804688,577.2191162109375,257.51245498657227,577.2191162109375,397.89342498779297,401.4285583496094
2,162,1,0,car,0.9497336745262146,67.17152404785156,167.13587951660156,457.1864013671875,569.1159057617188,262.1789627075196,569.1159057617188,390.014877319336,401.9800262451172
2,163,1,0,car,0.9438998699188232,74.18195343017578,157.75830078125,457.6849365234375,557.7861938476562,265.93344497680664,557.7861938476562,383.5029830932617,400.0278930664063
2,164,1,0,car,0.9407844543457032,78.31526947021484,150.58963012695312,459.3743286132813,559.758056640625,268.84479904174805,559.758056640625,381.0590591430664,409.1684265136719
2,165,1,0,car,0.92329341173172,83.30303192138672,144.3835906982422,459.8673400878906,554.7654418945312,271.5851860046387,554.7654418945312,376.5643081665039,410.38185119628906
2,166,1,0,car,0.923857033252716,87.67512512207031,135.33433532714844,461.3179626464844,534.995361328125,274.49654388427734,534.995361328125,373.64283752441406,399.66102600097656
2,167,1,0,car,0.9227210879325868,92.39038848876952,126.5382308959961,462.8031921386719,519.3872680664062,277.5967903137207,519.3872680664062,370.4128036499024,392.84903717041016
2,168,1,0,car,0.9186978340148926,96.0648956298828,118.05313110351562,461.0377807617188,507.5646362304688,278.5513381958008,507.5646362304688,364.972885131836,389.5115051269531
2,169,1,0,car,0.9345101714134216,99.78594207763672,112.65018463134766,462.384033203125,497.566162109375,281.08498764038086,497.566162109375,362.5980911254883,384.91597747802734
2,170,1,0,car,0.9228721857070924,110.36788940429688,106.76441955566406,465.7462158203125,471.2145690917969,288.0570526123047,471.2145690917969,355.3783264160156,364.4501495361328
2,171,1,0,car,0.9219185709953308,120.06092071533205,98.504150390625,469.2085876464844,456.05322265625,294.6347541809082,456.05322265625,349.14766693115234,357.549072265625
2,172,1,0,car,0.9205392599105836,123.79013061523438,89.04822540283203,471.0049133300781,441.3667907714844,297.39752197265625,441.3667907714844,347.2147827148437,352.31856536865234
2,173,1,0,car,0.92334645986557,125.25563049316406,79.89268493652344,472.1634216308594,425.46868896484375,298.7095260620117,425.46868896484375,346.9077911376953,345.5760040283203
2,174,1,0,car,0.9219141006469728,128.00196838378906,70.15013885498047,471.1280517578125,413.0978088378906,299.5650100708008,413.0978088378906,343.12608337402344,342.94766998291016
2,175,1,0,car,0.9165856242179872,131.69932556152344,60.67742538452149,470.903076171875,401.8303527832031,301.3012008666992,401.8303527832031,339.2037506103516,341.15292739868164
2,176,1,0,car,0.9146029353141784,137.87091064453125,53.00505828857422,471.4659729003906,389.3433837890625,304.66844177246094,389.3433837890625,333.5950622558594,336.3383255004883
2,177,1,0,car,0.9221421480178832,143.64822387695312,47.321533203125,472.82562255859375,376.25628662109375,308.23692321777344,376.25628662109375,329.1773986816406,328.93475341796875
2,178,1,0,car,0.9290403127670288,147.30809020996094,39.23927688598633,475.0958862304688,365.6647644042969,311.20198822021484,365.6647644042969,327.7877960205078,326.42548751831055
2,179,1,0,car,0.9171779751777648,152.6946563720703,30.192127227783203,475.66845703125,355.2287902832031,314.18155670166016,355.2287902832031,322.9738006591797,325.0366630554199
2,180,1,0,car,0.9174985885620116,161.35391235351562,22.471620559692383,477.9620056152344,344.9501037597656,319.657958984375,344.9501037597656,316.60809326171875,322.47848320007324
2,181,1,0,car,0.9225599765777588,166.31405639648438,15.600193977355955,479.6932373046875,334.7050476074219,323.00364685058594,334.7050476074219,313.3791809082031,319.1048536300659
2,182,1,0,car,0.9225205183029176,169.10328674316406,7.186771392822266,484.0320129394531,320.3704528808594,326.5676498413086,320.3704528808594,314.92872619628906,313.1836814880371
2,183,1,0,car,0.9225385785102844,171.64605712890625,1.5873631238937378,484.559326171875,308.6370849609375,328.1026916503906,308.6370849609375,312.91326904296875,307.04972183704376
2,184,1,0,car,0.9217817187309264,175.39889526367188,0.0,485.6174621582031,298.5959777832031,330.5081787109375,298.5959777832031,310.21856689453125,298.5959777832031
2,185,1,0,car,0.9190194010734558,178.90151977539062,0.0,486.2596740722656,286.1967163085937,332.5805969238281,286.1967163085937,307.358154296875,286.1967163085937
2,186,1,0,car,0.9153500199317932,184.4617156982422,0.0,487.56195068359375,272.193115234375,336.011833190918,272.193115234375,303.1002349853516,272.193115234375
2,187,1,0,car,0.9191519618034364,189.40304565429688,0.0,487.7081909179688,263.90478515625,338.5556182861328,263.90478515625,298.3051452636719,263.90478515625
2,188,1,0,car,0.9219252467155457,192.4574432373047,0.0,487.708984375,252.82833862304688,340.08321380615234,252.82833862304688,295.2515411376953,252.82833862304688
2,189,1,0,car,0.9170041084289552,196.62841796875,0.0,490.2839050292969,241.09332275390625,343.45616149902344,241.09332275390625,293.6554870605469,241.09332275390625
2,190,1,0,car,0.9152780771255492,201.0399169921875,0.0,491.6049499511719,229.5518798828125,346.3224334716797,229.5518798828125,290.5650329589844,229.5518798828125
2,191,1,0,car,0.916616678237915,208.01739501953125,0.0,493.8893127441406,218.9630126953125,350.95335388183594,218.9630126953125,285.8719177246094,218.9630126953125
2,192,1,0,car,0.9128834009170532,213.0039825439453,0.0,493.7734069824219,204.7906188964844,353.3886947631836,204.7906188964844,280.76942443847656,204.7906188964844
2,193,1,0,car,0.9082629680633544,215.4007873535156,0.0,496.3220825195313,191.9838256835937,355.86143493652344,191.9838256835937,280.9212951660156,191.9838256835937
2,194,1,0,car,0.9070650339126588,219.7299041748047,0.0,498.9878845214844,179.61180114746094,359.35889434814453,179.61180114746094,279.2579803466797,179.61180114746094
2,195,1,0,car,0.9184820055961608,222.81759643554688,0.0019888414535671,500.8076171875,169.7427978515625,361.8126068115234,169.7427978515625,277.9900207519531,169.74080901010893
2,196,1,0,car,0.9130046367645264,227.1827087402344,0.8549467325210571,501.6481628417969,159.11383056640625,364.4154357910156,159.11383056640625,274.4654541015625,158.2588838338852
2,197,1,0,car,0.8997514843940735,235.4585723876953,1.4126195907592771,501.2290649414063,148.8876495361328,368.3438186645508,148.8876495361328,265.77049255371094,147.47502994537354
2,198,1,0,car,0.9093549847602844,237.0545654296875,1.2375935316085815,501.7737426757813,134.43418884277344,369.4141540527344,134.43418884277344,264.7191772460937,133.19659531116486
2,199,1,0,car,0.9126696586608888,240.587158203125,1.0912117958068848,500.8058471679688,123.85028076171876,370.6965026855469,123.85028076171876,260.2186889648437,122.75906896591188
2,200,1,0,car,0.9026140570640564,245.93313598632807,1.513561487197876,501.93560791015625,113.5391616821289,373.9343719482422,113.5391616821289,256.0024719238281,112.02560019493104
2,201,1,0,car,0.8963657021522522,250.5384521484375,2.228863477706909,501.3696899414063,107.41094207763672,375.9540710449219,107.41094207763672,250.83123779296875,105.1820785999298
2,202,1,0,car,0.873299241065979,254.71295166015625,3.106806755065918,501.21575927734375,94.13419342041016,377.96435546875,94.13419342041016,246.5028076171875,91.02738666534424
2,203,1,0,car,0.8757604360580444,257.52642822265625,2.548220157623291,503.2340087890625,83.07449340820312,380.3802185058594,83.07449340820312,245.70758056640625,80.52627325057983
2,204,1,0,car,0.8536317944526672,260.19305419921875,2.418255090713501,505.0825500488281,69.92217254638672,382.6378021240234,69.92217254638672,244.88949584960932,67.50391745567322
2,205,1,0,car,0.8325042128562927,264.5057373046875,0.5337136387825012,507.2790832519531,56.15251922607422,385.8924102783203,56.15251922607422,242.7733459472656,55.61880558729172
2,206,1,0,car,0.8085489273071289,269.4794921875,0.3503240048885345,504.17877197265625,50.26443099975586,386.8291320800781,50.26443099975586,234.69927978515625,49.914106994867325
1,0,3,0,car,0.9267186522483826,1237.23681640625,375.65911865234375,1863.8072509765625,953.9796752929688,1550.5220336914062,953.9796752929688,626.5704345703125,578.320556640625
1,1,3,0,car,0.9290258288383484,1237.0677490234375,373.9564208984375,1862.36474609375,952.8467407226562,1549.7162475585938,952.8467407226562,625.2969970703125,578.8903198242188
1,2,3,0,car,0.929343044757843,1237.577392578125,374.3551330566406,1861.3680419921875,951.823486328125,1549.4727172851562,951.823486328125,623.7906494140625,577.4683532714844
1,3,3,0,car,0.9311414957046508,1236.8507080078125,374.671142578125,1859.410888671875,947.7813720703124,1548.1307983398438,947.7813720703124,622.5601806640625,573.1102294921875
1,4,3,0,car,0.91909521818161,1233.59716796875,407.7090759277344,1861.002197265625,943.3143920898438,1547.2996826171875,943.3143920898438,627.405029296875,535.6053161621094
1,5,3,0,car,0.9161892533302308,1229.8834228515625,417.80279541015625,1860.4644775390625,937.3600463867188,1545.1739501953125,937.3600463867188,630.5810546875,519.5572509765625
1,6,3,0,car,0.917993664741516,1229.1724853515625,421.5845642089844,1859.3189697265625,934.3001098632812,1544.2457275390625,934.3001098632812,630.146484375,512.7155456542969
1,7,3,0,car,0.9218447804450988,1230.82861328125,419.3909606933594,1858.0615234375,931.5570068359376,1544.445068359375,931.5570068359376,627.23291015625,512.1660461425781
1,8,3,0,car,0.9297656416893004,1232.638671875,391.9210510253906,1855.83544921875,929.6206665039062,1544.237060546875,929.6206665039062,623.19677734375,537.6996154785156
1,9,3,0,car,0.929154336452484,1233.3831787109375,379.7845764160156,1854.364501953125,927.99365234375,1543.8738403320312,927.99365234375,620.9813232421875,548.2090759277344
1,10,3,0,car,0.924875795841217,1233.6710205078125,370.8564758300781,1852.1917724609373,926.9978637695312,1542.931396484375,926.9978637695312,618.520751953125,556.1413879394531
1,11,3,0,car,0.9255070686340332,1233.46630859375,367.6578674316406,1849.96728515625,926.1019897460938,1541.716796875,926.1019897460938,616.5009765625,558.4441223144531
1,12,3,0,car,0.9251076579093932,1233.3936767578125,366.0747375488281,1847.66015625,925.6051025390624,1540.5269165039062,925.6051025390624,614.2664794921875,559.5303649902344
1,13,3,0,car,0.9313321113586426,1230.5799560546875,367.5960388183594,1844.5494384765625,925.2745361328124,1537.564697265625,925.2745361328124,613.969482421875,557.6784973144531
1,14,3,0,car,0.9344356060028076,1228.5933837890625,367.4371643066406,1841.728759765625,923.0762329101562,1535.1610717773438,923.0762329101562,613.1353759765625,555.6390686035156
1,15,3,0,car,0.9345910549163818,1227.0662841796875,366.8279418945313,1839.7838134765625,919.8832397460938,1533.425048828125,919.8832397460938,612.717529296875,553.0552978515625
1,16,3,0,car,0.9337249398231506,1225.486572265625,365.4650573730469,1838.487548828125,917.1988525390624,1531.987060546875,917.1988525390624,613.0009765625,551.7337951660156
1,17,3,0,car,0.9308200478553772,1224.5869140625,364.5088195800781,1836.865234375,914.5401611328124,1530.72607421875,914.5401611328124,612.2783203125,550.0313415527344
1,18,3,0,car,0.9281173944473268,1224.1400146484375,362.9584045410156,1834.834716796875,911.800048828125,1529.4873657226562,911.800048828125,610.6947021484375,548.8416442871094
1,19,3,0,car,0.9262174367904664,1223.9112548828125,362.3355407714844,1832.5509033203125,909.30224609375,1528.2310791015625,909.30224609375,608.6396484375,546.9667053222656
1,20,3,0,car,0.9234105944633484,1223.3857421875,360.4756774902344,1829.98876953125,907.3131103515624,1526.687255859375,907.3131103515624,606.60302734375,546.8374328613281
1,21,3,0,car,0.920224666595459,1223.2034912109375,359.228515625,1827.8896484375,904.7792358398438,1525.5465698242188,904.7792358398438,604.6861572265625,545.5507202148438
1,22,3,0,car,0.9207478761672974,1226.3076171875,357.5658874511719,1829.8603515625,901.9443969726562,1528.083984375,901.9443969726562,603.552734375,544.3785095214844
1,23,3,0,car,0.9252305030822754,1226.5318603515625,355.7882385253906,1828.769775390625,898.1155395507812,1527.6508178710938,898.1155395507812,602.2379150390625,542.3273010253906
1,24,3,0,car,0.9233539700508118,1226.28369140625,354.37579345703125,1827.7301025390625,894.2654418945312,1527.0068969726562,894.2654418945312,601.4464111328125,539.8896484375
1,25,3,0,car,0.9236689209938048,1225.8878173828125,353.38751220703125,1825.4207763671875,891.956787109375,1525.654296875,891.956787109375,599.532958984375,538.5692749023438
1,26,3,0,car,0.9258632659912108,1225.2606201171875,351.78515625,1823.867431640625,888.7127075195312,1524.5640258789062,888.7127075195312,598.6068115234375,536.9275512695312
1,27,3,0,car,0.9287431836128236,1224.494384765625,350.0675354003906,1821.650390625,885.535400390625,1523.0723876953125,885.535400390625,597.156005859375,535.4678649902344
1,28,3,0,car,0.9286895990371704,1224.0367431640625,348.4504089355469,1820.3095703125,882.5494995117188,1522.1731567382812,882.5494995117188,596.2728271484375,534.0990905761719
1,29,3,0,car,0.9296019673347472,1222.9844970703125,347.03448486328125,1817.549072265625,879.5441284179688,1520.2667846679688,879.5441284179688,594.5645751953125,532.5096435546875
1,30,3,0,car,0.9297199249267578,1221.588134765625,345.5812072753906,1815.50830078125,876.8388061523438,1518.5482177734375,876.8388061523438,593.920166015625,531.2575988769531
1,31,3,0,car,0.928582489490509,1220.522705078125,344.2818603515625,1813.1177978515625,872.4815063476562,1516.8202514648438,872.4815063476562,592.5950927734375,528.1996459960938
1,32,3,0,car,0.9291062951087952,1219.7115478515625,342.6910095214844,1808.226806640625,868.5955810546875,1513.9691772460938,868.5955810546875,588.5152587890625,525.9045715332031
1,33,3,0,car,0.9287517070770264,1219.1953125,341.1730041503906,1803.8935546875,865.394287109375,1511.54443359375,865.394287109375,584.6982421875,524.2212829589844
1,34,3,0,car,0.9305300116539,1219.263427734375,338.879150390625,1800.483154296875,863.4492797851562,1509.873291015625,863.4492797851562,581.2197265625,524.5701293945312
1,35,3,0,car,0.9306345582008362,1218.513671875,336.9477233886719,1798.084228515625,861.2453002929688,1508.2989501953125,861.2453002929688,579.570556640625,524.2975769042969
1,36,3,0,car,0.9308897852897644,1217.884033203125,335.1239318847656,1795.718017578125,859.5036010742188,1506.801025390625,859.5036010742188,577.833984375,524.3796691894531
1,37,3,0,car,0.931730091571808,1217.0859375,333.0921325683594,1792.275634765625,858.2094116210938,1504.6807861328125,858.2094116210938,575.189697265625,525.1172790527344
1,38,3,0,car,0.932886004447937,1216.181640625,332.0508117675781,1789.5120849609375,855.0827026367188,1502.8468627929688,855.0827026367188,573.3304443359375,523.0318908691406
1,39,3,0,car,0.9347688555717468,1214.896484375,330.7300109863281,1786.603271484375,851.37353515625,1500.7498779296875,851.37353515625,571.706787109375,520.6435241699219
1,40,3,0,car,0.9351465702056884,1214.414794921875,328.7641906738281,1783.8946533203125,847.3612670898438,1499.1547241210938,847.3612670898438,569.4798583984375,518.5970764160156
1,41,3,0,car,0.9363287091255188,1214.1202392578125,327.1220092773437,1782.19873046875,842.943115234375,1498.1594848632812,842.943115234375,568.0784912109375,515.8211059570312
1,42,3,0,car,0.9373264908790588,1213.635009765625,325.4602966308594,1780.6610107421875,838.8587036132812,1497.1480102539062,838.8587036132812,567.0260009765625,513.3984069824219
1,43,3,0,car,0.9377946853637696,1212.6693115234375,322.94158935546875,1778.54345703125,834.701171875,1495.6063842773438,834.701171875,565.8741455078125,511.7595825195313
1,44,3,0,car,0.9392895698547364,1211.830810546875,320.7046813964844,1774.2962646484375,831.429443359375,1493.0635375976562,831.429443359375,562.4654541015625,510.7247619628906
1,45,3,0,car,0.938908040523529,1210.34423828125,318.40948486328125,1771.78857421875,829.3776245117188,1491.06640625,829.3776245117188,561.4443359375,510.9681396484375
1,46,3,0,car,0.9393873810768129,1209.0914306640625,315.1094665527344,1769.711181640625,827.9244384765625,1489.4013061523438,827.9244384765625,560.6197509765625,512.8149719238281
1,47,3,0,car,0.9395728707313538,1208.2200927734375,313.2212829589844,1768.24169921875,826.3301391601562,1488.2308959960938,826.3301391601562,560.0216064453125,513.1088562011719
1,48,3,0,car,0.9394172430038452,1207.644775390625,311.2570495605469,1766.8603515625,824.4324951171875,1487.2525634765625,824.4324951171875,559.215576171875,513.1754455566406
1,49,3,0,car,0.938892900943756,1206.9927978515625,308.0445556640625,1765.445556640625,820.68896484375,1486.2191772460938,820.68896484375,558.4527587890625,512.6444091796875
1,50,3,0,car,0.9392956495285034,1206.143798828125,306.9689025878906,1763.868408203125,817.7048950195312,1485.006103515625,817.7048950195312,557.724609375,510.7359924316406
1,51,3,0,car,0.9398905634880066,1205.0103759765625,305.6208801269531,1761.38671875,813.9437255859375,1483.1985473632812,813.9437255859375,556.3763427734375,508.3228454589844
1,52,3,0,car,0.9404016137123108,1204.2923583984375,304.2773132324219,1758.5501708984375,811.3095092773438,1481.4212646484375,811.3095092773438,554.2578125,507.0321960449219
1,53,3,0,car,0.9423898458480836,1203.26708984375,302.8296203613281,1755.1666259765625,807.8656616210938,1479.2168579101562,807.8656616210938,551.8995361328125,505.0360412597656
1,54,3,0,car,0.9416738748550416,1202.7161865234375,300.2654724121094,1753.1683349609375,804.7739868164062,1477.9422607421875,804.7739868164062,550.4521484375,504.5085144042969
1,55,3,0,car,0.94234299659729,1202.6619873046875,297.609130859375,1751.13037109375,801.66455078125,1476.8961791992188,801.66455078125,548.4683837890625,504.055419921875
1,56,3,0,car,0.941112458705902,1201.803955078125,295.4155578613281,1749.4412841796875,797.5350952148438,1475.6226196289062,797.5350952148438,547.6373291015625,502.1195373535156
1,57,3,0,car,0.9370314478874208,1200.9578857421875,292.5039367675781,1748.353759765625,792.0546264648438,1474.6558227539062,792.0546264648438,547.3958740234375,499.5506896972656
1,58,3,0,car,0.9378977417945862,1199.8553466796875,290.7036437988281,1747.194580078125,788.694580078125,1473.5249633789062,788.694580078125,547.3392333984375,497.9909362792969
1,59,3,0,car,0.9400553107261658,1198.8780517578125,291.697998046875,1745.2119140625,785.8356323242188,1472.0449829101562,785.8356323242188,546.3338623046875,494.13763427734375
1,60,3,0,car,0.943799078464508,1197.2755126953125,289.7545166015625,1742.9549560546875,781.9518432617188,1470.115234375,781.9518432617188,545.679443359375,492.19732666015625
1,61,3,0,car,0.9437049031257628,1195.31982421875,288.11260986328125,1741.065673828125,779.4757690429688,1468.1927490234375,779.4757690429688,545.745849609375,491.3631591796875
1,62,3,0,car,0.9398291110992432,1194.4888916015625,285.2852478027344,1739.6798095703125,776.0057983398438,1467.0843505859375,776.0057983398438,545.19091796875,490.7205505371094
1,63,3,0,car,0.9395716786384584,1194.4267578125,285.71112060546875,1738.0924072265625,772.4938354492188,1466.2595825195312,772.4938354492188,543.6656494140625,486.78271484375
1,64,3,0,car,0.9391865134239196,1193.8792724609375,284.4267578125,1735.996337890625,770.2785034179688,1464.9378051757812,770.2785034179688,542.1170654296875,485.8517456054688
1,65,3,0,car,0.9391759634017944,1192.241455078125,283.2237854003906,1734.178955078125,768.19189453125,1463.210205078125,768.19189453125,541.9375,484.9681091308594
1,66,3,0,car,0.940141499042511,1190.2042236328125,282.85888671875,1732.1234130859375,766.5325927734375,1461.163818359375,766.5325927734375,541.919189453125,483.6737060546875
1,67,3,0,car,0.9408990144729614,1188.939208984375,282.33514404296875,1730.2125244140625,765.2806396484375,1459.5758666992188,765.2806396484375,541.2733154296875,482.9454956054688
1,68,3,0,car,0.9405878186225892,1187.9129638671875,282.5712280273437,1728.3544921875,764.0046997070312,1458.1337280273438,764.0046997070312,540.4415283203125,481.4334716796875
1,69,3,0,car,0.9415241479873656,1186.7236328125,281.89996337890625,1726.5565185546875,762.103271484375,1456.6400756835938,762.103271484375,539.8328857421875,480.2033081054688
1,70,3,0,car,0.9421724677085876,1185.4510498046875,284.5305480957031,1725.281005859375,760.2196044921875,1455.3660278320312,760.2196044921875,539.8299560546875,475.6890563964844
1,71,3,0,car,0.9422088861465454,1184.4478759765625,284.2994079589844,1724.1876220703125,757.74267578125,1454.3177490234375,757.74267578125,539.73974609375,473.4432678222656
1,72,3,0,car,0.9425190687179564,1183.85302734375,284.9297180175781,1722.9447021484375,755.6400146484375,1453.3988647460938,755.6400146484375,539.0916748046875,470.7102966308594
1,73,3,0,car,0.9413697719573976,1183.3529052734375,283.2211608886719,1721.9493408203125,753.3746337890625,1452.651123046875,753.3746337890625,538.596435546875,470.1534729003906
1,74,3,0,car,0.9419657588005066,1182.7301025390625,283.0474853515625,1720.332275390625,751.9951782226562,1451.5311889648438,751.9951782226562,537.6021728515625,468.94769287109375
1,75,3,0,car,0.9431893229484558,1181.8603515625,282.56402587890625,1719.286865234375,749.3778686523438,1450.5736083984375,749.3778686523438,537.426513671875,466.8138427734375
1,76,3,0,car,0.9429876804351808,1181.855712890625,285.45343017578125,1718.0247802734375,747.4756469726562,1449.9402465820312,747.4756469726562,536.1690673828125,462.022216796875
1,77,3,0,car,0.941784143447876,1181.590576171875,284.8748474121094,1716.9964599609375,743.6629028320312,1449.2935180664062,743.6629028320312,535.4058837890625,458.7880554199219
1,78,3,0,car,0.9413084983825684,1180.466064453125,285.3793334960937,1715.7183837890625,740.3671264648438,1448.0922241210938,740.3671264648438,535.2523193359375,454.98779296875
1,79,3,0,car,0.941530168056488,1179.59423828125,283.9068298339844,1713.94970703125,738.5540771484375,1446.77197265625,738.5540771484375,534.35546875,454.6472473144531
1,80,3,0,car,0.9415324926376344,1179.2147216796875,283.39569091796875,1712.5166015625,736.6552124023438,1445.8656616210938,736.6552124023438,533.3018798828125,453.259521484375
1,81,3,0,car,0.9410335421562196,1179.280029296875,282.2438049316406,1711.6817626953125,735.2758178710938,1445.4808959960938,735.2758178710938,532.4017333984375,453.0320129394531
1,82,3,0,car,0.9390588402748108,1178.990478515625,278.2816467285156,1710.3427734375,734.8677978515625,1444.6666259765625,734.8677978515625,531.352294921875,456.5861511230469
1,83,3,0,car,0.9347594380378724,1178.6502685546875,276.9765014648437,1709.0335693359375,733.6284790039062,1443.8419189453125,733.6284790039062,530.38330078125,456.6519775390625
1,84,3,0,car,0.9277877807617188,1178.3345947265625,274.4222106933594,1707.4932861328125,732.5003662109375,1442.9139404296875,732.5003662109375,529.15869140625,458.0781555175781
1,85,3,0,car,0.928067982196808,1181.034423828125,271.2851257324219,1706.77197265625,730.396728515625,1443.9031982421875,730.396728515625,525.737548828125,459.1116027832031
1,86,3,0,car,0.9284405708312988,1182.082275390625,270.099365234375,1706.3529052734375,729.47998046875,1444.2175903320312,729.47998046875,524.2706298828125,459.380615234375
1,87,3,0,car,0.928579807281494,1182.1064453125,268.1993713378906,1705.752197265625,728.6146850585938,1443.9293212890625,728.6146850585938,523.645751953125,460.4153137207031
1,88,3,0,car,0.9271910190582277,1181.6053466796875,266.3248291015625,1704.8046875,727.2000732421875,1443.2050170898438,727.2000732421875,523.1993408203125,460.875244140625
1,89,3,0,car,0.9259426593780518,1181.5469970703125,264.1083068847656,1704.140869140625,725.996826171875,1442.8439331054688,725.996826171875,522.5938720703125,461.8885192871094
1,90,3,0,car,0.9246137142181396,1181.330322265625,262.2223205566406,1703.712158203125,724.32861328125,1442.521240234375,724.32861328125,522.3818359375,462.1062927246094
1,91,3,0,car,0.9256406426429749,1180.7862548828125,261.8445739746094,1702.3953857421875,723.6348876953125,1441.5908203125,723.6348876953125,521.609130859375,461.7903137207031
1,92,3,0,car,0.9260448813438416,1179.6578369140625,259.3592834472656,1702.8702392578125,718.6514282226562,1441.2640380859375,718.6514282226562,523.21240234375,459.2921447753906
1,93,3,0,car,0.9275631308555604,1179.3839111328125,259.4705505371094,1701.608154296875,719.9580078125,1440.4960327148438,719.9580078125,522.2242431640625,460.4874572753906
1,94,3,0,car,0.929476261138916,1178.4820556640625,256.8382568359375,1702.1837158203125,716.42138671875,1440.3328857421875,716.42138671875,523.70166015625,459.5831298828125
1,95,3,0,car,0.9297332763671876,1178.7696533203125,256.9390563964844,1700.192138671875,720.2388305664062,1439.4808959960938,720.2388305664062,521.4224853515625,463.2997741699219
1,96,3,0,car,0.929517388343811,1177.1572265625,254.5714569091797,1700.5972900390625,715.42236328125,1438.8772583007812,715.42236328125,523.4400634765625,460.8509063720703
1,97,3,0,car,0.9318073987960817,1175.754638671875,254.3439178466797,1701.0101318359375,712.6842651367188,1438.3823852539062,712.6842651367188,525.2554931640625,458.3403472900391
1,98,3,0,car,0.9325036406517028,1177.0850830078125,255.2854461669922,1699.3624267578125,714.6168212890625,1438.2237548828125,714.6168212890625,522.27734375,459.3313751220703
1,99,3,0,car,0.9323316216468812,1177.232666015625,255.79519653320312,1697.703369140625,715.2860107421875,1437.468017578125,715.2860107421875,520.470703125,459.4908142089844
1,100,3,0,car,0.9356118440628052,1175.7642822265625,254.7490692138672,1697.3707275390625,714.6582641601562,1436.5675048828125,714.6582641601562,521.6064453125,459.90919494628906
1,101,3,0,car,0.9369304180145264,1174.240234375,254.63687133789065,1696.8211669921875,713.7526245117188,1435.5307006835938,713.7526245117188,522.5809326171875,459.1157531738281
1,102,3,0,car,0.9319801330566406,1173.9896240234375,254.0729217529297,1696.859375,711.6622314453125,1435.4244995117188,711.6622314453125,522.8697509765625,457.5893096923828
1,103,3,0,car,0.9264787435531616,1175.7618408203125,254.68174743652344,1695.94921875,713.7120361328125,1435.8555297851562,713.7120361328125,520.1873779296875,459.03028869628906
1,104,3,0,car,0.9269477128982544,1173.3917236328125,254.1167907714844,1696.3138427734375,715.5850219726562,1434.852783203125,715.5850219726562,522.922119140625,461.4682312011719
1,105,3,0,car,0.9282702207565308,1174.9613037109375,253.4572906494141,1695.3790283203125,714.968994140625,1435.170166015625,714.968994140625,520.417724609375,461.5117034912109
1,106,3,0,car,0.92833811044693,1174.4874267578125,252.6444396972656,1695.4542236328125,715.83203125,1434.9708251953125,715.83203125,520.966796875,463.1875915527344
1,107,3,0,car,0.9246433973312378,1173.691162109375,252.154037475586,1695.220703125,716.0470581054688,1434.4559326171875,716.0470581054688,521.529541015625,463.8930206298828
1,108,3,0,car,0.9297964572906494,1175.9261474609375,252.01007080078125,1695.49072265625,714.8792114257812,1435.7084350585938,714.8792114257812,519.5645751953125,462.869140625
1,109,3,0,car,0.9283543229103088,1178.3836669921875,252.091049194336,1695.7933349609375,713.0578002929688,1437.0885009765625,713.0578002929688,517.40966796875,460.9667510986328
1,110,3,0,car,0.9299150109291076,1181.85595703125,252.228744506836,1696.0751953125,711.6700439453125,1438.965576171875,711.6700439453125,514.21923828125,459.44129943847656
1,111,3,0,car,0.9223708510398864,1192.6943359375,252.7841644287109,1695.982421875,710.5205078125,1444.33837890625,710.5205078125,503.2880859375,457.73634338378906
1,112,3,0,car,0.908948540687561,1208.3634033203125,252.70608520507807,1694.498046875,709.392578125,1451.4307250976562,709.392578125,486.1346435546875,456.6864929199219
1,113,3,0,car,0.9218305349349976,1196.60498046875,252.1132049560547,1695.0089111328125,709.5571899414062,1445.8069458007812,709.5571899414062,498.4039306640625,457.4439849853516
1,114,3,0,car,0.9222657084465028,1190.2740478515625,251.8539581298828,1695.024169921875,710.0742797851562,1442.6491088867188,710.0742797851562,504.7501220703125,458.22032165527344
1,115,3,0,car,0.9173325300216676,1184.115234375,251.48568725585932,1694.5882568359375,710.5890502929688,1439.3517456054688,710.5890502929688,510.4730224609375,459.1033630371094
1,116,3,0,car,0.9227432608604432,1178.718505859375,251.1260528564453,1693.717529296875,710.9786376953125,1436.218017578125,710.9786376953125,514.9990234375,459.8525848388672
1,117,3,0,car,0.919362246990204,1172.2188720703125,250.4324188232422,1693.7972412109375,710.9911499023438,1433.008056640625,710.9911499023438,521.578369140625,460.5587310791016
1,118,3,0,car,0.919828712940216,1167.622314453125,249.1045837402344,1691.6593017578125,709.6571655273438,1429.6408081054688,709.6571655273438,524.0369873046875,460.5525817871094
1,119,3,0,car,0.9245471954345704,1169.9091796875,248.45510864257807,1689.9417724609375,708.6245727539062,1429.9254760742188,708.6245727539062,520.0325927734375,460.1694641113281
1,120,3,0,car,0.9263390898704528,1174.1522216796875,249.3275451660156,1691.7279052734375,709.7354125976562,1432.9400634765625,709.7354125976562,517.57568359375,460.4078674316406
1,121,3,0,car,0.9255774021148682,1176.1175537109375,249.720443725586,1692.354248046875,709.8797607421875,1434.2359008789062,709.8797607421875,516.2366943359375,460.1593170166016
1,122,3,0,car,0.9244983792304992,1178.4732666015625,250.3012084960937,1692.3453369140625,709.821533203125,1435.4093017578125,709.821533203125,513.8720703125,459.5203247070313
1,123,3,0,car,0.922910749912262,1178.7921142578125,250.2718048095703,1692.4722900390625,709.503662109375,1435.6322021484375,709.503662109375,513.68017578125,459.2318572998047
1,124,3,0,car,0.922643542289734,1177.8458251953125,250.0889129638672,1692.362548828125,709.6404418945312,1435.1041870117188,709.6404418945312,514.5167236328125,459.55152893066406
1,125,3,0,car,0.92235666513443,1176.283203125,249.8916473388672,1689.4381103515625,708.1546630859375,1432.8606567382812,708.1546630859375,513.1549072265625,458.2630157470703
1,126,3,0,car,0.9240602850914,1175.6563720703125,249.5363311767578,1688.1839599609375,706.9646606445312,1431.920166015625,706.9646606445312,512.527587890625,457.42832946777344
1,127,3,0,car,0.9229846596717834,1174.7547607421875,249.3474578857422,1687.047607421875,706.3670043945312,1430.9011840820312,706.3670043945312,512.2928466796875,457.01954650878906
1,128,3,0,car,0.923494040966034,1173.9541015625,248.40887451171875,1686.1148681640625,706.0275268554688,1430.0344848632812,706.0275268554688,512.1607666015625,457.61865234375
1,129,3,0,car,0.9231008887290956,1173.732421875,248.2805633544922,1685.3021240234375,705.9434204101562,1429.5172729492188,705.9434204101562,511.5697021484375,457.66285705566406
1,130,3,0,car,0.9227833151817322,1172.862548828125,247.9723663330078,1684.4700927734375,706.445556640625,1428.6663208007812,706.445556640625,511.6075439453125,458.4731903076172
1,131,3,0,car,0.9227795600891112,1172.67333984375,247.26443481445312,1683.4439697265625,705.6607055664062,1428.0586547851562,705.6607055664062,510.7706298828125,458.3962707519531
1,132,3,0,car,0.923979878425598,1172.4168701171875,246.5448303222656,1682.515625,705.1822509765625,1427.4662475585938,705.1822509765625,510.0987548828125,458.6374206542969
1,133,3,0,car,0.9226992726325988,1173.7183837890625,246.5624847412109,1683.829345703125,706.3500366210938,1428.7738647460938,706.3500366210938,510.1109619140625,459.7875518798828
1,134,3,0,car,0.922213613986969,1174.568603515625,246.55352783203125,1683.899658203125,705.0906372070312,1429.234130859375,705.0906372070312,509.3310546875,458.537109375
1,135,3,0,car,0.9216458797454834,1174.9849853515625,245.43341064453125,1682.4571533203125,703.9851684570312,1428.7210693359375,703.9851684570312,507.47216796875,458.5517578125
1,136,3,0,car,0.9263249635696412,1171.0970458984375,244.0263671875,1680.85205078125,701.498291015625,1425.9745483398438,701.498291015625,509.7550048828125,457.471923828125
1,137,3,0,car,0.92892324924469,1169.5186767578125,243.37448120117188,1679.42919921875,700.1578369140625,1424.4739379882812,700.1578369140625,509.9105224609375,456.7833557128906
1,138,3,0,car,0.936183750629425,1168.25927734375,242.2209014892578,1677.4658203125,697.5274658203125,1422.862548828125,697.5274658203125,509.20654296875,455.3065643310547
1,139,3,0,car,0.9368247389793396,1167.19482421875,241.33837890625,1675.2965087890625,696.279541015625,1421.2456665039062,696.279541015625,508.1016845703125,454.941162109375
1,140,3,0,car,0.9377503395080566,1165.6585693359375,240.32669067382807,1672.7554931640625,693.6329345703125,1419.20703125,693.6329345703125,507.096923828125,453.3062438964844
1,141,3,0,car,0.9387217164039612,1165.3128662109375,239.20901489257807,1669.3834228515625,690.2901000976562,1417.34814453125,690.2901000976562,504.070556640625,451.0810852050781
1,142,3,0,car,0.9369191527366638,1164.2537841796875,237.6377716064453,1667.587646484375,686.5771484375,1415.9207153320312,686.5771484375,503.3338623046875,448.9393768310547
1,143,3,0,car,0.9364916682243348,1162.884521484375,236.758056640625,1665.0638427734375,683.7332763671875,1413.9741821289062,683.7332763671875,502.1793212890625,446.9752197265625
1,144,3,0,car,0.9358022212982178,1162.7008056640625,235.5343017578125,1662.1864013671875,679.9454956054688,1412.443603515625,679.9454956054688,499.485595703125,444.41119384765625
1,145,3,0,car,0.9345709681510924,1162.451904296875,234.5980834960937,1660.9442138671875,675.51171875,1411.6980590820312,675.51171875,498.4923095703125,440.9136352539063
1,146,3,0,car,0.933609127998352,1161.315185546875,233.81396484375,1658.389892578125,671.334228515625,1409.8525390625,671.334228515625,497.07470703125,437.520263671875
1,147,3,0,car,0.9348969459533693,1159.910400390625,231.580078125,1656.350341796875,668.47021484375,1408.13037109375,668.47021484375,496.43994140625,436.89013671875
1,148,3,0,car,0.9371694922447203,1159.2314453125,227.8103790283203,1654.05419921875,664.758544921875,1406.642822265625,664.758544921875,494.82275390625,436.9481658935547
1,149,3,0,car,0.9388382434844972,1158.44921875,223.55812072753903,1651.7200927734375,661.0718994140625,1405.0846557617188,661.0718994140625,493.2708740234375,437.5137786865234
1,150,3,0,car,0.9388056993484496,1157.697998046875,219.32241821289065,1649.5142822265625,657.8468017578125,1403.6061401367188,657.8468017578125,491.8162841796875,438.5243835449219
1,151,3,0,car,0.9383438229560852,1156.7008056640625,216.7438507080078,1646.218994140625,651.130126953125,1401.4598999023438,651.130126953125,489.5181884765625,434.3862762451172
1,152,3,0,car,0.9388171434402466,1155.894775390625,213.6027984619141,1642.283203125,644.726318359375,1399.0889892578125,644.726318359375,486.388427734375,431.12351989746094
1,153,3,0,car,0.937614381313324,1155.4925537109375,211.18572998046875,1639.340576171875,640.6967163085938,1397.4165649414062,640.6967163085938,483.8480224609375,429.510986328125
1,154,3,0,car,0.937105119228363,1154.145751953125,208.37185668945312,1635.567626953125,636.3900146484375,1394.856689453125,636.3900146484375,481.421875,428.0181579589844
1,155,3,0,car,0.936609387397766,1152.9134521484375,205.1992950439453,1632.05810546875,631.9850463867188,1392.4857788085938,631.9850463867188,479.1446533203125,426.78575134277344
1,156,3,0,car,0.9391555786132812,1151.244140625,201.01739501953125,1626.48779296875,625.585693359375,1388.865966796875,625.585693359375,475.24365234375,424.56829833984375
1,157,3,0,car,0.9390804767608644,1150.48388671875,198.2133331298828,1622.6761474609375,619.3737182617188,1386.5800170898438,619.3737182617188,472.1922607421875,421.160385131836
1,158,3,0,car,0.9392550587654114,1148.8336181640625,195.359603881836,1618.6488037109375,614.2407836914062,1383.7412109375,614.2407836914062,469.815185546875,418.8811798095703
1,159,3,0,car,0.9411155581474304,1147.8338623046875,192.6856231689453,1615.06591796875,606.5676879882812,1381.4498901367188,606.5676879882812,467.2320556640625,413.882064819336
1,160,3,0,car,0.942896842956543,1146.831298828125,190.01785278320312,1611.1201171875,597.2093505859375,1378.9757080078125,597.2093505859375,464.288818359375,407.1914978027344
1,161,3,0,car,0.9402109384536744,1146.639892578125,187.1656494140625,1608.4986572265625,587.7428588867188,1377.5692749023438,587.7428588867188,461.8587646484375,400.57720947265625
1,162,3,0,car,0.9445180892944336,1145.5406494140625,183.3759002685547,1605.3336181640625,577.94873046875,1375.4371337890625,577.94873046875,459.79296875,394.5728302001953
1,163,3,0,car,0.9390692710876464,1141.57080078125,177.69349670410156,1601.1512451171875,572.2864379882812,1371.3610229492188,572.2864379882812,459.5804443359375,394.5929412841797
1,164,3,0,car,0.9393200278282166,1139.244140625,173.47840881347656,1597.2255859375,567.8784790039062,1368.23486328125,567.8784790039062,457.9814453125,394.4000701904297
1,165,3,0,car,0.939668834209442,1137.459228515625,168.40077209472656,1591.5872802734375,564.2080078125,1364.5232543945312,564.2080078125,454.1280517578125,395.80723571777344
1,166,3,0,car,0.9395279288291932,1135.2095947265625,163.02044677734375,1583.48095703125,555.298828125,1359.3452758789062,555.298828125,448.2713623046875,392.27838134765625
1,167,3,0,car,0.9400028586387634,1133.2681884765625,156.7063446044922,1574.8729248046875,547.679443359375,1354.070556640625,547.679443359375,441.604736328125,390.9730987548828
1,168,3,0,car,0.9389784336090088,1131.7713623046875,152.95748901367188,1567.4727783203125,540.107666015625,1349.6220703125,540.107666015625,435.701416015625,387.1501770019531
1,169,3,0,car,0.9388988018035888,1129.830078125,150.2525634765625,1562.584228515625,531.4388427734375,1346.2071533203125,531.4388427734375,432.754150390625,381.186279296875
1,170,3,0,car,0.94167822599411,1128.025634765625,145.95382690429688,1558.26171875,522.4276123046875,1343.1436767578125,522.4276123046875,430.236083984375,376.4737854003906
1,171,3,0,car,0.9423038959503174,1125.9405517578125,140.48228454589844,1553.4609375,513.6840209960938,1339.7007446289062,513.6840209960938,427.5203857421875,373.2017364501953
1,172,3,0,car,0.936738133430481,1123.3450927734375,135.48216247558594,1548.9237060546875,504.1486206054688,1336.1343994140625,504.1486206054688,425.57861328125,368.6664581298828
1,173,3,0,car,0.9378356337547302,1120.7911376953125,130.2869873046875,1543.6141357421875,494.1242065429688,1332.20263671875,494.1242065429688,422.822998046875,363.8372192382813
1,174,3,0,car,0.9398708939552308,1118.326171875,122.7076187133789,1537.909423828125,483.2716369628906,1328.1177978515625,483.2716369628906,419.583251953125,360.5640182495117
1,175,3,0,car,0.9432892203330994,1115.9227294921875,115.49198150634766,1530.0152587890625,474.420166015625,1322.968994140625,474.420166015625,414.092529296875,358.92818450927734
1,176,3,0,car,0.9447146654129028,1112.971435546875,109.5885238647461,1523.498291015625,465.8408203125,1318.23486328125,465.8408203125,410.52685546875,356.2522964477539
1,177,3,0,car,0.9390639066696168,1109.0357666015625,104.10216522216795,1516.88427734375,456.7525939941406,1312.9600219726562,456.7525939941406,407.8485107421875,352.65042877197266
1,178,3,0,car,0.9448521137237548,1105.4122314453125,100.3870849609375,1512.6240234375,447.0507507324219,1309.0181274414062,447.0507507324219,407.2117919921875,346.6636657714844
1,179,3,0,car,0.92714923620224,1102.3609619140625,94.62922668457033,1508.48876953125,439.8152770996094,1305.4248657226562,439.8152770996094,406.1278076171875,345.18605041503906
1,180,3,0,car,0.935378909111023,1098.6732177734375,87.5121078491211,1502.56396484375,429.5377502441406,1300.6185913085938,429.5377502441406,403.8907470703125,342.0256423950196
1,181,3,0,car,0.9358415007591248,1095.87841796875,81.43775177001953,1496.6053466796875,420.737060546875,1296.2418823242188,420.737060546875,400.7269287109375,339.29930877685547
1,182,3,0,car,0.9308900833129884,1092.5263671875,76.94182586669922,1490.98486328125,412.3839111328125,1291.755615234375,412.3839111328125,398.45849609375,335.4420852661133
1,183,3,0,car,0.9251053333282472,1089.6378173828125,71.5042495727539,1486.4486083984375,402.4599609375,1288.043212890625,402.4599609375,396.810791015625,330.9557113647461
1,184,3,0,car,0.9244785308837892,1086.785888671875,67.25025177001953,1481.1650390625,392.58978271484375,1283.9754638671875,392.58978271484375,394.379150390625,325.3395309448242
1,185,3,0,car,0.926116943359375,1084.2789306640625,59.5165901184082,1474.6162109375,383.7606201171875,1279.4475708007812,383.7606201171875,390.3372802734375,324.2440299987793
1,186,3,0,car,0.934683322906494,1082.7537841796875,50.49530792236328,1468.3421630859375,375.6142578125,1275.5479736328125,375.6142578125,385.58837890625,325.1189498901367
1,187,3,0,car,0.9371636509895324,1082.0540771484375,46.99967193603516,1461.6580810546875,363.4231567382813,1271.8560791015625,363.4231567382813,379.60400390625,316.4234848022461
1,188,3,0,car,0.9340096712112428,1078.7672119140625,40.88859176635742,1455.73681640625,357.0846252441406,1267.2520141601562,357.0846252441406,376.9696044921875,316.1960334777832
1,189,3,0,car,0.9240237474441528,1077.2698974609375,32.98819351196289,1449.841064453125,344.623779296875,1263.5554809570312,344.623779296875,372.5711669921875,311.6355857849121
1,190,3,0,car,0.9266887307167052,1075.33447265625,26.37093734741211,1443.6973876953125,333.8735656738281,1259.5159301757812,333.8735656738281,368.3629150390625,307.502628326416
1,191,3,0,car,0.9277132749557496,1073.4459228515625,21.48291206359864,1438.6943359375,323.82830810546875,1256.0701293945312,323.82830810546875,365.2484130859375,302.3453960418701
1,192,3,0,car,0.928281307220459,1070.976806640625,16.44081687927246,1431.8975830078125,314.0599670410156,1251.4371948242188,314.0599670410156,360.9207763671875,297.6191501617432
1,193,3,0,car,0.9332171678543092,1068.6695556640625,7.526362895965576,1424.83740234375,305.998046875,1246.7534790039062,305.998046875,356.1678466796875,298.4716839790344
1,194,3,0,car,0.9373792409896852,1065.965087890625,1.675667405128479,1418.0330810546875,301.21002197265625,1241.9990844726562,301.21002197265625,352.0679931640625,299.53435456752777
1,195,3,0,car,0.933220386505127,1063.2030029296875,0.0,1410.82568359375,293.5685729980469,1237.0143432617188,293.5685729980469,347.6226806640625,293.5685729980469
1,196,3,0,car,0.9278454184532166,1061.06982421875,0.0,1404.530029296875,284.4559020996094,1232.7999267578125,284.4559020996094,343.460205078125,284.4559020996094
1,197,3,0,car,0.9233065843582152,1057.4190673828125,0.0,1401.1962890625,274.2827453613281,1229.3076782226562,274.2827453613281,343.7772216796875,274.2827453613281
1,198,3,0,car,0.9208313822746276,1054.6505126953125,0.0,1396.71044921875,265.62921142578125,1225.6804809570312,265.62921142578125,342.0599365234375,265.62921142578125
1,199,3,0,car,0.91818106174469,1052.9119873046875,0.0,1390.580078125,257.5672607421875,1221.7460327148438,257.5672607421875,337.6680908203125,257.5672607421875
1,200,3,0,car,0.9255067706108092,1050.589599609375,0.0,1382.33544921875,247.7118530273437,1216.4625244140625,247.7118530273437,331.745849609375,247.7118530273437
1,201,3,0,car,0.9194160103797911,1046.6065673828125,0.0,1374.523681640625,237.0062866210937,1210.5651245117188,237.0062866210937,327.9171142578125,237.0062866210937
1,202,3,0,car,0.9210081696510316,1043.1436767578125,0.0147772757336497,1365.3995361328125,228.1749267578125,1204.2716064453125,228.1749267578125,322.255859375,228.16014948207885
1,203,3,0,car,0.918689489364624,1039.3193359375,1.414548397064209,1360.2506103515625,218.09327697753903,1199.7849731445312,218.09327697753903,320.9312744140625,216.67872858047485
1,204,3,0,car,0.908887505531311,1036.54541015625,0.6100229620933533,1354.8726806640625,207.712631225586,1195.7090454101562,207.712631225586,318.3272705078125,207.10260826349256
1,205,3,0,car,0.9195731282234192,1034.864990234375,0.7726093530654907,1348.0548095703125,197.5384063720703,1191.4598999023438,197.5384063720703,313.1898193359375,196.7657970190048
1,206,3,0,car,0.9187772274017334,1032.515625,0.6028521060943604,1343.382080078125,186.5153961181641,1187.9488525390625,186.5153961181641,310.866455078125,185.9125440120697
1,207,3,0,car,0.9141579866409302,1031.8880615234375,0.6057398319244385,1339.1763916015625,175.6709442138672,1185.5322265625,175.6709442138672,307.288330078125,175.06520438194275
1,208,3,0,car,0.9043861031532288,1025.8682861328125,2.038364887237549,1332.551513671875,168.1249237060547,1179.2098999023438,168.1249237060547,306.6832275390625,166.08655881881714
1,209,3,0,car,0.905639946460724,1020.4517211914062,2.424769639968872,1324.535888671875,161.37612915039062,1172.4938049316406,161.37612915039062,304.08416748046875,158.95135951042175
1,210,3,0,car,0.8964307308197021,1019.4700317382812,2.525777578353882,1317.3707275390625,152.34445190429688,1168.420379638672,152.34445190429688,297.90069580078125,149.818674325943
1,211,3,0,car,0.8994128704071045,1017.8921508789062,2.3867766857147217,1313.60205078125,146.1244354248047,1165.747100830078,146.1244354248047,295.7098999023437,143.73765873908997
1,212,3,0,car,0.8921708464622498,1015.4078369140624,2.1964917182922363,1309.29345703125,138.1157989501953,1162.3506469726562,138.1157989501953,293.8856201171875,135.91930723190308
1,213,3,0,car,0.8937188982963562,1014.7471923828124,1.978809356689453,1304.6834716796875,130.26541137695312,1159.71533203125,130.26541137695312,289.936279296875,128.28660202026367
1,214,3,0,car,0.8874641060829163,1013.3810424804688,1.6062626838684082,1300.63427734375,118.88844299316406,1157.0076599121094,118.88844299316406,287.25323486328125,117.28218030929564
1,215,3,0,car,0.8894349336624146,1012.7398071289062,1.6526646614074707,1294.1143798828125,112.5037078857422,1153.4270935058594,112.5037078857422,281.37457275390625,110.85104322433472
1,216,3,0,car,0.8907271027565002,1010.8146362304688,1.463447332382202,1286.739990234375,106.97516632080078,1148.777313232422,106.97516632080078,275.92535400390625,105.51171898841858
1,217,3,0,car,0.8839575052261353,1013.5546264648438,1.0470396280288696,1281.197509765625,101.13751983642578,1147.3760681152344,101.13751983642578,267.64288330078125,100.09048020839693
1,218,3,0,car,0.858205258846283,1017.6337890625,2.1972551345825195,1276.6058349609375,93.37996673583984,1147.1198120117188,93.37996673583984,258.9720458984375,91.18271160125732
1,219,3,0,car,0.8598470687866211,1020.2439575195312,2.932651996612549,1271.483154296875,86.74523162841797,1145.8635559082031,86.74523162841797,251.2391967773437,83.81257963180542
1,220,3,0,car,0.8645763993263245,1020.3639526367188,2.94053316116333,1264.70849609375,75.53641510009766,1142.5362243652344,75.53641510009766,244.34454345703125,72.59588193893433
1,221,3,0,car,0.8617528080940247,1019.7366333007812,3.0746841430664062,1260.2227783203125,68.39252471923828,1139.9797058105469,68.39252471923828,240.48614501953125,65.31784057617188
1,222,3,0,car,0.8587631583213806,1017.8150634765624,2.669187307357788,1254.2344970703125,62.69895553588867,1136.0247802734375,62.69895553588867,236.41943359375,60.02976822853088
1,223,3,0,car,0.8834929466247559,1019.3565063476562,2.9014668464660645,1257.5367431640625,56.62955093383789,1138.4466247558594,56.62955093383789,238.18023681640625,53.72808408737183
3,224,9,0,car,0.931198000907898,1266.3048095703125,454.8992309570313,1911.568359375,1036.12744140625,1588.9365844726562,1036.12744140625,645.2635498046875,581.2282104492188
3,225,9,0,car,0.935808002948761,1255.5523681640625,439.6951599121094,1894.9991455078125,1005.0424194335938,1575.2757568359375,1005.0424194335938,639.44677734375,565.3472595214844
3,226,9,0,car,0.942848265171051,1252.7867431640625,422.88812255859375,1874.697021484375,977.2485961914062,1563.7418823242188,977.2485961914062,621.9102783203125,554.3604736328125
3,227,9,0,car,0.9437880516052246,1250.0677490234375,407.1756286621094,1856.89013671875,952.4597778320312,1553.4789428710938,952.4597778320312,606.8223876953125,545.2841491699219
3,228,9,0,car,0.9267858266830444,1242.1785888671875,390.77679443359375,1837.3868408203125,926.6002197265624,1539.78271484375,926.6002197265624,595.208251953125,535.8234252929688
3,229,9,0,car,0.927024245262146,1232.2274169921875,375.635498046875,1818.4471435546875,898.3727416992188,1525.3372802734375,898.3727416992188,586.2197265625,522.7372436523438
3,230,9,0,car,0.9322307705879213,1226.836669921875,362.5403442382813,1797.7177734375,870.822509765625,1512.2772216796875,870.822509765625,570.881103515625,508.28216552734375
3,231,9,0,car,0.9381803274154664,1221.9156494140625,349.1155700683594,1776.843994140625,845.9349365234375,1499.3798217773438,845.9349365234375,554.9283447265625,496.8193664550781
3,232,9,0,car,0.9277299046516418,1214.9884033203125,334.1390380859375,1758.6025390625,823.4846801757812,1486.7954711914062,823.4846801757812,543.6141357421875,489.34564208984375
3,233,9,0,car,0.9148619771003724,1209.47314453125,316.97491455078125,1742.5311279296875,798.5772705078125,1476.0021362304688,798.5772705078125,533.0579833984375,481.6023559570313
3,234,9,0,car,0.9315149784088136,1201.1661376953125,298.994384765625,1726.47021484375,773.61767578125,1463.8181762695312,773.61767578125,525.3040771484375,474.623291015625
3,235,9,0,car,0.9411919713020324,1192.267578125,283.7162475585937,1708.567138671875,753.2731323242188,1450.4173583984375,753.2731323242188,516.299560546875,469.556884765625
3,236,9,0,car,0.9291388988494872,1186.8443603515625,272.3360290527344,1692.9095458984375,731.7166137695312,1439.876953125,731.7166137695312,506.065185546875,459.3805847167969
3,237,9,0,car,0.9279609322547911,1182.2669677734375,265.95672607421875,1677.6268310546875,706.7778930664062,1429.9468994140625,706.7778930664062,495.35986328125,440.8211669921875
3,238,9,0,car,0.917078137397766,1176.693115234375,256.1351623535156,1662.38525390625,680.5963745117188,1419.5391845703125,680.5963745117188,485.692138671875,424.4612121582031
3,239,9,0,car,0.9323769807815552,1169.796142578125,243.09706115722656,1646.0711669921875,662.8096923828125,1407.9336547851562,662.8096923828125,476.2750244140625,419.71263122558594
3,240,9,0,car,0.9319545030593872,1164.3524169921875,230.045654296875,1632.235107421875,641.7867431640625,1398.2937622070312,641.7867431640625,467.8826904296875,411.7410888671875
3,241,9,0,car,0.9329931139945984,1158.1810302734375,219.172103881836,1621.515625,626.0419311523438,1389.8483276367188,626.0419311523438,463.3345947265625,406.8698272705078
3,242,9,0,car,0.93695729970932,1151.991455078125,207.411849975586,1608.2086181640625,606.703125,1380.1000366210938,606.703125,456.2171630859375,399.29127502441406
3,243,9,0,car,0.9390838742256165,1147.2349853515625,195.72103881835932,1595.993408203125,585.270263671875,1371.6141967773438,585.270263671875,448.7584228515625,389.5492248535156
3,244,9,0,car,0.932890236377716,1140.331298828125,186.9588928222656,1583.501708984375,568.3976440429688,1361.91650390625,568.3976440429688,443.17041015625,381.4387512207031
3,245,9,0,car,0.9282191395759584,1135.715087890625,176.2408447265625,1566.0296630859375,550.595458984375,1350.8723754882812,550.595458984375,430.3145751953125,374.3546142578125
3,246,9,0,car,0.9314764738082886,1131.6448974609375,164.5443572998047,1554.2576904296875,535.5136108398438,1342.9512939453125,535.5136108398438,422.61279296875,370.9692535400391
3,247,9,0,car,0.9293280839920044,1128.28173828125,153.1103515625,1545.67431640625,519.8372192382812,1336.97802734375,519.8372192382812,417.392578125,366.7268676757813
3,248,9,0,car,0.9362234473228456,1123.43408203125,142.54855346679688,1533.287109375,505.385498046875,1328.360595703125,505.385498046875,409.85302734375,362.8369445800781
3,249,9,0,car,0.9252821803092957,1115.34716796875,130.87646484375,1527.193359375,489.72357177734375,1321.270263671875,489.72357177734375,411.84619140625,358.8471069335937
3,250,9,0,car,0.9330427646636964,1109.8717041015625,119.35707092285156,1513.9813232421875,471.8482971191406,1311.926513671875,471.8482971191406,404.109619140625,352.49122619628906
3,251,9,0,car,0.9377954006195068,1105.152587890625,108.26325988769533,1503.9913330078125,455.3883972167969,1304.5719604492188,455.3883972167969,398.8387451171875,347.1251373291016
3,252,9,0,car,0.9165995121002196,1100.1026611328125,100.9933624267578,1494.94189453125,443.0259399414063,1297.5222778320312,443.0259399414063,394.8392333984375,342.03257751464844
3,253,9,0,car,0.930116891860962,1094.4796142578125,90.11282348632812,1486.3218994140625,427.7834167480469,1290.4007568359375,427.7834167480469,391.84228515625,337.67059326171875
3,254,9,0,car,0.9253966808319092,1090.412353515625,79.93383026123047,1478.7694091796875,414.2511901855469,1284.5908813476562,414.2511901855469,388.3570556640625,334.3173599243164
3,255,9,0,car,0.9239750504493712,1085.99560546875,71.7967758178711,1468.309326171875,402.1072387695313,1277.1524658203125,402.1072387695313,382.313720703125,330.31046295166016
3,256,9,0,car,0.9177157282829284,1083.193603515625,64.1979751586914,1458.150634765625,388.4880676269531,1270.672119140625,388.4880676269531,374.95703125,324.2900924682617
3,257,9,0,car,0.9296488165855408,1079.355712890625,55.63972854614258,1449.8653564453125,375.4038696289063,1264.6105346679688,375.4038696289063,370.5096435546875,319.7641410827637
3,258,9,0,car,0.9362292885780334,1075.38916015625,45.85096740722656,1442.38818359375,362.3001708984375,1258.888671875,362.3001708984375,366.9990234375,316.44920349121094
3,259,9,0,car,0.923813819885254,1071.092529296875,32.976314544677734,1433.6651611328125,349.86834716796875,1252.3788452148438,349.86834716796875,362.5726318359375,316.892032623291
3,260,9,0,car,0.9284238219261168,1066.9754638671875,26.36965560913086,1424.77734375,339.5081481933594,1245.8764038085938,339.5081481933594,357.8018798828125,313.1384925842285
3,261,9,0,car,0.9271346926689148,1063.988525390625,19.5236873626709,1416.053955078125,327.024658203125,1240.021240234375,327.024658203125,352.0654296875,307.5009708404541
3,262,9,0,car,0.9260177612304688,1058.9207763671875,8.978811264038086,1407.59423828125,316.3870544433594,1233.2575073242188,316.3870544433594,348.6734619140625,307.4082431793213
3,263,9,0,car,0.929631531238556,1056.32421875,2.168354034423828,1402.6588134765625,306.6723937988281,1229.4915161132812,306.6723937988281,346.3345947265625,304.5040397644043
3,264,9,0,car,0.9238869547843932,1052.9122314453125,0.0,1396.69775390625,297.3065185546875,1224.8049926757812,297.3065185546875,343.7855224609375,297.3065185546875
3,265,9,0,car,0.9260048866271972,1049.1240234375,0.0,1391.085693359375,283.6614990234375,1220.1048583984375,283.6614990234375,341.961669921875,283.6614990234375
3,266,9,0,car,0.9211481809616088,1045.818359375,0.0,1383.2374267578125,273.8410949707031,1214.5278930664062,273.8410949707031,337.4190673828125,273.8410949707031
3,267,9,0,car,0.9122424125671388,1041.442626953125,0.0,1375.143798828125,266.537109375,1208.293212890625,266.537109375,333.701171875,266.537109375
3,268,9,0,car,0.9145506620407104,1038.9967041015625,0.0,1365.4844970703125,257.3321533203125,1202.2406005859375,257.3321533203125,326.48779296875,257.3321533203125
3,269,9,0,car,0.9182486534118652,1036.0008544921875,0.0,1358.1182861328125,244.73374938964844,1197.0595703125,244.73374938964844,322.117431640625,244.73374938964844
3,270,9,0,car,0.9192619323730468,1032.209228515625,0.0,1350.8951416015625,234.3604278564453,1191.5521850585938,234.3604278564453,318.6859130859375,234.3604278564453
3,271,9,0,car,0.9212010502815248,1028.2457275390625,0.0,1344.151611328125,222.25387573242188,1186.1986694335938,222.25387573242188,315.9058837890625,222.25387573242188
3,272,9,0,car,0.913973331451416,1025.9798583984375,0.0,1335.7310791015625,212.4374237060547,1180.85546875,212.4374237060547,309.751220703125,212.4374237060547
3,273,9,0,car,0.9103540182113647,1022.8839111328124,0.0,1329.065185546875,201.851303100586,1175.9745483398438,201.851303100586,306.1812744140625,201.851303100586
3,274,9,0,car,0.9072002172470092,1017.4201049804688,0.0,1321.6041259765625,189.84776306152344,1169.5121154785156,189.84776306152344,304.1840209960937,189.84776306152344
3,275,9,0,car,0.9120435118675232,1014.2551879882812,0.0,1315.0277099609375,176.38417053222656,1164.6414489746094,176.38417053222656,300.77252197265625,176.38417053222656
3,276,9,0,car,0.9106374382972716,1011.3614501953124,0.3787053823471069,1310.7901611328125,166.92271423339844,1161.0758056640625,166.92271423339844,299.4287109375,166.54400885105133
3,277,9,0,car,0.9118083715438844,1008.7705688476562,0.2757960855960846,1304.6817626953125,159.65713500976562,1156.7261657714844,159.65713500976562,295.91119384765625,159.38133892416954
3,278,9,0,car,0.9126325249671936,1006.2594604492188,0.5435024499893188,1299.888427734375,151.4136199951172,1153.0739440917969,151.4136199951172,293.62896728515625,150.87011754512787
3,279,9,0,car,0.904515027999878,1004.4547119140624,0.9387805461883544,1293.7542724609375,141.4228973388672,1149.1044921875,141.4228973388672,289.299560546875,140.48411679267883
3,280,9,0,car,0.8877867460250854,1001.228271484375,1.346166968345642,1284.4393310546875,131.197998046875,1142.8338012695312,131.197998046875,283.2110595703125,129.85183107852936
3,281,9,0,car,0.892629861831665,997.8613891601562,1.5960019826889038,1277.8787841796875,121.31851196289062,1137.870086669922,121.31851196289062,280.01739501953125,119.72250998020172
3,282,9,0,car,0.8898031115531921,996.53369140625,1.3291079998016355,1269.809814453125,112.03793334960938,1133.1717529296875,112.03793334960938,273.276123046875,110.70882534980774
3,283,9,0,car,0.884372353553772,995.8475952148438,1.87890625,1265.6431884765625,104.24483489990234,1130.7453918457031,104.24483489990234,269.79559326171875,102.36592864990234
3,284,9,0,car,0.86795973777771,997.5653686523438,1.6060017347335815,1258.5428466796875,97.14534759521484,1128.0541076660156,97.14534759521484,260.9774780273437,95.53934586048126
3,285,9,0,car,0.8670225739479065,999.2872314453124,1.3112308979034424,1250.6181640625,89.23999786376953,1124.9526977539062,89.23999786376953,251.3309326171875,87.92876696586609
3,286,9,0,car,0.8766772150993347,1000.2354736328124,2.0722272396087646,1243.9210205078125,79.53187561035156,1122.0782470703125,79.53187561035156,243.685546875,77.4596483707428
3,287,9,0,car,0.8656849265098572,999.7191162109376,2.275276899337769,1237.7911376953125,71.2253646850586,1118.755126953125,71.2253646850586,238.072021484375,68.95008778572083
3,288,9,0,car,0.8281238675117493,999.6068115234376,1.6979438066482544,1234.6390380859375,60.43985366821289,1117.1229248046875,60.43985366821289,235.0322265625,58.74190986156464
3,289,9,0,car,0.8106098175048828,1003.46484375,1.836343050003052,1236.1683349609375,53.8935546875,1119.8165893554688,53.8935546875,232.7034912109375,52.05721163749695
4,322,14,0,car,0.796419620513916,10.996908187866213,453.6195373535156,451.4730224609375,1047.59521484375,231.23496532440183,1047.59521484375,440.4761142730713,593.9756774902344
4,323,14,0,car,0.9455540776252748,4.115014553070068,418.0948181152344,462.2318420410156,994.5701293945312,233.17342829704285,994.5701293945312,458.1168274879456,576.4753112792969
4,324,14,0,car,0.7848920822143555,32.151702880859375,378.3648071289063,470.24951171875,939.0015258789062,251.2006072998047,939.0015258789062,438.0978088378906,560.63671875
4,325,14,0,car,0.8993719816207886,14.422663688659668,341.66015625,479.5228576660156,887.5447998046875,246.97276067733765,887.5447998046875,465.100193977356,545.8846435546875
4,326,14,0,car,0.753950297832489,5.369783878326416,307.5921325683594,489.1210632324219,826.7036743164062,247.2454235553741,826.7036743164062,483.75127935409546,519.1115417480469
4,327,14,0,car,0.9342929124832152,1.834307551383972,271.4267883300781,493.0685729980469,782.5647583007812,247.45144027471545,782.5647583007812,491.2342654466629,511.1379699707031
4,328,14,0,car,0.9462102651596068,7.47551965713501,243.9512634277344,494.5861511230469,732.5135498046875,251.0308353900909,732.5135498046875,487.1106314659119,488.5622863769531
4,329,14,0,car,0.9428690671920776,23.10497283935547,216.43069458007807,497.834716796875,685.9779052734375,260.46984481811523,685.9779052734375,474.72974395751953,469.5472106933594
4,330,14,0,car,0.942098081111908,44.07188034057617,188.59957885742188,499.8730773925781,643.3099975585938,271.97247886657715,643.3099975585938,455.801197052002,454.7104187011719
4,331,14,0,car,0.9346551895141602,64.52810668945312,160.68824768066406,503.36322021484375,594.8980102539062,283.94566345214844,594.8980102539062,438.8351135253906,434.2097625732422
4,332,14,0,car,0.9297709465026855,84.85920715332031,136.3564910888672,505.7796020507813,554.31591796875,295.3194046020508,554.31591796875,420.92039489746094,417.9594268798828
4,333,14,0,car,0.9303794503211976,102.9027328491211,110.63697052001952,505.9758605957031,518.6682739257812,304.4392967224121,518.6682739257812,403.073127746582,408.0313034057617
4,334,14,0,car,0.9049791097640992,120.54981231689452,86.68714904785156,505.6023559570313,486.9425964355469,313.0760841369629,486.9425964355469,385.0525436401367,400.2554473876953
4,335,14,0,car,0.8949624300003052,139.2911376953125,60.34230041503906,509.6838989257813,448.187255859375,324.4875183105469,448.187255859375,370.3927612304688,387.844955444336
4,336,14,0,car,0.9148274064064026,152.55221557617188,39.84909057617188,510.6629943847656,413.4994201660156,331.60760498046875,413.4994201660156,358.1107788085937,373.65032958984375
4,337,14,0,car,0.9174742102622986,165.87342834472656,22.18781471252441,515.7482299804688,381.0387573242188,340.81082916259766,381.0387573242188,349.8748016357422,358.85094261169434
4,338,14,0,car,0.9026788473129272,176.483154296875,2.1371524333953857,519.6484985351562,350.5198974609375,348.0658264160156,350.5198974609375,343.16534423828125,348.3827450275421
4,339,14,0,car,0.9121217727661132,186.59390258789065,0.0,523.4503784179688,320.90789794921875,355.0221405029297,320.90789794921875,336.8564758300781,320.90789794921875
4,340,14,0,car,0.900740385055542,198.01622009277344,0.0,528.279541015625,294.9918212890625,363.1478805541992,294.9918212890625,330.2633209228516,294.9918212890625
4,341,14,0,car,0.9190224409103394,208.6618804931641,0.0,526.4285278320312,270.8644104003906,367.54520416259766,270.8644104003906,317.7666473388672,270.8644104003906
4,342,14,0,car,0.9154712557792664,218.1073455810547,0.0,531.4263305664062,245.43785095214844,374.76683807373047,245.43785095214844,313.3189849853516,245.43785095214844
4,343,14,0,car,0.9122549891471864,228.2133636474609,0.0,535.1538696289062,219.7846527099609,381.6836166381836,219.7846527099609,306.9405059814453,219.7846527099609
4,344,14,0,car,0.909646213054657,237.8570556640625,0.0,545.0411987304688,196.5546875,391.4491271972656,196.5546875,307.18414306640625,196.5546875
4,345,14,0,car,0.8998005986213684,247.658432006836,0.0,552.4913940429688,173.0344696044922,400.0749130249024,173.0344696044922,304.8329620361328,173.0344696044922
4,346,14,0,car,0.8991446495056152,258.9590759277344,0.0,557.7191162109375,155.27511596679688,408.339096069336,155.27511596679688,298.7600402832031,155.27511596679688
4,347,14,0,car,0.906075954437256,266.8391418457031,0.0,560.2688598632812,139.34744262695312,413.5540008544922,139.34744262695312,293.4297180175781,139.34744262695312
4,348,14,0,car,0.9014099836349488,274.91607666015625,0.0,560.8311767578125,120.40008544921876,417.8736267089844,120.40008544921876,285.91510009765625,120.40008544921876
4,349,14,0,car,0.8738692402839661,282.8092346191406,0.2987326979637146,558.15234375,105.58759307861328,420.4807891845703,105.58759307861328,275.3431091308594,105.28886038064957
4,350,14,0,car,0.6865970492362976,294.2103271484375,0.0,559.810791015625,81.1962890625,427.0105590820313,81.1962890625,265.6004638671875,81.1962890625
5,383,21,0,car,0.9413614273071288,0.0,420.22796630859375,415.7610473632813,1045.537353515625,207.88052368164065,1045.537353515625,415.7610473632813,625.3093872070312
5,384,21,0,car,0.938974142074585,0.0,380.3898620605469,422.5567321777344,989.5581665039062,211.2783660888672,989.5581665039062,422.5567321777344,609.1683044433594
5,385,21,0,car,0.941457211971283,0.0036613654810935,335.7416687011719,433.0281372070313,922.505859375,216.51589928625617,922.505859375,433.02447584155016,586.7641906738281
5,386,21,0,car,0.9365652799606324,0.0,307.3581237792969,445.4969177246094,859.8190307617188,222.7484588623047,859.8190307617188,445.4969177246094,552.4609069824219
5,387,21,0,car,0.932508111000061,0.2644856870174408,277.51318359375,455.5074768066406,795.205810546875,227.88598124682903,795.205810546875,455.2429911196232,517.692626953125
5,388,21,0,car,0.9364576935768129,2.129882574081421,251.5912322998047,459.0228271484375,735.9691772460938,230.57635486125943,735.9691772460938,456.8929445743561,484.37794494628906
5,389,21,0,car,0.9467110633850098,14.01862621307373,221.97427368164065,462.5428161621094,679.4207153320312,238.28072118759155,679.4207153320312,448.5241899490357,457.4464416503906
5,390,21,0,car,0.947288453578949,32.445194244384766,195.1451873779297,464.9051513671875,632.9075927734375,248.67517280578613,632.9075927734375,432.45995712280273,437.7624053955078
5,391,21,0,car,0.9420220851898192,55.076114654541016,167.95948791503906,469.71087646484375,584.859619140625,262.3934955596924,584.859619140625,414.63476181030273,416.90013122558594
5,392,21,0,car,0.9295443296432496,75.16487121582031,142.73887634277344,478.41607666015625,543.68896484375,276.7904739379883,543.68896484375,403.251205444336,400.95008850097656
5,393,21,0,car,0.9229280948638916,92.80217742919922,118.36814880371094,484.8080139160156,503.1461181640625,288.8050956726074,503.1461181640625,392.0058364868164,384.7779693603516
5,394,21,0,car,0.9211200475692748,112.51251220703124,95.06867218017578,487.3812561035156,461.1886596679688,299.94688415527344,461.1886596679688,374.8687438964844,366.11998748779297
5,395,21,0,car,0.925895631313324,128.67678833007812,71.6760482788086,491.58599853515625,422.5881958007813,310.1313934326172,422.5881958007813,362.9092102050781,350.91214752197266
5,396,21,0,car,0.912198841571808,146.3726806640625,48.67360305786133,492.5105285644531,391.908203125,319.4416046142578,391.908203125,346.1378479003906,343.2346000671387
5,397,21,0,car,0.9268319606781006,160.9464569091797,28.781295776367188,495.2752685546875,358.2648620605469,328.1108627319336,358.2648620605469,334.3288116455078,329.4835662841797
5,398,21,0,car,0.9249550700187684,172.9239501953125,11.930773735046388,501.13226318359375,326.273681640625,337.0281066894531,326.273681640625,328.20831298828125,314.3429079055786
5,399,21,0,car,0.9189685583114624,185.3678741455078,0.0,506.9254150390625,304.3641357421875,346.1466445922852,304.3641357421875,321.5575408935547,304.3641357421875
5,400,21,0,car,0.9261527061462402,197.28826904296875,0.0,508.5232849121094,278.1421203613281,352.90577697753906,278.1421203613281,311.2350158691406,278.1421203613281
5,401,21,0,car,0.928580641746521,210.71725463867188,0.0,512.5468139648438,251.92849731445312,361.6320343017578,251.92849731445312,301.8295593261719,251.92849731445312
5,402,21,0,car,0.9247414469718932,218.9568328857422,0.0,516.0250854492188,223.99542236328125,367.49095916748047,223.99542236328125,297.06825256347656,223.99542236328125
5,403,21,0,car,0.9176912307739258,227.81753540039065,0.0,516.7443237304688,204.03721618652344,372.2809295654297,204.03721618652344,288.9267883300781,204.03721618652344
5,404,21,0,car,0.9185073375701904,238.3967437744141,0.0,524.1116333007812,176.9941864013672,381.25418853759766,176.9941864013672,285.7148895263672,176.9941864013672
5,405,21,0,car,0.9028689861297609,248.23666381835932,0.0,526.7836303710938,156.4259033203125,387.51014709472656,156.4259033203125,278.5469665527344,156.4259033203125
5,406,21,0,car,0.8942174315452576,257.91064453125,0.0,525.2667236328125,135.335693359375,391.5886840820313,135.335693359375,267.3560791015625,135.335693359375
5,407,21,0,car,0.8930511474609375,265.7586364746094,0.0,522.3051147460938,114.52710723876952,394.0318756103516,114.52710723876952,256.5464782714844,114.52710723876952
5,408,21,0,car,0.8916028738021851,271.837158203125,0.137899711728096,522.99169921875,100.72835540771484,397.4144287109375,100.72835540771484,251.154541015625,100.59045569598676
5,409,21,0,car,0.8764209747314453,279.7274780273437,1.5588895082473757,526.12353515625,79.30552673339844,402.9255065917969,79.30552673339844,246.39605712890625,77.74663722515106
5,410,21,0,car,0.8327358365058899,288.29913330078125,1.6519421339035034,529.6377563476562,60.50897979736328,408.9684448242188,60.50897979736328,241.338623046875,58.85703766345978
6,387,22,0,car,0.930392563343048,1303.97607421875,466.2434997558594,1914.7811279296875,1047.14501953125,1609.3786010742188,1047.14501953125,610.8050537109375,580.9015197753906
6,388,22,0,car,0.9293410778045654,1282.6253662109375,432.1223754882813,1916.2392578125,994.2623901367188,1599.4323120117188,994.2623901367188,633.6138916015625,562.1400146484375
6,389,22,0,car,0.9287208318710328,1263.3748779296875,394.91705322265625,1884.442626953125,933.8927612304688,1573.9087524414062,933.8927612304688,621.0677490234375,538.9757080078125
6,390,22,0,car,0.9265264868736268,1250.338623046875,360.9970703125,1850.172607421875,881.9344482421875,1550.255615234375,881.9344482421875,599.833984375,520.9373779296875
6,391,22,0,car,0.9222574830055236,1235.826904296875,329.3580322265625,1807.0777587890625,829.93115234375,1521.4523315429688,829.93115234375,571.2508544921875,500.5731201171875
6,392,22,0,car,0.8979285955429077,1223.3028564453125,295.0691223144531,1768.5933837890625,780.6415405273438,1495.9481201171875,780.6415405273438,545.29052734375,485.5724182128906
6,393,22,0,car,0.9350298047065736,1212.1123046875,267.7934265136719,1734.289794921875,737.0536499023438,1473.2010498046875,737.0536499023438,522.177490234375,469.2602233886719
6,394,22,0,car,0.929140031337738,1200.80419921875,239.61697387695312,1702.5615234375,686.4942016601562,1451.682861328125,686.4942016601562,501.75732421875,446.8772277832031
6,395,22,0,car,0.931696116924286,1184.7606201171875,209.9149780273437,1667.6068115234375,645.9822387695312,1426.1837158203125,645.9822387695312,482.84619140625,436.0672607421875
6,396,22,0,car,0.936137855052948,1173.9190673828125,185.4443359375,1637.533203125,606.0355834960938,1405.7261352539062,606.0355834960938,463.6141357421875,420.59124755859375
6,397,22,0,car,0.9261786937713624,1162.404541015625,161.87120056152344,1610.5458984375,566.7498779296875,1386.4752197265625,566.7498779296875,448.141357421875,404.87867736816406
6,398,22,0,car,0.9138038754463196,1151.2003173828125,138.22129821777344,1580.3797607421875,528.9688110351562,1365.7900390625,528.9688110351562,429.179443359375,390.7475128173828
6,399,22,0,car,0.9203739762306212,1136.2470703125,114.24437713623048,1555.1536865234375,498.66595458984375,1345.7003784179688,498.66595458984375,418.9066162109375,384.4215774536133
6,400,22,0,car,0.9308252334594728,1125.966552734375,93.46841430664062,1531.9991455078125,465.2691345214844,1328.9828491210938,465.2691345214844,406.0325927734375,371.80072021484375
6,401,22,0,car,0.9283156394958496,1118.634765625,73.31110382080078,1512.5751953125,439.4636535644531,1315.60498046875,439.4636535644531,393.9404296875,366.15254974365234
6,402,22,0,car,0.8747017979621887,1107.6239013671875,45.54243087768555,1493.779541015625,412.1012573242188,1300.7017211914062,412.1012573242188,386.1556396484375,366.5588264465332
6,403,22,0,car,0.908822774887085,1096.05712890625,27.435678482055664,1474.3111572265625,384.3139343261719,1285.1841430664062,384.3139343261719,378.2540283203125,356.8782558441162
6,404,22,0,car,0.912147045135498,1088.126708984375,10.967838287353516,1455.7265625,360.5104675292969,1271.9266357421875,360.5104675292969,367.599853515625,349.54262924194336
6,405,22,0,car,0.9210453033447266,1082.1279296875,0.0,1436.623291015625,333.4086303710937,1259.3756103515625,333.4086303710937,354.495361328125,333.4086303710937
6,406,22,0,car,0.9228188395500184,1076.6260986328125,0.0,1419.6297607421875,308.9172668457031,1248.1279296875,308.9172668457031,343.003662109375,308.9172668457031
6,407,22,0,car,0.9298920035362244,1065.3829345703125,0.0,1403.6546630859375,282.35552978515625,1234.518798828125,282.35552978515625,338.271728515625,282.35552978515625
6,408,22,0,car,0.922653317451477,1056.80810546875,0.0,1388.55615234375,263.8495788574219,1222.68212890625,263.8495788574219,331.748046875,263.8495788574219
6,409,22,0,car,0.9243811964988708,1050.5338134765625,0.0,1371.1920166015625,244.5249938964844,1210.8629150390625,244.5249938964844,320.658203125,244.5249938964844
6,410,22,0,car,0.9137673377990724,1041.978515625,0.0,1354.3922119140625,223.306869506836,1198.1853637695312,223.306869506836,312.4136962890625,223.306869506836
6,411,22,0,car,0.9154104590415956,1033.59716796875,0.0,1340.69091796875,201.8438720703125,1187.14404296875,201.8438720703125,307.09375,201.8438720703125
6,412,22,0,car,0.9141818881034852,1026.289306640625,0.0,1325.980712890625,180.3383178710937,1176.135009765625,180.3383178710937,299.69140625,180.3383178710937
6,413,22,0,car,0.9172161221504213,1018.4308471679688,0.0,1312.5555419921875,162.018310546875,1165.493194580078,162.018310546875,294.12469482421875,162.018310546875
6,414,22,0,car,0.9148107767105104,1011.7523193359376,0.069396786391735,1300.3709716796875,146.1822052001953,1156.0616455078125,146.1822052001953,288.61865234375,146.11280841380358
6,415,22,0,car,0.8853313326835632,1005.6104736328124,0.9120566844940186,1287.2984619140625,125.57415008544922,1146.4544677734375,125.57415008544922,281.68798828125,124.6620934009552
6,416,22,0,car,0.8800946474075317,1001.30419921875,1.7927123308181765,1273.8814697265625,108.43718719482422,1137.5928344726562,108.43718719482422,272.5772705078125,106.64447486400604
6,417,22,0,car,0.8599103689193726,1005.8936767578124,2.0816798210144043,1263.0435791015625,95.64054870605467,1134.4686279296875,95.64054870605467,257.14990234375,93.55886888504028
6,418,22,0,car,0.8697008490562439,1011.5590209960938,2.351511240005493,1250.8350830078125,82.35440826416016,1131.1970520019531,82.35440826416016,239.27606201171875,80.00289702415466
6,419,22,0,car,0.860869288444519,1014.1641235351562,1.6978919506072998,1242.6446533203125,66.62207794189453,1128.4043884277344,66.62207794189453,228.48052978515625,64.92418599128723
6,420,22,0,car,0.7702621221542358,1011.5115966796876,0.1228058189153671,1231.09521484375,50.30342864990234,1121.3034057617188,50.30342864990234,219.5836181640625,50.18062283098698
7,415,26,0,car,0.9429141879081726,647.6550903320312,467.9686279296875,1063.2679443359375,1013.4945678710938,855.4615173339844,1013.4945678710938,415.6128540039063,545.5259399414062
7,416,26,0,car,0.940069019794464,646.5260009765625,417.5109252929688,1043.09375,946.8289794921876,844.8098754882812,946.8289794921876,396.5677490234375,529.3180541992188
7,417,26,0,car,0.950330913066864,647.9627685546875,375.5093383789063,1027.1053466796875,878.7803344726562,837.5340576171875,878.7803344726562,379.142578125,503.27099609375
7,418,26,0,car,0.941382110118866,648.150146484375,337.85015869140625,1011.7268676757812,809.9974365234375,829.9385070800781,809.9974365234375,363.5767211914063,472.1472778320313
7,419,26,0,car,0.9347920417785645,645.8760375976562,296.7981872558594,995.302490234375,751.0787353515625,820.5892639160156,751.0787353515625,349.42645263671875,454.2805480957031
7,420,26,0,car,0.933302402496338,644.6035766601562,270.1112670898437,984.337890625,691.9385375976562,814.4707336425781,691.9385375976562,339.7343139648437,421.8272705078125
7,421,26,0,car,0.9430060982704164,644.3751220703125,234.76632690429688,973.8209228515624,637.3201293945312,809.0980224609375,637.3201293945312,329.44580078125,402.5538024902344
7,422,26,0,car,0.9358283281326294,643.0818481445312,204.5873413085937,962.0573120117188,585.8694458007812,802.569580078125,585.8694458007812,318.9754638671875,381.2821044921875
7,423,26,0,car,0.9249505996704102,643.1183471679688,174.91787719726562,953.3036499023438,538.7334594726562,798.2109985351562,538.7334594726562,310.185302734375,363.8155822753906
7,424,26,0,car,0.92701256275177,641.5585327148438,144.8839874267578,945.1881103515624,499.155517578125,793.3733215332031,499.155517578125,303.62957763671875,354.2715301513672
7,425,26,0,car,0.9327408075332642,641.791259765625,118.23056030273438,936.0723266601562,457.1676330566406,788.9317932128906,457.1676330566406,294.28106689453125,338.93707275390625
7,426,26,0,car,0.9382122159004213,641.2410888671875,96.56504821777344,928.56884765625,418.2403259277344,784.9049682617188,418.2403259277344,287.3277587890625,321.67527770996094
7,427,26,0,car,0.9346115589141846,642.1058959960938,69.26856231689453,920.403564453125,383.1439208984375,781.2547302246094,383.1439208984375,278.29766845703125,313.87535858154297
7,428,26,0,car,0.9336748123168944,642.1950073242188,42.73263168334961,915.4055786132812,349.2964172363281,778.80029296875,349.2964172363281,273.2105712890625,306.5637855529785
7,429,26,0,car,0.932395040988922,641.3744506835938,21.24996757507324,908.4271240234376,317.4136047363281,774.9007873535156,317.4136047363281,267.0526733398437,296.1636371612549
7,430,26,0,car,0.9291679263114928,639.7036743164062,0.851854681968689,899.8719482421875,286.0357971191406,769.7878112792969,286.0357971191406,260.16827392578125,285.18394243717194
7,431,26,0,car,0.9323211312294006,639.5736083984375,0.0,892.6900634765625,260.20703125,766.1318359375,260.20703125,253.116455078125,260.20703125
7,432,26,0,car,0.9262818694114684,638.1942138671875,0.0,884.36376953125,234.6277618408203,761.2789916992188,234.6277618408203,246.1695556640625,234.6277618408203
7,433,26,0,car,0.9299355149269104,638.3238525390625,0.0,876.9998779296875,210.2039794921875,757.661865234375,210.2039794921875,238.676025390625,210.2039794921875
7,434,26,0,car,0.9302353262901306,639.0868530273438,0.0,873.0142211914062,183.89016723632807,756.050537109375,183.89016723632807,233.9273681640625,183.89016723632807
7,435,26,0,car,0.9221267104148864,638.7654418945312,0.0,868.7701416015625,162.49319458007812,753.7677917480469,162.49319458007812,230.00469970703125,162.49319458007812
7,436,26,0,car,0.898256778717041,640.2841796875,0.0,865.6005859375,140.49021911621094,752.9423828125,140.49021911621094,225.31640625,140.49021911621094
7,437,26,0,car,0.9152162671089172,640.05322265625,0.0,859.5492553710938,118.83786010742188,749.8012390136719,118.83786010742188,219.4960327148437,118.83786010742188
7,438,26,0,car,0.8754663467407227,640.6856689453125,0.0,862.5694580078125,97.14878845214844,751.6275634765625,97.14878845214844,221.8837890625,97.14878845214844
7,439,26,0,car,0.8795512914657593,642.03857421875,0.0,855.1781616210938,74.88770294189453,748.6083679199219,74.88770294189453,213.1395874023437,74.88770294189453
7,440,26,0,car,0.8706384897232056,642.0120849609375,0.0,849.2545776367188,57.0289421081543,745.6333312988281,57.0289421081543,207.24249267578125,57.0289421081543
8,470,27,0,car,0.9370819926261902,574.5780639648438,360.4954833984375,1041.0264892578125,1036.154541015625,807.8022766113281,1036.154541015625,466.4484252929688,675.6590576171875
8,471,27,0,car,0.93650084733963,573.6780395507812,318.1777648925781,1014.9132080078124,968.6858520507812,794.2956237792969,968.6858520507812,441.2351684570313,650.5080871582031
8,472,27,0,car,0.9491943717002868,573.5372314453125,286.90899658203125,990.2644653320312,894.5487060546875,781.9008483886719,894.5487060546875,416.7272338867188,607.6397094726562
8,473,27,0,car,0.9433724284172058,574.1611328125,259.13922119140625,970.8729248046876,826.1683349609375,772.5170288085938,826.1683349609375,396.7117919921875,567.0291137695312
8,474,27,0,car,0.9493172764778136,577.1121826171875,232.5648651123047,951.8065795898438,762.0660400390625,764.4593811035156,762.0660400390625,374.69439697265625,529.5011749267578
8,475,27,0,car,0.954836130142212,577.5790405273438,202.97268676757807,951.2987670898438,700.5708618164062,764.4389038085938,700.5708618164062,373.7197265625,497.5981750488281
8,476,27,0,car,0.9452699422836304,588.9462280273438,174.21237182617188,940.3530883789062,651.9562377929688,764.649658203125,651.9562377929688,351.4068603515625,477.7438659667969
8,477,27,0,car,0.9414385557174684,578.2135620117188,147.46316528320312,933.9550170898438,598.8018188476562,756.0842895507812,598.8018188476562,355.741455078125,451.3386535644531
8,478,27,0,car,0.9350295066833496,570.5726928710938,120.08567810058594,929.138916015625,554.9680786132812,749.8558044433594,554.9680786132812,358.56622314453125,434.8824005126953
8,479,27,0,car,0.9386475682258606,579.0083618164062,93.71253967285156,919.9305419921876,513.0256958007812,749.4694519042969,513.0256958007812,340.92218017578125,419.3131561279297
8,480,27,0,car,0.8951966762542725,591.1590576171875,68.13943481445312,899.2759399414062,475.7520446777344,745.2174987792969,475.7520446777344,308.11688232421875,407.6126098632813
8,481,27,0,car,0.9014397263526917,593.9299926757812,44.15841293334961,888.4808959960938,440.1400451660156,741.2054443359375,440.1400451660156,294.5509033203125,395.981632232666
8,482,27,0,car,0.9144548773765564,601.47216796875,21.08537483215332,891.3807983398438,405.2459411621094,746.4264831542969,405.2459411621094,289.9086303710937,384.16056632995605
8,483,27,0,car,0.9081732034683228,601.9319458007812,3.96672296524048,893.35888671875,367.3111572265625,747.6454162597656,367.3111572265625,291.42694091796875,363.344434261322
8,484,27,0,car,0.9033550024032592,604.65771484375,0.0,890.5914306640625,333.81671142578125,747.6245727539062,333.81671142578125,285.9337158203125,333.81671142578125
8,485,27,0,car,0.9227342009544371,604.31640625,0.0,885.6762084960938,308.4631042480469,744.9963073730469,308.4631042480469,281.3598022460937,308.4631042480469
8,486,27,0,car,0.8789782524108887,602.824462890625,0.0,881.1487426757812,284.741455078125,741.9866027832031,284.741455078125,278.32427978515625,284.741455078125
8,487,27,0,car,0.8850312232971191,601.9083251953125,0.0,875.19091796875,257.04266357421875,738.5496215820312,257.04266357421875,273.2825927734375,257.04266357421875
8,488,27,0,car,0.915283203125,603.1509399414062,0.0,872.1500854492188,226.6111297607422,737.6505126953125,226.6111297607422,268.9991455078125,226.6111297607422
8,489,27,0,car,0.9179962277412416,610.4727172851562,0.0,867.7650146484375,201.7866973876953,739.1188659667969,201.7866973876953,257.29229736328125,201.7866973876953
8,490,27,0,car,0.9137768149375916,616.534912109375,0.0,861.098876953125,176.89332580566406,738.81689453125,176.89332580566406,244.56396484375,176.89332580566406
8,491,27,0,car,0.8963088989257812,612.5294799804688,0.0,858.5851440429688,153.3426513671875,735.5573120117188,153.3426513671875,246.0556640625,153.3426513671875
8,492,27,0,car,0.9183914661407472,610.3683471679688,1.4164106845855713,853.8432006835938,140.19332885742188,732.1057739257812,140.19332885742188,243.474853515625,138.7769181728363
8,493,27,0,car,0.8975338339805603,607.68115234375,0.0225059855729341,848.9220581054688,116.80217742919922,728.3016052246094,116.80217742919922,241.24090576171875,116.77967144362628
8,494,27,0,car,0.8938506841659546,609.0253295898438,0.0,846.1468505859375,105.3774871826172,727.5860900878906,105.3774871826172,237.1215209960937,105.3774871826172
8,495,27,0,car,0.8737646341323853,610.3834838867188,1.4196808338165283,843.5230102539062,94.173828125,726.9532470703125,94.173828125,233.1395263671875,92.75414729118349
8,496,27,0,car,0.8640435338020325,613.5629272460938,1.0700726509094238,839.4369506835938,76.18201446533203,726.4999389648438,76.18201446533203,225.8740234375,75.11194181442261
8,497,27,0,car,0.5937169790267944,615.3473510742188,0.0,836.6163940429688,58.7791862487793,725.9818725585938,58.7791862487793,221.26904296875,58.7791862487793
9,493,29,0,car,0.928294837474823,1303.4256591796875,465.6210632324219,1903.0306396484373,1016.6942749023438,1603.2281494140625,1016.6942749023438,599.60498046875,551.0732116699219
9,494,29,0,car,0.938124418258667,1281.340576171875,425.4140930175781,1870.6475830078125,956.2077026367188,1575.9940795898438,956.2077026367188,589.3070068359375,530.7936096191406
9,495,29,0,car,0.9275535941123962,1260.4483642578125,387.1223754882813,1830.6798095703125,892.218505859375,1545.5640869140625,892.218505859375,570.2314453125,505.09613037109375
9,496,29,0,car,0.924370527267456,1244.0233154296875,352.0032043457031,1785.5833740234375,833.5801391601562,1514.8033447265625,833.5801391601562,541.56005859375,481.5769348144531
9,497,29,0,car,0.934094250202179,1228.251708984375,312.2286682128906,1743.4156494140625,776.138671875,1485.8336791992188,776.138671875,515.1639404296875,463.9100036621094
9,498,29,0,car,0.9353132843971252,1213.9464111328125,279.30889892578125,1705.104736328125,719.115478515625,1459.5255737304688,719.115478515625,491.1583251953125,439.80657958984375
9,499,29,0,car,0.9350242018699646,1199.119873046875,252.0538330078125,1666.0618896484375,665.7769775390625,1432.5908813476562,665.7769775390625,466.9420166015625,413.72314453125
9,500,29,0,car,0.9337793588638306,1182.8363037109375,224.3578643798828,1631.7904052734375,620.48291015625,1407.3133544921875,620.48291015625,448.9541015625,396.1250457763672
9,501,29,0,car,0.944363296031952,1169.041748046875,194.9325561523437,1602.347412109375,571.5535278320312,1385.694580078125,571.5535278320312,433.3056640625,376.6209716796875
9,502,29,0,car,0.9312517642974854,1157.955322265625,168.16993713378906,1569.302734375,535.7819213867188,1363.6290283203125,535.7819213867188,411.347412109375,367.6119842529297
9,503,29,0,car,0.91656094789505,1144.8870849609375,142.59153747558594,1544.1165771484375,496.3576354980469,1344.5018310546875,496.3576354980469,399.2294921875,353.76609802246094
9,504,29,0,car,0.9234791994094848,1133.0626220703125,118.54993438720705,1518.821044921875,458.6214294433594,1325.9418334960938,458.6214294433594,385.7584228515625,340.07149505615234
9,505,29,0,car,0.9368553161621094,1123.2325439453125,95.10467529296876,1495.200439453125,424.2700805664063,1309.2164916992188,424.2700805664063,371.9678955078125,329.1654052734375
9,506,29,0,car,0.9284060001373292,1114.7548828125,72.03656768798828,1472.7066650390625,391.44635009765625,1293.7307739257812,391.44635009765625,357.9517822265625,319.409782409668
9,507,29,0,car,0.9277809858322144,1105.67724609375,49.81913375854492,1452.5897216796875,359.69635009765625,1279.1334838867188,359.69635009765625,346.9124755859375,309.8772163391113
9,508,29,0,car,0.9241501688957214,1096.02099609375,26.7488956451416,1433.918212890625,331.15386962890625,1264.9696044921875,331.15386962890625,337.897216796875,304.40497398376465
9,509,29,0,car,0.929805874824524,1086.3480224609375,6.940301418304443,1413.69970703125,304.2340393066406,1250.0238647460938,304.2340393066406,327.3516845703125,297.2937378883362
9,510,29,0,car,0.9276543855667114,1078.092529296875,0.0,1395.676025390625,276.96978759765625,1236.88427734375,276.96978759765625,317.58349609375,276.96978759765625
9,511,29,0,car,0.9169846773147584,1068.8388671875,0.0,1379.82958984375,254.9447326660156,1224.334228515625,254.9447326660156,310.99072265625,254.9447326660156
9,512,29,0,car,0.9236009120941162,1060.2847900390625,0.0,1361.56640625,231.4270782470703,1210.9255981445312,231.4270782470703,301.2816162109375,231.4270782470703
9,513,29,0,car,0.9116708636283876,1052.6575927734375,0.0,1345.60400390625,207.9041290283203,1199.1307983398438,207.9041290283203,292.9464111328125,207.9041290283203
9,514,29,0,car,0.9208368062973022,1044.9466552734375,0.0,1328.83056640625,185.00909423828125,1186.8886108398438,185.00909423828125,283.8839111328125,185.00909423828125
9,515,29,0,car,0.9133676886558532,1039.42138671875,0.0,1313.464599609375,161.5577850341797,1176.4429931640625,161.5577850341797,274.043212890625,161.5577850341797
9,516,29,0,car,0.8940503597259521,1030.73486328125,0.0,1302.937744140625,143.78675842285156,1166.8363037109375,143.78675842285156,272.202880859375,143.78675842285156
9,517,29,0,car,0.8905285596847534,1021.2682495117188,0.0,1288.2991943359375,122.29013061523438,1154.783721923828,122.29013061523438,267.03094482421875,122.29013061523438
9,518,29,0,car,0.8925008177757263,1013.53271484375,0.0,1275.3590087890625,104.35338592529295,1144.4458618164062,104.35338592529295,261.8262939453125,104.35338592529295
9,519,29,0,car,0.8774382472038269,1015.6820068359376,1.4159146547317505,1263.5343017578125,89.07906341552734,1139.608154296875,89.07906341552734,247.852294921875,87.6631487607956
9,520,29,0,car,0.8816685676574707,1022.8635864257812,1.8891828060150144,1252.60009765625,71.30535888671875,1137.7318420410156,71.30535888671875,229.73651123046875,69.41617608070374
9,521,29,0,car,0.9169058799743652,1026.3558349609375,0.7533261179924011,1242.289306640625,55.825965881347656,1134.3225708007812,55.825965881347656,215.9334716796875,55.072639763355255
10,521,30,0,car,0.9493688344955444,714.7719116210938,440.4420471191406,1186.81494140625,1059.601806640625,950.793426513672,1059.601806640625,472.04302978515625,619.1597595214844
10,522,30,0,car,0.9443565607070924,713.9407958984375,404.2658996582031,1168.3743896484375,1004.5196533203124,941.1575927734376,1004.5196533203124,454.43359375,600.2537536621094
10,523,30,0,car,0.948613703250885,712.1253051757812,367.8570556640625,1152.008056640625,944.7241821289062,932.0666809082032,944.7241821289062,439.88275146484375,576.8671264648438
10,524,30,0,car,0.9435291290283204,711.0197143554688,337.19732666015625,1134.0081787109375,882.899169921875,922.5139465332032,882.899169921875,422.9884643554688,545.7018432617188
10,525,30,0,car,0.9517667889595032,709.5554809570312,300.784912109375,1116.268310546875,820.0783081054688,912.9118957519532,820.0783081054688,406.71282958984375,519.2933959960938
10,526,30,0,car,0.9466030597686768,708.8204956054688,278.8078918457031,1098.301513671875,766.249267578125,903.561004638672,766.249267578125,389.4810180664063,487.4413757324219
10,527,30,0,car,0.946783721446991,709.5249633789062,249.98622131347656,1083.8197021484375,709.8863525390625,896.6723327636719,709.8863525390625,374.2947387695313,459.90013122558594
10,528,30,0,car,0.9364284873008728,707.263916015625,221.2411956787109,1069.15478515625,654.3492431640625,888.2093505859375,654.3492431640625,361.890869140625,433.1080474853516
10,529,30,0,car,0.9535378217697144,704.412841796875,199.26736450195312,1056.15673828125,599.2603759765625,880.2847900390625,599.2603759765625,351.743896484375,399.9930114746094
10,530,30,0,car,0.9312847852706908,703.3027954101562,171.484130859375,1047.5247802734375,560.9265747070312,875.4137878417969,560.9265747070312,344.22198486328125,389.44244384765625
10,531,30,0,car,0.9268607497215272,697.8681030273438,142.46343994140625,1037.623046875,519.0060424804688,867.7455749511719,519.0060424804688,339.75494384765625,376.5426025390625
10,532,30,0,car,0.9368879199028016,696.1723022460938,116.4138412475586,1027.4136962890625,482.3398742675781,861.7929992675781,482.3398742675781,331.24139404296875,365.92603302001953
10,533,30,0,car,0.9280510544776917,695.0752563476562,93.38695526123048,1017.3543701171876,445.3112182617188,856.2148132324219,445.3112182617188,322.27911376953125,351.9242630004883
10,534,30,0,car,0.92669415473938,693.6505126953125,70.29864501953125,1007.7084350585938,411.1675109863281,850.6794738769531,411.1675109863281,314.05792236328125,340.8688659667969
10,535,30,0,car,0.927364706993103,693.7327270507812,52.35042953491211,997.1017456054688,381.1250305175781,845.417236328125,381.1250305175781,303.3690185546875,328.774600982666
10,536,30,0,car,0.9263346791267396,694.2552490234375,30.22551727294922,989.9367065429688,349.7291564941406,842.0959777832031,349.7291564941406,295.68145751953125,319.5036392211914
10,537,30,0,car,0.928975522518158,694.1585693359375,8.54227352142334,983.286376953125,319.6238098144531,838.7224731445312,319.6238098144531,289.1278076171875,311.0815362930298
10,538,30,0,car,0.9263301491737366,693.7708740234375,1.9778646230697632,975.9019775390624,292.4115295410156,834.83642578125,292.4115295410156,282.131103515625,290.43366491794586
10,539,30,0,car,0.922256588935852,692.9974975585938,0.0,970.5758666992188,268.3265991210937,831.7866821289062,268.3265991210937,277.578369140625,268.3265991210937
10,540,30,0,car,0.9200478196144104,693.4194946289062,0.0,963.631591796875,244.0120086669922,828.5255432128906,244.0120086669922,270.21209716796875,244.0120086669922
10,541,30,0,car,0.931222915649414,693.5498657226562,0.0,957.90185546875,222.3086395263672,825.7258605957031,222.3086395263672,264.3519897460937,222.3086395263672
10,542,30,0,car,0.9179521799087524,692.0150146484375,0.0,951.313232421875,201.88198852539065,821.6641235351562,201.88198852539065,259.2982177734375,201.88198852539065
10,543,30,0,car,0.92336767911911,692.9008178710938,0.0,944.5353393554688,176.97312927246094,818.7180786132812,176.97312927246094,251.634521484375,176.97312927246094
10,544,30,0,car,0.920435905456543,693.5769653320312,0.0,938.34033203125,161.06398010253906,815.9586486816406,161.06398010253906,244.76336669921875,161.06398010253906
10,545,30,0,car,0.9060291051864624,694.63720703125,0.0,932.5812377929688,141.40089416503906,813.6092224121094,141.40089416503906,237.94403076171875,141.40089416503906
10,546,30,0,car,0.9001413583755493,694.8350830078125,0.3062973022460937,927.1444091796876,120.6499481201172,810.98974609375,120.6499481201172,232.309326171875,120.3436508178711
10,547,30,0,car,0.8849378228187561,695.9841918945312,1.0821722745895386,922.6412353515624,101.18490600585938,809.3127136230469,101.18490600585938,226.65704345703125,100.10273373126984
10,548,30,0,car,0.9255967140197754,696.9638671875,0.7738875150680542,918.5250854492188,84.13492584228516,807.7444763183594,84.13492584228516,221.56121826171875,83.3610383272171
10,549,30,0,car,0.8171261548995972,697.5938720703125,0.1616210341453552,914.4032592773438,60.81610107421875,805.9985656738281,60.81610107421875,216.80938720703125,60.6544800400734
12,552,40,0,car,0.8753434419631958,687.1810302734375,836.0078735351562,1168.22265625,1050.719970703125,927.7018432617188,1050.719970703125,481.0416259765625,214.71209716796875
12,553,40,0,car,0.9546157121658324,675.0347290039062,771.5481567382812,1158.198486328125,1040.4471435546875,916.6166076660156,1040.4471435546875,483.1637573242188,268.89898681640625
12,554,40,0,car,0.9318848252296448,676.8756713867188,713.6376342773438,1168.7630615234375,1037.54931640625,922.819366455078,1037.54931640625,491.8873901367188,323.91168212890625
12,555,40,0,car,0.9366063475608826,677.6996459960938,662.871337890625,1180.1275634765625,1042.268310546875,928.913604736328,1042.268310546875,502.4279174804688,379.39697265625
12,556,40,0,car,0.9352551102638244,677.4069213867188,611.7202758789062,1180.210205078125,1045.363037109375,928.808563232422,1045.363037109375,502.8032836914063,433.6427612304688
12,557,40,0,car,0.9456034302711488,673.82470703125,566.8834838867188,1170.3507080078125,1045.2869873046875,922.0877075195312,1045.2869873046875,496.5260009765625,478.4035034179688
12,558,40,0,car,0.9507628083229064,674.3555297851562,526.96240234375,1157.2977294921875,1045.371826171875,915.826629638672,1045.371826171875,482.9421997070313,518.409423828125
12,559,40,0,car,0.9520156979560852,673.9352416992188,487.16650390625,1137.9974365234375,1006.616455078125,905.966339111328,1006.616455078125,464.0621948242188,519.449951171875
12,560,40,0,car,0.9420561790466307,675.8433837890625,447.8615417480469,1114.55712890625,947.356201171875,895.2002563476562,947.356201171875,438.7137451171875,499.4946594238281
12,561,40,0,car,0.944439709186554,675.4021606445312,410.3276672363281,1092.8897705078125,882.4524536132812,884.1459655761719,882.4524536132812,417.4876098632813,472.1247863769531
12,562,40,0,car,0.9463263750076294,677.2006225585938,375.0531005859375,1076.9146728515625,828.001953125,877.0576477050781,828.001953125,399.7140502929688,452.9488525390625
12,563,40,0,car,0.93928062915802,676.6655883789062,342.8400573730469,1062.8782958984375,774.68505859375,869.7719421386719,774.68505859375,386.2127075195313,431.8450012207031
12,564,40,0,car,0.9415133595466614,676.8864135742188,304.7729187011719,1051.1783447265625,716.23828125,864.0323791503906,716.23828125,374.29193115234375,411.4653625488281
12,565,40,0,car,0.9396963119506836,676.2811279296875,278.2315979003906,1042.9755859375,671.6163940429688,859.6283569335938,671.6163940429688,366.6944580078125,393.3847961425781
12,566,40,0,car,0.9367930293083192,675.2977294921875,246.148193359375,1032.2154541015625,621.091064453125,853.756591796875,621.091064453125,356.917724609375,374.94287109375
12,567,40,0,car,0.935100793838501,676.1426391601562,218.61575317382807,1021.5199584960938,579.7027587890625,848.831298828125,579.7027587890625,345.3773193359375,361.0870056152344
12,568,40,0,car,0.9272660613059998,676.9417724609375,192.5438690185547,1012.9532470703124,545.1571655273438,844.947509765625,545.1571655273438,336.011474609375,352.61329650878906
12,569,40,0,car,0.9289740920066832,676.2725830078125,165.11595153808594,1003.2931518554688,507.2756652832031,839.7828674316406,507.2756652832031,327.02056884765625,342.1597137451172
12,570,40,0,car,0.9371590614318848,677.7577514648438,149.16925048828125,997.9986572265624,487.0434265136719,837.8782043457031,487.0434265136719,320.24090576171875,337.8741760253906
12,571,40,0,car,0.9305813312530518,677.9739990234375,128.01991271972656,990.6448364257812,458.39300537109375,834.3094177246094,458.39300537109375,312.6708374023437,330.3730926513672
12,572,40,0,car,0.9337300062179564,677.9760131835938,103.3775863647461,982.5523681640624,425.9598388671875,830.2641906738281,425.9598388671875,304.57635498046875,322.5822525024414
12,573,40,0,car,0.93517005443573,678.3114013671875,79.53630828857422,975.8765258789062,392.1600036621094,827.0939636230469,392.1600036621094,297.56512451171875,312.6236953735352
12,574,40,0,car,0.930003583431244,679.578369140625,55.18046569824219,968.921875,360.6430358886719,824.2501220703125,360.6430358886719,289.343505859375,305.4625701904297
12,575,40,0,car,0.9295145869255066,680.4124145507812,34.46920394897461,964.372802734375,335.5157775878906,822.3926086425781,335.5157775878906,283.9603881835937,301.046573638916
12,576,40,0,car,0.9275016784667968,680.039794921875,16.77784538269043,955.9889526367188,300.74658203125,818.0143737792969,300.74658203125,275.9491577148437,283.9687366485596
12,577,40,0,car,0.9270746111869812,679.0233154296875,5.460988521575928,948.9312133789062,278.0318908691406,813.9772644042969,278.0318908691406,269.90789794921875,272.5709023475647
12,578,40,0,car,0.9231671094894408,679.2176513671875,0.0,940.0225219726562,250.73373413085932,809.6200866699219,250.73373413085932,260.80487060546875,250.73373413085932
12,579,40,0,car,0.9251325726509094,680.7457275390625,0.0,933.4677124023438,225.8944702148437,807.1067199707031,225.8944702148437,252.72198486328125,225.8944702148437
12,580,40,0,car,0.9204495549201964,679.521728515625,0.0,926.8816528320312,201.7667388916016,803.2016906738281,201.7667388916016,247.35992431640625,201.7667388916016
12,581,40,0,car,0.9242503643035888,679.3616943359375,0.0,921.88623046875,177.58731079101562,800.6239624023438,177.58731079101562,242.5245361328125,177.58731079101562
12,582,40,0,car,0.8978908658027649,682.5584716796875,0.0,916.7339477539062,156.5319061279297,799.6462097167969,156.5319061279297,234.17547607421875,156.5319061279297
12,583,40,0,car,0.904987931251526,680.960205078125,0.1356081813573837,910.7613525390624,139.9439239501953,795.8607788085938,139.9439239501953,229.8011474609375,139.80831576883793
12,584,40,0,car,0.9088549017906188,681.134033203125,0.6980976462364197,906.0392456054688,123.0239715576172,793.5866394042969,123.0239715576172,224.9052124023437,122.32587391138075
12,585,40,0,car,0.8816605806350708,683.2840576171875,1.3430936336517334,902.404296875,103.00985717773438,792.8441772460938,103.00985717773438,219.1202392578125,101.66676354408264
12,586,40,0,car,0.8727070093154907,685.2069091796875,1.931542992591858,899.7930908203125,84.37620544433594,792.5,84.37620544433594,214.586181640625,82.44466245174408
12,587,40,0,car,0.6812678575515747,686.8799438476562,0.5565981864929199,894.4992065429688,65.10924530029297,790.6895751953125,65.10924530029297,207.6192626953125,64.55264711380005
13,561,45,0,car,0.775121808052063,1470.22802734375,783.4337768554688,1904.787109375,1048.9815673828125,1687.507568359375,1048.9815673828125,434.55908203125,265.5477905273437
13,562,45,0,car,0.8947572708129883,1437.099609375,725.5746459960938,1907.397705078125,1051.1629638671875,1672.2486572265625,1051.1629638671875,470.298095703125,325.5883178710937
13,563,45,0,car,0.8068285584449768,1403.8197021484375,667.845947265625,1910.6077880859373,1056.6795654296875,1657.2137451171875,1056.6795654296875,506.7880859375,388.8336181640625
13,564,45,0,car,0.8682748079299927,1373.193359375,606.5302124023438,1909.4105224609373,1050.7303466796875,1641.3019409179688,1050.7303466796875,536.2171630859375,444.20013427734375
13,565,45,0,car,0.918260395526886,1346.9593505859375,555.8548583984375,1913.6070556640625,1055.0133056640625,1630.283203125,1055.0133056640625,566.647705078125,499.158447265625
13,566,45,0,car,0.9293280839920044,1320.5074462890625,512.1720581054688,1912.3590087890625,1051.5509033203125,1616.4332275390625,1051.5509033203125,591.8515625,539.3788452148438
13,567,45,0,car,0.9314008951187134,1297.9808349609375,470.894775390625,1912.6405029296875,1023.2758178710938,1605.3106689453125,1023.2758178710938,614.65966796875,552.3810424804688
13,568,45,0,car,0.9267353415489196,1276.8458251953125,432.8953247070313,1910.934814453125,967.5020751953124,1593.8903198242188,967.5020751953124,634.0889892578125,534.6067504882812
13,569,45,0,car,0.9030046463012696,1255.987548828125,388.4940490722656,1872.7100830078125,891.7005004882812,1564.3488159179688,891.7005004882812,616.7225341796875,503.2064514160156
13,570,45,0,car,0.9128504395484924,1244.159912109375,365.1104736328125,1843.7928466796875,853.7613525390625,1543.9763793945312,853.7613525390625,599.6329345703125,488.65087890625
13,571,45,0,car,0.913146436214447,1231.3333740234375,323.8917236328125,1800.5302734375,803.6878662109375,1515.9318237304688,803.6878662109375,569.1968994140625,479.796142578125
13,572,45,0,car,0.9316312670707704,1217.23486328125,291.3343811035156,1757.863525390625,745.6448974609375,1487.5491943359375,745.6448974609375,540.628662109375,454.3105163574219
13,573,45,0,car,0.9301721453666688,1199.123291015625,255.27072143554688,1715.075439453125,685.6044921875,1457.099365234375,685.6044921875,515.9521484375,430.3337707519531
13,574,45,0,car,0.9312535524368286,1183.9437255859375,220.42153930664065,1672.5191650390625,630.1622924804688,1428.2314453125,630.1622924804688,488.575439453125,409.7407531738281
13,575,45,0,car,0.9223235249519348,1167.8663330078125,188.3031463623047,1634.093017578125,577.37939453125,1400.9796752929688,577.37939453125,466.2266845703125,389.0762481689453
13,576,45,0,car,0.9000828266143799,1154.7694091796875,157.2125701904297,1598.2882080078125,532.0762329101562,1376.52880859375,532.0762329101562,443.518798828125,374.86366271972656
13,577,45,0,car,0.9288979768753052,1139.669189453125,130.39073181152344,1563.4053955078125,489.0011596679688,1351.5372924804688,489.0011596679688,423.7362060546875,358.6104278564453
13,578,45,0,car,0.9225777983665466,1127.90234375,102.8170394897461,1534.4364013671875,448.9498901367188,1331.1693725585938,448.9498901367188,406.5340576171875,346.13285064697266
13,579,45,0,car,0.8977882266044617,1115.5040283203125,75.0632095336914,1509.9940185546875,412.5464477539063,1312.7490234375,412.5464477539063,394.489990234375,337.48323822021484
13,580,45,0,car,0.909948229789734,1103.3046875,49.916603088378906,1484.591796875,378.4689025878906,1293.9482421875,378.4689025878906,381.287109375,328.5522994995117
13,581,45,0,car,0.9190284013748168,1093.9036865234375,25.97442054748535,1461.4822998046875,342.24005126953125,1277.6929931640625,342.24005126953125,367.57861328125,316.2656307220459
13,582,45,0,car,0.9235655069351196,1086.391357421875,6.065026760101318,1439.2550048828125,311.2840881347656,1262.8231811523438,311.2840881347656,352.8636474609375,305.2190613746643
13,583,45,0,car,0.922239065170288,1078.6591796875,0.0,1417.8975830078125,286.7559509277344,1248.2783813476562,286.7559509277344,339.2384033203125,286.7559509277344
13,584,45,0,car,0.918697953224182,1067.411865234375,0.0,1399.773193359375,264.4192199707031,1233.592529296875,264.4192199707031,332.361328125,264.4192199707031
13,585,45,0,car,0.8971600532531738,1056.9791259765625,0.0,1378.865966796875,233.25637817382807,1217.9225463867188,233.25637817382807,321.8868408203125,233.25637817382807
13,586,45,0,car,0.8897284269332886,1048.574462890625,0.0,1360.979736328125,210.03016662597656,1204.777099609375,210.03016662597656,312.4052734375,210.03016662597656
13,587,45,0,car,0.9057037234306335,1040.5399169921875,0.0,1342.1876220703125,181.30165100097656,1191.36376953125,181.30165100097656,301.647705078125,181.30165100097656
13,588,45,0,car,0.9019915461540222,1034.30322265625,0.0,1322.8616943359375,155.25265502929688,1178.5824584960938,155.25265502929688,288.5584716796875,155.25265502929688
13,589,45,0,car,0.8968948125839233,1025.83740234375,0.0,1309.7076416015625,134.39942932128906,1167.7725219726562,134.39942932128906,283.8702392578125,134.39942932128906
13,590,45,0,car,0.8853529691696167,1017.9619750976562,0.1285237669944763,1295.383544921875,113.66047668457033,1156.6727600097656,113.66047668457033,277.42156982421875,113.53195291757584
13,591,45,0,car,0.8708304762840271,1018.19580078125,0.0984194129705429,1279.615478515625,97.35877990722656,1148.9056396484375,97.35877990722656,261.419677734375,97.26036049425602
13,592,45,0,car,0.8678954839706421,1022.8241577148438,1.887415170669556,1265.7154541015625,78.94583129882812,1144.2698059082031,78.94583129882812,242.89129638671875,77.05841612815857
13,593,45,0,car,0.8559885025024414,1027.623779296875,1.6503612995147705,1254.8970947265625,63.11349868774414,1141.2604370117188,63.11349868774414,227.2733154296875,61.46313738822937
14,598,48,0,car,0.9412870407104492,664.18115234375,509.0592651367188,1118.835205078125,1050.8260498046875,891.5081787109375,1050.8260498046875,454.654052734375,541.7667846679688
14,599,48,0,car,0.9474528431892396,665.2200927734375,457.69189453125,1092.8629150390625,990.6196899414062,879.04150390625,990.6196899414062,427.642822265625,532.9277954101562
14,600,48,0,car,0.9458353519439696,663.2731323242188,417.6350708007813,1073.2100830078125,923.0089111328124,868.2416076660156,923.0089111328124,409.93695068359375,505.3738403320313
14,601,48,0,car,0.9442342519760132,663.9169921875,376.2408447265625,1057.1845703125,860.0609741210938,860.55078125,860.0609741210938,393.267578125,483.8201293945313
14,602,48,0,car,0.9494884610176086,662.54296875,340.876953125,1041.1414794921875,795.96826171875,851.8422241210938,795.96826171875,378.5985107421875,455.09130859375
14,603,48,0,car,0.9442243576049804,662.5242309570312,308.67547607421875,1029.8460693359375,739.9625244140625,846.1851501464844,739.9625244140625,367.3218383789063,431.28704833984375
14,604,48,0,car,0.9329979419708252,662.7066650390625,280.0386962890625,1019.1615600585938,690.8373413085938,840.9341125488281,690.8373413085938,356.45489501953125,410.7986450195313
14,605,48,0,car,0.9296063780784608,662.4868774414062,247.8272247314453,1008.3505249023438,641.7660522460938,835.418701171875,641.7660522460938,345.8636474609375,393.9388275146485
14,606,48,0,car,0.9214639663696288,664.2097778320312,225.2348175048828,995.4359741210938,595.1766357421875,829.8228759765625,595.1766357421875,331.2261962890625,369.9418182373047
14,607,48,0,car,0.9204318523406982,663.5907592773438,199.4095458984375,987.1534423828124,554.654541015625,825.3721008300781,554.654541015625,323.56268310546875,355.2449951171875
14,608,48,0,car,0.9227447509765624,663.9324340820312,171.35992431640625,978.762451171875,514.0809326171875,821.3474426269531,514.0809326171875,314.8300170898437,342.72100830078125
14,609,48,0,car,0.9255669713020324,662.877685546875,139.78042602539062,967.6102905273438,478.1353454589844,815.2439880371094,478.1353454589844,304.73260498046875,338.3549194335937
14,610,48,0,car,0.927717387676239,663.7322387695312,116.67989349365234,957.3967895507812,441.1054382324219,810.5645141601562,441.1054382324219,293.66455078125,324.4255447387696
14,611,48,0,car,0.9266310334205629,664.2417602539062,88.27288055419922,951.4408569335938,407.7862854003906,807.84130859375,407.7862854003906,287.1990966796875,319.5134048461914
14,612,48,0,car,0.9307367205619812,662.660888671875,65.20954132080078,945.006103515625,374.361328125,803.83349609375,374.361328125,282.34521484375,309.1517868041992
14,613,48,0,car,0.9337149262428284,658.8117065429688,39.54997634887695,937.4268188476562,344.0592041015625,798.1192626953125,344.0592041015625,278.6151123046875,304.50922775268555
14,614,48,0,car,0.9363287687301636,657.6144409179688,18.38893699645996,930.1461181640624,317.9521484375,793.8802795410156,317.9521484375,272.5316772460937,299.56321144104004
14,615,48,0,car,0.9283795952796936,655.8916015625,10.75946044921875,923.9457397460938,286.54168701171875,789.9186706542969,286.54168701171875,268.0541381835937,275.7822265625
14,616,48,0,car,0.926872968673706,656.8035888671875,0.4264797568321228,918.5486450195312,261.8638000488281,787.6761169433594,261.8638000488281,261.7450561523437,261.437320291996
14,617,48,0,car,0.9318804740905762,656.017822265625,0.0,913.0579223632812,237.03982543945312,784.5378723144531,237.03982543945312,257.04010009765625,237.03982543945312
14,618,48,0,car,0.930913746356964,657.2855224609375,0.0,909.3576049804688,213.8725433349609,783.3215637207031,213.8725433349609,252.07208251953125,213.8725433349609
14,619,48,0,car,0.934641659259796,656.1755981445312,0.0,903.7201538085938,190.64947509765625,779.9478759765625,190.64947509765625,247.5445556640625,190.64947509765625
14,620,48,0,car,0.9283486008644104,659.7156372070312,0.0,898.4166259765625,168.06837463378906,779.0661315917969,168.06837463378906,238.70098876953125,168.06837463378906
14,621,48,0,car,0.910975217819214,661.5025634765625,0.0,892.8829345703125,148.835693359375,777.1927490234375,148.835693359375,231.38037109375,148.835693359375
14,622,48,0,car,0.9033883810043336,661.4763793945312,0.0,886.8125,130.77415466308594,774.1444396972656,130.77415466308594,225.33612060546875,130.77415466308594
14,623,48,0,car,0.9065370559692384,663.6018676757812,0.0,881.2606811523438,110.72659301757812,772.4312744140625,110.72659301757812,217.6588134765625,110.72659301757812
14,624,48,0,car,0.9147937297821044,661.69384765625,0.0,876.9009399414062,92.90277099609376,769.2973937988281,92.90277099609376,215.20709228515625,92.90277099609376
14,625,48,0,car,0.8596821427345276,663.8326416015625,0.0,873.338134765625,71.58830261230469,768.5853881835938,71.58830261230469,209.5054931640625,71.58830261230469
14,626,48,0,car,0.7180975675582886,664.4495239257812,0.8841559886932373,834.6101684570312,51.35679626464844,749.5298461914062,51.35679626464844,170.16064453125,50.4726402759552
15,611,50,0,car,0.947504699230194,1364.7288818359375,492.9733581542969,1919.7144775390625,1057.1297607421875,1642.2216796875,1057.1297607421875,554.985595703125,564.1564025878906
15,612,50,0,car,0.9314635396003724,1342.05810546875,447.84130859375,1919.9014892578125,998.0477905273438,1630.9797973632812,998.0477905273438,577.8433837890625,550.2064819335938
15,613,50,0,car,0.9233166575431824,1320.384033203125,408.8198547363281,1919.927978515625,930.36962890625,1620.156005859375,930.36962890625,599.5439453125,521.5497741699219
15,614,50,0,car,0.932613730430603,1299.46044921875,369.6016540527344,1903.581298828125,863.4750366210938,1601.5208740234375,863.4750366210938,604.120849609375,493.8733825683594
15,615,50,0,car,0.9337785243988036,1276.43359375,334.457275390625,1862.3331298828125,798.544189453125,1569.3833618164062,798.544189453125,585.8995361328125,464.0869140625
15,616,50,0,car,0.931025505065918,1260.6876220703125,295.13720703125,1820.03466796875,744.0789794921875,1540.3611450195312,744.0789794921875,559.3470458984375,448.9417724609375
15,617,50,0,car,0.9323007464408876,1243.8778076171875,262.8549499511719,1772.778076171875,686.52099609375,1508.3279418945312,686.52099609375,528.9002685546875,423.6660461425781
15,618,50,0,car,0.9316397309303284,1229.354736328125,231.90591430664065,1732.0225830078125,635.2910766601562,1480.6886596679688,635.2910766601562,502.6678466796875,403.3851623535156
15,619,50,0,car,0.9471197128295898,1213.500244140625,198.2018280029297,1695.6513671875,582.7047119140625,1454.5758056640625,582.7047119140625,482.151123046875,384.5028839111328
15,620,50,0,car,0.9450690746307372,1196.8985595703125,168.25234985351562,1657.56884765625,542.2811279296875,1427.2337036132812,542.2811279296875,460.6702880859375,374.0287780761719
15,621,50,0,car,0.9411916732788086,1180.84423828125,143.25518798828125,1624.9329833984375,499.8743286132813,1402.8886108398438,499.8743286132813,444.0887451171875,356.619140625
15,622,50,0,car,0.9414942264556884,1170.0677490234375,114.9902801513672,1595.261962890625,456.1752624511719,1382.6648559570312,456.1752624511719,425.1942138671875,341.1849822998047
15,623,50,0,car,0.9189202785491944,1156.2071533203125,89.0561294555664,1561.8331298828125,423.2227478027344,1359.0201416015625,423.2227478027344,405.6259765625,334.166618347168
15,624,50,0,car,0.9269794821739196,1141.79052734375,64.15679168701172,1539.6187744140625,388.1779479980469,1340.7046508789062,388.1779479980469,397.8282470703125,324.0211563110352
15,625,50,0,car,0.9325734376907348,1130.343505859375,40.234989166259766,1516.603515625,355.0481872558594,1323.4735107421875,355.0481872558594,386.260009765625,314.8131980895996
15,626,50,0,car,0.927872359752655,1121.1683349609375,16.975326538085938,1495.28466796875,321.3719482421875,1308.2265014648438,321.3719482421875,374.1163330078125,304.3966217041016
15,627,50,0,car,0.9366106390953064,1112.5528564453125,0.0,1473.3831787109375,300.4114990234375,1292.968017578125,300.4114990234375,360.830322265625,300.4114990234375
15,628,50,0,car,0.9235682487487792,1102.68359375,0.0,1453.5943603515625,271.6921691894531,1278.1389770507812,271.6921691894531,350.9107666015625,271.6921691894531
15,629,50,0,car,0.925581991672516,1091.6156005859375,0.0,1431.59130859375,246.51046752929688,1261.6034545898438,246.51046752929688,339.9757080078125,246.51046752929688
15,630,50,0,car,0.921839952468872,1082.269287109375,0.0,1410.0960693359375,220.73403930664065,1246.1826782226562,220.73403930664065,327.8267822265625,220.73403930664065
15,631,50,0,car,0.9251956343650818,1074.7113037109375,0.0,1391.4163818359375,196.73126220703125,1233.0638427734375,196.73126220703125,316.705078125,196.73126220703125
15,632,50,0,car,0.907202422618866,1064.640380859375,0.0,1373.1868896484375,171.75392150878906,1218.9136352539062,171.75392150878906,308.5465087890625,171.75392150878906
15,633,50,0,car,0.9141547083854676,1054.4249267578125,0.0,1357.0345458984375,152.6505584716797,1205.729736328125,152.6505584716797,302.609619140625,152.6505584716797
15,634,50,0,car,0.8905935883522034,1049.0523681640625,0.0,1340.136474609375,131.57554626464844,1194.5944213867188,131.57554626464844,291.0841064453125,131.57554626464844
15,635,50,0,car,0.894476592540741,1041.82470703125,0.0,1323.94482421875,111.28590393066406,1182.884765625,111.28590393066406,282.1201171875,111.28590393066406
15,636,50,0,car,0.8765715956687927,1046.9320068359375,0.0,1310.2269287109375,95.9728546142578,1178.5794677734375,95.9728546142578,263.294921875,95.9728546142578
15,637,50,0,car,0.8662106990814209,1049.0360107421875,0.9343751072883606,1293.93701171875,74.41876220703125,1171.4865112304688,74.41876220703125,244.9010009765625,73.48438709974289
15,638,50,0,car,0.8095076680183411,1049.9771728515625,0.0433938689529895,1281.8330078125,56.37516784667969,1165.9050903320312,56.37516784667969,231.8558349609375,56.3317739777267
16,615,51,0,car,0.9463140964508056,0.8552494645118713,465.7145080566406,449.9661560058594,1017.1715087890624,225.4107027351856,1017.1715087890624,449.1109065413475,551.4570007324219
16,616,51,0,car,0.9465349316596984,0.4223496615886688,420.3975524902344,457.2329406738281,962.3853759765624,228.8276451677084,962.3853759765624,456.81059101223946,541.9878234863281
16,617,51,0,car,0.9431511759757996,1.2190375328063965,370.4059753417969,462.7841796875,899.7778930664062,232.0016086101532,899.7778930664062,461.5651421546936,529.3719177246094
16,618,51,0,car,0.9338867664337158,2.9406039714813232,330.3287658691406,465.9580078125,835.1213989257812,234.44930589199063,835.1213989257812,463.0174038410187,504.7926330566406
16,619,51,0,car,0.95116925239563,13.05929183959961,293.46954345703125,470.836181640625,772.1712646484375,241.9477367401123,772.1712646484375,457.7768898010254,478.7017211914063
16,620,51,0,car,0.9373899698257446,32.92258834838867,257.5978698730469,474.8646545410156,714.51025390625,253.8936214447021,714.51025390625,441.94206619262695,456.9123840332031
16,621,51,0,car,0.9315545558929444,58.44605255126953,224.73385620117188,483.4815979003906,654.343994140625,270.9638252258301,654.343994140625,425.0355453491211,429.6101379394531
16,622,51,0,car,0.9548075795173644,80.52590942382812,194.62063598632807,487.7297058105469,595.9827270507812,284.1278076171875,595.9827270507812,407.2037963867188,401.3620910644531
16,623,51,0,car,0.9327598810195924,101.45906829833984,162.73312377929688,494.4508972167969,550.8099365234375,297.9549827575684,550.8099365234375,392.991828918457,388.0768127441406
16,624,51,0,car,0.907518744468689,121.111572265625,133.01226806640625,497.7138977050781,506.8153991699219,309.4127349853516,506.8153991699219,376.6023254394531,373.8031311035156
16,625,51,0,car,0.9017205238342284,139.4510955810547,105.9867172241211,496.245361328125,465.8293762207031,317.84822845458984,465.8293762207031,356.7942657470703,359.84265899658203
16,626,51,0,car,0.9289752840995787,157.40603637695312,76.05805969238281,502.5982666015625,424.7330932617188,330.0021514892578,424.7330932617188,345.1922302246094,348.67503356933594
16,627,51,0,car,0.933824896812439,170.5266876220703,51.41404342651367,504.132080078125,387.0923461914063,337.32938385009766,387.0923461914063,333.6053924560547,335.6783027648926
16,628,51,0,car,0.9196785688400269,182.92713928222656,28.492923736572266,504.6513977050781,354.8100891113281,343.78926849365234,354.8100891113281,321.7242584228516,326.31716537475586
16,629,51,0,car,0.9302935004234314,193.9286499023437,8.640870094299316,509.1023559570313,322.7667541503906,351.5155029296875,322.7667541503906,315.1737060546875,314.1258840560913
16,630,51,0,car,0.9286070466041564,207.5972137451172,0.0,512.781494140625,293.7101745605469,360.1893539428711,293.7101745605469,305.1842803955078,293.7101745605469
16,631,51,0,car,0.9308647513389589,216.89198303222656,0.0,516.7024536132812,265.2845764160156,366.7972183227539,265.2845764160156,299.8104705810547,265.2845764160156
16,632,51,0,car,0.922476887702942,227.772216796875,0.0,519.6534423828125,236.2046813964844,373.71282958984375,236.2046813964844,291.8812255859375,236.2046813964844
16,633,51,0,car,0.916671633720398,238.4647827148437,0.0,524.6279296875,211.08648681640625,381.5463562011719,211.08648681640625,286.16314697265625,211.08648681640625
16,634,51,0,car,0.924163579940796,247.529037475586,0.0,528.6451416015625,183.56961059570312,388.0870895385742,183.56961059570312,281.11610412597656,183.56961059570312
16,635,51,0,car,0.9156569242477416,257.6461486816406,0.0,534.67333984375,160.9980010986328,396.1597442626953,160.9980010986328,277.0271911621094,160.9980010986328
16,636,51,0,car,0.9162946343421936,265.2712707519531,0.0,537.5498657226562,139.76419067382812,401.4105682373047,139.76419067382812,272.2785949707031,139.76419067382812
16,637,51,0,car,0.9035606980323792,275.6791076660156,0.0,533.4224243164062,118.6261978149414,404.5507659912109,118.6261978149414,257.7433166503906,118.6261978149414
16,638,51,0,car,0.8904801607131958,281.18170166015625,0.5377206206321716,532.7457885742188,97.01557159423828,406.9637451171875,97.01557159423828,251.5640869140625,96.47785097360612
16,639,51,0,car,0.8779251575469971,291.4082946777344,1.1476994752883911,528.735595703125,70.99523162841797,410.0719451904297,70.99523162841797,237.32730102539065,69.84753215312958
16,640,51,0,car,0.8086867332458496,301.6426696777344,0.0,526.9608154296875,51.292747497558594,414.3017425537109,51.292747497558594,225.31814575195312,51.292747497558594
17,630,52,0,car,0.9504266381263732,631.7644653320312,455.688232421875,1096.3182373046875,1044.59326171875,864.0413513183594,1044.59326171875,464.55377197265625,588.905029296875
17,631,52,0,car,0.9468762874603271,632.2781982421875,414.2978515625,1079.8917236328125,987.3062744140624,856.0849609375,987.3062744140624,447.613525390625,573.0084228515625
17,632,52,0,car,0.9506629705429076,628.8572998046875,374.5772399902344,1063.541748046875,923.5416870117188,846.1995239257812,923.5416870117188,434.6844482421875,548.9644470214844
17,633,52,0,car,0.9381392002105712,626.4359130859375,343.28253173828125,1046.4053955078125,860.235595703125,836.420654296875,860.235595703125,419.969482421875,516.9530639648438
17,634,52,0,car,0.9471330642700196,626.7062377929688,307.7088317871094,1033.4129638671875,795.91162109375,830.0596008300781,795.91162109375,406.7067260742188,488.2027893066406
17,635,52,0,car,0.9352685809135436,626.150634765625,276.4126281738281,1020.7120971679688,741.5595092773438,823.4313659667969,741.5595092773438,394.56146240234375,465.1468811035156
17,636,52,0,car,0.929385542869568,627.5853271484375,245.13070678710932,1006.5208740234376,688.439453125,817.0531005859375,688.439453125,378.935546875,443.3087463378906
17,637,52,0,car,0.9253647327423096,630.2598876953125,210.93374633789065,991.5902099609376,643.4254150390625,810.925048828125,643.4254150390625,361.330322265625,432.4916687011719
17,638,52,0,car,0.9327709674835204,627.008056640625,187.5416412353516,979.5624389648438,590.8380126953125,803.2852478027344,590.8380126953125,352.55438232421875,403.29637145996094
17,639,52,0,car,0.9209125638008118,627.0225219726562,159.56094360351562,972.51904296875,548.7293090820312,799.7707824707031,548.7293090820312,345.4965209960937,389.1683654785156
17,640,52,0,car,0.9266357421875,625.9130249023438,131.76670837402344,965.7333374023438,511.2213134765625,795.8231811523438,511.2213134765625,339.8203125,379.4546051025391
17,641,52,0,car,0.9215923547744752,624.2952270507812,108.5543212890625,957.6657104492188,475.2028503417969,790.98046875,475.2028503417969,333.3704833984375,366.6485290527344
17,642,52,0,car,0.9153599739074708,623.2877197265625,86.10052490234375,948.3392333984376,440.4659423828125,785.8134765625,440.4659423828125,325.051513671875,354.36541748046875
17,643,52,0,car,0.9197785258293152,621.65283203125,60.455360412597656,941.4649658203124,404.79296875,781.5588989257812,404.79296875,319.8121337890625,344.33760833740234
17,644,52,0,car,0.9294695854187012,626.1776733398438,30.065853118896484,932.8816528320312,370.8122253417969,779.5296630859375,370.8122253417969,306.7039794921875,340.7463722229004
17,645,52,0,car,0.9253459572792052,627.446533203125,13.259236335754396,925.5951538085938,342.272216796875,776.5208435058594,342.272216796875,298.14862060546875,329.0129804611206
17,646,52,0,car,0.9365535378456116,628.6686401367188,0.0,920.3233642578124,311.8699035644531,774.4960021972656,311.8699035644531,291.6547241210937,311.8699035644531
17,647,52,0,car,0.9205716848373412,631.735595703125,0.0,916.1181640625,285.6683349609375,773.9268798828125,285.6683349609375,284.382568359375,285.6683349609375
17,648,52,0,car,0.9180660247802734,633.954345703125,0.0,910.5726318359376,261.8703308105469,772.2634887695312,261.8703308105469,276.6182861328125,261.8703308105469
17,649,52,0,car,0.9187590479850768,635.3723754882812,0.0,904.09375,235.7797698974609,769.7330627441406,235.7797698974609,268.72137451171875,235.7797698974609
17,650,52,0,car,0.9232269525527954,637.6510009765625,0.0,899.5457763671875,212.44757080078125,768.598388671875,212.44757080078125,261.894775390625,212.44757080078125
17,651,52,0,car,0.9310844540596008,640.9664306640625,0.0,894.8930053710938,187.29966735839844,767.9297180175781,187.29966735839844,253.92657470703125,187.29966735839844
17,652,52,0,car,0.923938512802124,641.0609130859375,0.0,891.7827758789062,167.4251708984375,766.4218444824219,167.4251708984375,250.72186279296875,167.4251708984375
17,653,52,0,car,0.911080539226532,643.7337036132812,0.0,886.5780639648438,151.4494171142578,765.1558837890625,151.4494171142578,242.8443603515625,151.4494171142578
17,654,52,0,car,0.909368097782135,642.5507202148438,0.0,877.9219360351562,129.4031219482422,760.236328125,129.4031219482422,235.3712158203125,129.4031219482422
17,655,52,0,car,0.903911828994751,641.6162109375,0.0,873.1572875976562,111.09127807617188,757.3867492675781,111.09127807617188,231.54107666015625,111.09127807617188
17,656,52,0,car,0.8746428489685059,641.7044067382812,0.8504546880722046,872.230224609375,95.05322265625,756.9673156738281,95.05322265625,230.5258178710937,94.2027679681778
17,657,52,0,car,0.8770890831947327,642.2245483398438,1.240534424781799,866.8649291992188,74.19425201416016,754.5447387695312,74.19425201416016,224.640380859375,72.95371758937836
17,658,52,0,car,0.84218430519104,643.3533935546875,0.7524076700210571,864.240966796875,60.87171173095703,753.7971801757812,60.87171173095703,220.8875732421875,60.11930406093597
18,753,55,0,car,0.9422913193702698,631.4784545898438,450.94476318359375,1127.53662109375,1058.07373046875,879.5075378417969,1058.07373046875,496.0581665039063,607.1289672851562
18,754,55,0,car,0.9304867386817932,629.0148315429688,404.8229064941406,1099.553466796875,994.7847900390624,864.2841491699219,994.7847900390624,470.5386352539063,589.9618835449219
18,755,55,0,car,0.9488699436187744,628.0892944335938,361.4266052246094,1077.0458984375,915.8304443359376,852.5675964355469,915.8304443359376,448.9566040039063,554.4038391113281
18,756,55,0,car,0.9373584985733032,627.5387573242188,317.7309265136719,1059.9971923828125,839.5115966796875,843.7679748535156,839.5115966796875,432.45843505859375,521.7806701660156
18,757,55,0,car,0.9169842004776,632.744140625,289.7998046875,1040.9080810546875,767.014892578125,836.8261108398438,767.014892578125,408.1639404296875,477.215087890625
18,758,55,0,car,0.9427550435066224,637.0282592773438,251.22840881347656,1023.7896728515624,699.17578125,830.4089660644531,699.17578125,386.7614135742188,447.9473724365234
18,759,55,0,car,0.9335463047027588,638.2362670898438,216.24624633789065,1011.25,639.6231689453125,824.7431335449219,639.6231689453125,373.01373291015625,423.3769226074219
18,760,55,0,car,0.9339991807937622,629.893310546875,183.0662841796875,998.3577880859376,581.8577270507812,814.1255493164062,581.8577270507812,368.4644775390625,398.79144287109375
18,761,55,0,car,0.928386688232422,627.7650756835938,156.89698791503906,984.525390625,531.9036865234375,806.1452331542969,531.9036865234375,356.76031494140625,375.0066986083984
18,762,55,0,car,0.9140539169311525,627.1240234375,126.51104736328124,976.160400390625,484.3688354492188,801.6422119140625,484.3688354492188,349.036376953125,357.8577880859375
18,763,55,0,car,0.9170638918876648,631.2989501953125,103.45299530029295,967.7975463867188,440.8330078125,799.5482482910156,440.8330078125,336.49859619140625,337.38001251220703
18,764,55,0,car,0.9174113273620604,634.7803955078125,83.69035339355469,955.8645629882812,400.0364685058594,795.3224792480469,400.0364685058594,321.08416748046875,316.3461151123047
18,765,55,0,car,0.925610899925232,633.7052612304688,62.820945739746094,944.7347412109376,360.6586608886719,789.2200012207031,360.6586608886719,311.02947998046875,297.8377151489258
18,766,55,0,car,0.9256156086921692,632.9820556640625,37.90521240234375,937.6148681640624,321.3094177246094,785.2984619140625,321.3094177246094,304.6328125,283.4042053222656
18,767,55,0,car,0.9269440174102784,629.2214965820312,17.30960464477539,931.0131225585938,297.9344177246094,780.1173095703125,297.9344177246094,301.7916259765625,280.624813079834
18,768,55,0,car,0.9187167882919312,628.9603881835938,0.0,925.6495971679688,264.2418518066406,777.3049926757812,264.2418518066406,296.689208984375,264.2418518066406
18,769,55,0,car,0.9157457947731018,628.1930541992188,0.0,917.493896484375,231.55889892578125,772.8434753417969,231.55889892578125,289.30084228515625,231.55889892578125
18,770,55,0,car,0.9205896258354188,628.9846801757812,0.0,912.7175903320312,204.13319396972656,770.8511352539062,204.13319396972656,283.73291015625,204.13319396972656
18,771,55,0,car,0.924085021018982,629.1437377929688,0.0,906.1051025390624,176.32923889160156,767.6244201660156,176.32923889160156,276.9613647460937,176.32923889160156
18,772,55,0,car,0.9155093431472778,629.8731079101562,0.0507845692336559,897.5911254882812,151.83839416503906,763.7321166992188,151.83839416503906,267.718017578125,151.7876095958054
18,773,55,0,car,0.9048346281051636,630.84033203125,0.0,888.1927490234375,131.10508728027344,759.5165405273438,131.10508728027344,257.3524169921875,131.10508728027344
18,774,55,0,car,0.9127106070518494,631.5629272460938,0.0,882.2062377929688,112.3134765625,756.8845825195312,112.3134765625,250.643310546875,112.3134765625
18,775,55,0,car,0.8606361150741577,633.6546020507812,1.2218098640441897,877.0277099609375,89.15409851074219,755.3411560058594,89.15409851074219,243.37310791015625,87.932288646698
18,776,55,0,car,0.8777855038642883,634.677978515625,1.717347502708435,873.5145263671875,69.38484954833984,754.0962524414062,69.38484954833984,238.8365478515625,67.66750204563141
19,827,57,0,car,0.9429435729980468,655.4695434570312,472.4653015136719,1100.6329345703125,1015.59423828125,878.0512390136719,1015.59423828125,445.1633911132813,543.1289367675781
19,828,57,0,car,0.941426694393158,656.402587890625,430.3723449707031,1083.378662109375,951.0635375976562,869.890625,951.0635375976562,426.97607421875,520.6911926269531
19,829,57,0,car,0.9467816948890686,653.9981689453125,387.1532287597656,1066.1083984375,882.4981079101562,860.0532836914062,882.4981079101562,412.1102294921875,495.3448791503906
19,830,57,0,car,0.9353193640708924,655.1183471679688,350.2821960449219,1051.8162841796875,816.3526000976562,853.4673156738281,816.3526000976562,396.6979370117188,466.0704040527344
19,831,57,0,car,0.9432671666145324,656.322021484375,310.3974914550781,1039.5716552734375,755.4860229492188,847.9468383789062,755.4860229492188,383.2496337890625,445.0885314941406
19,832,57,0,car,0.9410229325294496,657.1375122070312,277.3241271972656,1026.6934814453125,696.6588745117188,841.9154968261719,696.6588745117188,369.5559692382813,419.3347473144531
19,833,57,0,car,0.936412274837494,658.3944091796875,247.57139587402344,1016.7352905273438,644.947509765625,837.5648498535156,644.947509765625,358.34088134765625,397.3761138916016
19,834,57,0,car,0.9203340411186218,659.9513549804688,216.67662048339844,1003.0908813476562,595.106689453125,831.5211181640625,595.106689453125,343.1395263671875,378.43006896972656
19,835,57,0,car,0.9199205040931702,659.2815551757812,188.25390625,994.1456909179688,549.962890625,826.713623046875,549.962890625,334.8641357421875,361.708984375
19,836,57,0,car,0.9185349941253662,657.2733764648438,160.0061492919922,981.3171997070312,506.8401184082031,819.2952880859375,506.8401184082031,324.0438232421875,346.83396911621094
19,837,57,0,car,0.9266379475593568,652.9031982421875,132.75927734375,974.3538208007812,466.3521728515625,813.6285095214844,466.3521728515625,321.4506225585937,333.5928955078125
19,838,57,0,car,0.9185022115707396,651.5157470703125,107.99996185302734,964.1361083984376,429.7386169433594,807.825927734375,429.7386169433594,312.620361328125,321.73865509033203
19,839,57,0,car,0.917770504951477,652.749267578125,79.14668273925781,954.5547485351562,395.2056884765625,803.6520080566406,395.2056884765625,301.80548095703125,316.0590057373047
19,840,57,0,car,0.926003873348236,658.4446411132812,60.17975997924805,944.2831420898438,360.3153076171875,801.3638916015625,360.3153076171875,285.8385009765625,300.13554763793945
19,841,57,0,car,0.9282182455062866,658.8678588867188,34.178897857666016,937.0687866210938,326.4017944335937,797.9683227539062,326.4017944335937,278.200927734375,292.22289657592773
19,842,57,0,car,0.9267305135726928,656.5352783203125,12.864893913269045,929.72900390625,305.4144592285156,793.1321411132812,305.4144592285156,273.1937255859375,292.5495653152466
19,843,57,0,car,0.9202329516410828,656.0676879882812,0.0,925.0289306640624,276.5590515136719,790.5483093261719,276.5590515136719,268.96124267578125,276.5590515136719
19,844,57,0,car,0.91892671585083,657.328369140625,0.0,920.2657470703124,249.9124298095703,788.7970581054688,249.9124298095703,262.9373779296875,249.9124298095703
19,845,57,0,car,0.9248964190483092,657.3095703125,0.0,916.4722900390624,222.2596435546875,786.8909301757812,222.2596435546875,259.1627197265625,222.2596435546875
19,846,57,0,car,0.9197842478752136,658.6638793945312,0.0,910.9236450195312,197.510986328125,784.7937622070312,197.510986328125,252.259765625,197.510986328125
19,847,57,0,car,0.9222628474235536,655.9002075195312,0.0,907.1121826171876,173.50938415527344,781.5061950683594,173.50938415527344,251.21197509765625,173.50938415527344
19,848,57,0,car,0.9153380393981934,657.0152587890625,0.0,899.6661987304688,151.99966430664062,778.3407287597656,151.99966430664062,242.65093994140625,151.99966430664062
19,849,57,0,car,0.8980879783630371,659.9578247070312,0.0,893.3675537109375,129.48365783691406,776.6626892089844,129.48365783691406,233.40972900390625,129.48365783691406
19,850,57,0,car,0.9072968363761902,662.0057983398438,0.0,886.7538452148438,107.8491668701172,774.3798217773438,107.8491668701172,224.748046875,107.8491668701172
19,851,57,0,car,0.8755537867546082,661.8717041015625,0.3383300304412842,883.0194091796875,91.4806671142578,772.445556640625,91.4806671142578,221.147705078125,91.14233708381651
19,852,57,0,car,0.8645020127296448,661.21240234375,1.7508249282836914,881.55078125,73.08795166015625,771.381591796875,73.08795166015625,220.33837890625,71.33712673187256
19,853,57,0,car,0.8338290452957153,662.4291381835938,0.5675782561302185,877.5086669921875,57.50945281982422,769.9689025878906,57.50945281982422,215.0795288085937,56.941874563694
20,836,58,0,car,0.9248473644256592,1316.6712646484375,448.9096374511719,1919.4024658203125,1001.1452026367188,1618.036865234375,1001.1452026367188,602.731201171875,552.2355651855469
20,837,58,0,car,0.9347188472747804,1294.477294921875,403.381103515625,1887.890625,930.4503784179688,1591.1839599609375,930.4503784179688,593.413330078125,527.0692749023438
20,838,58,0,car,0.9382798075675964,1270.021484375,365.09906005859375,1844.8123779296875,864.4711303710938,1557.4169311523438,864.4711303710938,574.7908935546875,499.3720703125
20,839,58,0,car,0.9243091344833374,1248.6982421875,329.159423828125,1796.21875,797.7677612304688,1522.45849609375,797.7677612304688,547.5205078125,468.60833740234375
20,840,58,0,car,0.9388740658760072,1231.9385986328125,285.76629638671875,1751.274169921875,738.6696166992188,1491.6063842773438,738.6696166992188,519.3355712890625,452.9033203125
20,841,58,0,car,0.9293900728225708,1216.9652099609375,258.9518737792969,1707.7857666015625,679.5335693359375,1462.37548828125,679.5335693359375,490.820556640625,420.5816955566406
20,842,58,0,car,0.934952199459076,1200.2318115234375,226.5609436035156,1664.906005859375,625.6190185546875,1432.5689086914062,625.6190185546875,464.6741943359375,399.0580749511719
20,843,58,0,car,0.9397814869880676,1182.947021484375,196.1133728027344,1625.7357177734375,569.8129272460938,1404.3413696289062,569.8129272460938,442.7886962890625,373.6995544433594
20,844,58,0,car,0.939464032649994,1171.4183349609375,167.66241455078125,1592.8511962890625,526.4559936523438,1382.134765625,526.4559936523438,421.432861328125,358.7935791015625
20,845,58,0,car,0.9299092292785645,1156.2852783203125,138.7229766845703,1560.30126953125,480.621826171875,1358.2932739257812,480.621826171875,404.0159912109375,341.8988494873047
20,846,58,0,car,0.9116674661636353,1140.755126953125,112.11329650878906,1531.2679443359375,441.0972900390625,1336.0115356445312,441.0972900390625,390.5128173828125,328.98399353027344
20,847,58,0,car,0.925417423248291,1129.50634765625,86.61902618408203,1504.4149169921875,403.2936096191406,1316.9606323242188,403.2936096191406,374.9085693359375,316.6745834350586
20,848,58,0,car,0.9327493906021118,1119.9130859375,64.61558532714844,1480.6768798828125,366.2485046386719,1300.2949829101562,366.2485046386719,360.7637939453125,301.63291931152344
20,849,58,0,car,0.9226834774017334,1111.011474609375,38.76137924194336,1455.6412353515625,331.7991027832031,1283.3263549804688,331.7991027832031,344.6297607421875,293.03772354125977
20,850,58,0,car,0.924127757549286,1098.7294921875,17.101408004760742,1433.7833251953125,301.5665588378906,1266.2564086914062,301.5665588378906,335.0538330078125,284.4651508331299
20,851,58,0,car,0.92105633020401,1088.1968994140625,0.0,1411.56982421875,273.4642944335937,1249.8833618164062,273.4642944335937,323.3729248046875,273.4642944335937
20,852,58,0,car,0.9204267859458924,1079.2667236328125,0.0,1392.9432373046875,249.8264617919922,1236.10498046875,249.8264617919922,313.676513671875,249.8264617919922
20,853,58,0,car,0.9188242554664612,1070.436767578125,0.0,1371.7469482421875,221.8397674560547,1221.0918579101562,221.8397674560547,301.3101806640625,221.8397674560547
20,854,58,0,car,0.9143571853637696,1063.2152099609375,0.0,1352.1265869140625,192.8087921142578,1207.6708984375,192.8087921142578,288.911376953125,192.8087921142578
20,855,58,0,car,0.9188538193702698,1055.7496337890625,0.0,1336.167236328125,165.91844177246094,1195.9584350585938,165.91844177246094,280.4176025390625,165.91844177246094
20,856,58,0,car,0.8900848031044006,1047.6893310546875,0.0,1321.4505615234375,144.69549560546875,1184.5699462890625,144.69549560546875,273.76123046875,144.69549560546875
20,857,58,0,car,0.8926621675491333,1041.3900146484375,0.0,1305.744384765625,118.13409423828124,1173.5671997070312,118.13409423828124,264.3543701171875,118.13409423828124
20,858,58,0,car,0.891049861907959,1035.6405029296875,0.0,1290.33349609375,102.1054458618164,1162.9869995117188,102.1054458618164,254.6929931640625,102.1054458618164
20,859,58,0,car,0.8541052341461182,1036.16943359375,0.82867032289505,1276.442138671875,87.98177337646484,1156.3057861328125,87.98177337646484,240.272705078125,87.1531030535698
20,860,58,0,car,0.882927656173706,1047.3365478515625,0.0,1263.3380126953125,68.3862075805664,1155.3372802734375,68.3862075805664,216.00146484375,68.3862075805664
20,861,58,0,car,0.8070126175880432,1045.746337890625,0.0,1251.90478515625,52.61251068115234,1148.8255615234375,52.61251068115234,206.158447265625,52.61251068115234
21,868,60,0,car,0.9363555312156676,1212.6312255859375,450.1189270019531,1898.892822265625,1037.1124267578125,1555.7620239257812,1037.1124267578125,686.2615966796875,586.9934997558594
21,869,60,0,car,0.9300686120986938,1199.683837890625,398.73931884765625,1856.2733154296875,967.21923828125,1527.9785766601562,967.21923828125,656.5894775390625,568.4799194335938
21,870,60,0,car,0.9376032948493958,1181.9482421875,356.52655029296875,1803.275390625,899.2581176757812,1492.61181640625,899.2581176757812,621.3271484375,542.7315673828125
21,871,60,0,car,0.9396044611930848,1162.8299560546875,309.6871643066406,1754.4266357421875,826.3876342773438,1458.6282958984375,826.3876342773438,591.5966796875,516.7004699707031
21,872,60,0,car,0.9331451058387756,1150.7530517578125,274.5716247558594,1708.9715576171875,765.6856689453125,1429.8623046875,765.6856689453125,558.218505859375,491.1140441894531
21,873,60,0,car,0.9367409348487854,1138.28271484375,241.45469665527344,1665.4814453125,702.9209594726562,1401.882080078125,702.9209594726562,527.19873046875,461.4662628173828
21,874,60,0,car,0.9434326887130736,1126.4307861328125,206.805908203125,1626.5587158203125,650.076416015625,1376.4947509765625,650.076416015625,500.1279296875,443.2705078125
21,875,60,0,car,0.9343537092208862,1112.1396484375,177.5517120361328,1589.3031005859375,595.3204956054688,1350.7213745117188,595.3204956054688,477.1634521484375,417.768783569336
21,876,60,0,car,0.9329363107681274,1100.1385498046875,149.7122802734375,1553.646240234375,549.2260131835938,1326.8923950195312,549.2260131835938,453.5076904296875,399.51373291015625
21,877,60,0,car,0.9471393823623656,1086.3204345703125,121.13190460205078,1523.3505859375,505.7447204589844,1304.8355102539062,505.7447204589844,437.0301513671875,384.6128158569336
21,878,60,0,car,0.9426552653312684,1075.0006103515625,93.8749771118164,1498.151123046875,468.6246337890625,1286.5758666992188,468.6246337890625,423.1505126953125,374.7496566772461
21,879,60,0,car,0.918529748916626,1063.8699951171875,68.66239166259766,1474.359130859375,430.1089172363281,1269.1145629882812,430.1089172363281,410.4891357421875,361.44652557373047
21,880,60,0,car,0.9199023842811584,1052.758056640625,44.86408233642578,1447.9542236328125,396.0935363769531,1250.3561401367188,396.0935363769531,395.1961669921875,351.22945404052734
21,881,60,0,car,0.92103111743927,1044.2210693359375,19.6280460357666,1426.0123291015625,360.7181091308594,1235.11669921875,360.7181091308594,381.791259765625,341.0900630950928
21,882,60,0,car,0.9265698790550232,1035.439697265625,0.6218121647834778,1404.9136962890625,326.0942687988281,1220.1766967773438,326.0942687988281,369.4739990234375,325.47245663404465
21,883,60,0,car,0.9246995449066162,1027.0687255859375,0.0,1384.2943115234375,302.6740417480469,1205.6815185546875,302.6740417480469,357.2255859375,302.6740417480469
21,884,60,0,car,0.92695552110672,1016.2247314453124,0.0,1365.29248046875,276.27593994140625,1190.7586059570312,276.27593994140625,349.0677490234375,276.27593994140625
21,885,60,0,car,0.927536964416504,1008.486083984375,0.0,1347.0498046875,248.40792846679688,1177.7679443359375,248.40792846679688,338.563720703125,248.40792846679688
21,886,60,0,car,0.9146352410316468,1002.6704711914062,0.0,1329.72802734375,221.1839599609375,1166.199249267578,221.1839599609375,327.0575561523437,221.1839599609375
21,887,60,0,car,0.9173397421836852,992.8236694335938,0.0,1311.62158203125,197.2352905273437,1152.222625732422,197.2352905273437,318.79791259765625,197.2352905273437
21,888,60,0,car,0.9153432250022888,987.3794555664062,0.0,1293.4560546875,169.6610565185547,1140.4177551269531,169.6610565185547,306.0765991210937,169.6610565185547
21,889,60,0,car,0.9043798446655272,983.6320190429688,0.0,1277.3856201171875,152.9504852294922,1130.508819580078,152.9504852294922,293.75360107421875,152.9504852294922
21,890,60,0,car,0.9008613228797911,978.86962890625,0.0,1264.2222900390625,134.9901885986328,1121.5459594726562,134.9901885986328,285.3526611328125,134.9901885986328
21,891,60,0,car,0.8973486423492432,975.99755859375,0.0,1249.8529052734375,115.13855743408205,1112.9252319335938,115.13855743408205,273.8553466796875,115.13855743408205
21,892,60,0,car,0.8797505497932434,977.0438232421876,0.8588939905166626,1237.578857421875,94.39144134521484,1107.3113403320312,94.39144134521484,260.5350341796875,93.53254735469818
21,893,60,0,car,0.8684940934181213,978.8887329101562,1.3287086486816406,1224.41455078125,73.73786163330078,1101.6516418457031,73.73786163330078,245.5258178710937,72.40915298461914
21,894,60,0,car,0.8042798042297363,979.0271606445312,0.1767533272504806,1210.9871826171875,52.62234115600586,1095.0071716308594,52.62234115600586,231.96002197265625,52.44558782875538
22,890,62,0,car,0.940256118774414,644.9583740234375,478.74810791015625,1084.5804443359375,1029.760498046875,864.7694091796875,1029.760498046875,439.6220703125,551.0123901367188
22,891,62,0,car,0.944118082523346,645.2723388671875,431.7085571289063,1064.8389892578125,959.7849731445312,855.0556640625,959.7849731445312,419.566650390625,528.076416015625
22,892,62,0,car,0.9537138938903807,645.3482666015625,384.6140747070313,1048.3729248046875,889.6213989257812,846.860595703125,889.6213989257812,403.024658203125,505.00732421875
22,893,62,0,car,0.9385401606559752,645.1067504882812,343.7975769042969,1030.73388671875,817.5016479492188,837.9203186035156,817.5016479492188,385.6271362304688,473.7040710449219
22,894,62,0,car,0.9437397122383118,646.1881103515625,299.71710205078125,1015.9717407226562,752.2183837890625,831.0799255371094,752.2183837890625,369.78363037109375,452.5012817382813
22,895,62,0,car,0.9102120399475098,643.5875244140625,270.0632629394531,1002.5142211914062,692.1336669921875,823.0508728027344,692.1336669921875,358.9266967773437,422.0704040527344
22,896,62,0,car,0.9299972653388976,644.8001098632812,239.5146484375,991.8075561523438,637.8466796875,818.3038330078125,637.8466796875,347.0074462890625,398.33203125
22,897,62,0,car,0.918847680091858,645.9020385742188,205.5211639404297,979.7319946289062,587.6962890625,812.8170166015625,587.6962890625,333.8299560546875,382.1751251220703
22,898,62,0,car,0.9265143275260924,644.2429809570312,173.34622192382812,969.97021484375,540.2105102539062,807.1065979003906,540.2105102539062,325.72723388671875,366.8642883300781
22,899,62,0,car,0.9236111640930176,643.5866088867188,140.4890594482422,958.239501953125,495.427001953125,800.9130554199219,495.427001953125,314.65289306640625,354.9379425048828
22,900,62,0,car,0.9291172027587892,642.3816528320312,112.99685668945312,948.5405883789062,456.5213317871094,795.4611206054688,456.5213317871094,306.158935546875,343.52447509765625
22,901,62,0,car,0.9302476644515992,644.4972534179688,93.0073699951172,941.880859375,417.3525085449219,793.1890563964844,417.3525085449219,297.38360595703125,324.3451385498047
22,902,62,0,car,0.9312417507171632,647.4360961914062,66.96099090576172,934.1668090820312,381.6128540039063,790.8014526367188,381.6128540039063,286.730712890625,314.65186309814453
22,903,62,0,car,0.933961808681488,645.9667358398438,39.67938995361328,926.3107299804688,345.9960021972656,786.1387329101562,345.9960021972656,280.343994140625,306.31661224365234
22,904,62,0,car,0.9335418343544006,646.5252075195312,15.92724895477295,919.4422607421876,318.0787353515625,782.9837341308594,318.0787353515625,272.91705322265625,302.15148639678955
22,905,62,0,car,0.931674301624298,641.8077392578125,0.0,915.1259765625,288.5560607910156,778.4668579101562,288.5560607910156,273.3182373046875,288.5560607910156
22,906,62,0,car,0.9287861585617064,643.3336791992188,0.0,907.3436279296876,260.9010925292969,775.3386535644531,260.9010925292969,264.00994873046875,260.9010925292969
22,907,62,0,car,0.9277746677398682,645.2638549804688,0.0,901.6631469726562,231.2510681152344,773.4635009765625,231.2510681152344,256.3992919921875,231.2510681152344
22,908,62,0,car,0.9248599410057068,647.6329345703125,0.0,896.6218872070312,204.9149475097656,772.1274108886719,204.9149475097656,248.98895263671875,204.9149475097656
22,909,62,0,car,0.9270633459091188,648.3472900390625,0.0,891.5311279296875,178.10906982421875,769.939208984375,178.10906982421875,243.183837890625,178.10906982421875
22,910,62,0,car,0.9174360036849976,649.5408325195312,0.0,884.460205078125,157.0277557373047,767.0005187988281,157.0277557373047,234.9193725585937,157.0277557373047
22,911,62,0,car,0.9024016857147216,650.06982421875,0.0,878.5216674804688,134.73670959472656,764.2957458496094,134.73670959472656,228.45184326171875,134.73670959472656
22,912,62,0,car,0.908995509147644,651.5314331054688,0.0,874.3990478515625,113.98021697998048,762.9652404785156,113.98021697998048,222.8676147460937,113.98021697998048
22,913,62,0,car,0.8786613345146179,650.8426513671875,0.0,872.4822998046875,95.47967529296876,761.6624755859375,95.47967529296876,221.6396484375,95.47967529296876
22,914,62,0,car,0.8583372235298157,651.5365600585938,0.0,867.9915161132812,72.14418029785156,759.7640380859375,72.14418029785156,216.4549560546875,72.14418029785156
22,915,62,0,car,0.7830405235290527,656.6199951171875,0.0,862.131103515625,52.1171760559082,759.3755493164062,52.1171760559082,205.5111083984375,52.1171760559082
23,943,71,0,car,0.9335249066352844,1258.7447509765625,474.1051635742188,1856.94189453125,1053.390625,1557.8433227539062,1053.390625,598.1971435546875,579.2854614257812
23,944,71,0,car,0.9315265417099,1241.9193115234375,431.73046875,1861.87060546875,996.4721069335938,1551.8949584960938,996.4721069335938,619.9512939453125,564.7416381835938
23,945,71,0,car,0.929104208946228,1221.4827880859375,392.3162841796875,1835.37841796875,933.0789184570312,1528.4306030273438,933.0789184570312,613.8956298828125,540.7626342773438
23,946,71,0,car,0.9353527426719666,1209.6219482421875,359.745361328125,1794.8922119140625,871.2219848632812,1502.257080078125,871.2219848632812,585.270263671875,511.47662353515625
23,947,71,0,car,0.9289488792419434,1193.0411376953125,328.01031494140625,1753.8133544921875,814.9134521484375,1473.42724609375,814.9134521484375,560.772216796875,486.9031372070313
23,948,71,0,car,0.9326672554016112,1177.9462890625,290.4594421386719,1716.2672119140625,760.899169921875,1447.1067504882812,760.899169921875,538.3209228515625,470.4397277832031
23,949,71,0,car,0.929360032081604,1162.348388671875,265.1390991210937,1676.4375,707.9322509765625,1419.3929443359375,707.9322509765625,514.089111328125,442.7931518554688
23,950,71,0,car,0.930459201335907,1150.5478515625,234.9541473388672,1641.275390625,658.2391967773438,1395.91162109375,658.2391967773438,490.7275390625,423.28504943847656
23,951,71,0,car,0.9433352947235109,1139.615478515625,206.94146728515625,1610.1903076171875,611.2799682617188,1374.9028930664062,611.2799682617188,470.5748291015625,404.3385009765625
23,952,71,0,car,0.9400861859321594,1128.18701171875,181.26528930664065,1575.9920654296875,569.9419555664062,1352.0895385742188,569.9419555664062,447.8050537109375,388.6766662597656
23,953,71,0,car,0.9404622316360474,1119.619384765625,154.3389892578125,1548.7974853515625,532.1107788085938,1334.2084350585938,532.1107788085938,429.1781005859375,377.7717895507813
23,954,71,0,car,0.933950424194336,1107.2701416015625,130.82662963867188,1523.7276611328125,493.2021484375,1315.4989013671875,493.2021484375,416.45751953125,362.3755187988281
23,955,71,0,car,0.9460740685462952,1095.52490234375,104.4876708984375,1501.4163818359375,457.1731872558594,1298.4706420898438,457.1731872558594,405.8914794921875,352.6855163574219
23,956,71,0,car,0.9320990443229676,1084.67529296875,80.97459411621094,1479.469970703125,423.6868591308594,1282.0726318359375,423.6868591308594,394.794677734375,342.71226501464844
23,957,71,0,car,0.9228585362434388,1075.11669921875,57.12794876098633,1457.298828125,394.7607727050781,1266.207763671875,394.7607727050781,382.18212890625,337.6328239440918
23,958,71,0,car,0.9333107471466064,1065.5020751953125,36.47343063354492,1437.0523681640625,363.4993286132813,1251.2772216796875,363.4993286132813,371.55029296875,327.0258979797363
23,959,71,0,car,0.9290359020233154,1058.0189208984375,17.138286590576172,1417.0784912109375,334.7302551269531,1237.5487060546875,334.7302551269531,359.0595703125,317.5919685363769
23,960,71,0,car,0.9335099458694458,1050.3406982421875,0.0,1400.7227783203125,306.0639038085937,1225.53173828125,306.0639038085937,350.382080078125,306.0639038085937
23,961,71,0,car,0.9226503968238832,1041.1612548828125,0.0,1383.1209716796875,277.139892578125,1212.14111328125,277.139892578125,341.959716796875,277.139892578125
23,962,71,0,car,0.9220566749572754,1034.250732421875,0.0,1364.1240234375,256.3174743652344,1199.1873779296875,256.3174743652344,329.873291015625,256.3174743652344
23,963,71,0,car,0.9210534691810608,1026.3074951171875,0.0,1347.2325439453125,234.6680450439453,1186.77001953125,234.6680450439453,320.925048828125,234.6680450439453
23,964,71,0,car,0.9119020700454712,1017.3292846679688,0.0,1329.77294921875,211.5987091064453,1173.5511169433594,211.5987091064453,312.44366455078125,211.5987091064453
23,965,71,0,car,0.9189765453338624,1008.0618286132812,0.0,1312.7847900390625,187.04684448242188,1160.423309326172,187.04684448242188,304.72296142578125,187.04684448242188
23,966,71,0,car,0.915643274784088,1002.5130615234376,0.0,1296.8773193359375,164.76759338378906,1149.6951904296875,164.76759338378906,294.3642578125,164.76759338378906
23,967,71,0,car,0.9037938714027404,996.9346923828124,0.0,1283.810791015625,146.60557556152344,1140.3727416992188,146.60557556152344,286.8760986328125,146.60557556152344
23,968,71,0,car,0.8958604335784912,988.7794799804688,0.0,1270.54931640625,125.38668823242188,1129.6643981933594,125.38668823242188,281.76983642578125,125.38668823242188
23,969,71,0,car,0.8951097726821899,984.4563598632812,0.0,1259.1072998046875,105.37432098388672,1121.7818298339844,105.37432098388672,274.65093994140625,105.37432098388672
23,970,71,0,car,0.8776586651802063,986.1829223632812,1.0555851459503174,1244.7391357421875,90.78450775146484,1115.4610290527344,90.78450775146484,258.55621337890625,89.72892260551453
23,971,71,0,car,0.8661307692527771,986.0914306640624,2.608618259429932,1232.98291015625,72.79637908935547,1109.5371704101562,72.79637908935547,246.8914794921875,70.18776082992554
23,972,71,0,car,0.8131962418556213,981.9908447265624,1.2924368381500244,1219.8763427734375,53.688385009765625,1100.93359375,53.688385009765625,237.885498046875,52.3959481716156
24,979,77,0,car,0.944588840007782,612.3241577148438,437.5370178222656,1070.059814453125,1040.94384765625,841.1919860839844,1040.94384765625,457.7356567382813,603.4068298339844
24,980,77,0,car,0.9427953958511353,615.8931884765625,395.306884765625,1056.3795166015625,982.5471801757812,836.1363525390625,982.5471801757812,440.486328125,587.2402954101562
24,981,77,0,car,0.9403676390647888,618.6504516601562,359.91961669921875,1040.20166015625,916.6493530273438,829.4260559082031,916.6493530273438,421.55120849609375,556.729736328125
24,982,77,0,car,0.9379920959472656,620.3306884765625,321.330322265625,1027.506103515625,856.4912719726562,823.9183959960938,856.4912719726562,407.1754150390625,535.1609497070312
24,983,77,0,car,0.9373143315315248,617.3029174804688,281.2998352050781,1014.9388427734376,793.65478515625,816.1208801269531,793.65478515625,397.6359252929688,512.3549499511719
24,984,77,0,car,0.9325606822967528,618.9078979492188,252.39776611328125,1000.3334350585938,743.8743896484375,809.6206665039062,743.8743896484375,381.425537109375,491.47662353515625
24,985,77,0,car,0.932226061820984,619.407958984375,218.9927978515625,987.7177734375,689.8543090820312,803.5628662109375,689.8543090820312,368.309814453125,470.8615112304688
24,986,77,0,car,0.9386706948280334,618.4180908203125,192.20974731445312,979.4942626953124,644.1163330078125,798.9561767578125,644.1163330078125,361.076171875,451.9065856933594
24,987,77,0,car,0.921676754951477,618.5858154296875,165.94338989257812,967.6438598632812,592.5494384765625,793.1148376464844,592.5494384765625,349.0580444335937,426.6060485839844
24,988,77,0,car,0.9228759407997132,618.7066650390625,139.80772399902344,959.296142578125,549.5869750976562,789.0014038085938,549.5869750976562,340.5894775390625,409.7792510986328
24,989,77,0,car,0.9179959297180176,620.6917114257812,115.86205291748048,951.5917358398438,513.2920532226562,786.1417236328125,513.2920532226562,330.9000244140625,397.4300003051758
24,990,77,0,car,0.9167999029159546,619.5526123046875,90.75731658935548,943.2706298828124,475.5979309082031,781.41162109375,475.5979309082031,323.718017578125,384.84061431884766
24,991,77,0,car,0.9230029582977296,618.94140625,66.46440124511719,937.4039306640624,441.0869140625,778.1726684570312,441.0869140625,318.4625244140625,374.6225128173828
24,992,77,0,car,0.9252339005470276,620.1823120117188,41.33072662353516,931.083984375,407.1212768554688,775.6331481933594,407.1212768554688,310.90167236328125,365.7905502319336
24,993,77,0,car,0.9285354018211364,620.8958129882812,19.935590744018555,924.7447509765624,372.4241027832031,772.8202819824219,372.4241027832031,303.84893798828125,352.48851203918457
24,994,77,0,car,0.91976660490036,622.2391357421875,3.2175309658050537,916.5401000976562,340.21441650390625,769.3896179199219,340.21441650390625,294.30096435546875,336.9968855381012
24,995,77,0,car,0.9318243265151978,624.0904541015625,0.0,912.61376953125,313.0199584960937,768.3521118164062,313.0199584960937,288.5233154296875,313.0199584960937
24,996,77,0,car,0.9253263473510742,625.6226806640625,0.0,907.9794311523438,287.6079406738281,766.8010559082031,287.6079406738281,282.35675048828125,287.6079406738281
24,997,77,0,car,0.9205495119094848,625.0238037109375,0.0,903.0156860351562,266.929443359375,764.0197448730469,266.929443359375,277.99188232421875,266.929443359375
24,998,77,0,car,0.9220978617668152,627.33056640625,0.0,896.9800415039062,243.4256896972656,762.1553039550781,243.4256896972656,269.64947509765625,243.4256896972656
24,999,77,0,car,0.9271848797798156,627.7308959960938,0.0,890.5494384765625,218.91665649414065,759.1401672363281,218.91665649414065,262.81854248046875,218.91665649414065
24,1000,77,0,car,0.9336623549461364,629.148193359375,0.0,884.5523071289062,196.43414306640625,756.8502502441406,196.43414306640625,255.40411376953125,196.43414306640625
24,1001,77,0,car,0.9196509122848512,630.7264404296875,0.0,880.0879516601562,172.53944396972656,755.4071960449219,172.53944396972656,249.36151123046875,172.53944396972656
24,1002,77,0,car,0.9068873524665833,634.2928466796875,0.0,876.1253662109375,156.1749267578125,755.2091064453125,156.1749267578125,241.83251953125,156.1749267578125
24,1003,77,0,car,0.9013580083847046,634.3248901367188,0.0,871.07275390625,137.8046417236328,752.6988220214844,137.8046417236328,236.74786376953125,137.8046417236328
24,1004,77,0,car,0.8960853219032288,634.9415283203125,0.0,866.6815795898438,119.05809020996094,750.8115539550781,119.05809020996094,231.74005126953125,119.05809020996094
24,1005,77,0,car,0.8851321339607239,636.1267700195312,0.7792807221412659,860.983154296875,101.14884185791016,748.5549621582031,101.14884185791016,224.8563842773437,100.36956113576888
24,1006,77,0,car,0.8771901726722717,637.0672607421875,1.4642330408096311,858.58349609375,81.6817855834961,747.8253784179688,81.6817855834961,221.5162353515625,80.21755254268646
24,1007,77,0,car,0.8649397492408752,638.4599609375,1.0115245580673218,856.0992431640625,67.18428802490234,747.2796020507812,67.18428802490234,217.6392822265625,66.17276346683502
24,1008,77,0,car,0.8512206673622131,637.4677734375,0.0255983117967844,856.93994140625,54.28644180297852,747.203857421875,54.28644180297852,219.47216796875,54.26084349118173
25,994,78,0,car,0.9415568709373474,0.9531006217002868,452.02294921875,445.8780517578125,1023.6963500976562,223.4155761897564,1023.6963500976562,444.9249511361122,571.6734008789062
25,995,78,0,car,0.9315800070762634,0.5897496342658997,409.5804443359375,458.87542724609375,957.9158325195312,229.73258844017985,957.9158325195312,458.2856776118279,548.3353881835938
25,996,78,0,car,0.9367623925209044,1.2123061418533323,367.49407958984375,464.51507568359375,894.242919921875,232.8636909127236,894.242919921875,463.3027695417404,526.7488403320312
25,997,78,0,car,0.9338666796684264,1.8215399980545044,333.0732727050781,470.47259521484375,828.7157592773438,236.1470676064492,828.7157592773438,468.6510552167893,495.6424865722656
25,998,78,0,car,0.9183894991874696,13.16563892364502,295.1191101074219,468.0047607421875,762.7124633789062,240.58519983291623,762.7124633789062,454.8391218185425,467.5933532714844
25,999,78,0,car,0.9430930614471436,31.088685989379883,261.1642150878906,478.4134216308594,706.9544067382812,254.75105381011963,706.9544067382812,447.3247356414795,445.7901916503906
25,1000,78,0,car,0.9349800944328308,55.39147186279297,230.916259765625,483.0614318847656,654.7454833984375,269.2264518737793,654.7454833984375,427.6699600219727,423.8292236328125
25,1001,78,0,car,0.9394331574440002,76.16490173339844,201.94973754882807,490.197998046875,605.6793212890625,283.1814498901367,605.6793212890625,414.03309631347656,403.7295837402344
25,1002,78,0,car,0.8549114465713501,97.27666473388672,172.9278564453125,493.9454956054688,564.8330688476562,295.61108016967773,564.8330688476562,396.668830871582,391.90521240234375
25,1003,78,0,car,0.898909866809845,118.62783813476562,143.5899200439453,505.0477600097656,518.6575927734375,311.8377990722656,518.6575927734375,386.419921875,375.0676727294922
25,1004,78,0,car,0.9236600995063782,137.6501007080078,115.69725799560548,505.0230407714844,485.2697143554688,321.3365707397461,485.2697143554688,367.37294006347656,369.5724563598633
25,1005,78,0,car,0.9210036396980286,154.7830047607422,88.7071762084961,505.7411193847656,448.8323974609375,330.2620620727539,448.8323974609375,350.95811462402344,360.1252212524414
25,1006,78,0,car,0.9235587120056152,168.9346923828125,65.89225006103516,508.0913391113281,412.6329040527344,338.5130157470703,412.6329040527344,339.1566467285156,346.7406539916992
25,1007,78,0,car,0.9211764931678772,181.98880004882807,45.80345153808594,505.6338195800781,375.9943542480469,343.8113098144531,375.9943542480469,323.64501953125,330.19090270996094
25,1008,78,0,car,0.9219562411308287,192.586166381836,21.080455780029297,512.5217895507812,342.9318542480469,352.5539779663086,342.9318542480469,319.9356231689453,321.8513984680176
25,1009,78,0,car,0.9251025319099426,209.43780517578125,0.5446968078613281,517.1689453125,307.0595703125,363.3033752441406,307.0595703125,307.73114013671875,306.5148735046387
25,1010,78,0,car,0.9256920218467712,221.6293029785156,0.0,523.6873168945312,280.7557983398437,372.6583099365234,280.7557983398437,302.0580139160156,280.7557983398437
25,1011,78,0,car,0.9253385663032532,233.4253692626953,0.0,527.0429077148438,257.7068176269531,380.23413848876953,257.7068176269531,293.61753845214844,257.7068176269531
25,1012,78,0,car,0.9197797179222108,242.71066284179688,0.0,534.0311279296875,231.43702697753903,388.3708953857422,231.43702697753903,291.3204650878906,231.43702697753903
25,1013,78,0,car,0.9202089309692384,255.82809448242188,0.0,541.7539672851562,208.40628051757807,398.79103088378906,208.40628051757807,285.9258728027344,208.40628051757807
25,1014,78,0,car,0.9156883358955384,265.10858154296875,0.0,547.7431640625,177.72499084472656,406.4258728027344,177.72499084472656,282.63458251953125,177.72499084472656
25,1015,78,0,car,0.9116586446762084,274.0843200683594,0.0,552.13232421875,156.55528259277344,413.1083221435547,156.55528259277344,278.0480041503906,156.55528259277344
25,1016,78,0,car,0.9033257365226746,280.7074584960937,0.0,554.1405029296875,133.8520050048828,417.4239807128906,133.8520050048828,273.4330444335937,133.8520050048828
25,1017,78,0,car,0.8977508544921875,289.6943664550781,0.0,543.08056640625,112.74510192871094,416.38746643066406,112.74510192871094,253.38619995117188,112.74510192871094
25,1018,78,0,car,0.860222339630127,299.9253845214844,0.7440615296363831,540.289794921875,88.77117156982422,420.1075897216797,88.77117156982422,240.36441040039065,88.02711004018784
25,1019,78,0,car,0.8236324191093445,308.7967834472656,0.3319391906261444,543.357421875,63.69649505615234,426.0771026611328,63.69649505615234,234.5606384277344,63.3645558655262
26,1029,86,0,car,0.9233023524284364,1430.1458740234375,333.55096435546875,1917.0987548828125,982.9642333984376,1673.622314453125,982.9642333984376,486.952880859375,649.4132690429688
26,1030,86,0,car,0.9005793929100037,1356.1961669921875,295.9313659667969,1914.4110107421875,914.2774658203124,1635.3035888671875,914.2774658203124,558.21484375,618.3460998535156
26,1031,86,0,car,0.9261489510536194,1259.017822265625,263.9862670898437,1907.75927734375,834.60595703125,1583.3885498046875,834.60595703125,648.741455078125,570.6196899414062
26,1032,86,0,car,0.9269646406173706,1212.213134765625,232.82125854492188,1871.715087890625,772.2276611328125,1541.964111328125,772.2276611328125,659.501953125,539.4064025878906
26,1033,86,0,car,0.9321801662445068,1188.0140380859375,200.6875457763672,1834.20458984375,720.334716796875,1511.1093139648438,720.334716796875,646.1905517578125,519.6471710205078
26,1034,86,0,car,0.9361568093299866,1164.7127685546875,170.7425079345703,1788.30908203125,668.24609375,1476.5109252929688,668.24609375,623.5963134765625,497.5035858154297
26,1035,86,0,car,0.926723062992096,1157.7261962890625,145.87403869628906,1750.0750732421875,623.6460571289062,1453.900634765625,623.6460571289062,592.348876953125,477.7720184326172
26,1036,86,0,car,0.9347050786018372,1148.1226806640625,118.41999816894533,1716.641845703125,576.03173828125,1432.3822631835938,576.03173828125,568.5191650390625,457.6117401123047
26,1037,86,0,car,0.9288702011108398,1137.374267578125,93.6787338256836,1682.7171630859375,541.8260498046875,1410.0457153320312,541.8260498046875,545.3428955078125,448.1473159790039
26,1038,86,0,car,0.9356878399848938,1126.9649658203125,72.28582000732422,1650.415771484375,508.4334411621094,1388.6903686523438,508.4334411621094,523.4508056640625,436.1476211547852
26,1039,86,0,car,0.9338789582252502,1118.095947265625,46.839630126953125,1617.629638671875,472.6441650390625,1367.86279296875,472.6441650390625,499.53369140625,425.8045349121094
26,1040,86,0,car,0.9338638186454772,1110.045654296875,24.69661521911621,1581.5321044921875,441.2350158691406,1345.7888793945312,441.2350158691406,471.4864501953125,416.5384006500244
26,1041,86,0,car,0.9323236346244812,1101.6417236328125,0.0,1558.669189453125,416.3814392089844,1330.1554565429688,416.3814392089844,457.0274658203125,416.3814392089844
26,1042,86,0,car,0.936159610748291,1093.1702880859375,0.0,1537.1318359375,379.7227478027344,1315.1510620117188,379.7227478027344,443.9615478515625,379.7227478027344
26,1043,86,0,car,0.9355126619338988,1084.448486328125,0.0,1517.47216796875,347.525634765625,1300.9603271484375,347.525634765625,433.023681640625,347.525634765625
26,1044,86,0,car,0.9065930843353271,1076.1962890625,0.0,1498.7119140625,323.02716064453125,1287.4541015625,323.02716064453125,422.515625,323.02716064453125
26,1045,86,0,car,0.9196838140487672,1066.9423828125,0.0,1481.0350341796875,292.8326721191406,1273.9887084960938,292.8326721191406,414.0926513671875,292.8326721191406
26,1046,86,0,car,0.918306529521942,1062.1934814453125,0.0,1462.7200927734375,274.5505676269531,1262.456787109375,274.5505676269531,400.526611328125,274.5505676269531
26,1047,86,0,car,0.9252399802207948,1056.2315673828125,0.0,1444.663330078125,256.26141357421875,1250.4474487304688,256.26141357421875,388.4317626953125,256.26141357421875
26,1048,86,0,car,0.9192554950714112,1048.0660400390625,0.0,1424.6873779296875,235.2320098876953,1236.376708984375,235.2320098876953,376.621337890625,235.2320098876953
26,1049,86,0,car,0.910028874874115,1042.55419921875,0.0,1406.148193359375,211.23971557617188,1224.3511962890625,211.23971557617188,363.593994140625,211.23971557617188
26,1050,86,0,car,0.9157475233078004,1035.1136474609375,0.0,1386.4952392578125,194.9264068603516,1210.804443359375,194.9264068603516,351.381591796875,194.9264068603516
26,1051,86,0,car,0.8996861577033997,1027.9150390625,2.954586267471313,1370.91943359375,168.72853088378906,1199.417236328125,168.72853088378906,343.00439453125,165.77394461631775
26,1052,86,0,car,0.9024809002876282,1021.4688110351562,2.0745186805725098,1357.017578125,152.031982421875,1189.243194580078,152.031982421875,335.5487670898437,149.9574637413025
26,1053,86,0,car,0.8881850242614746,1017.8419189453124,1.072857141494751,1343.68798828125,135.33546447753906,1180.7649536132812,135.33546447753906,325.8460693359375,134.2626073360443
26,1054,86,0,car,0.888791024684906,1019.3306274414062,0.5883630514144897,1327.277587890625,115.88579559326172,1173.3041076660156,115.88579559326172,307.94696044921875,115.29743254184724
26,1055,86,0,car,0.8877290487289429,1023.5579223632812,0.9778162837028505,1312.6669921875,101.3108139038086,1168.1124572753906,101.3108139038086,289.10906982421875,100.33299762010574
26,1056,86,0,car,0.8630727529525757,1023.8091430664062,1.6672769784927368,1299.8460693359375,89.60806274414062,1161.827606201172,89.60806274414062,276.03692626953125,87.94078576564789
26,1057,86,0,car,0.8648562431335449,1027.4146728515625,1.9144831895828247,1285.3896484375,71.64310455322266,1156.4021606445312,71.64310455322266,257.9749755859375,69.72862136363983
26,1058,86,0,car,0.7924546599388123,1028.9681396484375,1.0760122537612915,1273.24755859375,54.90745544433594,1151.1078491210938,54.90745544433594,244.2794189453125,53.831443190574646
27,1042,88,0,car,0.9419593811035156,599.21533203125,430.0865783691406,1029.0013427734375,1023.5829467773438,814.1083374023438,1023.5829467773438,429.7860107421875,593.4963684082031
27,1043,88,0,car,0.9431867003440856,603.895751953125,389.45904541015625,1015.0263061523438,960.1599731445312,809.4610290527344,960.1599731445312,411.1305541992188,570.700927734375
27,1044,88,0,car,0.9366910457611084,608.1910400390625,352.1888427734375,1000.3167114257812,893.880859375,804.2538757324219,893.880859375,392.1256713867188,541.6920166015625
27,1045,88,0,car,0.9413264393806458,609.5458374023438,315.1973571777344,987.1729125976562,830.309326171875,798.359375,830.309326171875,377.6270751953125,515.1119689941406
27,1046,88,0,car,0.9394806623458862,612.1634521484375,282.3460998535156,973.7088623046876,767.9239501953125,792.9361572265625,767.9239501953125,361.54541015625,485.5778503417969
27,1047,88,0,car,0.9431257843971252,611.753173828125,254.2188720703125,961.5702514648438,706.9956665039062,786.6617126464844,706.9956665039062,349.81707763671875,452.77679443359375
27,1048,88,0,car,0.9356523752212524,612.3237915039062,225.6766967773437,954.1683959960938,653.2053833007812,783.24609375,653.2053833007812,341.8446044921875,427.5286865234375
27,1049,88,0,car,0.9540884494781494,612.9462280273438,197.0818634033203,943.5859375,601.05029296875,778.2660827636719,601.05029296875,330.63970947265625,403.9684295654297
27,1050,88,0,car,0.9303104877471924,614.1141357421875,168.6963653564453,934.518310546875,558.3743896484375,774.3162231445312,558.3743896484375,320.4041748046875,389.6780242919922
27,1051,88,0,car,0.9303948283195496,614.6990966796875,143.8479766845703,927.479248046875,516.7562866210938,771.0891723632812,516.7562866210938,312.7801513671875,372.9083099365234
27,1052,88,0,car,0.9275035262107848,616.208251953125,118.5489501953125,922.4155883789062,475.6846618652344,769.3119201660156,475.6846618652344,306.20733642578125,357.1357116699219
27,1053,88,0,car,0.9262818694114684,616.1105346679688,95.30975341796876,917.5146484375,438.3434448242188,766.8125915527344,438.3434448242188,301.40411376953125,343.03369140625
27,1054,88,0,car,0.928220808506012,617.5734252929688,69.13204193115234,908.8650512695312,402.838134765625,763.21923828125,402.838134765625,291.2916259765625,333.70609283447266
27,1055,88,0,car,0.9347003698349,621.3009643554688,47.86773681640625,899.4956665039062,366.5881042480469,760.3983154296875,366.5881042480469,278.1947021484375,318.7203674316406
27,1056,88,0,car,0.9316946864128112,623.020751953125,25.10706901550293,893.30322265625,335.1556091308594,758.1619873046875,335.1556091308594,270.282470703125,310.04854011535645
27,1057,88,0,car,0.9265504479408264,624.7869262695312,5.9749040603637695,888.5006713867188,307.2751159667969,756.643798828125,307.2751159667969,263.7137451171875,301.3002119064331
27,1058,88,0,car,0.9267345070838928,625.4778442382812,0.0,884.5573120117188,276.1578369140625,755.017578125,276.1578369140625,259.0794677734375,276.1578369140625
27,1059,88,0,car,0.9205592274665833,626.3340454101562,0.0,881.2683715820312,253.1154022216797,753.8012084960938,253.1154022216797,254.934326171875,253.1154022216797
27,1060,88,0,car,0.9235785603523254,627.346435546875,0.0,874.9603881835938,225.864974975586,751.1534118652344,225.864974975586,247.61395263671875,225.864974975586
27,1061,88,0,car,0.9222269654273988,629.0908813476562,0.0,870.8668823242188,200.4534912109375,749.9788818359375,200.4534912109375,241.7760009765625,200.4534912109375
27,1062,88,0,car,0.918331742286682,629.9917602539062,0.0,867.0087890625,174.35618591308594,748.5002746582031,174.35618591308594,237.0170288085937,174.35618591308594
27,1063,88,0,car,0.9157124161720276,629.62939453125,0.0,862.0425415039062,154.076171875,745.8359680175781,154.076171875,232.41314697265625,154.076171875
27,1064,88,0,car,0.9079995155334472,632.3763427734375,0.0,859.1449584960938,134.1364288330078,745.7606506347656,134.1364288330078,226.76861572265625,134.1364288330078
27,1065,88,0,car,0.9022564888000488,635.1845092773438,0.0,854.6982421875,111.30176544189452,744.9413757324219,111.30176544189452,219.51373291015625,111.30176544189452
27,1066,88,0,car,0.8832257390022278,638.6793212890625,0.0,851.0104370117188,95.14446258544922,744.8448791503906,95.14446258544922,212.33111572265625,95.14446258544922
27,1067,88,0,car,0.88057941198349,638.6329956054688,0.5366537570953369,847.3352661132812,74.009765625,742.984130859375,74.009765625,208.7022705078125,73.47311186790466
27,1068,88,0,car,0.8499502539634705,639.84912109375,0.8648324608802795,842.60693359375,60.11201858520508,741.22802734375,60.11201858520508,202.7578125,59.2471861243248
28,1061,91,0,car,0.935313642024994,1334.5184326171875,479.4547119140625,1919.409423828125,1040.2816162109375,1626.9639282226562,1040.2816162109375,584.8909912109375,560.826904296875
28,1062,91,0,car,0.928518772125244,1315.8162841796875,438.1262817382813,1919.758056640625,986.2763061523438,1617.7871704101562,986.2763061523438,603.9417724609375,548.1500244140625
28,1063,91,0,car,0.9368823766708374,1296.247314453125,402.6768798828125,1900.4736328125,925.4462890625,1598.3604736328125,925.4462890625,604.226318359375,522.7694091796875
28,1064,91,0,car,0.9391455054283142,1277.662841796875,366.1151428222656,1862.36181640625,863.227783203125,1570.0123291015625,863.227783203125,584.698974609375,497.1126403808594
28,1065,91,0,car,0.928784728050232,1258.341552734375,331.1138916015625,1821.1829833984373,804.5964965820312,1539.7622680664062,804.5964965820312,562.8414306640625,473.4826049804688
28,1066,91,0,car,0.934718132019043,1244.9697265625,295.0921630859375,1779.4703369140625,753.3286743164062,1512.2200317382812,753.3286743164062,534.5006103515625,458.2365112304688
28,1067,91,0,car,0.931900441646576,1231.444580078125,265.9586486816406,1738.7010498046875,701.4237670898438,1485.0728149414062,701.4237670898438,507.2564697265625,435.4651184082031
28,1068,91,0,car,0.9333587884902954,1221.8880615234375,233.80572509765625,1704.4417724609375,657.9546508789062,1463.1649169921875,657.9546508789062,482.5537109375,424.14892578125
28,1069,91,0,car,0.9480582475662231,1205.2742919921875,202.9839324951172,1666.2728271484375,613.451416015625,1435.7735595703125,613.451416015625,460.99853515625,410.4674835205078
28,1070,91,0,car,0.9343080520629884,1190.1048583984375,176.46878051757812,1636.056396484375,570.0260620117188,1413.0806274414062,570.0260620117188,445.9515380859375,393.5572814941406
28,1071,91,0,car,0.9393776655197144,1176.1480712890625,151.59632873535156,1607.166748046875,532.50341796875,1391.6574096679688,532.50341796875,431.0186767578125,380.9070892333984
28,1072,91,0,car,0.9414883852005004,1165.4530029296875,125.68860626220705,1578.35888671875,492.1823425292969,1371.9059448242188,492.1823425292969,412.9058837890625,366.4937362670898
28,1073,91,0,car,0.9255899786949158,1152.877197265625,101.03709411621094,1551.0382080078125,456.6722717285156,1351.9577026367188,456.6722717285156,398.1610107421875,355.6351776123047
28,1074,91,0,car,0.922235369682312,1141.983642578125,78.37891387939453,1529.318359375,424.6318359375,1335.6510009765625,424.6318359375,387.334716796875,346.25292205810547
28,1075,91,0,car,0.920217990875244,1132.1182861328125,60.33042526245117,1507.1258544921875,393.8087768554688,1319.6220703125,393.8087768554688,375.007568359375,333.4783515930176
28,1076,91,0,car,0.9302675127983092,1124.763427734375,40.244232177734375,1485.7901611328125,367.4544982910156,1305.2767944335938,367.4544982910156,361.0267333984375,327.21026611328125
28,1077,91,0,car,0.9255163669586182,1115.2091064453125,14.2893705368042,1465.473876953125,338.4437255859375,1290.3414916992188,338.4437255859375,350.2647705078125,324.1543550491333
28,1078,91,0,car,0.9327244162559508,1104.3746337890625,0.0,1446.6754150390625,309.039794921875,1275.5250244140625,309.039794921875,342.30078125,309.039794921875
28,1079,91,0,car,0.9234649538993835,1094.72998046875,0.0,1427.2926025390625,284.7389221191406,1261.0112915039062,284.7389221191406,332.5626220703125,284.7389221191406
28,1080,91,0,car,0.9203198552131652,1085.4990234375,0.0,1409.2996826171875,262.9509582519531,1247.3993530273438,262.9509582519531,323.8006591796875,262.9509582519531
28,1081,91,0,car,0.9210882782936096,1076.75,0.0,1392.4866943359375,241.3602600097656,1234.6183471679688,241.3602600097656,315.7366943359375,241.3602600097656
28,1082,91,0,car,0.91911780834198,1070.031005859375,0.0,1375.6646728515625,220.6713409423828,1222.8478393554688,220.6713409423828,305.6336669921875,220.6713409423828
28,1083,91,0,car,0.9274187088012696,1061.7906494140625,0.0,1358.8797607421875,197.20172119140625,1210.335205078125,197.20172119140625,297.089111328125,197.20172119140625
28,1084,91,0,car,0.9221467971801758,1053.9132080078125,0.0,1343.4310302734375,174.40512084960938,1198.672119140625,174.40512084960938,289.517822265625,174.40512084960938
28,1085,91,0,car,0.910288393497467,1047.2734375,0.0,1329.72705078125,156.26080322265625,1188.500244140625,156.26080322265625,282.45361328125,156.26080322265625
28,1086,91,0,car,0.9063137173652648,1040.7891845703125,0.0,1317.2135009765625,142.5301055908203,1179.0013427734375,142.5301055908203,276.42431640625,142.5301055908203
28,1087,91,0,car,0.9030961394309998,1037.97314453125,0.0,1302.4488525390625,120.83313751220705,1170.2109985351562,120.83313751220705,264.4757080078125,120.83313751220705
28,1088,91,0,car,0.8893508315086365,1033.0108642578125,0.2869002819061279,1291.6448974609375,101.96175384521484,1162.327880859375,101.96175384521484,258.634033203125,101.67485356330872
28,1089,91,0,car,0.8624622225761414,1034.6439208984375,1.597852110862732,1280.3638916015625,88.26908111572266,1157.50390625,88.26908111572266,245.719970703125,86.67122900485992
28,1090,91,0,car,0.8596768379211426,1036.66162109375,0.9615128636360168,1269.8564453125,69.46048736572266,1153.259033203125,69.46048736572266,233.19482421875,68.49897450208664
28,1091,91,0,car,0.831413745880127,1038.6239013671875,0.0,1258.5885009765625,53.15071105957031,1148.606201171875,53.15071105957031,219.964599609375,53.15071105957031
29,1068,94,0,car,0.9442591071128844,480.6812744140625,507.4788208007813,933.4127807617188,1042.5343017578125,707.0470275878906,1042.5343017578125,452.73150634765625,535.0554809570312
29,1069,94,0,car,0.9423693418502808,489.2876892089844,462.3444213867188,921.2971801757812,984.2940673828124,705.2924346923828,984.2940673828124,432.0094909667969,521.9496459960938
29,1070,94,0,car,0.9451033473014832,495.7416687011719,418.6128845214844,901.0952758789062,908.9651489257812,698.4184722900391,908.9651489257812,405.3536071777344,490.3522644042969
29,1071,94,0,car,0.9407947659492492,503.1861572265625,377.2066650390625,890.5294799804688,847.950927734375,696.8578186035156,847.950927734375,387.3433227539063,470.7442626953125
29,1072,94,0,car,0.9330309629440308,508.1028442382813,340.3499450683594,884.4100341796875,789.4029541015625,696.2564392089844,789.4029541015625,376.3071899414063,449.0530090332031
29,1073,94,0,car,0.938044548034668,511.38671875,302.8684997558594,879.0674438476562,725.7249145507812,695.2270812988281,725.7249145507812,367.68072509765625,422.8564147949219
29,1074,94,0,car,0.9311900734901428,515.7294921875,271.8594665527344,874.8478393554688,679.390625,695.2886657714844,679.390625,359.11834716796875,407.5311584472656
29,1075,94,0,car,0.9302774667739868,520.36767578125,241.09158325195312,869.6135864257812,629.9712524414062,694.9906311035156,629.9712524414062,349.24591064453125,388.8796691894531
29,1076,94,0,car,0.9217674136161804,524.3329467773438,210.5953063964844,862.9782104492188,581.7885131835938,693.6555786132812,581.7885131835938,338.645263671875,371.1932067871094
29,1077,94,0,car,0.9163221120834352,527.8878784179688,177.36325073242188,855.1795654296875,541.20947265625,691.5337219238281,541.20947265625,327.29168701171875,363.8462219238281
29,1078,94,0,car,0.9154300093650818,532.6527709960938,150.16075134277344,850.9598388671875,502.5644836425781,691.8063049316406,502.5644836425781,318.3070678710937,352.4037322998047
29,1079,94,0,car,0.926808536052704,536.5728759765625,121.42855834960938,844.2974853515625,463.969482421875,690.4351806640625,463.969482421875,307.724609375,342.5409240722656
29,1080,94,0,car,0.9309464693069458,541.7083740234375,98.23050689697266,838.938232421875,422.005859375,690.3233032226562,422.005859375,297.2298583984375,323.77535247802734
29,1081,94,0,car,0.9262782335281372,547.5055541992188,70.41504669189453,834.3922119140625,390.9227294921875,690.9488830566406,390.9227294921875,286.8866577148437,320.50768280029297
29,1082,94,0,car,0.92863529920578,552.3265380859375,44.13671875,830.4542236328125,358.2963256835937,691.390380859375,358.2963256835937,278.127685546875,314.1596069335937
29,1083,94,0,car,0.9356018304824828,554.0739135742188,21.851781845092773,826.0151977539062,326.8283996582031,690.0445556640625,326.8283996582031,271.9412841796875,304.97661781311035
29,1084,94,0,car,0.9237061738967896,556.3941650390625,0.0234252624213695,822.450927734375,294.8165283203125,689.4225463867188,294.8165283203125,266.0567626953125,294.7931030578912
29,1085,94,0,car,0.9237948656082152,558.8870239257812,0.0,818.7740478515625,268.3021240234375,688.8305358886719,268.3021240234375,259.88702392578125,268.3021240234375
29,1086,94,0,car,0.9219194650650024,562.3059692382812,0.0,814.2734375,243.9952850341797,688.2897033691406,243.9952850341797,251.96746826171875,243.9952850341797
29,1087,94,0,car,0.9211223721504213,563.544189453125,0.0,813.0988159179688,219.0432891845703,688.3215026855469,219.0432891845703,249.5546264648437,219.0432891845703
29,1088,94,0,car,0.9210551977157592,566.9581909179688,0.0,811.8779296875,193.33599853515625,689.4180603027344,193.33599853515625,244.91973876953125,193.33599853515625
29,1089,94,0,car,0.9231137633323668,570.2400512695312,0.0,809.3905029296875,170.26986694335938,689.8152770996094,170.26986694335938,239.15045166015625,170.26986694335938
29,1090,94,0,car,0.9118847846984864,569.9220581054688,0.0,803.6123046875,148.4378662109375,686.7671813964844,148.4378662109375,233.69024658203125,148.4378662109375
29,1091,94,0,car,0.897681474685669,573.2627563476562,0.0,800.7996826171875,126.70687866210938,687.0312194824219,126.70687866210938,227.53692626953125,126.70687866210938
29,1092,94,0,car,0.9032059907913208,576.4061279296875,0.0,798.49462890625,108.02557373046876,687.4503784179688,108.02557373046876,222.0885009765625,108.02557373046876
29,1093,94,0,car,0.946567714214325,577.8896484375,0.0,795.3380737304688,86.05718231201172,686.6138610839844,86.05718231201172,217.44842529296875,86.05718231201172
29,1094,94,0,car,0.8099957704544067,581.832763671875,0.0,792.0931396484375,66.9125747680664,686.9629516601562,66.9125747680664,210.2603759765625,66.9125747680664
30,1100,96,0,car,0.9483579993247986,779.9553833007812,480.8502197265625,1207.6297607421875,1037.6148681640625,993.7925720214844,1037.6148681640625,427.6743774414063,556.7646484375
30,1101,96,0,car,0.9406371712684632,774.7691040039062,440.3482055664063,1183.0225830078125,981.6674194335938,978.8958435058594,981.6674194335938,408.2534790039063,541.3192138671875
30,1102,96,0,car,0.9456893801689148,768.5115356445312,400.3118591308594,1161.4632568359375,909.8917236328124,964.9873962402344,909.8917236328124,392.9517211914063,509.5798645019531
30,1103,96,0,car,0.940588116645813,765.5823974609375,364.7082824707031,1142.8800048828125,850.4111938476562,954.231201171875,850.4111938476562,377.297607421875,485.7029113769531
30,1104,96,0,car,0.9525552988052368,759.9928588867188,327.4014892578125,1126.9127197265625,790.8965454101562,943.4527893066406,790.8965454101562,366.91986083984375,463.49505615234375
30,1105,96,0,car,0.9482432007789612,755.3119506835938,292.56964111328125,1112.646240234375,734.4375610351562,933.9790954589844,734.4375610351562,357.33428955078125,441.867919921875
30,1106,96,0,car,0.934708297252655,753.1754150390625,261.5113830566406,1098.1634521484375,684.2781982421875,925.66943359375,684.2781982421875,344.988037109375,422.7668151855469
30,1107,96,0,car,0.9267749786376952,748.8367919921875,229.07394409179688,1084.4415283203125,627.551513671875,916.63916015625,627.551513671875,335.604736328125,398.4775695800781
30,1108,96,0,car,0.9259602427482604,747.3271484375,198.06936645507807,1071.078125,579.755615234375,909.20263671875,579.755615234375,323.7509765625,381.6862487792969
30,1109,96,0,car,0.9272922277450562,746.0371704101562,169.01763916015625,1060.3192138671875,539.0846557617188,903.178192138672,539.0846557617188,314.28204345703125,370.0670166015625
30,1110,96,0,car,0.9250597953796388,742.4644775390625,145.0301513671875,1048.6107177734375,500.2015686035156,895.53759765625,500.2015686035156,306.146240234375,355.1714172363281
30,1111,96,0,car,0.9265133142471312,743.21337890625,114.62574005126952,1036.60595703125,462.18109130859375,889.90966796875,462.18109130859375,293.392578125,347.5553512573242
30,1112,96,0,car,0.9291772842407228,741.1940307617188,93.5464096069336,1025.7498779296875,426.70611572265625,883.4719543457031,426.70611572265625,284.55584716796875,333.15970611572266
30,1113,96,0,car,0.9206011891365052,737.8507080078125,68.99518585205078,1017.08056640625,395.2804260253906,877.4656372070312,395.2804260253906,279.2298583984375,326.28524017333984
30,1114,96,0,car,0.934904396533966,736.3548583984375,48.35795974731445,1009.8824462890624,363.2124633789063,873.11865234375,363.2124633789063,273.527587890625,314.8545036315918
30,1115,96,0,car,0.9219001531600952,735.3499145507812,26.66304016113281,1002.8184814453124,332.4374084472656,869.0841979980469,332.4374084472656,267.46856689453125,305.7743682861328
30,1116,96,0,car,0.9273251891136168,735.6912231445312,2.150359869003296,989.9881591796876,298.4783935546875,862.8396911621094,298.4783935546875,254.29693603515625,296.3280336856842
30,1117,96,0,car,0.9259095191955566,727.9481201171875,0.0,981.1241455078124,275.4229736328125,854.5361328125,275.4229736328125,253.176025390625,275.4229736328125
30,1118,96,0,car,0.9186442494392396,722.7593383789062,0.0,974.13720703125,254.8799591064453,848.4482727050781,254.8799591064453,251.3778686523437,254.8799591064453
30,1119,96,0,car,0.9159572720527648,723.850341796875,0.0,966.3236694335938,229.1968536376953,845.0870056152344,229.1968536376953,242.47332763671875,229.1968536376953
30,1120,96,0,car,0.9135671854019164,725.6135864257812,0.0,960.8449096679688,205.341064453125,843.229248046875,205.341064453125,235.2313232421875,205.341064453125
30,1121,96,0,car,0.915524959564209,722.4976196289062,0.0,955.08837890625,180.3675994873047,838.7929992675781,180.3675994873047,232.5907592773437,180.3675994873047
30,1122,96,0,car,0.9037232995033264,721.7218627929688,0.0,947.829833984375,161.03451538085938,834.7758483886719,161.03451538085938,226.10797119140625,161.03451538085938
30,1123,96,0,car,0.8951160907745361,722.67041015625,0.0,939.6613159179688,140.89654541015625,831.1658630371094,140.89654541015625,216.99090576171875,140.89654541015625
30,1124,96,0,car,0.8919100165367126,724.1087036132812,0.0,933.6402587890624,120.8317413330078,828.8744812011719,120.8317413330078,209.53155517578125,120.8317413330078
30,1125,96,0,car,0.8885616064071655,725.5949096679688,0.0,928.0848999023438,101.35342407226562,826.8399047851562,101.35342407226562,202.489990234375,101.35342407226562
30,1126,96,0,car,0.904633641242981,722.73291015625,0.0,924.6217651367188,84.67817687988281,823.6773376464844,84.67817687988281,201.88885498046875,84.67817687988281
30,1127,96,0,car,0.6868036985397339,725.2201538085938,0.0,916.7880249023438,62.81526184082031,821.0040893554688,62.81526184082031,191.56787109375,62.81526184082031
31,1181,103,0,car,0.937670111656189,1247.369140625,499.9119567871094,1880.787353515625,1048.3253173828125,1564.0782470703125,1048.3253173828125,633.418212890625,548.4133605957031
31,1182,103,0,car,0.929797112941742,1226.3310546875,451.3888854980469,1836.2125244140625,982.9168090820312,1531.2717895507812,982.9168090820312,609.8814697265625,531.5279235839844
31,1183,103,0,car,0.9375467896461488,1209.1875,406.0844421386719,1779.618408203125,908.9917602539062,1494.4029541015625,908.9917602539062,570.430908203125,502.9073181152344
31,1184,103,0,car,0.9328369498252868,1188.52392578125,367.7171325683594,1731.5126953125,839.677734375,1460.018310546875,839.677734375,542.98876953125,471.9606018066406
31,1185,103,0,car,0.91891610622406,1171.740478515625,328.8411865234375,1683.51611328125,780.1680908203125,1427.6282958984375,780.1680908203125,511.775634765625,451.326904296875
31,1186,103,0,car,0.9319477677345276,1154.9052734375,290.3624267578125,1641.6446533203125,720.5217895507812,1398.2749633789062,720.5217895507812,486.7393798828125,430.1593627929688
31,1187,103,0,car,0.9227994680404664,1141.974853515625,261.737548828125,1603.7464599609375,664.4273071289062,1372.8606567382812,664.4273071289062,461.7716064453125,402.6897583007813
31,1188,103,0,car,0.9394139051437378,1127.2607421875,228.95901489257807,1564.5533447265625,610.97802734375,1345.9070434570312,610.97802734375,437.2926025390625,382.0190124511719
31,1189,103,0,car,0.932853937149048,1114.5574951171875,197.07586669921875,1530.908203125,558.0838623046875,1322.7328491210938,558.0838623046875,416.3507080078125,361.0079956054688
31,1190,103,0,car,0.9302042722702026,1100.5341796875,167.23472595214844,1504.2763671875,517.3779296875,1302.4052734375,517.3779296875,403.7421875,350.1432037353516
31,1191,103,0,car,0.9311392307281494,1086.04541015625,140.27552795410156,1477.03466796875,476.8663330078125,1281.5400390625,476.8663330078125,390.9892578125,336.59080505371094
31,1192,103,0,car,0.9221083521842957,1075.1614990234375,114.92080688476562,1451.4456787109375,438.7280883789063,1263.3035888671875,438.7280883789063,376.2841796875,323.8072814941406
31,1193,103,0,car,0.924249231815338,1064.47998046875,91.5727310180664,1428.99462890625,405.75146484375,1246.7373046875,405.75146484375,364.5146484375,314.1787338256836
31,1194,103,0,car,0.9335169196128844,1056.5933837890625,64.4544677734375,1405.4620361328125,368.7835998535156,1231.0277099609375,368.7835998535156,348.86865234375,304.3291320800781
31,1195,103,0,car,0.9198160171508788,1046.038818359375,39.86500930786133,1384.8201904296875,340.1381530761719,1215.4295043945312,340.1381530761719,338.7813720703125,300.27314376831055
31,1196,103,0,car,0.926899790763855,1036.7615966796875,18.237558364868164,1364.332275390625,309.8561706542969,1200.5469360351562,309.8561706542969,327.5706787109375,291.6186122894287
31,1197,103,0,car,0.9260256290435792,1029.06201171875,0.0,1345.2236328125,277.96221923828125,1187.142822265625,277.96221923828125,316.16162109375,277.96221923828125
31,1198,103,0,car,0.9296072125434875,1019.6500244140624,0.0,1328.11669921875,256.8091125488281,1173.8833618164062,256.8091125488281,308.4666748046875,256.8091125488281
31,1199,103,0,car,0.9215768575668336,1010.4127807617188,0.0,1310.030517578125,233.41436767578125,1160.221649169922,233.41436767578125,299.61773681640625,233.41436767578125
31,1200,103,0,car,0.90633362531662,1000.9511108398438,0.0,1294.372314453125,211.78697204589844,1147.6617126464844,211.78697204589844,293.42120361328125,211.78697204589844
31,1201,103,0,car,0.9197056889533995,990.7357788085938,0.0,1276.2119140625,182.3505401611328,1133.4738464355469,182.3505401611328,285.47613525390625,182.3505401611328
31,1202,103,0,car,0.9109864234924316,986.1834106445312,0.0,1259.23974609375,163.42214965820312,1122.7115783691406,163.42214965820312,273.05633544921875,163.42214965820312
31,1203,103,0,car,0.9026308655738832,977.54150390625,0.0,1246.765625,145.57615661621094,1112.153564453125,145.57615661621094,269.22412109375,145.57615661621094
31,1204,103,0,car,0.8965362310409546,971.4363403320312,0.0,1231.4163818359375,122.08423614501952,1101.4263610839844,122.08423614501952,259.98004150390625,122.08423614501952
31,1205,103,0,car,0.8897213935852051,971.3850708007812,0.0,1216.4930419921875,103.28311157226562,1093.9390563964844,103.28311157226562,245.10797119140625,103.28311157226562
31,1206,103,0,car,0.8704536557197571,974.0482788085938,0.7585375308990479,1203.5361328125,85.7652359008789,1088.7922058105469,85.7652359008789,229.48785400390625,85.00669836997986
31,1207,103,0,car,0.8565248847007751,976.7556762695312,0.749523937702179,1189.9849853515625,66.79226684570312,1083.3703308105469,66.79226684570312,213.22930908203125,66.04274290800095
32,1513,106,0,car,0.949466109275818,642.7924194335938,435.6417236328125,1161.6248779296875,1059.3402099609375,902.2086486816406,1059.3402099609375,518.8324584960938,623.698486328125
32,1514,106,0,car,0.946107029914856,641.6920166015625,392.4805908203125,1139.658203125,996.3410034179688,890.6751098632812,996.3410034179688,497.9661865234375,603.8604125976562
32,1515,106,0,car,0.9438064098358154,642.7586669921875,351.596435546875,1108.5648193359375,919.783935546875,875.6617431640625,919.783935546875,465.80615234375,568.1875
32,1516,106,0,car,0.9476284384727478,641.0924682617188,310.4073181152344,1088.281982421875,849.973388671875,864.6872253417969,849.973388671875,447.18951416015625,539.5660705566406
32,1517,106,0,car,0.9459004998207092,641.0872192382812,278.0604858398437,1070.2689208984375,786.9714965820312,855.6780700683594,786.9714965820312,429.18170166015625,508.9110107421875
32,1518,106,0,car,0.9307796955108644,638.5068359375,245.52528381347656,1050.764892578125,723.0723266601562,844.6358642578125,723.0723266601562,412.258056640625,477.5470428466797
32,1519,106,0,car,0.9553974866867064,642.40771484375,209.23081970214844,1037.04052734375,668.0823974609375,839.72412109375,668.0823974609375,394.6328125,458.85157775878906
32,1520,106,0,car,0.9392754435539246,639.3375244140625,176.35708618164062,1025.460693359375,610.6387939453125,832.3991088867188,610.6387939453125,386.1231689453125,434.2817077636719
32,1521,106,0,car,0.9433026313781738,641.3131103515625,148.15208435058594,1013.2696533203124,562.06640625,827.2913818359375,562.06640625,371.95654296875,413.91432189941406
32,1522,106,0,car,0.9256526827812196,639.3687744140625,115.91664123535156,999.8692016601562,519.0277099609375,819.6189880371094,519.0277099609375,360.50042724609375,403.11106872558594
32,1523,106,0,car,0.9239163398742676,638.4550170898438,90.89950561523438,990.6547241210938,479.1278381347656,814.5548706054688,479.1278381347656,352.19970703125,388.2283325195313
32,1524,106,0,car,0.9323574900627136,639.71875,64.92267608642578,980.592529296875,436.0901794433594,810.1556396484375,436.0901794433594,340.873779296875,371.1675033569336
32,1525,106,0,car,0.9242367148399352,640.3368530273438,36.06406784057617,971.0374145507812,400.950927734375,805.6871337890625,400.950927734375,330.7005615234375,364.8868598937988
32,1526,106,0,car,0.9218344688415528,640.4307250976562,13.400848388671877,962.9259033203124,360.5663146972656,801.6783142089844,360.5663146972656,322.49517822265625,347.1654663085937
32,1527,106,0,car,0.9246108531951904,639.8219604492188,0.0,956.6085815429688,325.898681640625,798.2152709960938,325.898681640625,316.78662109375,325.898681640625
32,1528,106,0,car,0.9244006872177124,640.9246215820312,0.0,950.8148193359376,300.8008117675781,795.8697204589844,300.8008117675781,309.89019775390625,300.8008117675781
32,1529,106,0,car,0.9187326431274414,641.0804443359375,0.0,939.8012084960938,273.476806640625,790.4408264160156,273.476806640625,298.72076416015625,273.476806640625
32,1530,106,0,car,0.9243703484535216,641.3639526367188,0.0,930.4623413085938,242.19888305664065,785.9131469726562,242.19888305664065,289.098388671875,242.19888305664065
32,1531,106,0,car,0.917555809020996,642.390380859375,0.0,923.0834350585938,211.95469665527344,782.7369079589844,211.95469665527344,280.69305419921875,211.95469665527344
32,1532,106,0,car,0.9218764305114746,642.6574096679688,0.0,916.3890991210938,190.1926422119141,779.5232543945312,190.1926422119141,273.731689453125,190.1926422119141
32,1533,106,0,car,0.9005341529846191,642.48974609375,0.0,909.9296875,166.23423767089844,776.209716796875,166.23423767089844,267.43994140625,166.23423767089844
32,1534,106,0,car,0.9083729386329652,644.4191284179688,0.0,905.1957397460938,147.74563598632812,774.8074340820312,147.74563598632812,260.776611328125,147.74563598632812
32,1535,106,0,car,0.8939472436904907,642.1748046875,0.0,898.6090698242188,126.59040069580078,770.3919372558594,126.59040069580078,256.43426513671875,126.59040069580078
32,1536,106,0,car,0.9033504724502563,641.9322509765625,0.904179036617279,891.2819213867188,109.92048645019533,766.6070861816406,109.92048645019533,249.34967041015625,109.01630741357803
32,1537,106,0,car,0.8844587206840515,642.6856079101562,1.306308031082153,885.26708984375,91.96365356445312,763.9763488769531,91.96365356445312,242.5814819335937,90.65734553337096
32,1538,106,0,car,0.8650809526443481,644.2343139648438,0.3783712089061737,879.217529296875,70.82918548583984,761.7259216308594,70.82918548583984,234.98321533203125,70.45081427693367
33,2615,127,0,car,0.7947520613670349,1261.64013671875,451.4595031738281,1905.2720947265625,1049.34619140625,1583.4561157226562,1049.34619140625,643.6319580078125,597.8866882324219
33,2616,127,2,others,0.5399881601333618,1254.4716796875,441.7696228027344,1892.74658203125,1031.564453125,1573.609130859375,1031.564453125,638.27490234375,589.7948303222656
33,2617,127,0,car,0.8760470747947693,1248.5546875,426.7143249511719,1878.9920654296875,1000.7767944335938,1563.7733764648438,1000.7767944335938,630.4373779296875,574.0624694824219
33,2618,127,0,car,0.90190851688385,1241.9256591796875,413.6848449707031,1866.445068359375,970.7488403320312,1554.1853637695312,970.7488403320312,624.5194091796875,557.0639953613281
33,2619,127,0,car,0.9223838448524476,1236.02734375,398.5114440917969,1853.330078125,951.0715942382812,1544.6787109375,951.0715942382812,617.302734375,552.5601501464844
33,2620,127,0,car,0.883910059928894,1231.821044921875,387.548828125,1834.225830078125,924.6361083984376,1533.0234375,924.6361083984376,602.40478515625,537.0872802734375
33,2621,127,0,car,0.8769963979721069,1225.4466552734375,373.0736999511719,1814.7669677734373,899.3666381835938,1520.1068115234375,899.3666381835938,589.3203125,526.2929382324219
33,2622,127,0,car,0.8901665210723877,1219.804443359375,361.0219421386719,1795.5911865234375,870.2161254882812,1507.6978149414062,870.2161254882812,575.7867431640625,509.1941833496094
33,2623,127,0,car,0.909260869026184,1216.158935546875,348.9369506835937,1781.44873046875,855.0279541015625,1498.8038330078125,855.0279541015625,565.289794921875,506.0910034179688
33,2624,127,0,car,0.922164022922516,1209.193603515625,339.8160400390625,1762.64111328125,832.43212890625,1485.9173583984375,832.43212890625,553.447509765625,492.6160888671875
33,2625,127,0,car,0.9250866174697876,1202.143310546875,327.8245544433594,1744.926513671875,812.3344116210938,1473.534912109375,812.3344116210938,542.783203125,484.5098571777344
33,2626,127,0,car,0.9263904094696044,1196.6309814453125,309.7670593261719,1730.0299072265625,791.2598876953125,1463.3304443359375,791.2598876953125,533.39892578125,481.4928283691406
33,2627,127,0,car,0.8952286243438721,1188.653564453125,294.9951477050781,1717.9954833984375,769.9651489257812,1453.3245239257812,769.9651489257812,529.3419189453125,474.9700012207031
33,2628,127,0,car,0.9147515892982484,1183.099609375,285.4430236816406,1704.249755859375,750.4671630859375,1443.6746826171875,750.4671630859375,521.150146484375,465.0241394042969
33,2629,127,0,car,0.9088819622993468,1179.037841796875,278.0846862792969,1689.922119140625,725.8233032226562,1434.47998046875,725.8233032226562,510.88427734375,447.7386169433594
33,2630,127,0,car,0.9085392951965332,1173.7196044921875,270.6634521484375,1673.45361328125,706.5609741210938,1423.5866088867188,706.5609741210938,499.7340087890625,435.89752197265625
33,2631,127,0,car,0.9083650708198548,1165.5269775390625,257.3236389160156,1655.764404296875,684.4241333007812,1410.6456909179688,684.4241333007812,490.2374267578125,427.1004943847656
33,2632,127,0,car,0.928735375404358,1161.9915771484375,245.09776306152344,1641.155029296875,667.5811157226562,1401.5733032226562,667.5811157226562,479.1634521484375,422.4833526611328
33,2633,127,0,car,0.9266356229782104,1154.7242431640625,232.0924530029297,1629.135009765625,647.4008178710938,1391.9296264648438,647.4008178710938,474.4107666015625,415.30836486816406
33,2634,127,0,car,0.9216002225875854,1150.531494140625,220.88336181640625,1620.122802734375,631.2835693359375,1385.3271484375,631.2835693359375,469.59130859375,410.4002075195313
33,2635,127,0,car,0.9284924268722534,1146.9871826171875,208.1958465576172,1606.7481689453125,614.2373657226562,1376.86767578125,614.2373657226562,459.760986328125,406.0415191650391
33,2636,127,0,car,0.9289584159851074,1140.609130859375,198.67984008789065,1595.3143310546875,592.0606689453125,1367.9617309570312,592.0606689453125,454.7052001953125,393.3808288574219
33,2637,127,0,car,0.9287124276161194,1133.5655517578125,188.0565795898437,1581.9569091796875,574.6712646484375,1357.76123046875,574.6712646484375,448.391357421875,386.61468505859375
33,2638,127,0,car,0.9334444999694824,1130.7984619140625,177.25286865234375,1563.9849853515625,560.4013061523438,1347.3917236328125,560.4013061523438,433.1865234375,383.1484375
33,2639,127,0,car,0.9325690865516664,1126.8665771484375,165.1171417236328,1552.6241455078125,540.8828125,1339.745361328125,540.8828125,425.757568359375,375.7656707763672
33,2640,127,0,car,0.931603729724884,1122.64599609375,153.12330627441406,1541.543701171875,522.5714111328125,1332.0948486328125,522.5714111328125,418.897705078125,369.4481048583984
33,2641,127,0,car,0.9327021837234496,1116.1065673828125,144.63760375976562,1530.6895751953125,508.6735534667969,1323.3980712890625,508.6735534667969,414.5830078125,364.0359497070313
33,2642,127,0,car,0.9338271021842957,1110.9434814453125,133.3294677734375,1521.156494140625,489.5953063964844,1316.0499877929688,489.5953063964844,410.2130126953125,356.2658386230469
33,2643,127,0,car,0.932118833065033,1105.8211669921875,120.59342193603516,1509.744873046875,477.1471252441406,1307.7830200195312,477.1471252441406,403.9237060546875,356.55370330810547
33,2644,127,0,car,0.931108295917511,1100.5775146484375,109.5080108642578,1499.5592041015625,467.6136779785156,1300.068359375,467.6136779785156,398.981689453125,358.1056671142578
33,2645,127,0,car,0.917374551296234,1093.8681640625,99.77088165283205,1489.077392578125,449.5718078613281,1291.4727783203125,449.5718078613281,395.209228515625,349.8009262084961
33,2646,127,0,car,0.936717450618744,1087.731201171875,90.06196594238281,1480.8388671875,434.9718017578125,1284.2850341796875,434.9718017578125,393.107666015625,344.9098358154297
33,2647,127,0,car,0.9261124730110168,1086.619140625,78.74284362792969,1468.0159912109375,421.4376220703125,1277.3175659179688,421.4376220703125,381.3968505859375,342.6947784423828
33,2648,127,0,car,0.9199498891830444,1082.8804931640625,67.83717346191406,1457.8790283203125,403.5838317871094,1270.3797607421875,403.5838317871094,374.99853515625,335.7466583251953
33,2649,127,0,car,0.9177106022834778,1078.145263671875,57.36302185058594,1447.0506591796875,391.9904174804688,1262.5979614257812,391.9904174804688,368.9053955078125,334.6273956298828
33,2650,127,0,car,0.9277806878089904,1074.60107421875,46.78655624389648,1437.251220703125,379.1778564453125,1255.9261474609375,379.1778564453125,362.650146484375,332.391300201416
33,2651,127,0,car,0.9215352535247804,1071.28955078125,33.08411407470703,1430.04443359375,366.4988403320313,1250.6669921875,366.4988403320313,358.7548828125,333.4147262573242
33,2652,127,0,car,0.9233493208885192,1068.396484375,22.666410446166992,1420.611572265625,355.3892517089844,1244.5040283203125,355.3892517089844,352.215087890625,332.7228412628174
33,2653,127,0,car,0.927348792552948,1064.5201416015625,14.480422973632812,1411.6448974609375,340.7449035644531,1238.08251953125,340.7449035644531,347.124755859375,326.2644805908203
33,2654,127,0,car,0.9361328482627868,1061.4608154296875,6.684342384338379,1403.602294921875,323.9425048828125,1232.5315551757812,323.9425048828125,342.1414794921875,317.2581624984741
33,2655,127,0,car,0.9318568706512452,1057.8465576171875,0.0979459658265113,1395.2728271484375,306.7658386230469,1226.5596923828125,306.7658386230469,337.42626953125,306.6678926572204
33,2656,127,0,car,0.921702206134796,1052.435302734375,0.0,1386.119140625,294.1582946777344,1219.2772216796875,294.1582946777344,333.683837890625,294.1582946777344
33,2657,127,0,car,0.9217322468757628,1047.66259765625,0.0,1375.031982421875,280.66717529296875,1211.3472900390625,280.66717529296875,327.369384765625,280.66717529296875
33,2658,127,0,car,0.9196895360946656,1042.060791015625,0.0,1365.5367431640625,270.650634765625,1203.7987670898438,270.650634765625,323.4759521484375,270.650634765625
33,2659,127,0,car,0.9149039387702942,1038.369384765625,0.0,1357.760498046875,262.13629150390625,1198.06494140625,262.13629150390625,319.39111328125,262.13629150390625
33,2660,127,0,car,0.9179851412773132,1034.24658203125,0.0,1349.476318359375,250.0925445556641,1191.8614501953125,250.0925445556641,315.229736328125,250.0925445556641
33,2661,127,0,car,0.9118170142173768,1030.73046875,0.0,1341.950927734375,238.9718475341797,1186.3406982421875,238.9718475341797,311.220458984375,238.9718475341797
33,2662,127,0,car,0.9100738763809204,1027.5272216796875,0.0,1334.1055908203125,227.36831665039065,1180.81640625,227.36831665039065,306.578369140625,227.36831665039065
33,2663,127,0,car,0.9183233380317688,1023.8780517578124,0.3356887698173523,1325.502685546875,216.7904052734375,1174.6903686523438,216.7904052734375,301.6246337890625,216.4547165036201
33,2664,127,0,car,0.919450044631958,1019.5411987304688,0.6768985390663147,1317.6202392578125,204.1799774169922,1168.5807189941406,204.1799774169922,298.0790405273437,203.50307887792587
33,2665,127,0,car,0.9183089137077332,1015.6441650390624,1.9059184789657595,1310.013671875,190.53005981445312,1162.8289184570312,190.53005981445312,294.3695068359375,188.62414133548737
33,2666,127,0,car,0.9199315309524536,1012.2660522460938,4.638628959655762,1301.685302734375,176.8701934814453,1156.9756774902344,176.8701934814453,289.41925048828125,172.23156452178955
33,2667,127,0,car,0.9182370901107788,1009.6765747070312,5.095089912414551,1293.867431640625,167.0609893798828,1151.772003173828,167.0609893798828,284.1908569335937,161.96589946746826
33,2668,127,0,car,0.9054107666015624,1007.2069702148438,4.543004035949707,1287.6856689453125,156.1769561767578,1147.446319580078,156.1769561767578,280.47869873046875,151.6339521408081
33,2669,127,0,car,0.901974081993103,1002.3003540039062,2.8377845287323,1280.7935791015625,146.83685302734375,1141.5469665527344,146.83685302734375,278.49322509765625,143.99906849861145
33,2670,127,0,car,0.8867560029029846,998.2009887695312,2.470795154571533,1276.0557861328125,135.42349243164062,1137.128387451172,135.42349243164062,277.85479736328125,132.9526972770691
33,2671,127,0,car,0.8904217481613159,995.8577270507812,2.9024155139923096,1267.5931396484375,124.68954467773438,1131.7254333496094,124.68954467773438,271.73541259765625,121.78712916374208
33,2672,127,0,car,0.8898967504501343,994.4008178710938,2.3881711959838867,1261.9622802734375,114.76535034179688,1128.1815490722656,114.76535034179688,267.5614624023437,112.377179145813
33,2673,127,0,car,0.885089635848999,994.3717651367188,1.7349692583084106,1255.062255859375,104.14762878417967,1124.7170104980469,104.14762878417967,260.69049072265625,102.41265952587128
33,2674,127,0,car,0.8749333620071411,1000.0745849609376,1.213889718055725,1247.8720703125,96.29537963867188,1123.9733276367188,96.29537963867188,247.7974853515625,95.08148992061616
33,2675,127,0,car,0.8711184859275818,1002.0684204101562,2.098703145980835,1241.75732421875,88.1786880493164,1121.9128723144531,88.1786880493164,239.6889038085937,86.07998490333557
33,2676,127,0,car,0.8690676689147949,1002.2791137695312,2.055760383605957,1234.6353759765625,76.45943450927734,1118.4572448730469,76.45943450927734,232.35626220703125,74.40367412567139
33,2677,127,0,car,0.9010542631149292,1006.1823120117188,0.4336234331130981,1230.2501220703125,67.1912841796875,1118.2162170410156,67.1912841796875,224.0678100585937,66.7576607465744
33,2678,127,0,car,0.8714618682861328,1006.4210205078124,0.1913544833660125,1221.9173583984375,56.95313262939453,1114.169189453125,56.95313262939453,215.496337890625,56.76177814602852
35,2802,154,0,car,0.947327733039856,658.5111083984375,456.1520690917969,1103.356201171875,1003.0234375,880.9336547851562,1003.0234375,444.8450927734375,546.8713684082031
35,2803,154,0,car,0.9549086689949036,657.3720092773438,406.53466796875,1083.8292236328125,925.3665161132812,870.6006164550781,925.3665161132812,426.4572143554688,518.8318481445312
35,2804,154,0,car,0.9472675323486328,658.52978515625,363.90533447265625,1066.836181640625,850.989990234375,862.6829833984375,850.989990234375,408.306396484375,487.0846557617188
35,2805,154,0,car,0.948399007320404,657.3358764648438,331.0000305175781,1046.2418212890625,786.7979736328125,851.7888488769531,786.7979736328125,388.9059448242188,455.7979431152344
35,2806,154,0,car,0.9459299445152284,658.1130981445312,293.93243408203125,1032.3428955078125,725.7339477539062,845.2279968261719,725.7339477539062,374.2297973632813,431.801513671875
35,2807,154,0,car,0.9238178730010986,656.7486572265625,253.1726226806641,1014.8268432617188,668.5408325195312,835.7877502441406,668.5408325195312,358.07818603515625,415.3682098388672
35,2808,154,0,car,0.9161576628684998,658.6016845703125,218.6300048828125,1005.20068359375,606.7770385742188,831.9011840820312,606.7770385742188,346.5989990234375,388.1470336914063
35,2809,154,0,car,0.91915363073349,656.6793212890625,179.40548706054688,992.6727294921876,553.9010009765625,824.676025390625,553.9010009765625,335.993408203125,374.4955139160156
35,2810,154,0,car,0.9267514944076538,654.1902465820312,151.81234741210938,981.0737915039062,508.6094055175781,817.6320190429688,508.6094055175781,326.883544921875,356.79705810546875
35,2811,154,0,car,0.9267613291740416,655.5093994140625,116.49801635742188,968.3946533203124,468.5697326660156,811.9520263671875,468.5697326660156,312.88525390625,352.0717163085937
35,2812,154,0,car,0.921116590499878,652.8351440429688,85.37765502929688,959.6480102539062,428.4742736816406,806.2415771484375,428.4742736816406,306.8128662109375,343.0966186523437
35,2813,154,0,car,0.9222118854522704,653.2378540039062,57.11641693115234,952.6129150390624,384.7462158203125,802.9253845214844,384.7462158203125,299.37506103515625,327.62979888916016
35,2814,154,0,car,0.9237642288208008,653.08349609375,28.65927124023437,942.4694213867188,347.6024475097656,797.7764587402344,347.6024475097656,289.38592529296875,318.94317626953125
35,2815,154,0,car,0.9281522035598756,653.4970703125,1.9439972639083865,935.6856689453124,314.92236328125,794.5913696289062,314.92236328125,282.1885986328125,312.9783660173416
35,2816,154,0,car,0.9281074404716492,652.6490478515625,0.0,929.1555786132812,276.7559814453125,790.9023132324219,276.7559814453125,276.50653076171875,276.7559814453125
35,2817,154,0,car,0.9265232682228088,652.7551879882812,0.0,921.6182861328124,244.6535797119141,787.1867370605469,244.6535797119141,268.86309814453125,244.6535797119141
35,2818,154,0,car,0.921773374080658,654.6189575195312,0.0,915.5515747070312,220.2322540283203,785.0852661132812,220.2322540283203,260.9326171875,220.2322540283203
35,2819,154,0,car,0.9271581768989564,656.3331909179688,0.0,908.1387939453124,194.5535430908203,782.2359924316406,194.5535430908203,251.8056030273437,194.5535430908203
35,2820,154,0,car,0.917395830154419,656.7589721679688,0.0,903.4422607421876,169.17947387695312,780.1006164550781,169.17947387695312,246.68328857421875,169.17947387695312
35,2821,154,0,car,0.9113814234733582,657.6637573242188,0.0,895.8939819335938,145.6551055908203,776.7788696289062,145.6551055908203,238.230224609375,145.6551055908203
35,2822,154,0,car,0.8996512293815613,659.1847534179688,0.0,889.107177734375,122.2252960205078,774.1459655761719,122.2252960205078,229.92242431640625,122.2252960205078
35,2823,154,0,car,0.8953530192375183,656.955322265625,0.0,883.6754760742188,102.72179412841795,770.3153991699219,102.72179412841795,226.7201538085937,102.72179412841795
35,2824,154,0,car,0.839928925037384,659.19091796875,0.0,877.4756469726562,80.8122787475586,768.3332824707031,80.8122787475586,218.28472900390625,80.8122787475586
36,2832,155,0,car,0.930744767189026,1295.1556396484375,447.2115478515625,1917.111083984375,1007.2469482421876,1606.1333618164062,1007.2469482421876,621.9554443359375,560.035400390625
36,2833,155,0,car,0.9444671273231506,1271.585693359375,404.45452880859375,1878.283447265625,943.570556640625,1574.9345703125,943.570556640625,606.69775390625,539.1160278320312
36,2834,155,0,car,0.9240562915802002,1249.7255859375,366.409912109375,1832.0108642578125,867.016845703125,1540.8682250976562,867.016845703125,582.2852783203125,500.60693359375
36,2835,155,0,car,0.936544954776764,1230.029052734375,327.46844482421875,1779.6529541015625,803.8446655273438,1504.8410034179688,803.8446655273438,549.6239013671875,476.376220703125
36,2836,155,0,car,0.9377159476280212,1216.053955078125,283.7823791503906,1733.919921875,744.1298828125,1474.9869384765625,744.1298828125,517.865966796875,460.3475036621094
36,2837,155,0,car,0.9316571950912476,1200.023193359375,258.7086486816406,1694.049560546875,682.3535766601562,1447.036376953125,682.3535766601562,494.0263671875,423.6449279785156
36,2838,155,0,car,0.9370237588882446,1180.930419921875,226.79672241210932,1652.4918212890625,631.1401977539062,1416.7111206054688,631.1401977539062,471.5614013671875,404.3434753417969
36,2839,155,0,car,0.9462890028953552,1166.3759765625,194.14224243164065,1616.864990234375,574.8079223632812,1391.6204833984375,574.8079223632812,450.489013671875,380.6656799316406
36,2840,155,0,car,0.9380578994750975,1154.412841796875,164.56646728515625,1579.78271484375,533.2767944335938,1367.0977783203125,533.2767944335938,425.369873046875,368.7103271484375
36,2841,155,0,car,0.9223362803459167,1140.333740234375,136.86102294921875,1552.35693359375,490.05755615234375,1346.3453369140625,490.05755615234375,412.023193359375,353.196533203125
36,2842,155,0,car,0.9262346625328064,1127.671875,111.55724334716795,1524.445556640625,449.32806396484375,1326.0587158203125,449.32806396484375,396.773681640625,337.7708206176758
36,2843,155,0,car,0.933838188648224,1117.992431640625,86.20487213134766,1498.232177734375,411.7350158691406,1308.1123046875,411.7350158691406,380.23974609375,325.53014373779297
36,2844,155,0,car,0.9264326691627502,1108.109375,61.49917602539063,1474.3197021484375,377.3038635253906,1291.2145385742188,377.3038635253906,366.2103271484375,315.8046875
36,2845,155,0,car,0.928658127784729,1097.0233154296875,36.4833869934082,1449.12451171875,342.0781555175781,1273.0739135742188,342.0781555175781,352.1011962890625,305.5947685241699
36,2846,155,0,car,0.9340205788612366,1086.98046875,13.368346214294434,1427.707275390625,309.599853515625,1257.3438720703125,309.599853515625,340.726806640625,296.23150730133057
36,2847,155,0,car,0.9356026649475098,1078.5120849609375,0.0,1405.5755615234375,281.1280517578125,1242.0438232421875,281.1280517578125,327.0634765625,281.1280517578125
36,2848,155,0,car,0.9158338904380798,1066.849853515625,0.0,1385.2333984375,259.406982421875,1226.0416259765625,259.406982421875,318.383544921875,259.406982421875
36,2849,155,0,car,0.9278579950332642,1058.883056640625,0.0,1365.3463134765625,232.427978515625,1212.1146850585938,232.427978515625,306.4632568359375,232.427978515625
36,2850,155,0,car,0.9189999103546144,1049.5595703125,0.0,1348.46044921875,207.065170288086,1199.010009765625,207.065170288086,298.90087890625,207.065170288086
36,2851,155,0,car,0.9214814901351928,1040.552978515625,0.0,1331.21923828125,180.0521240234375,1185.8861083984375,180.0521240234375,290.666259765625,180.0521240234375
36,2852,155,0,car,0.9017953872680664,1035.8455810546875,0.0,1314.271728515625,155.89459228515625,1175.0586547851562,155.89459228515625,278.4261474609375,155.89459228515625
36,2853,155,0,car,0.9046671986579896,1025.0845947265625,0.0,1301.78271484375,138.46022033691406,1163.4336547851562,138.46022033691406,276.6981201171875,138.46022033691406
36,2854,155,0,car,0.8991215229034424,1016.3717651367188,0.0,1284.0440673828125,114.47867584228516,1150.2079162597656,114.47867584228516,267.6723022460937,114.47867584228516
36,2855,155,0,car,0.8776657581329346,1013.451416015625,0.0,1270.6356201171875,95.83067321777344,1142.0435180664062,95.83067321777344,257.1842041015625,95.83067321777344
36,2856,155,0,car,0.88298499584198,1018.3761596679688,1.4488683938980105,1258.6915283203125,77.59498596191406,1138.5338439941406,77.59498596191406,240.3153686523437,76.14611756801605
36,2857,155,0,car,0.8693353533744812,1022.5780639648438,0.0,1245.6990966796875,61.98155975341797,1134.1385803222656,61.98155975341797,223.1210327148437,61.98155975341797
37,2869,156,0,car,0.9373696446418762,1308.022216796875,506.1211242675781,1919.62353515625,1055.173583984375,1613.8228759765625,1055.173583984375,611.601318359375,549.0524597167969
37,2870,156,0,car,0.9310033321380616,1285.80615234375,461.8760681152344,1902.8587646484373,996.1672973632812,1594.3324584960938,996.1672973632812,617.0526123046875,534.2912292480469
37,2871,156,0,car,0.9389939904212952,1264.399658203125,419.7213134765625,1862.03076171875,928.00244140625,1563.2152099609375,928.00244140625,597.631103515625,508.2811279296875
37,2872,156,0,car,0.9285120964050292,1248.1549072265625,380.0486755371094,1816.31689453125,865.8367309570312,1532.2359008789062,865.8367309570312,568.1619873046875,485.7880554199219
37,2873,156,0,car,0.933997631072998,1229.8758544921875,345.8443298339844,1769.7867431640625,805.1630859375,1499.831298828125,805.1630859375,539.910888671875,459.3187561035156
37,2874,156,0,car,0.936921000480652,1216.505859375,305.19580078125,1729.853759765625,752.6795654296875,1473.1798095703125,752.6795654296875,513.347900390625,447.4837646484375
37,2875,156,0,car,0.936212718486786,1200.01416015625,276.7358703613281,1692.680908203125,694.5347900390625,1446.3475341796875,694.5347900390625,492.666748046875,417.7989196777344
37,2876,156,0,car,0.9326704740524292,1184.7091064453125,245.53575134277344,1653.145263671875,646.26416015625,1418.9271850585938,646.26416015625,468.4361572265625,400.72840881347656
37,2877,156,0,car,0.9427109956741332,1169.9676513671875,214.3122711181641,1618.372802734375,594.2318115234375,1394.1702270507812,594.2318115234375,448.4051513671875,379.91954040527344
37,2878,156,0,car,0.9362553358078004,1158.023681640625,185.87777709960932,1584.4342041015625,553.0303955078125,1371.2289428710938,553.0303955078125,426.4105224609375,367.1526184082031
37,2879,156,0,car,0.934077799320221,1146.3638916015625,156.51231384277344,1554.587646484375,514.2199096679688,1350.4757690429688,514.2199096679688,408.2237548828125,357.7075958251953
37,2880,156,0,car,0.9362339973449708,1133.81103515625,130.05792236328125,1531.697509765625,474.1059875488281,1332.7542724609375,474.1059875488281,397.886474609375,344.0480651855469
37,2881,156,0,car,0.9270650148391724,1123.3809814453125,103.61050415039062,1504.766845703125,439.8053283691406,1314.0739135742188,439.8053283691406,381.3858642578125,336.19482421875
37,2882,156,0,car,0.918006956577301,1114.690673828125,79.26079559326172,1483.85009765625,404.318359375,1299.2703857421875,404.318359375,369.159423828125,325.0575637817383
37,2883,156,0,car,0.928950011730194,1105.4766845703125,56.61515426635742,1461.765625,372.0039367675781,1283.6211547851562,372.0039367675781,356.2889404296875,315.3887825012207
37,2884,156,0,car,0.9221453666687012,1094.4805908203125,32.68193435668945,1440.8292236328125,338.459716796875,1267.6549072265625,338.459716796875,346.3486328125,305.77778244018555
37,2885,156,0,car,0.9303800463676452,1085.85302734375,14.179228782653809,1420.216064453125,307.888427734375,1253.0345458984375,307.888427734375,334.363037109375,293.7091989517212
37,2886,156,0,car,0.9324828386306764,1078.05859375,0.0,1400.9853515625,281.8012390136719,1239.52197265625,281.8012390136719,322.9267578125,281.8012390136719
37,2887,156,0,car,0.9197246432304382,1069.4337158203125,0.0,1382.7412109375,259.018310546875,1226.0874633789062,259.018310546875,313.3074951171875,259.018310546875
37,2888,156,0,car,0.9202454686164856,1060.7041015625,0.0,1363.511474609375,234.6859130859375,1212.1077880859375,234.6859130859375,302.807373046875,234.6859130859375
37,2889,156,0,car,0.914576768875122,1051.608154296875,0.0,1347.8658447265625,209.9862060546875,1199.7369995117188,209.9862060546875,296.2576904296875,209.9862060546875
37,2890,156,0,car,0.9260621666908264,1043.1544189453125,0.0,1331.422607421875,185.3376617431641,1187.2885131835938,185.3376617431641,288.2681884765625,185.3376617431641
37,2891,156,0,car,0.9055436849594116,1034.935791015625,0.0,1315.387939453125,160.6271209716797,1175.161865234375,160.6271209716797,280.4521484375,160.6271209716797
37,2892,156,0,car,0.910973846912384,1027.244384765625,0.0,1303.7431640625,140.79254150390625,1165.4937744140625,140.79254150390625,276.498779296875,140.79254150390625
37,2893,156,0,car,0.8934261798858643,1019.7379760742188,0.0,1287.7818603515625,118.93157196044922,1153.7599182128906,118.93157196044922,268.0438842773437,118.93157196044922
37,2894,156,0,car,0.8787950873374939,1011.7022094726562,0.0,1274.60888671875,100.92658233642578,1143.1555480957031,100.92658233642578,262.9066772460937,100.92658233642578
37,2895,156,0,car,0.8601304292678833,1017.1080322265624,0.3310653865337372,1263.5872802734375,86.35888671875,1140.34765625,86.35888671875,246.479248046875,86.02782133221626
37,2896,156,0,car,0.8569630980491638,1022.6145629882812,0.624017059803009,1251.939697265625,67.88029479980469,1137.2771301269531,67.88029479980469,229.3251342773437,67.25627774000168
37,2897,156,0,car,0.815201997756958,1025.299072265625,0.0,1241.855712890625,51.08069610595703,1133.577392578125,51.08069610595703,216.556640625,51.08069610595703
38,2967,157,0,car,0.9488003849983216,682.2459106445312,479.0480346679688,1140.5703125,1041.202392578125,911.4081115722656,1041.202392578125,458.3244018554688,562.1543579101562
38,2968,157,0,car,0.9380326867103576,683.0577392578125,445.3813781738281,1121.4271240234375,989.546875,902.242431640625,989.546875,438.369384765625,544.1654968261719
38,2969,157,0,car,0.9358108043670654,683.5748291015625,412.3820190429688,1102.8868408203125,932.6082763671876,893.2308349609375,932.6082763671876,419.31201171875,520.2262573242188
38,2970,157,0,car,0.9416763186454772,683.4949340820312,382.822265625,1084.9832763671875,880.3399658203125,884.2391052246094,880.3399658203125,401.48834228515625,497.5177001953125
38,2971,157,0,car,0.9379919171333312,684.8427124023438,354.5805358886719,1072.4979248046875,829.1474609375,878.6703186035156,829.1474609375,387.65521240234375,474.5669250488281
38,2972,157,0,car,0.9379193186759948,681.7088623046875,327.2742004394531,1060.4046630859375,778.2704467773438,871.0567626953125,778.2704467773438,378.69580078125,450.9962463378906
38,2973,157,0,car,0.9467125535011292,675.6187744140625,299.89764404296875,1049.5452880859375,732.5977783203125,862.58203125,732.5977783203125,373.926513671875,432.70013427734375
38,2974,157,0,car,0.9517151713371276,676.4989013671875,276.16583251953125,1038.779541015625,685.681640625,857.6392211914062,685.681640625,362.2806396484375,409.5158081054688
38,2975,157,0,car,0.9325222373008728,679.0547485351562,253.1508636474609,1031.776123046875,648.4807739257812,855.4154357910156,648.4807739257812,352.72137451171875,395.3299102783203
38,2976,157,0,car,0.9362926483154296,677.866943359375,228.03697204589844,1022.1002197265624,609.9781494140625,849.9835815429688,609.9781494140625,344.2332763671875,381.94117736816406
38,2977,157,0,car,0.9333645105361938,677.7855224609375,204.8864898681641,1014.4036865234376,571.7628173828125,846.0946044921875,571.7628173828125,336.6181640625,366.8763275146485
38,2978,157,0,car,0.9205961227416992,676.848876953125,183.05599975585932,1007.020263671875,537.1724853515625,841.9345703125,537.1724853515625,330.17138671875,354.1164855957031
38,2979,157,0,car,0.9240564107894896,675.653076171875,162.6527557373047,997.4713745117188,505.829833984375,836.5622253417969,505.829833984375,321.8182983398437,343.1770782470703
38,2980,157,0,car,0.9300349354743958,675.795654296875,141.26136779785156,987.9603271484376,473.6676330566406,831.8779907226562,473.6676330566406,312.1646728515625,332.40626525878906
38,2981,157,0,car,0.9251521229743958,675.3268432617188,119.23934936523438,980.322021484375,445.9125061035156,827.8244323730469,445.9125061035156,304.99517822265625,326.67315673828125
38,2982,157,0,car,0.9228390455245972,676.5000610351562,98.835205078125,975.0894775390624,415.4604187011719,825.7947692871094,415.4604187011719,298.58941650390625,316.6252136230469
38,2983,157,0,car,0.9201447367668152,674.9118041992188,77.88037872314453,968.3447875976562,392.59027099609375,821.6282958984375,392.59027099609375,293.4329833984375,314.7098922729492
38,2984,157,0,car,0.9156951308250428,674.3222045898438,60.44120407104492,960.0963745117188,366.5198059082031,817.2092895507812,366.5198059082031,285.774169921875,306.0786018371582
38,2985,157,0,car,0.9282628893852234,674.8511352539062,39.94419860839844,956.3637084960938,340.4023132324219,815.607421875,340.4023132324219,281.5125732421875,300.45811462402344
38,2986,157,0,car,0.9284102320671082,675.3600463867188,24.67606544494629,951.2213745117188,316.3509826660156,813.2907104492188,316.3509826660156,275.861328125,291.67491722106934
38,2987,157,0,car,0.9279155731201172,674.5542602539062,7.566891193389893,945.8855590820312,295.0569152832031,810.2199096679688,295.0569152832031,271.331298828125,287.49002408981323
38,2988,157,0,car,0.9289566874504088,672.0310668945312,0.0,938.5404052734376,271.5703125,805.2857360839844,271.5703125,266.50933837890625,271.5703125
38,2989,157,0,car,0.9201632738113404,671.810302734375,0.0,932.0018920898438,252.08995056152344,801.9060974121094,252.08995056152344,260.19158935546875,252.08995056152344
38,2990,157,0,car,0.9229007959365844,672.6130981445312,0.0,925.7202758789062,230.894760131836,799.1666870117188,230.894760131836,253.107177734375,230.894760131836
38,2991,157,0,car,0.9230436682701112,673.6173095703125,0.0,922.5735473632812,212.9426422119141,798.0954284667969,212.9426422119141,248.95623779296875,212.9426422119141
38,2992,157,0,car,0.9288251399993896,672.588623046875,0.0,915.8876953125,193.38882446289065,794.2381591796875,193.38882446289065,243.299072265625,193.38882446289065
38,2993,157,0,car,0.9210079908370972,672.578857421875,0.0,910.8374633789062,170.9136505126953,791.7081604003906,170.9136505126953,238.25860595703125,170.9136505126953
38,2994,157,0,car,0.9035100936889648,672.2997436523438,0.0,906.2506103515624,155.43634033203125,789.2751770019531,155.43634033203125,233.95086669921875,155.43634033203125
38,2995,157,0,car,0.906692624092102,671.5473022460938,0.0,903.616943359375,139.6153106689453,787.5821228027344,139.6153106689453,232.06964111328125,139.6153106689453
38,2996,157,0,car,0.8958761692047119,673.6663818359375,0.0,900.5355834960938,122.80558013916016,787.1009826660156,122.80558013916016,226.86920166015625,122.80558013916016
38,2997,157,0,car,0.8967887759208679,674.3124389648438,0.0,897.99560546875,108.39300537109376,786.1540222167969,108.39300537109376,223.68316650390625,108.39300537109376
38,2998,157,0,car,0.8783242702484131,673.5454711914062,0.703652024269104,891.40185546875,95.11502838134766,782.4736633300781,95.11502838134766,217.8563842773437,94.41137635707857
38,2999,157,0,car,0.8577978610992432,674.2005004882812,1.624076247215271,887.9693603515625,80.25988006591797,781.0849304199219,80.25988006591797,213.76885986328125,78.6358038187027
38,3000,157,0,car,0.8313344120979309,675.6009521484375,0.7920764684677124,882.6088256835938,65.01480102539062,779.1048889160156,65.01480102539062,207.00787353515625,64.22272455692291
39,3012,159,0,car,0.9418443441390992,668.7020874023438,465.8305969238281,1119.95166015625,1025.0328369140625,894.3268737792969,1025.0328369140625,451.2495727539063,559.2022399902344
39,3013,159,0,car,0.935774028301239,670.237548828125,433.0895080566406,1101.6693115234375,977.2816772460938,885.9534301757812,977.2816772460938,431.4317626953125,544.1921691894531
39,3014,159,0,car,0.9388427734375,670.0297241210938,402.630859375,1088.720458984375,922.0283203125,879.3750915527344,922.0283203125,418.6907348632813,519.3974609375
39,3015,159,0,car,0.9426257014274596,667.2692260742188,372.3499755859375,1076.0064697265625,871.20751953125,871.6378479003906,871.20751953125,408.73724365234375,498.8575439453125
39,3016,159,0,car,0.9427381753921508,669.2365112304688,345.8664245605469,1061.43701171875,819.5426635742188,865.3367614746094,819.5426635742188,392.2005004882813,473.6762390136719
39,3017,159,0,car,0.9440499544143676,668.0304565429688,312.9058532714844,1053.235107421875,772.0323486328125,860.6327819824219,772.0323486328125,385.2046508789063,459.1264953613281
39,3018,159,0,car,0.9505568146705629,670.0935668945312,283.2772521972656,1041.402587890625,727.3983764648438,855.7480773925781,727.3983764648438,371.30902099609375,444.1211242675781
39,3019,159,0,car,0.9554105997085572,668.904541015625,262.4490051269531,1031.7003173828125,683.1491088867188,850.3024291992188,683.1491088867188,362.7957763671875,420.7001037597656
39,3020,159,0,car,0.9420461058616638,667.662353515625,234.9652709960937,1022.279052734375,644.3921508789062,844.970703125,644.3921508789062,354.61669921875,409.4268798828125
39,3021,159,0,car,0.941831111907959,668.0594482421875,210.0736083984375,1014.9313354492188,607.413330078125,841.4953918457031,607.413330078125,346.87188720703125,397.3397216796875
39,3022,159,0,car,0.9258163571357728,664.1558837890625,187.71566772460932,1007.9410400390624,569.7081298828125,836.0484619140625,569.7081298828125,343.78515625,381.9924621582031
39,3023,159,0,car,0.9168355464935304,665.2310180664062,164.99903869628906,997.3048095703124,538.2633666992188,831.2679138183594,538.2633666992188,332.07379150390625,373.2643280029297
39,3024,159,0,car,0.9212805032730104,663.139892578125,143.18190002441406,989.2128295898438,507.325439453125,826.1763610839844,507.325439453125,326.07293701171875,364.1435394287109
39,3025,159,0,car,0.928432047367096,665.4447021484375,122.28793334960938,981.6268310546876,478.9839477539063,823.5357666015625,478.9839477539063,316.18212890625,356.6960144042969
39,3026,159,0,car,0.9275751113891602,667.5040893554688,101.7682113647461,975.2512817382812,451.02386474609375,821.377685546875,451.02386474609375,307.7471923828125,349.25565338134766
39,3027,159,0,car,0.9313239455223083,665.4675903320312,79.62470245361328,969.056884765625,422.0280151367188,817.2622375488281,422.0280151367188,303.5892944335937,342.40331268310547
39,3028,159,0,car,0.924418330192566,664.2036743164062,63.20060348510742,963.9907836914062,397.54010009765625,814.0972290039062,397.54010009765625,299.787109375,334.3394966125488
39,3029,159,0,car,0.9284390211105348,661.7405395507812,43.00973129272461,957.7955322265624,370.9953308105469,809.7680358886719,370.9953308105469,296.05499267578125,327.98559951782227
39,3030,159,0,car,0.9323269724845886,663.4031982421875,26.96096611022949,950.7220458984376,347.198486328125,807.0626220703125,347.198486328125,287.31884765625,320.2375202178955
39,3031,159,0,car,0.9256604313850404,660.3865356445312,12.355854988098145,944.2008056640624,323.3419494628906,802.2936706542969,323.3419494628906,283.81427001953125,310.9860944747925
39,3032,159,0,car,0.9320778250694276,659.7390747070312,0.0,937.9247436523438,303.7442321777344,798.8319091796875,303.7442321777344,278.1856689453125,303.7442321777344
39,3033,159,0,car,0.922858476638794,659.5467529296875,0.0,931.7625732421876,279.3607788085937,795.6546630859375,279.3607788085937,272.2158203125,279.3607788085937
39,3034,159,0,car,0.9170556664466858,660.5665283203125,0.0,926.3269653320312,258.895263671875,793.4467468261719,258.895263671875,265.76043701171875,258.895263671875
39,3035,159,0,car,0.9232820868492126,660.9464111328125,0.0,921.0467529296876,237.3345489501953,790.99658203125,237.3345489501953,260.100341796875,237.3345489501953
39,3036,159,0,car,0.9235612750053406,659.730224609375,0.0,916.3909912109376,217.62896728515625,788.0606079101562,217.62896728515625,256.6607666015625,217.62896728515625
39,3037,159,0,car,0.9191663265228271,664.1881103515625,0.0,912.9215087890624,198.9138336181641,788.5548095703125,198.9138336181641,248.7333984375,198.9138336181641
39,3038,159,0,car,0.9180863499641418,663.0441284179688,0.0,908.34619140625,180.2805938720703,785.6951599121094,180.2805938720703,245.30206298828125,180.2805938720703
39,3039,159,0,car,0.9111071228981018,662.2169189453125,0.0,905.3991088867188,163.2551727294922,783.8080139160156,163.2551727294922,243.18218994140625,163.2551727294922
39,3040,159,0,car,0.8909767866134644,664.6679077148438,0.0,901.4799194335938,146.9535369873047,783.0739135742188,146.9535369873047,236.81201171875,146.9535369873047
39,3041,159,0,car,0.9016765356063844,661.7749633789062,0.0,900.2896728515625,132.5124053955078,781.0323181152344,132.5124053955078,238.51470947265625,132.5124053955078
39,3042,159,0,car,0.8976301550865173,664.0587158203125,0.0939303711056709,895.7728271484375,115.51055145263672,779.915771484375,115.51055145263672,231.714111328125,115.41662108153103
39,3043,159,0,car,0.900021493434906,661.3594970703125,0.9433931708335876,889.9556884765625,102.1003646850586,775.6575927734375,102.1003646850586,228.59619140625,101.156971514225
39,3044,159,0,car,0.8580774664878845,661.9154663085938,1.7681740522384644,886.6182861328125,88.04844665527344,774.2668762207031,88.04844665527344,224.70281982421875,86.28027260303497
39,3045,159,0,car,0.8432372808456421,666.5001831054688,1.188786268234253,883.19921875,71.73745727539062,774.8497009277344,71.73745727539062,216.69903564453125,70.54867100715637
39,3046,159,0,car,0.7604856491088867,667.4251708984375,0.0889742523431778,880.2326049804688,58.33869934082031,773.8288879394531,58.33869934082031,212.80743408203125,58.249725088477135
40,3029,163,0,car,0.9319934844970704,2.2441723346710205,469.2731323242188,475.3583984375,1016.172607421875,238.8012853860855,1016.172607421875,473.114226102829,546.8994750976562
40,3030,163,0,car,0.9310541749000548,2.9301741123199463,424.8002624511719,481.5718078613281,954.1561279296876,242.25099098682404,954.1561279296876,478.6416337490082,529.3558654785156
40,3031,163,0,car,0.9359488487243652,16.423416137695312,379.9525451660156,486.2919616699219,888.0619506835938,251.3576889038086,888.0619506835938,469.86854553222656,508.1094055175781
40,3032,163,0,car,0.9270134568214417,40.78993988037109,338.0522155761719,495.9114379882813,820.7236328125,268.3506889343262,820.7236328125,455.12149810791016,482.6714172363281
40,3033,163,0,car,0.9364660382270812,66.46137237548828,302.14849853515625,497.3232727050781,759.6357421875,281.8923225402832,759.6357421875,430.8619003295898,457.48724365234375
40,3034,163,0,car,0.9338670372962952,88.4608383178711,267.2891845703125,502.3970947265625,698.4392700195312,295.4289665222168,698.4392700195312,413.9362564086914,431.1500854492188
40,3035,163,0,car,0.9398001432418824,111.93321990966795,228.88653564453125,505.1261291503906,649.4384765625,308.5296745300293,649.4384765625,393.19290924072266,420.5519409179688
40,3036,163,0,car,0.9368522763252258,131.25184631347656,198.3765411376953,508.0144348144531,595.40234375,319.63314056396484,595.40234375,376.76258850097656,397.0258026123047
40,3037,163,0,car,0.9144372344017028,149.1310272216797,167.57321166992188,516.7122802734375,550.74365234375,332.9216537475586,550.74365234375,367.5812530517578,383.1704406738281
40,3038,163,0,car,0.9211986660957336,167.16143798828125,137.6431884765625,521.3932495117188,507.17584228515625,344.27734375,507.17584228515625,354.2318115234375,369.53265380859375
40,3039,163,0,car,0.924680471420288,180.14129638671875,110.67437744140624,523.875,466.05755615234375,352.0081481933594,466.05755615234375,343.73370361328125,355.3831787109375
40,3040,163,0,car,0.9278860688209534,196.2625274658203,83.61579895019531,527.2764282226562,426.3941650390625,361.7694778442383,426.3941650390625,331.01390075683594,342.7783660888672
40,3041,163,0,car,0.9189929366111756,212.56434631347656,59.5887336730957,527.6282958984375,391.9288024902344,370.096321105957,391.9288024902344,315.06394958496094,332.3400688171387
40,3042,163,0,car,0.9307839274406432,225.3532257080078,36.41741943359375,529.2564697265625,356.2573547363281,377.3048477172852,356.2573547363281,303.9032440185547,319.8399353027344
40,3043,163,0,car,0.9281083345413208,237.3334808349609,15.5986909866333,531.8245849609375,323.7650451660156,384.5790328979492,323.7650451660156,294.49110412597656,308.1663541793823
40,3044,163,0,car,0.9260852336883544,247.41807556152344,0.0,535.1983032226562,292.5861511230469,391.3081893920898,292.5861511230469,287.7802276611328,292.5861511230469
40,3045,163,0,car,0.9320698380470276,259.54608154296875,0.0,542.89501953125,265.9837951660156,401.2205505371094,265.9837951660156,283.34893798828125,265.9837951660156
40,3046,163,0,car,0.9190068244934082,266.9193420410156,0.0,546.6651000976562,238.39854431152344,406.792221069336,238.39854431152344,279.7457580566406,238.39854431152344
40,3047,163,0,car,0.9332239031791688,279.9541320800781,0.0,549.4228515625,214.59674072265625,414.68849182128906,214.59674072265625,269.4687194824219,214.59674072265625
40,3048,163,0,car,0.9224029183387756,287.7455749511719,0.0,551.9751586914062,187.40542602539065,419.86036682128906,187.40542602539065,264.2295837402344,187.40542602539065
40,3049,163,0,car,0.9197729229927064,295.4889221191406,0.0,552.6204833984375,164.7862548828125,424.05470275878906,164.7862548828125,257.1315612792969,164.7862548828125
40,3050,163,0,car,0.9061053991317748,303.704345703125,0.0,553.647216796875,142.4174346923828,428.67578125,142.4174346923828,249.94287109375,142.4174346923828
40,3051,163,0,car,0.9048165678977966,311.46636962890625,0.0,553.1121826171875,118.34606170654295,432.2892761230469,118.34606170654295,241.64581298828125,118.34606170654295
40,3052,163,0,car,0.883343517780304,319.9940490722656,0.0,553.9043579101562,95.76402282714844,436.9492034912109,95.76402282714844,233.91030883789065,95.76402282714844
40,3053,163,0,car,0.8726806044578552,325.883056640625,1.4353352785110474,552.4739990234375,73.7943115234375,439.1785278320313,73.7943115234375,226.5909423828125,72.35897624492645
40,3054,163,0,car,0.8318642973899841,331.21124267578125,0.2300336509943008,554.4174194335938,57.29509353637695,442.8143310546875,57.29509353637695,223.2061767578125,57.06505988538265
41,3058,167,0,car,0.9463594555854796,735.25732421875,441.7291564941406,1188.7186279296875,1006.2964477539062,961.9879760742188,1006.2964477539062,453.4613037109375,564.5672912597656
41,3059,167,0,car,0.9499143362045288,736.6392822265625,412.1094970703125,1173.462646484375,951.8966064453124,955.0509643554688,951.8966064453124,436.8233642578125,539.787109375
41,3060,167,0,car,0.9474951028823853,732.486328125,382.0,1159.0751953125,895.0427856445312,945.78076171875,895.0427856445312,426.5888671875,513.0427856445312
41,3061,167,0,car,0.9363939166069032,722.2015380859375,356.12261962890625,1141.6614990234375,850.49267578125,931.9315185546876,850.49267578125,419.4599609375,494.37005615234375
41,3062,167,0,car,0.9371910691261292,716.972900390625,330.0392761230469,1128.687744140625,799.2572631835938,922.830322265625,799.2572631835938,411.71484375,469.2179870605469
41,3063,167,0,car,0.9431671500205994,714.0682373046875,301.1964416503906,1118.28125,761.030029296875,916.1747436523438,761.030029296875,404.2130126953125,459.8335876464844
41,3064,167,0,car,0.9417195320129396,714.774658203125,279.6858825683594,1103.994873046875,723.0225830078125,909.384765625,723.0225830078125,389.22021484375,443.3367004394531
41,3065,167,0,car,0.9335142970085144,713.3780517578125,259.53387451171875,1092.0596923828125,679.3411254882812,902.7188720703124,679.3411254882812,378.681640625,419.8072509765625
41,3066,167,0,car,0.9277909398078918,710.4283447265625,233.2369537353516,1080.389892578125,643.58935546875,895.4091186523438,643.58935546875,369.9615478515625,410.3524017333984
41,3067,167,0,car,0.9400002360343932,710.9232788085938,209.9964141845703,1071.887939453125,606.1397705078125,891.4056091308594,606.1397705078125,360.9646606445313,396.1433563232422
41,3068,167,0,car,0.932226538658142,712.7626953125,189.11073303222656,1063.7677001953125,569.9308471679688,888.2651977539062,569.9308471679688,351.0050048828125,380.8201141357422
41,3069,167,0,car,0.9183589816093444,711.6536865234375,167.3343048095703,1053.7880859375,540.0341796875,882.7208862304688,540.0341796875,342.1343994140625,372.6998748779297
41,3070,167,0,car,0.9189245104789734,710.1766967773438,149.9142608642578,1045.154052734375,507.9283447265625,877.6653747558594,507.9283447265625,334.97735595703125,358.0140838623047
41,3071,167,0,car,0.9284729957580566,708.480224609375,126.10646057128906,1036.0567626953125,478.4475402832031,872.2684936523438,478.4475402832031,327.5765380859375,352.34107971191406
41,3072,167,0,car,0.9248929619789124,705.7935791015625,107.75993347167967,1027.78369140625,450.9213562011719,866.7886352539062,450.9213562011719,321.9901123046875,343.1614227294922
41,3073,167,0,car,0.9277569055557252,705.9067993164062,93.87854766845705,1020.7330932617188,424.3365173339844,863.3199462890625,424.3365173339844,314.8262939453125,330.45796966552734
41,3074,167,0,car,0.925703763961792,705.8358764648438,76.02371215820312,1011.5350341796876,399.109130859375,858.6854553222656,399.109130859375,305.6991577148437,323.0854187011719
41,3075,167,0,car,0.9302033185958862,705.6724853515625,62.47467041015625,1005.2489013671876,375.4101257324219,855.460693359375,375.4101257324219,299.576416015625,312.9354553222656
41,3076,167,0,car,0.9292646646499634,706.092041015625,47.205810546875,999.049560546875,352.0416259765625,852.57080078125,352.0416259765625,292.95751953125,304.8358154296875
41,3077,167,0,car,0.9325326681137084,703.6000366210938,29.29496955871582,991.2724609375,330.6035461425781,847.4362487792969,330.6035461425781,287.67242431640625,301.3085765838623
41,3078,167,0,car,0.9321157932281494,702.489013671875,10.068772315979004,984.8499755859376,308.84844970703125,843.6694946289062,308.84844970703125,282.3609619140625,298.77967739105225
41,3079,167,0,car,0.9314486384391784,704.5888671875,0.0855025053024292,977.6104736328124,286.5708923339844,841.0996704101562,286.5708923339844,273.0216064453125,286.48538982868195
41,3080,167,0,car,0.929787814617157,703.9918212890625,0.0,972.8184204101562,269.67138671875,838.4051208496094,269.67138671875,268.8265991210937,269.67138671875
41,3081,167,0,car,0.9227572679519652,706.0175170898438,0.0,969.2175903320312,254.0186462402344,837.6175537109375,254.0186462402344,263.2000732421875,254.0186462402344
41,3082,167,0,car,0.9203684329986572,703.9480590820312,0.0,963.7789306640624,236.86099243164065,833.8634948730469,236.86099243164065,259.83087158203125,236.86099243164065
41,3083,167,0,car,0.92133229970932,703.8562622070312,0.0,961.0087280273438,220.2783660888672,832.4324951171875,220.2783660888672,257.1524658203125,220.2783660888672
41,3084,167,0,car,0.9172154664993286,704.8400268554688,0.0,956.2813110351562,203.552734375,830.5606689453125,203.552734375,251.4412841796875,203.552734375
41,3085,167,0,car,0.918096363544464,702.7974243164062,0.0,951.2762451171876,184.45437622070312,827.0368347167969,184.45437622070312,248.47882080078125,184.45437622070312
41,3086,167,0,car,0.9187829494476318,702.0695190429688,0.0,946.6968383789062,169.62608337402344,824.3831787109375,169.62608337402344,244.6273193359375,169.62608337402344
41,3087,167,0,car,0.9142600297927856,700.495849609375,0.6207301616668701,942.0702514648438,155.85513305664062,821.2830505371094,155.85513305664062,241.57440185546875,155.23440289497375
41,3088,167,0,car,0.9097646474838256,699.0599975585938,0.0536468364298343,937.1495361328124,144.00648498535156,818.1047668457031,144.00648498535156,238.08953857421875,143.95283814892173
41,3089,167,0,car,0.8937278985977173,698.5750732421875,0.0,931.9234619140624,124.46737670898438,815.249267578125,124.46737670898438,233.348388671875,124.46737670898438
41,3090,167,0,car,0.8909447193145752,699.6478271484375,0.223240926861763,927.443115234375,108.8523941040039,813.5454711914062,108.8523941040039,227.7952880859375,108.62915317714214
41,3091,167,0,car,0.8765628337860107,700.64599609375,1.5528507232666016,924.3458862304688,96.2137680053711,812.4959411621094,96.2137680053711,223.69989013671875,94.66091728210448
41,3092,167,0,car,0.8642705082893372,701.3585815429688,1.4358364343643188,919.9763793945312,84.50833129882812,810.66748046875,84.50833129882812,218.6177978515625,83.0724948644638
41,3093,167,0,car,0.8613433241844177,701.2306518554688,0.431374043226242,916.9862060546876,67.22798919677734,809.1084289550781,67.22798919677734,215.75555419921875,66.7966151535511
41,3094,167,0,car,0.8287113904953003,701.7107543945312,0.0,911.0914916992188,50.09695053100586,806.401123046875,50.09695053100586,209.3807373046875,50.09695053100586
42,3058,170,0,car,0.9035120606422424,1355.3880615234375,513.66357421875,1858.34033203125,1035.8885498046875,1606.8641967773438,1035.8885498046875,502.9522705078125,522.2249755859375
42,3059,170,0,car,0.6768206357955933,1328.94482421875,472.164306640625,1875.0902099609373,984.907958984375,1602.0175170898438,984.907958984375,546.1453857421875,512.74365234375
42,3060,170,0,car,0.9301183223724364,1306.75244140625,430.6521911621094,1881.5777587890625,921.4563598632812,1594.1651000976562,921.4563598632812,574.8253173828125,490.8041687011719
42,3061,170,0,car,0.937774658203125,1280.719482421875,391.093505859375,1855.76953125,856.6422729492188,1568.2445068359375,856.6422729492188,575.050048828125,465.54876708984375
42,3062,170,0,car,0.9245101809501648,1259.3577880859375,354.1052551269531,1815.150390625,796.2809448242188,1537.2540893554688,796.2809448242188,555.7926025390625,442.1756896972656
42,3063,170,0,car,0.932986319065094,1240.81591796875,307.48858642578125,1770.4207763671875,742.4061889648438,1505.6183471679688,742.4061889648438,529.6048583984375,434.9176025390625
42,3064,170,0,car,0.9387882351875304,1227.958251953125,276.2675170898437,1725.9588623046875,686.6124877929688,1476.9585571289062,686.6124877929688,498.0006103515625,410.344970703125
42,3065,170,0,car,0.9273043870925904,1209.653076171875,238.3006896972656,1679.434814453125,639.7467651367188,1444.5439453125,639.7467651367188,469.78173828125,401.4460754394531
42,3066,170,0,car,0.9307829737663268,1191.5286865234375,206.5193328857422,1642.547119140625,589.1806030273438,1417.0379028320312,589.1806030273438,451.0184326171875,382.6612701416016
42,3067,170,0,car,0.9199457168579102,1176.11962890625,180.7909698486328,1608.4365234375,546.2108154296875,1392.278076171875,546.2108154296875,432.31689453125,365.4198455810547
42,3068,170,0,car,0.9275044202804564,1157.177490234375,149.9427032470703,1578.0145263671875,506.8745727539063,1367.5960083007812,506.8745727539063,420.8370361328125,356.93186950683594
42,3069,170,0,car,0.9188253283500672,1143.4534912109375,122.3285140991211,1546.4447021484375,468.91546630859375,1344.9490966796875,468.91546630859375,402.9912109375,346.58695220947266
42,3070,170,0,car,0.9276880621910096,1130.9630126953125,96.43179321289062,1516.96044921875,429.2893676757813,1323.9617309570312,429.2893676757813,385.9974365234375,332.8575744628906
42,3071,170,0,car,0.916878342628479,1120.1766357421875,74.1655044555664,1490.2174072265625,395.8314514160156,1305.197021484375,395.8314514160156,370.040771484375,321.6659469604492
42,3072,170,0,car,0.9201964139938354,1109.12451171875,51.15806198120117,1464.0955810546875,363.81396484375,1286.6100463867188,363.81396484375,354.9710693359375,312.6559028625488
42,3073,170,0,car,0.9191220998764038,1098.8306884765625,27.117897033691406,1440.0902099609375,333.0924377441406,1269.46044921875,333.0924377441406,341.259521484375,305.9745407104492
42,3074,170,0,car,0.9312724471092224,1089.0595703125,6.5374250411987305,1417.6568603515625,301.8078308105469,1253.3582153320312,301.8078308105469,328.5972900390625,295.27040576934814
42,3075,170,0,car,0.9242623448371888,1078.07080078125,0.0,1397.2352294921875,275.00982666015625,1237.6530151367188,275.00982666015625,319.1644287109375,275.00982666015625
42,3076,170,0,car,0.9187704920768738,1068.63037109375,0.0,1378.881591796875,250.9934539794922,1223.7559814453125,250.9934539794922,310.251220703125,250.9934539794922
42,3077,170,0,car,0.9189860224723816,1057.8751220703125,0.0,1357.809814453125,224.9537506103516,1207.8424682617188,224.9537506103516,299.9346923828125,224.9537506103516
42,3078,170,0,car,0.9119752049446106,1049.033447265625,0.0,1340.2779541015625,201.4812164306641,1194.6557006835938,201.4812164306641,291.2445068359375,201.4812164306641
42,3079,170,0,car,0.9136142730712892,1041.06103515625,0.0,1322.6383056640625,177.8878631591797,1181.8496704101562,177.8878631591797,281.5772705078125,177.8878631591797
42,3080,170,0,car,0.9093115329742432,1032.51806640625,0.0,1306.8465576171875,155.72288513183594,1169.6823120117188,155.72288513183594,274.3284912109375,155.72288513183594
42,3081,170,0,car,0.894753098487854,1023.164794921875,0.0,1292.2796630859375,137.34715270996094,1157.7222290039062,137.34715270996094,269.1148681640625,137.34715270996094
42,3082,170,0,car,0.8874006271362305,1014.1802978515624,0.0,1279.0478515625,116.21514892578124,1146.6140747070312,116.21514892578124,264.8675537109375,116.21514892578124
42,3083,170,0,car,0.8635178804397583,1012.9002075195312,0.0258081834763288,1263.7772216796875,95.26544189453124,1138.3387145996094,95.26544189453124,250.87701416015625,95.23963371105492
42,3084,170,0,car,0.8658753037452698,1020.2683715820312,0.755279004573822,1246.9434814453125,76.55674743652344,1133.605926513672,76.55674743652344,226.67510986328125,75.80146843194962
42,3085,170,0,car,0.8268768787384033,1023.4765625,0.0,1236.31396484375,55.46553421020508,1129.895263671875,55.46553421020508,212.83740234375,55.46553421020508
43,3082,176,0,car,0.9474197626113892,665.0316162109375,422.9109802246094,1123.1925048828125,1045.294189453125,894.112060546875,1045.294189453125,458.160888671875,622.3832092285156
43,3083,176,0,car,0.9462766647338868,665.8261108398438,393.68646240234375,1108.7481689453125,990.1725463867188,887.2871398925781,990.1725463867188,442.9220581054688,596.486083984375
43,3084,176,0,car,0.9516299962997437,666.7111206054688,367.1818542480469,1091.8426513671875,933.8240966796876,879.2768859863281,933.8240966796876,425.1315307617188,566.6422424316406
43,3085,176,0,car,0.9484544396400452,669.0301513671875,345.7565002441406,1079.247802734375,881.7029418945312,874.1389770507812,881.7029418945312,410.2176513671875,535.9464416503906
43,3086,176,0,car,0.9403735399246216,664.6738891601562,329.5443725585937,1065.4727783203125,831.5411376953125,865.0733337402344,831.5411376953125,400.79888916015625,501.9967651367188
43,3087,176,0,car,0.9394153356552124,668.4853515625,297.6233215332031,1055.88720703125,783.287109375,862.186279296875,783.287109375,387.40185546875,485.6637878417969
43,3088,176,0,car,0.9359928965568542,672.0701904296875,277.3529357910156,1049.033447265625,742.810546875,860.5518188476562,742.810546875,376.9632568359375,465.4576110839844
43,3089,176,0,car,0.9443800449371338,673.1907348632812,258.7317810058594,1037.7244873046875,703.6724243164062,855.4576110839844,703.6724243164062,364.5337524414063,444.9406433105469
43,3090,176,0,car,0.9356051683425904,668.417724609375,237.6835327148437,1030.6107177734375,668.6395263671875,849.5142211914062,668.6395263671875,362.1929931640625,430.95599365234375
43,3091,176,0,car,0.9313239455223083,667.0904541015625,213.6339263916016,1021.6996459960938,627.0623168945312,844.3950500488281,627.0623168945312,354.60919189453125,413.4283905029297
43,3092,176,0,car,0.9255348443984984,661.9903564453125,190.7810821533203,1012.9605712890624,586.5900268554688,837.4754638671875,586.5900268554688,350.97021484375,395.8089447021485
43,3093,176,0,car,0.9272738695144652,657.3530883789062,172.85813903808594,1004.9268188476562,558.5986938476562,831.1399536132812,558.5986938476562,347.57373046875,385.7405548095703
43,3094,176,0,car,0.8842873573303223,653.9905395507812,145.9560546875,996.0991821289062,526.6243286132812,825.0448608398438,526.6243286132812,342.108642578125,380.6682739257813
43,3095,176,0,car,0.91641366481781,651.4398193359375,121.48289489746094,989.5398559570312,501.8555603027344,820.4898376464844,501.8555603027344,338.1000366210937,380.37266540527344
43,3096,176,0,car,0.874164342880249,652.68310546875,98.408203125,981.2601928710938,473.6371765136719,816.9716491699219,473.6371765136719,328.5770874023437,375.2289733886719
43,3097,176,0,car,0.9354413747787476,651.9732055664062,77.71517181396484,975.0245361328124,448.6484680175781,813.4988708496094,448.6484680175781,323.05133056640625,370.9332962036133
43,3098,176,0,car,0.9330338835716248,648.8762817382812,68.59764862060547,968.993408203125,421.4684448242188,808.9348449707031,421.4684448242188,320.1171264648437,352.8707962036133
43,3099,176,0,car,0.9268838763237,647.2206420898438,46.69600296020508,963.26123046875,393.2778930664063,805.2409362792969,393.2778930664063,316.04058837890625,346.5818901062012
43,3100,176,0,car,0.9256054162979126,649.0,27.63666343688965,958.1651611328124,368.4577026367188,803.5825805664062,368.4577026367188,309.1651611328125,340.8210391998291
43,3101,176,0,car,0.923418402671814,649.9580078125,16.443906784057617,953.0355224609376,347.0794677734375,801.4967651367188,347.0794677734375,303.0775146484375,330.6355609893799
43,3102,176,0,car,0.9234471917152404,650.4619750976562,7.469826221466064,946.5774536132812,328.6473083496094,798.5197143554688,328.6473083496094,296.115478515625,321.1774821281433
43,3103,176,0,car,0.928655445575714,648.9607543945312,1.7895797491073608,940.6985473632812,309.927001953125,794.8296508789062,309.927001953125,291.73779296875,308.13742220401764
43,3104,176,0,car,0.925969123840332,646.16162109375,0.0,934.4508666992188,280.8974914550781,790.3062438964844,280.8974914550781,288.28924560546875,280.8974914550781
43,3105,176,0,car,0.9239676594734192,649.3231811523438,0.0,928.6209716796876,259.7694702148437,788.9720764160156,259.7694702148437,279.2977905273437,259.7694702148437
43,3106,176,0,car,0.922237515449524,653.44189453125,0.0,922.9190063476562,239.56874084472656,788.1804504394531,239.56874084472656,269.47711181640625,239.56874084472656
43,3107,176,0,car,0.9223151206970216,654.9619140625,0.0,918.74072265625,222.4058990478516,786.851318359375,222.4058990478516,263.77880859375,222.4058990478516
43,3108,176,0,car,0.9227580428123474,654.2163696289062,0.0,916.5440673828124,208.6846466064453,785.3802185058594,208.6846466064453,262.32769775390625,208.6846466064453
43,3109,176,0,car,0.920116662979126,652.1700439453125,0.0,911.7122192382812,189.3423614501953,781.9411315917969,189.3423614501953,259.54217529296875,189.3423614501953
43,3110,176,0,car,0.9260668754577636,652.2936401367188,2.1738715171813965,907.58203125,171.69862365722656,779.9378356933594,171.69862365722656,255.28839111328125,169.52475214004517
43,3111,176,0,car,0.9204626679420472,652.1038818359375,3.738334655761719,902.7968139648438,158.7680206298828,777.4503479003906,158.7680206298828,250.69293212890625,155.0296859741211
43,3112,176,0,car,0.9045544266700744,650.8908081054688,0.7492949366569519,899.0247802734375,143.8438720703125,774.9577941894531,143.8438720703125,248.13397216796875,143.09457713365555
43,3113,176,0,car,0.8963748216629028,646.7015380859375,0.8001137375831604,895.0999145507812,130.33367919921875,770.9007263183594,130.33367919921875,248.3983764648437,129.5335654616356
43,3114,176,0,car,0.9037542343139648,647.4595336914062,0.7272732853889465,892.0169677734375,118.22459411621094,769.7382507324219,118.22459411621094,244.55743408203125,117.497320830822
43,3115,176,0,car,0.9005053639411926,646.30517578125,0.5425165891647339,889.39404296875,105.36140441894533,767.849609375,105.36140441894533,243.0888671875,104.81888782978058
43,3116,176,0,car,0.8653228282928467,649.7044677734375,1.1367247104644775,886.2091064453125,91.56255340576172,767.956787109375,91.56255340576172,236.504638671875,90.42582869529724
43,3117,176,0,car,0.8461992144584656,654.9202270507812,0.2204682976007461,879.7344360351562,74.7072525024414,767.3273315429688,74.7072525024414,224.814208984375,74.48678420484066
43,3118,176,0,car,0.7603648900985718,654.4609375,0.0,876.0239868164062,58.993438720703125,765.2424621582031,58.993438720703125,221.56304931640625,58.993438720703125
44,3099,181,0,car,0.9487703442573548,1367.6005859375,474.9712524414063,1919.76611328125,1008.0136108398438,1643.683349609375,1008.0136108398438,552.16552734375,533.0423583984375
44,3100,181,0,car,0.9383796453475952,1340.6090087890625,437.6207885742188,1919.2689208984373,948.5489501953124,1629.93896484375,948.5489501953124,578.659912109375,510.92816162109375
44,3101,181,0,car,0.9284666776657104,1317.428466796875,400.2482299804688,1906.13623046875,884.95751953125,1611.7823486328125,884.95751953125,588.707763671875,484.7092895507813
44,3102,181,0,car,0.9294008016586304,1300.231689453125,366.2007751464844,1867.4595947265625,821.436767578125,1583.8456420898438,821.436767578125,567.2279052734375,455.2359924316406
44,3103,181,0,car,0.9340029954910278,1273.82177734375,332.9055480957031,1826.0501708984373,764.0042114257812,1549.9359741210938,764.0042114257812,552.2283935546875,431.0986633300781
44,3104,181,0,car,0.9353413581848145,1255.91162109375,291.0991516113281,1779.387451171875,707.955078125,1517.6495361328125,707.955078125,523.475830078125,416.8559265136719
44,3105,181,0,car,0.9324679970741272,1240.11279296875,263.9253845214844,1739.2996826171875,654.5809936523438,1489.7062377929688,654.5809936523438,499.1868896484375,390.6556091308594
44,3106,181,0,car,0.925734281539917,1225.4124755859375,233.3558807373047,1703.6842041015625,612.6668090820312,1464.54833984375,612.6668090820312,478.271728515625,379.31092834472656
44,3107,181,0,car,0.9381034970283508,1213.087158203125,204.93345642089844,1665.174560546875,568.4664916992188,1439.130859375,568.4664916992188,452.08740234375,363.5330352783203
44,3108,181,0,car,0.9213303923606871,1196.71142578125,179.2788848876953,1631.0462646484375,528.3734741210938,1413.8788452148438,528.3734741210938,434.3348388671875,349.09458923339844
44,3109,181,0,car,0.9312735795974731,1182.867431640625,152.41949462890625,1602.0850830078125,488.6947326660156,1392.4762573242188,488.6947326660156,419.2176513671875,336.2752380371094
44,3110,181,0,car,0.9278829097747804,1168.82568359375,127.86087799072266,1573.7821044921875,452.783935546875,1371.3038940429688,452.783935546875,404.9564208984375,324.92305755615234
44,3111,181,0,car,0.9299247860908508,1157.091796875,105.59725189208984,1547.0311279296875,418.8425903320313,1352.0614624023438,418.8425903320313,389.9393310546875,313.2453384399414
44,3112,181,0,car,0.9235588908195496,1146.6802978515625,79.89189147949219,1519.997314453125,386.95257568359375,1333.3388061523438,386.95257568359375,373.3170166015625,307.0606842041016
44,3113,181,0,car,0.9254565238952636,1136.084228515625,61.224517822265625,1496.798583984375,355.1441650390625,1316.44140625,355.1441650390625,360.71435546875,293.9196472167969
44,3114,181,0,car,0.9246046543121338,1124.049560546875,38.74205780029297,1476.318359375,327.7256164550781,1300.1839599609375,327.7256164550781,352.268798828125,288.9835586547852
44,3115,181,0,car,0.9313026666641236,1112.80029296875,16.140785217285156,1453.452392578125,301.9515380859375,1283.1263427734375,301.9515380859375,340.652099609375,285.81075286865234
44,3116,181,0,car,0.9260787963867188,1105.2314453125,0.0,1433.5067138671875,275.230224609375,1269.3690795898438,275.230224609375,328.2752685546875,275.230224609375
44,3117,181,0,car,0.920966625213623,1095.20166015625,0.0,1412.7825927734375,251.7151031494141,1253.9921264648438,251.7151031494141,317.5809326171875,251.7151031494141
44,3118,181,0,car,0.9209548234939576,1083.347900390625,0.0,1396.0972900390625,231.00021362304688,1239.7225952148438,231.00021362304688,312.7493896484375,231.00021362304688
44,3119,181,0,car,0.9117032289505004,1073.600830078125,0.0,1377.0157470703125,204.9608154296875,1225.3082885742188,204.9608154296875,303.4149169921875,204.9608154296875
44,3120,181,0,car,0.9093970656394958,1067.719970703125,0.0,1358.3011474609375,181.82969665527344,1213.0105590820312,181.82969665527344,290.5811767578125,181.82969665527344
44,3121,181,0,car,0.9154332280158995,1059.4749755859375,0.0,1342.0164794921875,159.2221221923828,1200.7457275390625,159.2221221923828,282.54150390625,159.2221221923828
44,3122,181,0,car,0.9026108384132384,1051.7030029296875,0.0,1332.030029296875,140.5530242919922,1191.8665161132812,140.5530242919922,280.3270263671875,140.5530242919922
44,3123,181,0,car,0.8931856751441956,1044.7257080078125,0.0,1313.924560546875,117.4264144897461,1179.3251342773438,117.4264144897461,269.1988525390625,117.4264144897461
44,3124,181,0,car,0.879192054271698,1037.5712890625,0.0,1299.9725341796875,98.25032043457033,1168.7719116210938,98.25032043457033,262.4012451171875,98.25032043457033
44,3125,181,0,car,0.8569714426994324,1037.2957763671875,1.1095943450927734,1286.2950439453125,85.96934509277344,1161.79541015625,85.96934509277344,248.999267578125,84.85975074768066
44,3126,181,0,car,0.8466218113899231,1043.1478271484375,0.6798972487449646,1272.459716796875,66.58609771728516,1157.8037719726562,66.58609771728516,229.3118896484375,65.90620046854019
44,3127,181,0,car,0.8834268450737,1049.55615234375,0.4774567782878876,1258.802978515625,50.749549865722656,1154.1795654296875,50.749549865722656,209.246826171875,50.27209308743477
45,3100,183,0,car,0.9032694101333618,3.5876657962799072,437.298828125,407.0942687988281,1052.3695068359375,205.340967297554,1052.3695068359375,403.5066030025482,615.0706787109375
45,3101,183,0,car,0.9432849884033204,2.0979433059692383,391.9282836914063,414.36529541015625,994.5341186523438,208.2316193580628,994.5341186523438,412.267352104187,602.6058349609375
45,3102,183,0,car,0.9378917813301086,0.8317275643348694,344.6133117675781,417.549072265625,919.904541015625,209.19039991498,919.904541015625,416.7173447012901,575.2912292480469
45,3103,183,0,car,0.8069527745246887,153.7300567626953,306.6972045898437,428.1858825683594,848.3770751953125,290.95796966552734,848.3770751953125,274.45582580566406,541.6798706054688
45,3104,183,0,car,0.8523784875869751,49.72958755493164,269.5406799316406,423.2470397949219,791.71533203125,236.4883136749268,791.71533203125,373.51745223999023,522.1746520996094
45,3105,183,0,car,0.9266619086265564,18.41252517700196,230.91748046875,436.9538879394531,743.8797607421875,227.6832065582276,743.8797607421875,418.5413627624512,512.9622802734375
45,3106,183,0,car,0.8973767757415771,11.60875415802002,202.1357879638672,447.3084716796875,691.0414428710938,229.45861291885376,691.0414428710938,435.6997175216675,488.90565490722656
45,3107,183,0,car,0.9356535077095032,4.167078971862793,173.441650390625,455.0836791992188,646.5610961914062,229.6253790855408,646.5610961914062,450.916600227356,473.1194458007813
45,3108,183,0,car,0.929086208343506,14.835370063781738,145.59030151367188,460.35882568359375,595.0145263671875,237.5970978736877,595.0145263671875,445.523455619812,449.4242248535156
45,3109,183,0,car,0.9157071113586426,29.54290199279785,116.04338073730467,462.7018127441406,556.4282836914062,246.12235736846924,556.4282836914062,433.1589107513428,440.3849029541016
45,3110,183,0,car,0.9236729145050048,49.86107635498047,90.8453598022461,466.20599365234375,516.443603515625,258.0335350036621,516.443603515625,416.3449172973633,425.5982437133789
45,3111,183,0,car,0.6768406629562378,65.54458618164062,64.70079040527344,473.6580810546875,478.7278747558594,269.60133361816406,478.7278747558594,408.1134948730469,414.02708435058594
45,3112,183,0,car,0.8532002568244934,83.59793853759766,41.59843063354492,472.84564208984375,442.573974609375,278.2217903137207,442.573974609375,389.2477035522461,400.9755439758301
45,3113,183,0,car,0.8749318718910217,104.05482482910156,21.66426658630371,476.7119445800781,407.9459228515625,290.38338470458984,407.9459228515625,372.65711975097656,386.2816562652588
45,3114,183,0,car,0.9154542684555054,121.5501937866211,1.7123688459396362,482.3805541992188,374.6107177734375,301.9653739929199,374.6107177734375,360.83036041259766,372.89834892749786
45,3115,183,0,car,0.888838529586792,134.0839080810547,0.0,484.3251953125,346.6763610839844,309.20455169677734,346.6763610839844,350.2412872314453,346.6763610839844
45,3116,183,0,car,0.8559233546257019,149.0413055419922,0.0,485.03704833984375,315.1260681152344,317.039176940918,315.1260681152344,335.9957427978516,315.1260681152344
45,3117,183,0,car,0.7706397771835327,163.99082946777344,0.0,478.0010681152344,288.6454467773437,320.9959487915039,288.6454467773437,314.01023864746094,288.6454467773437
45,3118,183,0,car,0.8095404505729675,180.01356506347656,0.0,484.8503723144531,263.4091186523437,332.43196868896484,263.4091186523437,304.83680725097656,263.4091186523437
45,3119,183,0,car,0.7427003979682922,191.9010162353516,0.0,492.4450073242188,240.9828338623047,342.1730117797852,240.9828338623047,300.5439910888672,240.9828338623047
45,3120,183,0,car,0.8991280794143677,202.45445251464844,0.0,499.78948974609375,207.79307556152344,351.1219711303711,207.79307556152344,297.3350372314453,207.79307556152344
45,3121,183,0,car,0.8923860192298889,213.48892211914065,0.0,504.8962097167969,185.4066467285156,359.19256591796875,185.4066467285156,291.40728759765625,185.4066467285156
45,3122,183,0,car,0.8944287896156311,226.1610565185547,0.0,505.4911193847656,160.43777465820312,365.82608795166016,160.43777465820312,279.33006286621094,160.43777465820312
45,3123,183,0,car,0.8863117098808289,239.215087890625,0.0,504.9935302734375,141.41799926757812,372.1043090820313,141.41799926757812,265.7784423828125,141.41799926757812
45,3124,183,0,car,0.8899705410003662,250.31539916992188,0.0,504.2933349609375,119.1380844116211,377.3043670654297,119.1380844116211,253.9779357910156,119.1380844116211
45,3125,183,0,car,0.8892681002616882,260.5865783691406,0.0,505.2931518554688,105.14918518066406,382.9398651123047,105.14918518066406,244.70657348632807,105.14918518066406
45,3126,183,0,car,0.8666924834251404,268.7652893066406,0.0,507.1414489746094,88.3903579711914,387.953369140625,88.3903579711914,238.37615966796875,88.3903579711914
45,3127,183,0,car,0.8539242744445801,276.9323425292969,1.2137715816497805,509.6705017089844,67.49232482910156,393.3014221191406,67.49232482910156,232.7381591796875,66.27855324745178
45,3128,183,0,car,0.7796841263771057,287.8076477050781,0.0329200737178325,511.5768737792969,50.56049728393555,399.6922607421875,50.56049728393555,223.76922607421875,50.527577210217714
46,3120,193,1,motorcycle,0.6966165900230408,1431.7962646484375,576.38525390625,1647.056884765625,1025.547607421875,1539.4265747070312,1025.547607421875,215.2606201171875,449.162353515625
46,3121,193,1,motorcycle,0.684208333492279,1422.978271484375,509.7677001953125,1604.6878662109375,958.7969970703124,1513.8330688476562,958.7969970703124,181.7095947265625,449.029296875
46,3122,193,1,motorcycle,0.749462366104126,1383.7257080078125,462.262939453125,1570.874755859375,896.7357788085938,1477.3002319335938,896.7357788085938,187.1490478515625,434.4728393554688
46,3123,193,2,others,0.66893070936203,1356.782470703125,435.0286254882813,1534.0869140625,838.6305541992188,1445.4346923828125,838.6305541992188,177.304443359375,403.6019287109375
46,3124,193,2,others,0.608468234539032,1330.0546875,430.3338623046875,1502.2132568359375,783.2676391601562,1416.1339721679688,783.2676391601562,172.1585693359375,352.93377685546875
46,3125,193,2,others,0.727702260017395,1307.5537109375,358.3764038085937,1472.88623046875,731.3822631835938,1390.219970703125,731.3822631835938,165.33251953125,373.005859375
46,3126,193,2,others,0.6575385928153992,1282.3369140625,308.17950439453125,1441.4781494140625,689.9105834960938,1361.9075317382812,689.9105834960938,159.1412353515625,381.7310791015625
46,3128,193,2,others,0.5824163556098938,1247.845458984375,282.8511962890625,1394.111572265625,603.1572875976562,1320.978515625,603.1572875976562,146.26611328125,320.3060913085937
46,3129,193,1,motorcycle,0.5740225911140442,1229.3134765625,264.7678527832031,1373.543701171875,561.6439208984375,1301.4285888671875,561.6439208984375,144.230224609375,296.8760681152344
46,3130,193,1,motorcycle,0.658250629901886,1215.13037109375,286.51055908203125,1354.8563232421875,524.438720703125,1284.9933471679688,524.438720703125,139.7259521484375,237.9281616210937
46,3132,193,1,motorcycle,0.5003740787506104,1193.863525390625,299.07696533203125,1316.5230712890625,457.6010437011719,1255.1932983398438,457.6010437011719,122.6595458984375,158.52407836914062
47,3212,198,0,car,0.915670931339264,0.2651279866695404,498.6088562011719,470.89739990234375,1027.490234375,235.58126394450665,1027.490234375,470.6322719156742,528.8813781738281
47,3213,198,0,car,0.9334918856620787,0.6199060678482056,457.5205383300781,475.6258239746094,971.4228515625,238.1228650212288,971.4228515625,475.0059179067612,513.9023132324219
47,3214,198,0,car,0.9338220953941344,6.819027423858643,415.1842956542969,478.2478332519531,915.3068237304688,242.53343033790588,915.3068237304688,471.4288058280945,500.1225280761719
47,3215,198,0,car,0.9417458772659302,20.839881896972656,374.546630859375,483.89007568359375,856.5933837890625,252.3649787902832,856.5933837890625,463.0501937866211,482.0467529296875
47,3216,198,0,car,0.9286614060401917,42.54204559326172,336.0804138183594,490.6950378417969,794.99462890625,266.6185417175293,794.99462890625,448.1529922485352,458.9142150878906
47,3217,198,0,car,0.941201627254486,65.01801300048828,299.7624816894531,493.23681640625,744.2371826171875,279.12741470336914,744.2371826171875,428.2188034057617,444.4747009277344
47,3218,198,0,car,0.9194436073303224,87.05952453613281,266.8981628417969,495.6343383789063,689.8849487304688,291.3469314575196,689.8849487304688,408.57481384277344,422.9867858886719
47,3219,198,0,car,0.9355459213256836,109.19136810302734,232.4085235595703,502.8982849121094,643.294921875,306.0448265075684,643.294921875,393.706916809082,410.8863983154297
47,3220,198,0,car,0.909432291984558,128.30844116210938,201.33251953125,504.3190307617188,596.4912109375,316.31373596191406,596.4912109375,376.0105895996094,395.15869140625
47,3221,198,0,car,0.913943648338318,143.57273864746094,173.57212829589844,509.8509216308594,555.5933227539062,326.71183013916016,555.5933227539062,366.2781829833984,382.0211944580078
47,3222,198,0,car,0.913602352142334,160.10848999023438,147.7270965576172,513.1012573242188,513.0144653320312,336.60487365722656,513.0144653320312,352.9927673339844,365.28736877441406
47,3223,198,0,car,0.922063171863556,175.549072265625,118.82196044921876,511.9263610839844,472.4683227539063,343.7377166748047,472.4683227539063,336.3772888183594,353.6463623046875
47,3224,198,0,car,0.9230299592018129,187.1289520263672,96.7606430053711,514.2593994140625,437.2046813964844,350.69417572021484,437.2046813964844,327.1304473876953,340.4440383911133
47,3225,198,0,car,0.9185319542884828,199.5135955810547,72.40382385253906,518.26416015625,404.2427673339844,358.88887786865234,404.2427673339844,318.7505645751953,331.8389434814453
47,3226,198,0,car,0.9261066913604736,211.6446990966797,51.21061706542969,517.8342895507812,367.20318603515625,364.73949432373047,367.20318603515625,306.1895904541016,315.99256896972656
47,3227,198,0,car,0.9310789704322816,223.0061798095703,27.56159400939941,516.5718994140625,334.3154296875,369.7890396118164,334.3154296875,293.5657196044922,306.7538356781006
47,3228,198,0,car,0.9275918006896972,235.0688018798828,6.1380295753479,517.9144287109375,298.67755126953125,376.49161529541016,298.67755126953125,282.8456268310547,292.5395216941833
47,3229,198,0,car,0.9257588386535645,242.863510131836,0.0,527.1173706054688,275.196044921875,384.99044036865234,275.196044921875,284.2538604736328,275.196044921875
47,3230,198,0,car,0.9219460487365724,252.16079711914065,0.0,534.008544921875,255.82655334472656,393.0846710205078,255.82655334472656,281.8477478027344,255.82655334472656
47,3231,198,0,car,0.9329991936683656,261.48211669921875,0.0,536.0885620117188,229.997787475586,398.7853393554688,229.997787475586,274.6064453125,229.997787475586
47,3232,198,0,car,0.9147103428840636,269.96173095703125,0.0,544.6785278320312,208.04348754882807,407.3201293945313,208.04348754882807,274.716796875,208.04348754882807
47,3233,198,0,car,0.9137227535247804,277.9228515625,0.0,550.1705322265625,178.59490966796875,414.0466918945313,178.59490966796875,272.2476806640625,178.59490966796875
47,3234,198,0,car,0.9042540192604064,284.6994934082031,0.0,554.2268676757812,157.44546508789062,419.4631805419922,157.44546508789062,269.5273742675781,157.44546508789062
47,3235,198,0,car,0.9033360481262208,291.9247436523437,0.0,558.0055541992188,137.26898193359375,424.9651489257813,137.26898193359375,266.080810546875,137.26898193359375
47,3236,198,0,car,0.8962206244468689,299.0520935058594,0.0,549.719970703125,115.23392486572266,424.3860321044922,115.23392486572266,250.6678771972656,115.23392486572266
47,3237,198,0,car,0.862448513507843,307.0708312988281,0.2292331457138061,546.3690185546875,93.67675018310548,426.7199249267578,93.67675018310548,239.29818725585932,93.44751703739166
47,3239,198,0,car,0.5997037887573242,321.5146789550781,0.0,550.1519775390625,50.66224670410156,435.8333282470703,50.66224670410156,228.6372985839844,50.66224670410156
49,3259,211,0,car,0.9281386137008668,1295.71337890625,467.1246337890625,1918.426513671875,1014.5203247070312,1607.0699462890625,1014.5203247070312,622.713134765625,547.3956909179688
49,3260,211,0,car,0.9369753003120422,1275.9930419921875,428.4680480957031,1896.0306396484373,955.6369018554688,1586.0118408203125,955.6369018554688,620.03759765625,527.1688537597656
49,3261,211,0,car,0.9377420544624328,1257.4404296875,389.7342224121094,1858.19580078125,894.41796875,1557.818115234375,894.41796875,600.75537109375,504.6837463378906
49,3262,211,0,car,0.9276936054229736,1243.1123046875,355.93560791015625,1819.38037109375,837.9766845703125,1531.246337890625,837.9766845703125,576.26806640625,482.04107666015625
49,3263,211,0,car,0.9367344975471495,1226.7283935546875,314.6452941894531,1775.305908203125,784.8496704101562,1501.0171508789062,784.8496704101562,548.5775146484375,470.2043762207031
49,3264,211,0,car,0.9368449449539183,1214.024658203125,283.1217346191406,1737.8046875,737.9232788085938,1475.9146728515625,737.9232788085938,523.780029296875,454.8015441894531
49,3265,211,0,car,0.9322384595870972,1201.6534423828125,257.45196533203125,1705.8304443359375,686.0322265625,1453.741943359375,686.0322265625,504.177001953125,428.5802612304688
49,3266,211,0,car,0.9382497072219848,1186.3773193359375,229.365951538086,1668.4857177734375,642.9580688476562,1427.4315185546875,642.9580688476562,482.1083984375,413.5921173095703
49,3267,211,0,car,0.9404733180999756,1171.9827880859375,200.88124084472656,1635.9251708984375,600.5439453125,1403.9539794921875,600.5439453125,463.9423828125,399.66270446777344
49,3268,211,0,car,0.9464558959007264,1160.445556640625,177.0227813720703,1609.6400146484375,560.587890625,1385.0427856445312,560.587890625,449.1944580078125,383.5651092529297
49,3269,211,0,car,0.9238691329956056,1148.5899658203125,150.2750244140625,1577.901611328125,525.3110961914062,1363.2457885742188,525.3110961914062,429.3116455078125,375.03607177734375
49,3270,211,0,car,0.9221521615982056,1137.65087890625,127.07372283935548,1551.7535400390625,488.6633911132813,1344.7022094726562,488.6633911132813,414.1026611328125,361.5896682739258
49,3271,211,0,car,0.920432150363922,1126.1044921875,103.90911865234376,1531.5650634765625,455.4248962402344,1328.8347778320312,455.4248962402344,405.4605712890625,351.5157775878906
49,3272,211,0,car,0.9306098222732544,1116.4364013671875,82.39753723144531,1509.30908203125,425.73529052734375,1312.8727416992188,425.73529052734375,392.8726806640625,343.33775329589844
49,3273,211,0,car,0.9168097972869872,1108.5499267578125,61.43007659912109,1488.79248046875,396.5191955566406,1298.6712036132812,396.5191955566406,380.2425537109375,335.0891189575196
49,3274,211,0,car,0.9260570406913756,1099.498291015625,41.88954162597656,1468.819580078125,367.27935791015625,1284.158935546875,367.27935791015625,369.3212890625,325.3898162841797
49,3275,211,0,car,0.9228631258010864,1088.7264404296875,19.08297538757324,1449.1131591796875,340.1745300292969,1268.9197998046875,340.1745300292969,360.38671875,321.09155464172363
49,3276,211,0,car,0.9288012981414796,1081.129150390625,0.7333638668060303,1430.873291015625,313.1513671875,1256.001220703125,313.1513671875,349.744140625,312.418003320694
49,3277,211,0,car,0.933384358882904,1076.085205078125,0.0,1412.2103271484375,286.05682373046875,1244.1477661132812,286.05682373046875,336.1251220703125,286.05682373046875
49,3278,211,0,car,0.9231554865837096,1067.8070068359375,0.0,1396.16259765625,265.3550720214844,1231.9848022460938,265.3550720214844,328.3555908203125,265.3550720214844
49,3279,211,0,car,0.925337255001068,1057.555419921875,0.0,1380.9210205078125,244.353759765625,1219.2382202148438,244.353759765625,323.3656005859375,244.353759765625
49,3280,211,0,car,0.925707459449768,1049.6707763671875,0.0,1362.8125,222.06153869628903,1206.2416381835938,222.06153869628903,313.1417236328125,222.06153869628903
49,3281,211,0,car,0.9127534627914428,1040.5115966796875,0.0,1348.0181884765625,200.73545837402344,1194.264892578125,200.73545837402344,307.506591796875,200.73545837402344
49,3282,211,0,car,0.924347996711731,1032.6510009765625,0.0,1333.201171875,181.617431640625,1182.9260864257812,181.617431640625,300.5501708984375,181.617431640625
49,3283,211,0,car,0.9042491316795348,1026.8934326171875,0.0,1317.881103515625,160.77532958984375,1172.3872680664062,160.77532958984375,290.9876708984375,160.77532958984375
49,3284,211,0,car,0.89646315574646,1022.2025146484376,0.0,1304.8702392578125,144.86155700683594,1163.536376953125,144.86155700683594,282.667724609375,144.86155700683594
49,3285,211,0,car,0.8950616121292114,1012.6764526367188,0.6731029152870178,1291.199951171875,124.58341979980467,1151.9382019042969,124.58341979980467,278.52349853515625,123.91031688451768
49,3286,211,0,car,0.8859347701072693,1002.6248168945312,0.6576793193817139,1278.4478759765625,104.86933135986328,1140.5363464355469,104.86933135986328,275.82305908203125,104.21165204048155
49,3287,211,0,car,0.8677279353141785,1006.761962890625,2.266815185546875,1266.9820556640625,90.91856384277344,1136.8720092773438,90.91856384277344,260.2200927734375,88.65174865722656
49,3288,211,0,car,0.8755712509155273,1013.4282836914062,2.1099095344543457,1257.220947265625,73.76123809814453,1135.3246154785156,73.76123809814453,243.79266357421875,71.65132856369019
49,3289,211,0,car,0.9092453122138976,1016.1241455078124,0.1699313968420028,1247.223388671875,58.27116775512695,1131.6737670898438,58.27116775512695,231.0992431640625,58.10123635828495
50,3262,214,0,car,0.9485631585121156,482.0220031738281,319.5891418457031,968.3966064453124,1005.266845703125,725.2093048095703,1005.266845703125,486.3746032714844,685.6777038574219
50,3263,214,0,car,0.9500445127487184,490.0415954589844,292.8781433105469,958.8587036132812,952.0960693359376,724.4501495361328,952.0960693359376,468.8171081542969,659.2179260253906
50,3264,214,0,car,0.9500701427459716,496.6476745605469,263.5693359375,947.74365234375,884.813232421875,722.1956634521484,884.813232421875,451.0959777832031,621.243896484375
50,3265,214,0,car,0.9476815462112428,501.79400634765625,232.6959381103516,932.3118896484376,817.0269165039062,717.0529479980469,817.0269165039062,430.5178833007813,584.3309783935547
50,3266,214,0,car,0.9466968774795532,506.5919494628906,203.64161682128903,921.5774536132812,762.6055297851562,714.0847015380859,762.6055297851562,414.9855041503906,558.9639129638672
50,3267,214,0,car,0.945557713508606,509.8855285644531,173.6029510498047,909.8480224609376,705.400390625,709.8667755126953,705.400390625,399.9624938964844,531.7974395751953
50,3268,214,0,car,0.9419792890548706,512.7675170898438,147.04632568359375,898.5720825195312,656.9395751953125,705.6697998046875,656.9395751953125,385.8045654296875,509.8932495117188
50,3269,214,0,car,0.9441379308700562,517.1456909179688,120.19628143310548,892.6011352539062,605.745849609375,704.8734130859375,605.745849609375,375.4554443359375,485.54956817626953
50,3270,214,0,car,0.9419677257537842,520.5173950195312,98.06896209716795,885.2158203125,563.69970703125,702.8666076660156,563.69970703125,364.6984252929688,465.630744934082
50,3271,214,0,car,0.9413116574287416,523.784423828125,75.31224060058594,876.2950439453125,527.6514282226562,700.0397338867188,527.6514282226562,352.5106201171875,452.3391876220703
50,3272,214,0,car,0.9153681993484496,528.4146118164062,48.5865592956543,869.591796875,483.32080078125,699.0032043457031,483.32080078125,341.1771850585937,434.7342414855957
50,3273,214,0,car,0.929669201374054,532.2500610351562,26.828405380249023,866.5400390625,449.7432556152344,699.3950500488281,449.7432556152344,334.2899780273437,422.91485023498535
50,3274,214,0,car,0.9224490523338318,535.5599365234375,12.445423126220703,861.6329956054688,418.1924743652344,698.5964660644531,418.1924743652344,326.07305908203125,405.7470512390137
50,3275,214,0,car,0.9199020266532898,539.2750244140625,4.006271839141846,853.6782836914062,382.9207458496094,696.4766540527344,382.9207458496094,314.4032592773437,378.91447401046753
50,3276,214,0,car,0.9164395928382874,542.0899658203125,1.0147457122802734,848.6965942382812,351.65673828125,695.3932800292969,351.65673828125,306.60662841796875,350.6419925689697
50,3277,214,0,car,0.9259741306304932,545.208251953125,0.0,843.39013671875,322.6153564453125,694.2991943359375,322.6153564453125,298.181884765625,322.6153564453125
50,3278,214,0,car,0.928425431251526,547.4725952148438,0.0,839.3024291992188,301.7394714355469,693.3875122070312,301.7394714355469,291.829833984375,301.7394714355469
50,3279,214,0,car,0.9251578450202942,550.5089111328125,0.0,835.7329711914062,272.8047790527344,693.1209411621094,272.8047790527344,285.2240600585937,272.8047790527344
50,3280,214,0,car,0.9217211604118348,551.4035034179688,0.0,832.73193359375,249.12017822265625,692.0677185058594,249.12017822265625,281.32843017578125,249.12017822265625
50,3281,214,0,car,0.921941578388214,553.2966918945312,0.0,830.1190185546875,226.93753051757807,691.7078552246094,226.93753051757807,276.82232666015625,226.93753051757807
50,3282,214,0,car,0.9181758761405944,554.4671630859375,0.0,824.8579711914062,204.68218994140625,689.6625671386719,204.68218994140625,270.39080810546875,204.68218994140625
50,3283,214,0,car,0.9132513403892516,554.7435302734375,2.074635505676269,820.946044921875,181.0782012939453,687.8447875976562,181.0782012939453,266.2025146484375,179.00356578826904
50,3284,214,0,car,0.9218451380729676,555.4950561523438,1.2491037845611572,818.7267456054688,160.3609619140625,687.1109008789062,160.3609619140625,263.231689453125,159.11185812950134
50,3285,214,0,car,0.9135127067565918,557.610107421875,0.6539819836616516,814.2989501953125,145.06556701660156,685.9545288085938,145.06556701660156,256.6888427734375,144.4115850329399
50,3286,214,0,car,0.8926576375961304,559.2672729492188,0.4126099050045013,808.5773315429688,126.86957550048828,683.9223022460938,126.86957550048828,249.31005859375,126.45696559548378
50,3287,214,0,car,0.8983849287033081,564.1129150390625,0.0439498089253902,803.1727294921875,112.13632202148438,683.642822265625,112.13632202148438,239.059814453125,112.09237221255898
50,3288,214,0,car,0.8835007548332214,566.07958984375,0.5632894039154053,799.4552612304688,98.70730590820312,682.7674255371094,98.70730590820312,233.37567138671875,98.14401650428772
50,3289,214,0,car,0.8694781064987183,569.1063232421875,0.7484461069107056,796.1768188476562,74.93803405761719,682.6415710449219,74.93803405761719,227.07049560546875,74.18958795070648
50,3290,214,0,car,0.5419402718544006,573.085693359375,0.0,793.1380004882812,55.15049362182617,683.1118469238281,55.15049362182617,220.05230712890625,55.15049362182617
51,3318,220,0,car,0.930779993534088,1244.9666748046875,427.1802368164063,1908.9814453125,1014.7344360351562,1576.9740600585938,1014.7344360351562,664.0147705078125,587.55419921875
51,3319,220,0,car,0.9364732503890992,1232.1217041015625,392.2678527832031,1872.1636962890625,954.3314208984376,1552.1427001953125,954.3314208984376,640.0419921875,562.0635681152344
51,3320,220,0,car,0.931928277015686,1219.5067138671875,359.6864318847656,1832.8673095703125,894.0499877929688,1526.18701171875,894.0499877929688,613.360595703125,534.3635559082031
51,3321,220,0,car,0.9355088472366332,1205.9285888671875,322.8543395996094,1785.716064453125,840.428466796875,1495.8223266601562,840.428466796875,579.7874755859375,517.5741271972656
51,3322,220,0,car,0.9398585557937622,1188.9031982421875,285.72027587890625,1745.1072998046875,785.2249145507812,1467.0052490234375,785.2249145507812,556.2041015625,499.504638671875
51,3323,220,0,car,0.9285160899162292,1179.28173828125,264.6433410644531,1710.126220703125,737.6614990234375,1444.7039794921875,737.6614990234375,530.844482421875,473.0181579589844
51,3324,220,0,car,0.9354060292243958,1164.24072265625,236.5479431152344,1669.215576171875,685.121337890625,1416.7281494140625,685.121337890625,504.974853515625,448.5733947753906
51,3325,220,0,car,0.9366594552993774,1152.5557861328125,209.6515045166016,1637.27197265625,640.3209228515625,1394.9138793945312,640.3209228515625,484.7161865234375,430.66941833496094
51,3326,220,0,car,0.9442992806434632,1142.5013427734375,184.48416137695312,1610.3927001953125,593.84228515625,1376.447021484375,593.84228515625,467.891357421875,409.3581237792969
51,3327,220,0,car,0.9389657974243164,1131.7333984375,159.59353637695312,1576.1890869140625,555.8804931640625,1353.9612426757812,555.8804931640625,444.4556884765625,396.2869567871094
51,3328,220,0,car,0.9397368431091307,1123.1728515625,135.68165588378906,1551.65380859375,521.0851440429688,1337.413330078125,521.0851440429688,428.48095703125,385.4034881591797
51,3329,220,0,car,0.9376727342605592,1113.7957763671875,110.74405670166016,1526.423828125,483.6018981933594,1320.1098022460938,483.6018981933594,412.6280517578125,372.8578414916992
51,3330,220,0,car,0.9299209713935852,1101.7503662109375,88.75228881835938,1507.709716796875,449.2731628417969,1304.7300415039062,449.2731628417969,405.9593505859375,360.5208740234375
51,3331,220,0,car,0.9179836511611938,1093.46337890625,66.99560546875,1486.632568359375,421.49798583984375,1290.0479736328125,421.49798583984375,393.169189453125,354.5023803710937
51,3332,220,0,car,0.9298416376113892,1083.3511962890625,47.61186599731445,1468.4041748046875,394.2464904785156,1275.877685546875,394.2464904785156,385.052978515625,346.6346244812012
51,3333,220,0,car,0.9236410856246948,1077.05615234375,28.340850830078125,1447.8934326171875,364.749267578125,1262.4747924804688,364.749267578125,370.8372802734375,336.4084167480469
51,3334,220,0,car,0.9251797795295716,1069.7015380859375,12.332947731018066,1429.8779296875,337.5399780273437,1249.7897338867188,337.5399780273437,360.1763916015625,325.2070302963257
51,3335,220,0,car,0.9334243535995485,1063.737548828125,0.0,1412.784912109375,310.0419006347656,1238.26123046875,310.0419006347656,349.04736328125,310.0419006347656
51,3336,220,0,car,0.923381805419922,1055.12109375,0.0,1397.5184326171875,285.33074951171875,1226.3197631835938,285.33074951171875,342.3973388671875,285.33074951171875
51,3337,220,0,car,0.914865016937256,1047.90771484375,0.0,1380.9215087890625,264.6835327148437,1214.4146118164062,264.6835327148437,333.0137939453125,264.6835327148437
51,3338,220,0,car,0.9263142347335817,1040.5162353515625,0.0,1363.330078125,244.4298095703125,1201.9231567382812,244.4298095703125,322.8138427734375,244.4298095703125
51,3339,220,0,car,0.9175997376441956,1032.5830078125,0.0,1348.203369140625,225.10369873046875,1190.3931884765625,225.10369873046875,315.620361328125,225.10369873046875
51,3340,220,0,car,0.90215802192688,1026.020751953125,0.0,1333.2578125,203.76254272460932,1179.6392822265625,203.76254272460932,307.237060546875,203.76254272460932
51,3341,220,0,car,0.9103140830993652,1019.4957275390624,0.0,1319.5162353515625,178.48904418945312,1169.5059814453125,178.48904418945312,300.0205078125,178.48904418945312
51,3342,220,0,car,0.9058911204338074,1011.8192749023438,0.0,1304.92138671875,160.52369689941406,1158.3703308105469,160.52369689941406,293.10211181640625,160.52369689941406
51,3343,220,0,car,0.8969732522964478,1005.0866088867188,0.0,1295.371337890625,143.9287109375,1150.228973388672,143.9287109375,290.28472900390625,143.9287109375
51,3344,220,0,car,0.8870474100112915,996.9165649414062,0.2663762271404266,1281.095947265625,125.88516235351562,1139.0062561035156,125.88516235351562,284.17938232421875,125.6187861263752
51,3345,220,0,car,0.8877629637718201,995.8902587890624,0.5910797715187073,1266.9471435546875,107.93663787841795,1131.418701171875,107.93663787841795,271.056884765625,107.34555810689926
51,3346,220,0,car,0.8750947713851929,1001.3182373046876,1.3162758350372314,1254.8883056640625,94.45137786865234,1128.103271484375,94.45137786865234,253.570068359375,93.13510203361513
51,3347,220,0,car,0.8691455721855164,998.245361328125,2.291724443435669,1242.574462890625,79.5701904296875,1120.409912109375,79.5701904296875,244.3291015625,77.27846598625183
51,3348,220,0,car,0.8409043550491333,994.5645751953124,1.522910237312317,1232.67529296875,61.14866256713867,1113.6199340820312,61.14866256713867,238.1107177734375,59.62575232982636
52,3368,221,0,car,0.928724765777588,1294.1015625,459.9517822265625,1906.8043212890625,1020.1094360351562,1600.4529418945312,1020.1094360351562,612.7027587890625,560.1576538085938
52,3369,221,0,car,0.935570240020752,1270.266845703125,424.830810546875,1901.2364501953125,960.5300903320312,1585.7516479492188,960.5300903320312,630.9696044921875,535.6992797851562
52,3370,221,0,car,0.9294379949569702,1254.7098388671875,385.2225341796875,1868.3914794921875,899.0052490234375,1561.5506591796875,899.0052490234375,613.681640625,513.78271484375
52,3371,221,0,car,0.9213346242904664,1237.8662109375,352.92730712890625,1831.1551513671875,843.5629272460938,1534.5106811523438,843.5629272460938,593.2889404296875,490.6356201171875
52,3372,221,0,car,0.9409343004226683,1222.6990966796875,310.3934936523437,1784.598388671875,790.2811279296875,1503.6487426757812,790.2811279296875,561.8992919921875,479.88763427734375
52,3373,221,0,car,0.941839039325714,1208.9215087890625,280.0611572265625,1745.007080078125,742.9754638671875,1476.9642944335938,742.9754638671875,536.0855712890625,462.914306640625
52,3374,221,0,car,0.9388167262077332,1191.9498291015625,260.66290283203125,1712.0908203125,690.4524536132812,1452.0203247070312,690.4524536132812,520.1409912109375,429.78955078125
52,3375,221,0,car,0.926805853843689,1176.163818359375,233.3504180908203,1673.145263671875,645.1419677734375,1424.654541015625,645.1419677734375,496.9814453125,411.7915496826172
52,3376,221,0,car,0.9377363920211792,1163.8409423828125,207.27919006347656,1639.8721923828125,603.4032592773438,1401.8565673828125,603.4032592773438,476.03125,396.1240692138672
52,3377,221,0,car,0.9395995736122132,1153.1573486328125,182.1529541015625,1610.8924560546875,563.406982421875,1382.02490234375,563.406982421875,457.735107421875,381.2540283203125
52,3378,221,0,car,0.928297758102417,1143.6087646484375,156.67234802246094,1576.49365234375,527.943603515625,1360.0512084960938,527.943603515625,432.8848876953125,371.27125549316406
52,3379,221,0,car,0.938226580619812,1130.3201904296875,133.81776428222656,1550.7481689453125,492.4390563964844,1340.5341796875,492.4390563964844,420.427978515625,358.6212921142578
52,3380,221,0,car,0.9361154437065125,1122.056396484375,108.7720947265625,1526.8848876953125,456.0733337402344,1324.4706420898438,456.0733337402344,404.8284912109375,347.3012390136719
52,3381,221,0,car,0.9399533271789552,1110.72314453125,88.39554595947266,1505.173583984375,431.5484008789063,1307.9483642578125,431.5484008789063,394.450439453125,343.1528549194336
52,3382,221,0,car,0.9288187623023988,1100.410400390625,66.17957305908203,1485.45947265625,400.2934265136719,1292.9349365234375,400.2934265136719,385.049072265625,334.11385345458984
52,3383,221,0,car,0.9322891235351562,1090.8533935546875,44.71526336669922,1466.40771484375,370.0061950683594,1278.6305541992188,370.0061950683594,375.5543212890625,325.29093170166016
52,3384,221,0,car,0.9293450117111206,1080.591796875,22.39543533325196,1448.0606689453125,341.7794494628906,1264.3262329101562,341.7794494628906,367.4688720703125,319.3840141296387
52,3385,221,0,car,0.9301431179046632,1072.8612060546875,4.732999324798584,1429.5435791015625,315.1612243652344,1251.202392578125,315.1612243652344,356.682373046875,310.4282250404358
52,3386,221,0,car,0.93217670917511,1063.6226806640625,0.0,1409.9488525390625,292.2944641113281,1236.7857666015625,292.2944641113281,346.326171875,292.2944641113281
52,3387,221,0,car,0.9203172326087952,1055.3751220703125,0.0,1394.54150390625,267.3698425292969,1224.9583129882812,267.3698425292969,339.1663818359375,267.3698425292969
52,3388,221,0,car,0.9247277975082396,1048.387939453125,0.0,1377.6759033203125,246.7185211181641,1213.0319213867188,246.7185211181641,329.2879638671875,246.7185211181641
52,3389,221,0,car,0.9285734295845032,1038.3955078125,0.0,1357.79638671875,224.4074249267578,1198.095947265625,224.4074249267578,319.40087890625,224.4074249267578
52,3390,221,0,car,0.9171800017356871,1032.4676513671875,0.0,1342.830810546875,203.6556854248047,1187.6492309570312,203.6556854248047,310.3631591796875,203.6556854248047
52,3391,221,0,car,0.9285458922386168,1027.8360595703125,0.0,1328.064453125,180.41880798339844,1177.9502563476562,180.41880798339844,300.2283935546875,180.41880798339844
52,3392,221,0,car,0.9072503447532654,1020.0426025390624,0.0,1314.2369384765625,159.3538360595703,1167.1397705078125,159.3538360595703,294.1943359375,159.3538360595703
52,3393,221,0,car,0.8955824971199036,1014.6967163085938,0.0,1299.043701171875,144.05535888671875,1156.8702087402344,144.05535888671875,284.34698486328125,144.05535888671875
52,3394,221,0,car,0.892488956451416,1005.560791015625,0.0,1286.76171875,125.37854766845705,1146.1612548828125,125.37854766845705,281.200927734375,125.37854766845705
52,3395,221,0,car,0.8926658630371094,1000.1092529296876,0.0,1274.38720703125,107.56964874267578,1137.2482299804688,107.56964874267578,274.2779541015625,107.56964874267578
52,3396,221,0,car,0.871070921421051,999.0526733398438,0.0,1263.7935791015625,93.44223022460938,1131.4231262207031,93.44223022460938,264.74090576171875,93.44223022460938
52,3397,221,0,car,0.8722342252731323,1001.347412109375,1.8579061031341555,1251.9737548828125,76.7853775024414,1126.6605834960938,76.7853775024414,250.6263427734375,74.92747139930725
52,3398,221,0,car,0.8459128141403198,1002.2133178710938,1.3883391618728638,1240.961669921875,60.60543823242188,1121.5874938964844,60.60543823242188,238.74835205078125,59.21709907054901
53,3381,222,0,car,0.9435068368911744,692.420654296875,461.9302368164063,1133.7939453125,1017.8430786132812,913.1072998046876,1017.8430786132812,441.373291015625,555.912841796875
53,3382,222,0,car,0.9383212327957152,692.5357666015625,420.9080810546875,1112.578369140625,957.6455078125,902.5570678710938,957.6455078125,420.0426025390625,536.7374267578125
53,3383,222,0,car,0.9424477815628052,693.4317626953125,381.5770568847656,1092.010009765625,890.6351318359375,892.7208862304688,890.6351318359375,398.5782470703125,509.0580749511719
53,3384,222,0,car,0.9395036101341248,694.1428833007812,346.6010437011719,1076.7247314453125,825.5003662109375,885.4338073730469,825.5003662109375,382.5818481445313,478.8993225097656
53,3385,222,0,car,0.951404631137848,693.1776123046875,309.0417175292969,1060.1446533203125,764.8683471679688,876.6611328125,764.8683471679688,366.967041015625,455.8266296386719
53,3386,222,0,car,0.9535309076309204,693.7587890625,278.9467468261719,1047.1318359375,710.2435302734375,870.4453125,710.2435302734375,353.373046875,431.2967834472656
53,3387,222,0,car,0.9462548494338988,690.4071655273438,249.90444946289065,1033.582275390625,659.6152954101562,861.9947204589844,659.6152954101562,343.17510986328125,409.7108459472656
53,3388,222,0,car,0.9424476623535156,686.9730834960938,218.4696655273437,1023.502197265625,609.9161987304688,855.2376403808594,609.9161987304688,336.52911376953125,391.446533203125
53,3389,222,0,car,0.9255434274673462,686.888916015625,191.33181762695312,1012.9927978515624,562.3595581054688,849.9408569335938,562.3595581054688,326.1038818359375,371.0277404785156
53,3390,222,0,car,0.9250285029411316,684.9570922851562,163.64031982421875,1001.50537109375,522.27099609375,843.2312316894531,522.27099609375,316.5482788085937,358.63067626953125
53,3391,222,0,car,0.926558256149292,684.4624633789062,136.7178955078125,991.0582275390624,483.3764343261719,837.7603454589844,483.3764343261719,306.59576416015625,346.6585388183594
53,3392,222,0,car,0.9306417107582092,684.1831665039062,112.42223358154295,982.254638671875,446.9207153320313,833.2189025878906,446.9207153320313,298.07147216796875,334.4984817504883
53,3393,222,0,car,0.937433421611786,682.6681518554688,89.26031494140625,975.115478515625,410.7204284667969,828.8918151855469,410.7204284667969,292.44732666015625,321.4601135253906
53,3394,222,0,car,0.9302467703819276,684.0645141601562,66.73927307128906,966.5286865234376,377.6000061035156,825.2966003417969,377.6000061035156,282.46417236328125,310.86073303222656
53,3395,222,0,car,0.9262836575508118,682.176025390625,42.67812728881836,959.12744140625,347.5924072265625,820.6517333984375,347.5924072265625,276.951416015625,304.91427993774414
53,3396,222,0,car,0.9272311925888062,681.5606689453125,22.74777030944824,953.3963623046876,317.54498291015625,817.478515625,317.54498291015625,271.835693359375,294.797212600708
53,3397,222,0,car,0.9230009317398072,680.0523681640625,2.4761533737182617,946.9420166015624,286.28228759765625,813.4971923828125,286.28228759765625,266.8896484375,283.806134223938
53,3398,222,0,car,0.9296823740005492,679.4112548828125,0.0,938.38671875,263.3378295898437,808.8989868164062,263.3378295898437,258.9754638671875,263.3378295898437
53,3399,222,0,car,0.9232292771339417,679.0706176757812,0.0,929.2271728515624,238.2368621826172,804.1488952636719,238.2368621826172,250.15655517578125,238.2368621826172
53,3400,222,0,car,0.9233909845352172,679.8377685546875,0.0,922.7410278320312,215.55130004882807,801.2893981933594,215.55130004882807,242.9032592773437,215.55130004882807
53,3401,222,0,car,0.9296745657920836,679.5144653320312,0.0,918.1375732421876,190.2848358154297,798.8260192871094,190.2848358154297,238.62310791015625,190.2848358154297
53,3402,222,0,car,0.9257281422615052,679.352783203125,0.0,914.361328125,168.3215789794922,796.8570556640625,168.3215789794922,235.008544921875,168.3215789794922
53,3403,222,0,car,0.8985082507133484,681.18017578125,0.0,909.6138305664062,147.79124450683594,795.3970031738281,147.79124450683594,228.43365478515625,147.79124450683594
53,3404,222,0,car,0.9040984511375428,681.36962890625,0.0,903.1453247070312,128.33128356933594,792.2574768066406,128.33128356933594,221.77569580078125,128.33128356933594
53,3405,222,0,car,0.897189199924469,681.9129028320312,0.0,899.8519897460938,108.24993896484376,790.8824462890625,108.24993896484376,217.9390869140625,108.24993896484376
53,3406,222,0,car,0.8744122982025146,683.52001953125,0.6531956195831299,896.898193359375,92.9665985107422,790.2091064453125,92.9665985107422,213.378173828125,92.31340289115906
53,3407,222,0,car,0.870685875415802,684.4503173828125,0.9106353521347046,891.29638671875,73.90486907958984,787.8733520507812,73.90486907958984,206.8460693359375,72.99423372745514
53,3408,222,0,car,0.7880080938339233,685.2560424804688,1.1498240232467651,885.020751953125,54.75041580200195,785.1383972167969,54.75041580200195,199.76470947265625,53.60059177875519
54,3415,224,0,car,0.9400854110717772,1213.41455078125,502.5825805664063,1809.2982177734373,1039.0897216796875,1511.3563842773438,1039.0897216796875,595.8836669921875,536.5071411132812
54,3416,224,0,car,0.9394579529762268,1193.9322509765625,461.2043762207031,1759.2786865234375,977.3532104492188,1476.60546875,977.3532104492188,565.346435546875,516.1488342285156
54,3417,224,0,car,0.938463807106018,1175.8265380859375,422.0806884765625,1715.31005859375,913.3828735351562,1445.5682983398438,913.3828735351562,539.4835205078125,491.30218505859375
54,3418,224,0,car,0.9349095821380616,1161.2122802734375,384.8606567382813,1669.92431640625,854.784423828125,1415.5682983398438,854.784423828125,508.7120361328125,469.92376708984375
54,3419,224,0,car,0.9315440058708192,1148.4703369140625,348.6837463378906,1633.9339599609375,793.5990600585938,1391.2021484375,793.5990600585938,485.463623046875,444.9153137207031
54,3420,224,0,car,0.9369007349014282,1135.345458984375,311.1363525390625,1600.864013671875,741.6748046875,1368.104736328125,741.6748046875,465.5185546875,430.5384521484375
54,3421,224,0,car,0.9380261301994324,1122.1429443359375,279.9512939453125,1565.1951904296875,686.9138793945312,1343.6690673828125,686.9138793945312,443.05224609375,406.9625854492188
54,3422,224,0,car,0.9358691573143004,1111.854736328125,252.2948303222656,1534.467041015625,639.3014526367188,1323.160888671875,639.3014526367188,422.6123046875,387.0066223144531
54,3423,224,0,car,0.9355414509773254,1097.6087646484375,224.0482788085937,1508.337890625,593.6244506835938,1302.9733276367188,593.6244506835938,410.7291259765625,369.576171875
54,3424,224,0,car,0.9336250424385072,1086.1944580078125,196.67251586914065,1481.68017578125,550.1488037109375,1283.9373168945312,550.1488037109375,395.4857177734375,353.4762878417969
54,3425,224,0,car,0.9320934414863586,1074.7916259765625,169.81793212890625,1457.191650390625,512.689453125,1265.9916381835938,512.689453125,382.4000244140625,342.8715209960937
54,3426,224,0,car,0.9329665303230286,1066.25439453125,146.6714630126953,1435.676513671875,476.0801696777344,1250.9654541015625,476.0801696777344,369.422119140625,329.40870666503906
54,3427,224,0,car,0.9261797070503236,1056.114501953125,121.41755676269533,1413.76611328125,441.4415588378906,1234.9403076171875,441.4415588378906,357.651611328125,320.0240020751953
54,3428,224,0,car,0.9301239252090454,1047.1646728515625,98.9514617919922,1395.2987060546875,408.4871215820313,1221.231689453125,408.4871215820313,348.134033203125,309.53565979003906
54,3429,224,0,car,0.927267611026764,1038.7513427734375,76.57637023925781,1376.9901123046875,376.0968322753906,1207.8707275390625,376.0968322753906,338.23876953125,299.5204620361328
54,3430,224,0,car,0.9222526550292968,1031.98095703125,54.15723419189453,1357.7879638671875,344.1788635253906,1194.8844604492188,344.1788635253906,325.8070068359375,290.0216293334961
54,3431,224,0,car,0.9263878464698792,1024.5224609375,31.23809242248535,1339.4581298828125,315.4527282714844,1181.9902954101562,315.4527282714844,314.9356689453125,284.214635848999
54,3432,224,0,car,0.9277212619781494,1015.5454711914062,9.399779319763184,1321.8216552734375,285.3615417480469,1168.683563232422,285.3615417480469,306.27618408203125,275.9617624282837
54,3433,224,0,car,0.9218915104866028,1006.58447265625,0.0,1307.5625,263.98974609375,1157.073486328125,263.98974609375,300.97802734375,263.98974609375
54,3434,224,0,car,0.9209027290344238,999.7755737304688,0.0,1292.9599609375,241.01795959472656,1146.3677673339844,241.01795959472656,293.18438720703125,241.01795959472656
54,3435,224,0,car,0.9254631400108336,992.6346435546876,0.0,1277.074951171875,218.017807006836,1134.8547973632812,218.017807006836,284.4403076171875,218.017807006836
54,3436,224,0,car,0.9124395847320556,984.348876953125,0.0,1263.4241943359375,193.94549560546875,1123.8865356445312,193.94549560546875,279.0753173828125,193.94549560546875
54,3437,224,0,car,0.9155808687210084,978.3341064453124,0.0,1249.16162109375,170.68231201171875,1113.7478637695312,170.68231201171875,270.8275146484375,170.68231201171875
54,3438,224,0,car,0.9147225618362428,972.223876953125,0.0,1236.70556640625,152.34457397460938,1104.4647216796875,152.34457397460938,264.481689453125,152.34457397460938
54,3439,224,0,car,0.9082709550857544,966.58837890625,0.0,1225.3072509765625,135.42715454101562,1095.9478149414062,135.42715454101562,258.7188720703125,135.42715454101562
54,3440,224,0,car,0.8987197875976562,962.4108276367188,0.0,1213.7872314453125,113.02484893798828,1088.0990295410156,113.02484893798828,251.3764038085937,113.02484893798828
54,3441,224,0,car,0.8770778775215149,964.2086791992188,0.0,1202.7158203125,96.72552490234376,1083.4622497558594,96.72552490234376,238.50714111328125,96.72552490234376
54,3442,224,0,car,0.8800753355026245,969.303466796875,0.8911411762237549,1193.4993896484375,76.9952621459961,1081.4014282226562,76.9952621459961,224.1959228515625,76.10412096977234
54,3443,224,0,car,0.8873211145401001,972.8005981445312,0.2117490470409393,1183.3406982421875,61.37148284912109,1078.0706481933594,61.37148284912109,210.54010009765625,61.15973380208016
55,3421,225,0,car,0.9400993585586548,1.0225794315338137,499.5024719238281,487.1905517578125,1057.190185546875,244.1065655946732,1057.190185546875,486.1679723262787,557.6877136230469
55,3422,225,0,car,0.9315559267997742,3.565333843231201,465.52923583984375,492.9094848632813,1011.6437377929688,248.23740935325625,1011.6437377929688,489.3441510200501,546.114501953125
55,3423,225,0,car,0.9344565272331238,11.005779266357422,434.8059997558594,498.1280822753906,964.289306640625,254.566930770874,964.289306640625,487.1223030090332,529.4833068847656
55,3424,225,0,car,0.9413573145866394,21.40567207336425,402.5689086914063,502.6838684082031,914.3516235351562,262.0447702407837,914.3516235351562,481.27819633483887,511.78271484375
55,3425,225,0,car,0.935853898525238,39.93277359008789,370.6990661621094,505.007568359375,866.3826293945312,272.47017097473145,866.3826293945312,465.0747947692871,495.6835632324219
55,3426,225,0,car,0.9349024891853333,60.376708984375,339.9727478027344,510.2548522949219,815.5934448242188,285.31578063964844,815.5934448242188,449.8781433105469,475.6206970214844
55,3427,225,0,car,0.9352486729621888,75.30667114257812,309.96002197265625,508.81884765625,773.6536254882812,292.06275939941406,773.6536254882812,433.5121765136719,463.693603515625
55,3428,225,0,car,0.9345789551734924,93.30615234375,285.63409423828125,509.1110229492188,727.9844970703125,301.2085876464844,727.9844970703125,415.8048706054688,442.3504028320313
55,3429,225,0,car,0.9426639080047609,111.9934310913086,263.4249267578125,509.6975708007813,687.5625610351562,310.8455009460449,687.5625610351562,397.7041397094727,424.13763427734375
55,3430,225,0,car,0.93573397397995,125.44487762451172,235.2760467529297,511.5385437011719,653.9739990234375,318.4917106628418,653.9739990234375,386.09366607666016,418.6979522705078
55,3431,225,0,car,0.9283466339111328,138.9041290283203,213.01434326171875,519.1179809570312,619.3651733398438,329.0110549926758,619.3651733398438,380.2138519287109,406.350830078125
55,3432,225,0,car,0.9270546436309814,151.778076171875,193.7782440185547,517.981201171875,584.1597290039062,334.879638671875,584.1597290039062,366.203125,390.3814849853516
55,3433,225,0,car,0.9237749576568604,165.8038330078125,171.07369995117188,520.6439819335938,555.373779296875,343.2239074707031,555.373779296875,354.84014892578125,384.3000793457031
55,3434,225,0,car,0.9249475002288818,177.71685791015625,150.29701232910156,529.8430786132812,523.7421264648438,353.77996826171875,523.7421264648438,352.126220703125,373.4451141357422
55,3435,225,0,car,0.9080860018730164,189.0965576171875,130.66331481933594,538.5396118164062,494.74755859375,363.8180847167969,494.74755859375,349.44305419921875,364.08424377441406
55,3436,225,0,car,0.9187149405479432,198.9652557373047,111.48780822753906,541.6779174804688,467.3578186035156,370.3215866088867,467.3578186035156,342.71266174316406,355.87001037597656
55,3437,225,0,car,0.918895184993744,211.7830810546875,95.10623931884766,541.3621826171875,440.6329040527344,376.5726318359375,440.6329040527344,329.5791015625,345.5266647338867
55,3438,225,0,car,0.9340653419494628,220.78599548339844,75.98231506347656,540.7619018554688,413.4786376953125,380.7739486694336,413.4786376953125,319.9759063720703,337.49632263183594
55,3439,225,0,car,0.9164114594459534,229.3682098388672,56.03657150268555,542.5862426757812,389.1478576660156,385.9772262573242,389.1478576660156,313.21803283691406,333.1112861633301
55,3440,225,0,car,0.9307994842529296,239.73324584960932,39.71268844604492,544.6109619140625,365.7771606445313,392.172103881836,365.7771606445313,304.8777160644531,326.0644721984863
55,3441,225,0,car,0.9294840097427368,247.0005645751953,25.32499122619629,545.3106689453125,342.4799499511719,396.1556167602539,342.4799499511719,298.3101043701172,317.1549587249756
55,3442,225,0,car,0.933501124382019,255.25030517578125,12.07249355316162,546.761962890625,317.7547607421875,401.0061340332031,317.7547607421875,291.5116577148437,305.6822671890259
55,3443,225,0,car,0.9332006573677064,262.7985534667969,0.0,547.1778564453125,296.0940856933594,404.9882049560547,296.0940856933594,284.3793029785156,296.0940856933594
55,3444,225,0,car,0.9279387593269348,268.9105529785156,0.0,550.2346801757812,277.7655029296875,409.5726165771485,277.7655029296875,281.3241271972656,277.7655029296875
55,3445,225,0,car,0.9250462651252748,276.7010803222656,0.0,554.5335693359375,259.72821044921875,415.6173248291016,259.72821044921875,277.8324890136719,259.72821044921875
55,3446,225,0,car,0.9214658141136168,284.9632873535156,0.0,557.0181884765625,239.2924194335937,420.9907379150391,239.2924194335937,272.0549011230469,239.2924194335937
55,3447,225,0,car,0.9252303838729858,291.1111755371094,0.0,557.5631103515625,221.8563690185547,424.337142944336,221.8563690185547,266.4519348144531,221.8563690185547
55,3448,225,0,car,0.9220337867736816,297.1976623535156,0.0,558.56640625,204.8248748779297,427.8820343017578,204.8248748779297,261.3687438964844,204.8248748779297
55,3449,225,0,car,0.930099070072174,305.70562744140625,0.0,560.7559204101562,187.0888214111328,433.2307739257813,187.0888214111328,255.05029296875,187.0888214111328
55,3450,225,0,car,0.9259982705116272,310.8910827636719,0.0,563.8536987304688,169.54420471191406,437.3723907470703,169.54420471191406,252.96261596679688,169.54420471191406
55,3451,225,0,car,0.9114876985549928,316.212646484375,0.0,565.3231201171875,154.2757568359375,440.7678833007813,154.2757568359375,249.1104736328125,154.2757568359375
55,3452,225,0,car,0.913407027721405,321.137451171875,0.0,565.5979614257812,140.3676300048828,443.3677062988281,140.3676300048828,244.46051025390625,140.3676300048828
55,3453,225,0,car,0.9022767543792723,327.9070739746094,0.0341651663184165,568.4232788085938,121.31279754638672,448.1651763916016,121.31279754638672,240.5162048339844,121.2786323800683
55,3454,225,0,car,0.8982904553413391,331.52716064453125,0.0,567.1260986328125,106.75067901611328,449.3266296386719,106.75067901611328,235.59893798828125,106.75067901611328
55,3455,225,0,car,0.8806361556053162,335.3369140625,1.6774200201034546,569.1674194335938,93.48287963867188,452.2521667480469,93.48287963867188,233.8305053710937,91.80545961856842
55,3456,225,0,car,0.8773000240325928,341.5578308105469,2.0946266651153564,571.3029174804688,76.39424133300781,456.4303741455078,76.39424133300781,229.74508666992188,74.29961466789246
55,3457,225,0,car,0.8563903570175171,348.98834228515625,1.2754143476486206,573.6282348632812,63.4915657043457,461.3082885742188,63.4915657043457,224.639892578125,62.21615135669708
55,3458,225,0,car,0.8219377398490906,353.0632629394531,0.7095975279808044,574.765869140625,52.57918167114258,463.9145660400391,52.57918167114258,221.70260620117188,51.869584143161774
56,3465,227,0,car,0.9375200867652892,1331.734375,499.8105773925781,1919.76513671875,1057.071044921875,1625.749755859375,1057.071044921875,588.03076171875,557.2604675292969
56,3466,227,0,car,0.9272688627243042,1312.3026123046875,458.6387634277344,1919.89892578125,995.6890258789062,1616.1007690429688,995.6890258789062,607.5963134765625,537.0502624511719
56,3467,227,0,car,0.923986554145813,1292.34130859375,421.2911071777344,1893.1759033203125,935.15283203125,1592.7586059570312,935.15283203125,600.8345947265625,513.8617248535156
56,3468,227,0,car,0.9407954216003418,1271.640380859375,382.9484558105469,1854.08447265625,872.0908813476562,1562.8624267578125,872.0908813476562,582.444091796875,489.1424255371094
56,3469,227,0,car,0.9337359070777892,1253.704833984375,351.685791015625,1812.1162109375,811.900146484375,1532.9105224609375,811.900146484375,558.411376953125,460.21435546875
56,3470,227,0,car,0.936383843421936,1235.719970703125,310.85186767578125,1768.69140625,761.6460571289062,1502.2056884765625,761.6460571289062,532.971435546875,450.794189453125
56,3471,227,0,car,0.939031183719635,1224.8272705078125,278.0773620605469,1729.34033203125,709.2116088867188,1477.0838012695312,709.2116088867188,504.5130615234375,431.1342468261719
56,3472,227,0,car,0.9306986927986144,1211.9281005859375,253.0223693847656,1695.4256591796875,662.9303588867188,1453.6768798828125,662.9303588867188,483.49755859375,409.9079895019531
56,3473,227,0,car,0.9371023178100586,1195.85205078125,225.08213806152344,1660.19384765625,618.72412109375,1428.02294921875,618.72412109375,464.341796875,393.64198303222656
56,3474,227,0,car,0.9423261284828186,1179.428466796875,196.58924865722656,1626.2010498046875,570.7891845703125,1402.8147583007812,570.7891845703125,446.7725830078125,374.19993591308594
56,3475,227,0,car,0.929201364517212,1169.2027587890625,169.72361755371094,1597.3302001953125,535.7421875,1383.2664794921875,535.7421875,428.12744140625,366.01856994628906
56,3476,227,0,car,0.9116077423095704,1153.4451904296875,143.88697814941406,1570.73876953125,496.7766723632813,1362.0919799804688,496.7766723632813,417.2935791015625,352.8896942138672
56,3477,227,0,car,0.9311764240264891,1142.0274658203125,119.347900390625,1543.0059814453125,463.0860595703125,1342.5167236328125,463.0860595703125,400.978515625,343.7381591796875
56,3478,227,0,car,0.9279484152793884,1131.4146728515625,94.7634506225586,1519.0355224609375,427.2157287597656,1325.22509765625,427.2157287597656,387.620849609375,332.45227813720703
56,3479,227,0,car,0.919933021068573,1123.1673583984375,71.93383026123047,1496.6279296875,394.1666564941406,1309.8976440429688,394.1666564941406,373.4605712890625,322.23282623291016
56,3480,227,0,car,0.9324190020561218,1114.9251708984375,51.60090255737305,1476.2261962890625,363.2260437011719,1295.57568359375,363.2260437011719,361.301025390625,311.6251411437988
56,3481,227,0,car,0.926185429096222,1104.0465087890625,29.71725273132324,1455.2991943359375,332.7200012207031,1279.6728515625,332.7200012207031,351.252685546875,303.0027484893799
56,3482,227,0,car,0.9276325702667236,1094.4088134765625,10.26555633544922,1436.9942626953125,306.1336975097656,1265.7015380859375,306.1336975097656,342.58544921875,295.8681411743164
56,3483,227,0,car,0.930487871170044,1085.781005859375,0.0,1416.2286376953125,280.01641845703125,1251.0048217773438,280.01641845703125,330.4476318359375,280.01641845703125
56,3484,227,0,car,0.9169493913650512,1077.5714111328125,0.0,1398.7265625,258.3207702636719,1238.1489868164062,258.3207702636719,321.1551513671875,258.3207702636719
56,3485,227,0,car,0.9193503856658936,1068.1290283203125,0.0,1381.243896484375,236.30599975585932,1224.6864624023438,236.30599975585932,313.1148681640625,236.30599975585932
56,3486,227,0,car,0.9171056747436525,1059.08740234375,0.0,1363.4615478515625,213.2950592041016,1211.2744750976562,213.2950592041016,304.3741455078125,213.2950592041016
56,3487,227,0,car,0.920310080051422,1050.1893310546875,0.0,1346.889404296875,191.6156768798828,1198.5393676757812,191.6156768798828,296.7000732421875,191.6156768798828
56,3488,227,0,car,0.914290189743042,1044.9810791015625,0.0,1331.9368896484375,168.265869140625,1188.458984375,168.265869140625,286.955810546875,168.265869140625
56,3489,227,0,car,0.9000301957130432,1037.19873046875,0.0,1315.9949951171875,149.57696533203125,1176.5968627929688,149.57696533203125,278.7962646484375,149.57696533203125
56,3490,227,0,car,0.8967753648757935,1028.8782958984375,0.0,1304.8203125,129.2511444091797,1166.8493041992188,129.2511444091797,275.9420166015625,129.2511444091797
56,3491,227,0,car,0.8926093578338623,1021.7064208984376,0.0,1291.1864013671875,110.57121276855467,1156.4464111328125,110.57121276855467,269.47998046875,110.57121276855467
56,3492,227,0,car,0.8654656410217285,1017.953369140625,0.7766969203948975,1279.3201904296875,93.88831329345705,1148.6367797851562,93.88831329345705,261.3668212890625,93.11161637306212
56,3493,227,0,car,0.8732548356056213,1021.7736206054688,1.7552971839904783,1267.4249267578125,77.968505859375,1144.5992736816406,77.968505859375,245.6513061523437,76.21320867538452
56,3494,227,0,car,0.848984956741333,1027.6617431640625,0.30257049202919,1256.86328125,61.18254470825195,1142.2625122070312,61.18254470825195,229.2015380859375,60.87997421622276
57,3492,228,0,car,0.9428314566612244,1282.6671142578125,525.0166625976562,1912.4429931640625,1056.881103515625,1597.5550537109375,1056.881103515625,629.77587890625,531.8644409179688
57,3493,228,0,car,0.9385656714439392,1256.051025390625,480.6991882324219,1873.0394287109373,999.6078491210938,1564.5452270507812,999.6078491210938,616.9884033203125,518.9086608886719
57,3494,228,0,car,0.9275947213172911,1236.7640380859375,439.2583312988281,1831.14599609375,939.0549926757812,1533.9550170898438,939.0549926757812,594.3819580078125,499.7966613769531
57,3495,228,0,car,0.9393249750137328,1219.9959716796875,399.32757568359375,1782.5806884765625,874.7366333007812,1501.288330078125,874.7366333007812,562.584716796875,475.4090576171875
57,3496,228,0,car,0.932555079460144,1207.99609375,364.0813598632813,1738.50634765625,815.4260864257812,1473.251220703125,815.4260864257812,530.51025390625,451.3447265625
57,3497,228,0,car,0.9366325736045836,1190.6861572265625,324.96502685546875,1700.7530517578125,760.401611328125,1445.7196044921875,760.401611328125,510.06689453125,435.43658447265625
57,3498,228,0,car,0.9403691291809082,1172.8382568359375,289.75177001953125,1660.6771240234375,705.5640869140625,1416.7576904296875,705.5640869140625,487.8388671875,415.8123168945313
57,3499,228,0,car,0.9323000907897948,1161.487060546875,260.5494079589844,1626.759765625,659.9873657226562,1394.1234130859375,659.9873657226562,465.272705078125,399.4379577636719
57,3500,228,0,car,0.9310826659202576,1147.8739013671875,228.83523559570312,1597.0830078125,614.0662231445312,1372.4784545898438,614.0662231445312,449.2091064453125,385.2309875488281
57,3501,228,0,car,0.9437763690948486,1136.931884765625,200.5217742919922,1562.3065185546875,569.0359497070312,1349.6192016601562,569.0359497070312,425.3746337890625,368.5141754150391
57,3502,228,0,car,0.9286659359931946,1124.7225341796875,171.56771850585938,1539.83154296875,527.8516235351562,1332.2770385742188,527.8516235351562,415.1090087890625,356.2839050292969
57,3503,228,0,car,0.922144651412964,1112.42822265625,145.62673950195312,1514.26513671875,492.52935791015625,1313.3466796875,492.52935791015625,401.8369140625,346.9026184082031
57,3504,228,0,car,0.9199637174606324,1102.21484375,120.01612854003906,1491.01806640625,456.7174072265625,1296.616455078125,456.7174072265625,388.80322265625,336.70127868652344
57,3505,228,0,car,0.929707646369934,1090.8736572265625,97.1281509399414,1468.406494140625,423.8157653808594,1279.6400756835938,423.8157653808594,377.5328369140625,326.687614440918
57,3506,228,0,car,0.9084042310714722,1081.966796875,72.92731475830078,1446.9036865234375,393.462890625,1264.4352416992188,393.462890625,364.9368896484375,320.5355758666992
57,3507,228,0,car,0.9163274765014648,1073.8363037109375,50.75491714477539,1425.93701171875,363.1264343261719,1249.8866577148438,363.1264343261719,352.1007080078125,312.3715171813965
57,3508,228,0,car,0.9288867115974426,1066.1566162109375,25.71468162536621,1406.5545654296875,334.5728759765625,1236.3555908203125,334.5728759765625,340.39794921875,308.8581943511963
57,3509,228,0,car,0.925908386707306,1059.776123046875,4.787407875061035,1388.6097412109375,300.2631225585937,1224.1929321289062,300.2631225585937,328.8336181640625,295.4757146835327
57,3510,228,0,car,0.9186275005340576,1050.224609375,0.0,1372.154541015625,271.27032470703125,1211.1895751953125,271.27032470703125,321.929931640625,271.27032470703125
57,3511,228,0,car,0.9212465882301332,1041.6083984375,0.0,1354.52587890625,250.4541015625,1198.067138671875,250.4541015625,312.91748046875,250.4541015625
57,3512,228,0,car,0.9226688146591188,1033.4437255859375,0.0,1337.396484375,229.9869079589844,1185.4201049804688,229.9869079589844,303.9527587890625,229.9869079589844
57,3513,228,0,car,0.9149182438850404,1026.00830078125,0.0,1322.1529541015625,207.74644470214844,1174.0806274414062,207.74644470214844,296.1446533203125,207.74644470214844
57,3514,228,0,car,0.9190099835395812,1017.6831665039062,0.0,1307.6976318359375,183.9488677978516,1162.690399169922,183.9488677978516,290.01446533203125,183.9488677978516
57,3515,228,0,car,0.909593939781189,1011.518310546875,0.0,1292.4736328125,163.1143035888672,1151.9959716796875,163.1143035888672,280.955322265625,163.1143035888672
57,3516,228,0,car,0.8973058462142944,1003.8705444335938,0.0,1279.4583740234375,144.0849151611328,1141.6644592285156,144.0849151611328,275.5878295898437,144.0849151611328
57,3517,228,0,car,0.8988487124443054,997.765380859375,0.0,1265.56103515625,124.1995620727539,1131.6632080078125,124.1995620727539,267.795654296875,124.1995620727539
57,3518,228,0,car,0.890543520450592,991.6851196289062,0.0,1254.8780517578125,103.91616821289062,1123.2815856933594,103.91616821289062,263.19293212890625,103.91616821289062
57,3519,228,0,car,0.875344455242157,993.794189453125,1.2386831045150757,1241.422119140625,87.37577819824219,1117.608154296875,87.37577819824219,247.6279296875,86.13709509372711
57,3520,228,0,car,0.8519107699394226,997.2256469726562,0.5955028533935547,1230.618896484375,66.66510772705078,1113.9222717285156,66.66510772705078,233.39324951171875,66.06960487365723
58,3505,237,0,car,0.9229992032051086,41.984676361083984,500.2992858886719,453.8023071289063,1059.0294189453125,247.89349174499512,1059.0294189453125,411.8176307678223,558.7301330566406
58,3506,237,0,car,0.8925061225891113,16.178264617919922,468.27734375,467.778076171875,1015.2146606445312,241.97817039489743,1015.2146606445312,451.5998115539551,546.9373168945312
58,3507,237,0,car,0.935258150100708,7.990914821624756,437.4053955078125,476.2915649414063,968.3184204101562,242.1412398815155,968.3184204101562,468.3006501197815,530.9130249023438
58,3508,237,0,car,0.9272089600563048,6.009644985198975,408.3191223144531,479.3756713867188,915.7407836914062,242.6926581859589,915.7407836914062,473.3660264015198,507.4216613769531
58,3509,237,0,car,0.923059105873108,14.31489086151123,377.7441101074219,483.27191162109375,869.3204345703125,248.7934012413025,869.3204345703125,468.9570207595825,491.5763244628906
58,3510,237,0,car,0.9453535676002502,29.69962501525879,347.35015869140625,486.3203125,824.5039672851562,258.0099687576294,824.5039672851562,456.6206874847412,477.15380859375
58,3511,237,0,car,0.9359543919563292,46.45320892333984,319.63824462890625,490.5263977050781,777.0089111328125,268.489803314209,777.0089111328125,444.0731887817383,457.3706665039063
58,3512,237,0,car,0.936977207660675,65.44709777832031,295.5225524902344,493.0434875488281,737.0449829101562,279.2452926635742,737.0449829101562,427.5963897705078,441.5224304199219
58,3513,237,0,car,0.9371277093887328,83.35530853271484,271.44488525390625,496.614990234375,692.7123413085938,289.9851493835449,692.7123413085938,413.25968170166016,421.2674560546875
58,3514,237,0,car,0.9204664826393129,98.9751205444336,247.0719757080078,500.0583190917969,655.0196533203125,299.51671981811523,655.0196533203125,401.0831985473633,407.9476776123047
58,3515,237,0,car,0.9136946797370912,113.58031463623048,225.72544860839844,502.8395080566406,618.6459350585938,308.20991134643555,618.6459350585938,389.25919342041016,392.9204864501953
58,3516,237,0,car,0.9109573364257812,126.19621276855467,202.5775146484375,507.2208557128906,586.3356323242188,316.70853424072266,586.3356323242188,381.024642944336,383.7581176757813
58,3517,237,0,car,0.919001579284668,140.84048461914062,179.85877990722656,509.9037170410156,549.7589721679688,325.3721008300781,549.7589721679688,369.063232421875,369.9001922607422
58,3518,237,0,car,0.932067573070526,153.98670959472656,163.20401000976562,511.7203369140625,521.2059936523438,332.85352325439453,521.2059936523438,357.73362731933594,358.0019836425781
58,3519,237,0,car,0.9273362755775452,165.33029174804688,139.15664672851562,512.6871948242188,496.1269836425781,339.0087432861328,496.1269836425781,347.3569030761719,356.9703369140625
58,3520,237,0,car,0.9258771538734436,175.958740234375,118.34759521484376,512.43603515625,468.5634460449219,344.1973876953125,468.5634460449219,336.477294921875,350.2158508300781
58,3521,237,0,car,0.924268901348114,186.20936584472656,102.63878631591795,513.0784301757812,439.5172424316406,349.6438980102539,439.5172424316406,326.8690643310547,336.87845611572266
58,3522,237,0,car,0.9210501313209534,194.68946838378903,84.85049438476562,516.99560546875,413.2804870605469,355.8425369262696,413.2804870605469,322.30613708496094,328.42999267578125
58,3523,237,0,car,0.9223076701164246,207.3938140869141,68.59095764160156,519.66552734375,389.1686096191406,363.529670715332,389.1686096191406,312.27171325683594,320.57765197753906
58,3524,237,0,car,0.922825574874878,216.37977600097656,52.9609375,519.5529174804688,364.4058227539063,367.96634674072266,364.4058227539063,303.1731414794922,311.44488525390625
58,3525,237,0,car,0.9235140681266784,224.34310913085932,35.57855987548828,522.0296630859375,339.1913146972656,373.1863861083984,339.1913146972656,297.6865539550781,303.61275482177734
58,3526,237,0,car,0.9241283535957336,233.99752807617188,19.84321403503418,524.1307983398438,310.3911437988281,379.0641632080078,310.3911437988281,290.1332702636719,290.54792976379395
58,3527,237,0,car,0.924189031124115,240.6028594970703,3.410707712173462,526.5449829101562,291.21856689453125,383.5739212036133,291.21856689453125,285.94212341308594,287.8078591823578
58,3528,237,0,car,0.9277519583702089,247.8071746826172,0.0,531.4757080078125,276.8685607910156,389.6414413452149,276.8685607910156,283.6685333251953,276.8685607910156
58,3529,237,0,car,0.927425980567932,257.5340881347656,0.0,534.7627563476562,260.641845703125,396.1484222412109,260.641845703125,277.2286682128906,260.641845703125
58,3530,237,0,car,0.9279666543006896,263.4277038574219,0.0,534.8106689453125,244.69874572753903,399.1191864013672,244.69874572753903,271.3829650878906,244.69874572753903
58,3531,237,0,car,0.9276851415634156,269.3263244628906,0.0,534.8250122070312,224.9639892578125,402.07566833496094,224.9639892578125,265.4986877441406,224.9639892578125
58,3532,237,0,car,0.9147861003875732,278.0112609863281,0.0,541.6112060546875,210.47039794921875,409.8112335205078,210.47039794921875,263.5999450683594,210.47039794921875
58,3533,237,0,car,0.9202969670295716,285.4560241699219,0.0,546.027587890625,191.0160675048828,415.74180603027344,191.0160675048828,260.5715637207031,191.0160675048828
58,3534,237,0,car,0.9204944968223572,289.5895080566406,0.0,548.8344116210938,172.3407745361328,419.2119598388672,172.3407745361328,259.2449035644531,172.3407745361328
58,3535,237,0,car,0.905776023864746,296.1593322753906,0.0,550.3060913085938,157.36465454101562,423.2327117919922,157.36465454101562,254.14675903320312,157.36465454101562
58,3536,237,0,car,0.9106338620185852,303.8344421386719,0.0,551.1893920898438,142.64549255371094,427.5119171142578,142.64549255371094,247.35494995117188,142.64549255371094
58,3537,237,0,car,0.9009970426559448,308.6968688964844,0.0,550.3919677734375,121.34434509277344,429.54441833496094,121.34434509277344,241.69509887695312,121.34434509277344
58,3538,237,0,car,0.8929469585418701,312.9944763183594,0.4665439426898956,548.3641967773438,107.7674331665039,430.6793365478516,107.7674331665039,235.3697204589844,107.300889223814
58,3539,237,0,car,0.8794497847557068,317.00152587890625,1.4847335815429688,547.1522216796875,92.66853332519533,432.0768737792969,92.66853332519533,230.15069580078125,91.18379974365234
58,3540,237,0,car,0.8525063395500183,322.7240905761719,0.1635510772466659,544.663818359375,72.73197937011719,433.69395446777344,72.73197937011719,221.93972778320312,72.56842829287052
58,3541,237,0,car,0.8574497103691101,327.8841857910156,0.0,547.1635131835938,65.41877746582031,437.5238494873047,65.41877746582031,219.27932739257807,65.41877746582031
58,3542,237,0,car,0.7934531569480896,337.0010070800781,0.6904100775718689,549.6424560546875,52.03075408935547,443.3217315673828,52.03075408935547,212.64144897460932,51.3403440117836
59,3685,245,0,car,0.9526861310005188,644.6381225585938,492.69036865234375,1081.7811279296875,1031.035888671875,863.2096252441406,1031.035888671875,437.14300537109375,538.3455200195312
59,3686,245,0,car,0.9358024597167968,647.0321655273438,456.44134521484375,1063.2725830078125,968.9413452148438,855.1523742675781,968.9413452148438,416.2404174804688,512.5
59,3687,245,0,car,0.9324867725372314,646.5888671875,419.4797058105469,1048.27392578125,913.95947265625,847.431396484375,913.95947265625,401.68505859375,494.4797668457031
59,3688,245,0,car,0.921210765838623,647.0694580078125,384.8340759277344,1032.98583984375,834.0992431640625,840.0276489257812,834.0992431640625,385.9163818359375,449.2651672363281
59,3689,245,0,car,0.948261857032776,646.73583984375,353.4313659667969,1025.3148193359375,785.7711791992188,836.0253295898438,785.7711791992188,378.5789794921875,432.3398132324219
59,3690,245,0,car,0.9305906891822816,646.2984619140625,322.2767333984375,1008.825439453125,742.389404296875,827.5619506835938,742.389404296875,362.5269775390625,420.1126708984375
59,3691,245,0,car,0.9267477989196776,646.8182373046875,288.1060485839844,999.226318359375,697.8795166015625,823.0222778320312,697.8795166015625,352.4080810546875,409.7734680175781
59,3692,245,0,car,0.9205169081687928,649.0353393554688,262.7640075683594,993.42578125,658.167724609375,821.2305603027344,658.167724609375,344.39044189453125,395.4037170410156
59,3693,245,0,car,0.9209251999855042,650.3063354492188,233.78895568847656,985.70068359375,613.5300903320312,818.0035095214844,613.5300903320312,335.39434814453125,379.7411346435547
59,3694,245,0,car,0.9261572360992432,649.0708618164062,205.76931762695312,977.9291381835938,575.4369506835938,813.5,575.4369506835938,328.8582763671875,369.6676330566406
59,3695,245,0,car,0.9249562621116638,647.4451293945312,179.6653289794922,968.2310180664062,539.7117309570312,807.8380737304688,539.7117309570312,320.785888671875,360.04640197753906
59,3696,245,0,car,0.9223814010620116,649.6455688476562,154.59341430664062,960.3749389648438,502.2857971191406,805.01025390625,502.2857971191406,310.7293701171875,347.6923828125
59,3697,245,0,car,0.9294596910476683,649.0014038085938,131.4818878173828,953.8665771484376,467.5841064453125,801.4339904785156,467.5841064453125,304.8651733398437,336.1022186279297
59,3698,245,0,car,0.9196409583091736,649.3560791015625,110.54362487792967,947.5996704101562,435.0637512207031,798.4778747558594,435.0637512207031,298.2435913085937,324.52012634277344
59,3699,245,0,car,0.9247201681137084,649.1019287109375,88.00820922851562,942.0048828125,404.8369140625,795.5534057617188,404.8369140625,292.9029541015625,316.8287048339844
59,3700,245,0,car,0.934579372406006,648.5941772460938,65.52863311767578,935.2559814453124,374.739501953125,791.9250793457031,374.739501953125,286.66180419921875,309.2108688354492
59,3701,245,0,car,0.9306172132492064,649.3336791992188,43.48121643066406,928.2380981445312,346.5625,788.785888671875,346.5625,278.9044189453125,303.08128356933594
59,3702,245,0,car,0.9355236887931824,649.765380859375,25.11435317993164,922.6737670898438,320.3417053222656,786.2195739746094,320.3417053222656,272.90838623046875,295.227352142334
59,3703,245,0,car,0.9304007887840272,650.2944946289062,4.870058536529541,916.9495239257812,288.12255859375,783.6220092773438,288.12255859375,266.655029296875,283.25250005722046
59,3704,245,0,car,0.9265764355659484,653.114013671875,0.0,912.180419921875,265.9725036621094,782.647216796875,265.9725036621094,259.06640625,265.9725036621094
59,3705,245,0,car,0.9241313338279724,654.4644775390625,0.0,908.1891479492188,246.45816040039065,781.3268127441406,246.45816040039065,253.72467041015625,246.45816040039065
59,3706,245,0,car,0.9230102896690368,653.4263916015625,0.0,904.1484375,224.2920684814453,778.7874145507812,224.2920684814453,250.7220458984375,224.2920684814453
59,3707,245,0,car,0.9195784330368042,655.2700805664062,0.0,899.1609497070312,205.58706665039065,777.2155151367188,205.58706665039065,243.890869140625,205.58706665039065
59,3708,245,0,car,0.924897849559784,654.5402221679688,0.0,893.5950927734375,182.4941253662109,774.0676574707031,182.4941253662109,239.05487060546875,182.4941253662109
59,3709,245,0,car,0.9149723052978516,654.6917114257812,0.0,889.9163208007812,163.56118774414062,772.3040161132812,163.56118774414062,235.224609375,163.56118774414062
59,3710,245,0,car,0.9052269458770752,652.4235229492188,0.0,885.4016723632812,145.62493896484375,768.91259765625,145.62493896484375,232.9781494140625,145.62493896484375
59,3711,245,0,car,0.8997766971588135,648.9259643554688,0.0,881.6654663085938,126.69068908691406,765.2957153320312,126.69068908691406,232.739501953125,126.69068908691406
59,3712,245,0,car,0.895510733127594,649.8038940429688,0.0,878.4661254882812,109.79692840576172,764.135009765625,109.79692840576172,228.6622314453125,109.79692840576172
59,3713,245,0,car,0.8703551292419434,651.3749389648438,0.0,873.991943359375,94.35462188720705,762.6834411621094,94.35462188720705,222.61700439453125,94.35462188720705
59,3714,245,0,car,0.8520403504371643,655.80224609375,0.4713447391986847,871.0899047851562,76.99501037597656,763.4460754394531,76.99501037597656,215.28765869140625,76.52366563677788
59,3715,245,0,car,0.6428641080856323,660.0069580078125,0.0,864.8551635742188,56.336082458496094,762.4310607910156,56.336082458496094,204.84820556640625,56.336082458496094
60,3742,246,0,car,0.9314899444580078,1334.920654296875,503.2742614746094,1919.0283203125,1036.415283203125,1626.9744873046875,1036.415283203125,584.107666015625,533.1410217285156
60,3743,246,0,car,0.9302271604537964,1313.8682861328125,459.79693603515625,1918.218994140625,978.7213745117188,1616.0436401367188,978.7213745117188,604.3507080078125,518.9244384765625
60,3744,246,0,car,0.9357480406761168,1295.4471435546875,418.9930725097656,1879.4830322265625,912.1426391601562,1587.465087890625,912.1426391601562,584.035888671875,493.1495666503906
60,3745,246,0,car,0.9302297234535216,1271.4775390625,381.6399536132813,1837.9786376953125,849.9021606445312,1554.7280883789062,849.9021606445312,566.5010986328125,468.26220703125
60,3746,246,0,car,0.9318334460258484,1255.16796875,342.8313293457031,1790.26123046875,793.3388671875,1522.714599609375,793.3388671875,535.09326171875,450.5075378417969
60,3747,246,0,car,0.938731849193573,1239.4036865234375,302.42266845703125,1748.885986328125,738.0479736328125,1494.1448364257812,738.0479736328125,509.4822998046875,435.6253051757813
60,3748,246,0,car,0.937524139881134,1225.356689453125,275.3146667480469,1711.994873046875,683.9736938476562,1468.67578125,683.9736938476562,486.63818359375,408.6590270996094
60,3749,246,0,car,0.9304009079933168,1211.591796875,242.657958984375,1672.0185546875,632.9818115234375,1441.80517578125,632.9818115234375,460.4267578125,390.3238525390625
60,3750,246,0,car,0.9328147172927856,1195.0738525390625,217.53219604492188,1639.3646240234375,583.8375854492188,1417.21923828125,583.8375854492188,444.290771484375,366.3053894042969
60,3751,246,0,car,0.943641722202301,1179.60400390625,190.1897735595703,1608.2115478515625,545.073486328125,1393.9077758789062,545.073486328125,428.6075439453125,354.8837127685547
60,3752,246,0,car,0.9344173073768616,1166.34228515625,159.66680908203125,1580.4718017578125,504.1755065917969,1373.4070434570312,504.1755065917969,414.1295166015625,344.5086975097656
60,3753,246,0,car,0.9277302026748656,1154.3558349609375,136.41445922851562,1552.8853759765625,468.6198120117188,1353.62060546875,468.6198120117188,398.529541015625,332.2053527832031
60,3754,246,0,car,0.9327290654182434,1141.0042724609375,111.42942810058594,1526.8607177734375,432.88775634765625,1333.9324951171875,432.88775634765625,385.8564453125,321.4583282470703
60,3755,246,0,car,0.9312283396720886,1130.897216796875,87.94747924804688,1504.382568359375,400.7607727050781,1317.639892578125,400.7607727050781,373.4853515625,312.81329345703125
60,3756,246,0,car,0.9268624186515808,1122.16943359375,67.11881256103516,1483.4188232421875,367.7127075195313,1302.7941284179688,367.7127075195313,361.2493896484375,300.5938949584961
60,3757,246,0,car,0.9287282824516296,1114.135498046875,42.44675827026367,1460.453369140625,334.9751281738281,1287.29443359375,334.9751281738281,346.31787109375,292.52836990356445
60,3758,246,0,car,0.9323450922966005,1103.3277587890625,20.396833419799805,1441.0772705078125,305.86737060546875,1272.2025146484375,305.86737060546875,337.74951171875,285.47053718566895
60,3759,246,0,car,0.92339289188385,1093.9139404296875,0.0,1421.99853515625,276.3846435546875,1257.9562377929688,276.3846435546875,328.0845947265625,276.3846435546875
60,3760,246,0,car,0.9196460247039796,1085.454833984375,0.0,1403.4862060546875,253.6589813232422,1244.4705200195312,253.6589813232422,318.0313720703125,253.6589813232422
60,3761,246,0,car,0.9206724762916564,1075.763916015625,0.0,1384.1142578125,229.5371551513672,1229.9390869140625,229.5371551513672,308.350341796875,229.5371551513672
60,3762,246,0,car,0.9207747578620912,1068.4473876953125,0.0,1365.3553466796875,205.98751831054688,1216.9013671875,205.98751831054688,296.907958984375,205.98751831054688
60,3763,246,0,car,0.9251903891563416,1060.1300048828125,0.0,1349.4110107421875,183.16824340820312,1204.7705078125,183.16824340820312,289.281005859375,183.16824340820312
60,3764,246,0,car,0.9188709259033204,1053.96240234375,0.0,1334.303955078125,161.800048828125,1194.1331787109375,161.800048828125,280.341552734375,161.800048828125
60,3765,246,0,car,0.8930628299713135,1046.319580078125,0.0,1319.781982421875,142.45840454101562,1183.05078125,142.45840454101562,273.46240234375,142.45840454101562
60,3766,246,0,car,0.8974659442901611,1036.8409423828125,0.0,1307.2352294921875,123.15949249267578,1172.0380859375,123.15949249267578,270.394287109375,123.15949249267578
60,3767,246,0,car,0.8915185928344727,1030.2818603515625,0.1709707379341125,1295.145751953125,103.85707092285156,1162.7138061523438,103.85707092285156,264.8638916015625,103.68610018491744
60,3768,246,0,car,0.8668737411499023,1028.300048828125,2.049734592437744,1281.77197265625,88.1263427734375,1155.0360107421875,88.1263427734375,253.471923828125,86.07660818099976
60,3769,246,0,car,0.8599877953529358,1032.052978515625,1.722887635231018,1269.3533935546875,70.26336669921875,1150.7031860351562,70.26336669921875,237.3004150390625,68.54047906398773
60,3770,246,0,car,0.8479925990104675,1039.2227783203125,0.0,1260.2886962890625,55.16419219970703,1149.7557373046875,55.16419219970703,221.06591796875,55.16419219970703
61,3750,247,0,car,0.9517669081687928,681.3399658203125,463.8140563964844,1168.56689453125,1058.7242431640625,924.9534301757812,1058.7242431640625,487.2269287109375,594.9101867675781
61,3751,247,0,car,0.9491608738899232,680.8193359375,427.489501953125,1152.3443603515625,1017.4476318359376,916.5818481445312,1017.4476318359376,471.5250244140625,589.9581298828125
61,3752,247,0,car,0.9508417248725892,676.0518798828125,391.7020568847656,1135.3310546875,916.9952392578124,905.6914672851562,916.9952392578124,459.2791748046875,525.2931823730469
61,3753,247,0,car,0.9448400139808656,679.3485107421875,355.975341796875,1116.0252685546875,869.59130859375,897.6868896484375,869.59130859375,436.6767578125,513.615966796875
61,3754,247,0,car,0.9415693283081056,679.4318237304688,322.68280029296875,1097.40869140625,820.511962890625,888.4202575683594,820.511962890625,417.9768676757813,497.82916259765625
61,3755,247,0,car,0.96004056930542,675.4086303710938,291.3868713378906,1081.7239990234375,781.355224609375,878.5663146972656,781.355224609375,406.31536865234375,489.9683532714844
61,3756,247,0,car,0.9473554491996764,675.064697265625,261.7740783691406,1069.4798583984375,740.9168701171875,872.2722778320312,740.9168701171875,394.4151611328125,479.1427917480469
61,3757,247,0,car,0.9369512796401978,670.7267456054688,233.0116424560547,1058.59130859375,694.2874755859375,864.6590270996094,694.2874755859375,387.8645629882813,461.2758331298828
61,3758,247,0,car,0.9453814625740052,670.2533569335938,202.6880340576172,1046.4864501953125,651.8636474609375,858.3699035644531,651.8636474609375,376.2330932617188,449.1756134033203
61,3759,247,0,car,0.9527100324630736,669.8104248046875,177.0847625732422,1035.2874755859375,612.521728515625,852.5489501953125,612.521728515625,365.47705078125,435.4369659423828
61,3760,247,0,car,0.9527016878128052,669.5942993164062,153.12283325195312,1025.257080078125,573.49755859375,847.4256896972656,573.49755859375,355.66278076171875,420.3747253417969
61,3761,247,0,car,0.9394515156745912,669.748046875,129.2080078125,1015.5797119140624,535.9586791992188,842.6638793945312,535.9586791992188,345.8316650390625,406.7506713867188
61,3762,247,0,car,0.937156081199646,669.3876342773438,110.36544799804688,1008.4132080078124,506.2921752929688,838.9004211425781,506.2921752929688,339.02557373046875,395.9267272949219
61,3763,247,0,car,0.919611632823944,670.5289306640625,93.30856323242188,997.483154296875,472.985595703125,834.0060424804688,472.985595703125,326.9542236328125,379.6770324707031
61,3764,247,0,car,0.9213723540306092,667.4689331054688,67.62124633789062,989.9822387695312,441.7299499511719,828.7255859375,441.7299499511719,322.5133056640625,374.1087036132813
61,3765,247,0,car,0.9310259222984314,668.6551513671875,46.19348907470703,982.7361450195312,412.8752746582031,825.6956481933594,412.8752746582031,314.0809936523437,366.6817855834961
61,3766,247,0,car,0.9340450167655944,665.4766235351562,26.82210350036621,975.8914794921876,385.7236328125,820.6840515136719,385.7236328125,310.41485595703125,358.9015293121338
61,3767,247,0,car,0.9270209670066832,665.266845703125,7.509205818176269,969.56396484375,360.60009765625,817.4154052734375,360.60009765625,304.297119140625,353.09089183807373
61,3768,247,0,car,0.9301047325134276,665.1050415039062,3.783071517944336,961.8999633789062,334.2619934082031,813.5025024414062,334.2619934082031,296.794921875,330.4789218902588
61,3769,247,0,car,0.9319010376930236,666.7186889648438,0.0,957.5090942382812,308.0838623046875,812.1138916015625,308.0838623046875,290.7904052734375,308.0838623046875
61,3770,247,0,car,0.9215072989463806,665.1939086914062,0.0,951.49755859375,280.1537780761719,808.3457336425781,280.1537780761719,286.3036499023437,280.1537780761719
61,3771,247,0,car,0.92014080286026,667.8759765625,0.0,945.6210327148438,263.0673828125,806.7485046386719,263.0673828125,277.7450561523437,263.0673828125
61,3772,247,0,car,0.9230254888534546,668.019287109375,0.0,938.267578125,244.8045654296875,803.1434326171875,244.8045654296875,270.248291015625,244.8045654296875
61,3773,247,0,car,0.9220589399337769,667.6950073242188,0.0,931.8402709960938,224.8024444580078,799.7676391601562,224.8024444580078,264.145263671875,224.8024444580078
61,3774,247,0,car,0.9174559712409972,668.6611938476562,0.0,925.9093017578124,204.164306640625,797.2852478027344,204.164306640625,257.24810791015625,204.164306640625
61,3775,247,0,car,0.9160948395729064,671.3145141601562,0.0,919.52685546875,182.0167694091797,795.4206848144531,182.0167694091797,248.2123413085937,182.0167694091797
61,3776,247,0,car,0.912080943584442,672.54736328125,0.0375383049249649,914.2529296875,165.54220581054688,793.400146484375,165.54220581054688,241.70556640625,165.5046675056219
61,3777,247,0,car,0.8906856179237366,670.0054931640625,0.0,909.2742309570312,147.9144287109375,789.6398620605469,147.9144287109375,239.26873779296875,147.9144287109375
61,3778,247,0,car,0.8951486349105835,670.91748046875,0.0,906.5115966796876,126.7572250366211,788.7145385742188,126.7572250366211,235.5941162109375,126.7572250366211
61,3779,247,0,car,0.8921146988868713,673.331787109375,0.7687282562255859,901.78369140625,113.47421264648438,787.5577392578125,113.47421264648438,228.451904296875,112.7054843902588
61,3780,247,0,car,0.8710927963256836,675.4053955078125,0.8511092066764832,899.060791015625,97.89468383789062,787.2330932617188,97.89468383789062,223.6553955078125,97.04357463121414
61,3781,247,0,car,0.7831958532333374,674.288330078125,0.54816734790802,893.4619140625,78.66487884521484,783.8751220703125,78.66487884521484,219.173583984375,78.11671149730682
62,3773,248,0,car,0.9474053978919984,0.4082343876361847,427.7259216308594,473.609375,1053.16259765625,237.0088046938181,1053.16259765625,473.2011406123638,625.4366760253906
62,3774,248,0,car,0.9448256492614746,0.4150973558425903,392.2960510253906,478.6785888671875,996.5723876953124,239.54684311151505,996.5723876953124,478.2634915113449,604.2763366699219
62,3775,248,0,car,0.936416506767273,4.997711181640625,358.766845703125,482.1919860839844,931.6161499023438,243.5948486328125,931.6161499023438,477.19427490234375,572.8493041992188
62,3776,248,0,car,0.9378853440284728,7.809034824371338,323.2471008300781,487.2147521972656,878.005615234375,247.51189351081848,878.005615234375,479.4057173728943,554.7585144042969
62,3777,248,0,car,0.9459384679794312,16.498044967651367,295.43817138671875,492.1426696777344,818.0585327148438,254.32035732269287,818.0585327148438,475.644624710083,522.620361328125
62,3778,248,0,car,0.94000905752182,32.77507400512695,266.21453857421875,495.5015869140625,767.4521484375,264.1383304595947,767.4521484375,462.7265129089356,501.2376098632813
62,3779,248,0,car,0.9341689944267272,57.10105895996094,239.48785400390625,500.3865356445313,716.0596923828125,278.7437973022461,716.0596923828125,443.2854766845703,476.5718383789063
62,3780,248,0,car,0.9357049465179444,73.83905792236328,213.61949157714844,503.7077331542969,671.146484375,288.7733955383301,671.146484375,429.8686752319336,457.5269927978516
62,3781,248,0,car,0.937644898891449,92.47270965576172,189.790283203125,507.0767211914063,624.0441284179688,299.774715423584,624.0441284179688,414.6040115356445,434.25384521484375
62,3782,248,0,car,0.93685781955719,110.91268920898438,166.1472930908203,509.4664916992188,581.3651123046875,310.1895904541016,581.3651123046875,398.5538024902344,415.2178192138672
62,3783,248,0,car,0.9297479391098022,125.6232452392578,142.20570373535156,512.6240234375,545.5791015625,319.1236343383789,545.5791015625,387.0007781982422,403.3733978271485
62,3784,248,0,car,0.9378023147583008,141.79794311523438,118.17120361328124,517.0415649414062,509.2555847167969,329.4197540283203,509.2555847167969,375.2436218261719,391.0843811035156
62,3785,248,0,car,0.9252158999443054,157.23141479492188,96.42876434326172,520.3876342773438,471.6158447265625,338.8095245361328,471.6158447265625,363.1562194824219,375.1870803833008
62,3786,248,0,car,0.9297431111335754,170.32733154296875,75.57766723632812,522.3244018554688,438.5598449707031,346.32586669921875,438.5598449707031,351.9970703125,362.982177734375
62,3787,248,0,car,0.9186190962791444,184.1436309814453,50.46439743041992,523.3530883789062,408.03314208984375,353.7483596801758,408.03314208984375,339.20945739746094,357.5687446594238
62,3788,248,0,car,0.925110936164856,194.31814575195312,34.596797943115234,525.364501953125,372.4026794433594,359.84132385253906,372.4026794433594,331.0463562011719,337.80588150024414
62,3789,248,0,car,0.9200807213783264,207.426010131836,16.83682632446289,529.64453125,345.1083984375,368.535270690918,345.1083984375,322.21852111816406,328.2715721130371
62,3790,248,0,car,0.9275355339050292,218.53549194335932,0.2930303514003753,530.7218627929688,316.4991455078125,374.62867736816406,316.4991455078125,312.1863708496094,316.2061151564121
62,3791,248,0,car,0.9219197630882264,230.5728912353516,0.0,537.222412109375,289.3603515625,383.8976516723633,289.3603515625,306.64952087402344,289.3603515625
62,3792,248,0,car,0.9235984683036804,239.50616455078125,0.0,540.79296875,265.79901123046875,390.1495666503906,265.79901123046875,301.28680419921875,265.79901123046875
62,3793,248,0,car,0.9225950837135316,247.76589965820312,0.0,543.8460693359375,242.32847595214844,395.8059844970703,242.32847595214844,296.0801696777344,242.32847595214844
62,3794,248,0,car,0.9282824397087096,258.47174072265625,0.0,546.0719604492188,215.7898406982422,402.2718505859375,215.7898406982422,287.6002197265625,215.7898406982422
62,3795,248,0,car,0.9252158403396606,266.5890197753906,0.0,548.601318359375,191.97964477539065,407.5951690673828,191.97964477539065,282.0122985839844,191.97964477539065
62,3796,248,0,car,0.9105858206748962,274.19158935546875,0.0,550.2584228515625,168.80142211914062,412.2250061035156,168.80142211914062,276.0668334960937,168.80142211914062
62,3797,248,0,car,0.9022892117500304,285.949462890625,0.0,551.77587890625,152.79351806640625,418.8626708984375,152.79351806640625,265.826416015625,152.79351806640625
62,3798,248,0,car,0.9042770862579346,289.558837890625,0.0,550.00830078125,133.0498046875,419.7835693359375,133.0498046875,260.449462890625,133.0498046875
62,3799,248,0,car,0.9059710502624512,296.69940185546875,0.0,548.4999389648438,113.21964263916016,422.59967041015625,113.21964263916016,251.800537109375,113.21964263916016
62,3800,248,0,car,0.8860747814178467,305.6521301269531,0.0,551.3218383789062,100.9035186767578,428.4869842529297,100.9035186767578,245.66970825195312,100.9035186767578
62,3801,248,0,car,0.8618612885475159,311.3170471191406,1.0952049493789673,552.4542236328125,73.09733581542969,431.88563537597656,73.09733581542969,241.13717651367188,72.00213086605072
62,3802,248,0,car,0.8314003348350525,319.12042236328125,0.7061679363250732,554.6334228515625,54.71944427490234,436.8769226074219,54.71944427490234,235.51300048828125,54.01327633857727
63,3814,250,0,car,0.9424909949302672,1.4323763847351074,428.6030578613281,486.98486328125,1034.27734375,244.20861983299253,1034.27734375,485.5524868965149,605.6742858886719
63,3815,250,0,car,0.9453020095825196,1.089865803718567,389.2407836914063,492.1098937988281,969.989990234375,246.5998798012733,969.989990234375,491.0200279951096,580.7492065429688
63,3816,250,0,car,0.940430462360382,1.5238524675369265,350.4962463378906,498.46868896484375,904.1342163085938,249.9962707161904,904.1342163085938,496.9448364973068,553.6379699707031
63,3817,250,0,car,0.9395040273666382,2.125291109085083,316.2599792480469,502.6736450195313,846.1268920898438,252.39946806430817,846.1268920898438,500.54835391044617,529.8669128417969
63,3818,250,0,car,0.949028491973877,14.28696060180664,287.95361328125,503.25433349609375,787.2020874023438,258.7706470489502,787.2020874023438,488.9673728942871,499.24847412109375
63,3819,250,0,car,0.9413846731185912,33.62978744506836,258.9532470703125,505.9510192871094,737.7677001953125,269.79040336608887,737.7677001953125,472.321231842041,478.814453125
63,3820,250,0,car,0.9330039620399476,57.14854431152344,226.5293426513672,508.4424133300781,684.7069702148438,282.7954788208008,684.7069702148438,451.2938690185547,458.17762756347656
63,3821,250,0,car,0.9365732073783876,76.07070922851562,200.3507080078125,507.62017822265625,639.279052734375,291.84544372558594,639.279052734375,431.5494689941406,438.9283447265625
63,3822,250,0,car,0.9414448738098145,95.78157043457033,172.76861572265625,513.20361328125,589.4806518554688,304.49259185791016,589.4806518554688,417.4220428466797,416.7120361328125
63,3823,250,0,car,0.9412897825241088,113.7237548828125,146.07669067382812,517.5480346679688,548.652099609375,315.6358947753906,548.652099609375,403.82427978515625,402.5754089355469
63,3824,250,0,car,0.924854338169098,129.04331970214844,119.15729522705078,521.7508544921875,510.5328674316406,325.397087097168,510.5328674316406,392.7075347900391,391.3755722045898
63,3825,250,0,car,0.9328386783599854,143.60348510742188,96.1308822631836,523.851806640625,477.1123962402344,333.72764587402344,477.1123962402344,380.2483215332031,380.9815139770508
63,3826,250,0,car,0.9187938570976256,159.8333740234375,73.22265625,522.157470703125,443.85498046875,340.99542236328125,443.85498046875,362.3240966796875,370.63232421875
63,3827,250,0,car,0.9199007153511048,171.86553955078125,48.545509338378906,526.5535888671875,409.2888488769531,349.2095642089844,409.2888488769531,354.68804931640625,360.7433395385742
63,3828,250,0,car,0.9188963174819946,183.5860137939453,27.86033821105957,531.0076293945312,378.6655578613281,357.2968215942383,378.6655578613281,347.42161560058594,350.8052196502685
63,3829,250,0,car,0.919017732143402,193.27281188964844,10.88955783843994,534.7352905273438,349.7055358886719,364.0040512084961,349.7055358886719,341.4624786376953,338.81597805023193
63,3830,250,0,car,0.9234365224838256,205.95802307128903,0.0,537.041259765625,318.4222412109375,371.499641418457,318.4222412109375,331.08323669433594,318.4222412109375
63,3831,250,0,car,0.9211782813072203,216.63278198242188,0.0,538.1842651367188,291.5601501464844,377.4085235595703,291.5601501464844,321.5514831542969,291.5601501464844
63,3832,250,0,car,0.9128494262695312,225.65760803222656,0.0,541.4888916015625,265.44512939453125,383.5732498168945,265.44512939453125,315.83128356933594,265.44512939453125
63,3833,250,0,car,0.916331112384796,236.3500366210937,0.0,543.0343017578125,243.72573852539065,389.6921691894531,243.72573852539065,306.68426513671875,243.72573852539065
63,3834,250,0,car,0.9249669909477234,244.4159698486328,0.0,545.8114013671875,218.7393951416016,395.11368560791016,218.7393951416016,301.3954315185547,218.7393951416016
63,3835,250,0,car,0.9295231699943542,253.3395233154297,0.0,548.6849975585938,194.8006134033203,401.0122604370117,194.8006134033203,295.34547424316406,194.8006134033203
63,3836,250,0,car,0.9201680421829224,262.4274597167969,0.0,550.302978515625,173.06539916992188,406.3652191162109,173.06539916992188,287.8755187988281,173.06539916992188
63,3837,250,0,car,0.9015438556671144,268.8084716796875,0.0,551.826171875,154.57449340820312,410.31732177734375,154.57449340820312,283.0177001953125,154.57449340820312
63,3838,250,0,car,0.9042035341262816,274.9652099609375,0.0,553.1500244140625,136.21884155273438,414.0576171875,136.21884155273438,278.184814453125,136.21884155273438
63,3839,250,0,car,0.8993242383003235,281.8685302734375,0.2679584324359894,556.3758544921875,115.4626235961914,419.1221923828125,115.4626235961914,274.50732421875,115.19466516375542
63,3840,250,0,car,0.8794771432876587,289.333740234375,1.4747768640518188,552.9024047851562,103.33374786376952,421.1180725097656,103.33374786376952,263.56866455078125,101.85897099971773
63,3841,250,0,car,0.85441654920578,297.6585693359375,1.662467122077942,553.5327758789062,87.5578842163086,425.5956726074219,87.5578842163086,255.87420654296875,85.89541709423065
63,3842,250,0,car,0.8473826050758362,305.8505249023437,1.684121012687683,554.2000732421875,63.95464324951172,430.0252990722656,63.95464324951172,248.3495483398437,62.27052223682404
64,3864,258,0,car,0.9337448477745056,1319.3431396484375,511.0628662109375,1919.288818359375,1037.5025634765625,1619.3159790039062,1037.5025634765625,599.9456787109375,526.439697265625
64,3865,258,0,car,0.9363968372344972,1300.805908203125,467.4635009765625,1891.5107421875,983.8296508789062,1596.1583251953125,983.8296508789062,590.704833984375,516.3661499023438
64,3866,258,0,car,0.9363406896591188,1279.3382568359375,426.0487060546875,1848.90185546875,923.400634765625,1564.1200561523438,923.400634765625,569.5635986328125,497.3519287109375
64,3867,258,0,car,0.9287402033805848,1263.6641845703125,387.2833251953125,1805.0684814453125,859.6712036132812,1534.3663330078125,859.6712036132812,541.404296875,472.3878784179688
64,3868,258,0,car,0.9295196533203124,1242.8533935546875,349.91619873046875,1759.5863037109375,796.876708984375,1501.2198486328125,796.876708984375,516.73291015625,446.9605102539063
64,3869,258,0,car,0.9372187256813048,1228.546630859375,297.7706298828125,1717.94921875,742.1685180664062,1473.2479248046875,742.1685180664062,489.402587890625,444.39788818359375
64,3870,258,0,car,0.925913631916046,1213.592041015625,270.00115966796875,1678.6072998046875,688.1840209960938,1446.0996704101562,688.1840209960938,465.0152587890625,418.182861328125
64,3871,258,0,car,0.9236621260643004,1198.7744140625,244.59207153320312,1642.7911376953125,639.908447265625,1420.7827758789062,639.908447265625,444.0167236328125,395.3163757324219
64,3872,258,0,car,0.9366142153739928,1185.61181640625,218.8325653076172,1612.944091796875,598.082763671875,1399.2779541015625,598.082763671875,427.332275390625,379.2501983642578
64,3873,258,0,car,0.928384244441986,1169.1761474609375,190.19430541992188,1583.3992919921875,558.5469360351562,1376.2877197265625,558.5469360351562,414.22314453125,368.3526306152344
64,3874,258,0,car,0.9214988946914672,1159.0400390625,161.3247833251953,1552.765625,520.2319946289062,1355.90283203125,520.2319946289062,393.7255859375,358.90721130371094
64,3875,258,0,car,0.924656629562378,1147.518310546875,135.84393310546875,1527.0445556640625,482.5780029296875,1337.2814331054688,482.5780029296875,379.5262451171875,346.73406982421875
64,3876,258,0,car,0.9157360196113586,1137.300048828125,110.63539123535156,1502.574462890625,446.07171630859375,1319.937255859375,446.07171630859375,365.2744140625,335.4363250732422
64,3877,258,0,car,0.915730893611908,1126.0660400390625,86.40367889404297,1479.567626953125,416.9419250488281,1302.8168334960938,416.9419250488281,353.5015869140625,330.5382461547852
64,3878,258,0,car,0.91854989528656,1115.316650390625,62.93159103393555,1457.238037109375,384.6239929199219,1286.27734375,384.6239929199219,341.92138671875,321.6924018859863
64,3879,258,0,car,0.9122685194015504,1107.6470947265625,40.17383193969727,1437.1026611328125,355.1673583984375,1272.3748779296875,355.1673583984375,329.45556640625,314.99352645874023
64,3880,258,0,car,0.9187505841255188,1097.683349609375,18.773801803588867,1417.3892822265625,324.3938903808594,1257.5363159179688,324.3938903808594,319.7059326171875,305.6200885772705
64,3881,258,0,car,0.9239183068275452,1089.7178955078125,0.0,1397.714111328125,289.7474365234375,1243.7160034179688,289.7474365234375,307.9962158203125,289.7474365234375
64,3882,258,0,car,0.9128276705741882,1080.085693359375,0.0,1380.6282958984375,266.201904296875,1230.3569946289062,266.201904296875,300.5426025390625,266.201904296875
64,3883,258,0,car,0.9221864342689514,1071.240478515625,0.0,1361.1683349609375,243.10025024414065,1216.2044067382812,243.10025024414065,289.9278564453125,243.10025024414065
64,3884,258,0,car,0.923538863658905,1062.8076171875,0.0,1347.088134765625,218.6645965576172,1204.9478759765625,218.6645965576172,284.280517578125,218.6645965576172
64,3885,258,0,car,0.9214184880256652,1054.01220703125,0.0,1330.8839111328125,194.2516632080078,1192.4480590820312,194.2516632080078,276.8717041015625,194.2516632080078
64,3886,258,0,car,0.9088861346244812,1048.4178466796875,0.0,1314.617431640625,170.76637268066406,1181.5176391601562,170.76637268066406,266.1995849609375,170.76637268066406
64,3887,258,0,car,0.9033541679382324,1041.1658935546875,0.0,1301.72998046875,151.5176239013672,1171.4479370117188,151.5176239013672,260.5640869140625,151.5176239013672
64,3888,258,0,car,0.8939228653907776,1032.2066650390625,0.0,1288.86279296875,132.0106658935547,1160.5347290039062,132.0106658935547,256.6561279296875,132.0106658935547
64,3889,258,0,car,0.8963533639907837,1022.6015625,0.0,1274.41552734375,113.38935089111328,1148.508544921875,113.38935089111328,251.81396484375,113.38935089111328
64,3890,258,0,car,0.8781841993331909,1016.9618530273438,0.176969289779663,1262.3048095703125,96.68870544433594,1139.633331298828,96.68870544433594,245.34295654296875,96.51173615455627
64,3891,258,0,car,0.8774808645248413,1018.0646362304688,1.6599591970443726,1251.3973388671875,79.60407257080078,1134.730987548828,79.60407257080078,233.33270263671875,77.94411337375641
64,3892,258,0,car,0.9177832007408142,1031.02294921875,0.0,1237.23388671875,60.40615081787109,1134.12841796875,60.40615081787109,206.2109375,60.40615081787109
65,3866,259,0,car,0.8525267243385315,149.58786010742188,587.34521484375,345.8590087890625,1023.6640014648438,247.7234344482422,1023.6640014648438,196.27114868164065,436.31878662109375
65,3867,259,0,car,0.5393168926239014,173.29119873046875,523.1892700195312,360.12451171875,959.7066650390624,266.7078552246094,959.7066650390624,186.83331298828125,436.5173950195313
65,3868,259,0,car,0.7500471472740173,191.7350311279297,464.4353942871094,370.4142150878906,893.1041870117188,281.07462310791016,893.1041870117188,178.67918395996094,428.6687927246094
65,3869,259,0,car,0.6475434899330139,208.9845733642578,414.4383544921875,380.775390625,830.5612182617188,294.8799819946289,830.5612182617188,171.7908172607422,416.1228637695313
65,3870,259,0,car,0.6210806965827942,224.305404663086,365.3054504394531,393.07904052734375,770.1889038085938,308.69222259521484,770.1889038085938,168.7736358642578,404.8834533691406
65,3871,259,0,car,0.5013837814331055,238.6439666748047,324.6312255859375,402.3808898925781,714.564208984375,320.5124282836914,714.564208984375,163.73692321777344,389.9329833984375
65,3872,259,0,car,0.7511141300201416,254.3329162597656,293.3873596191406,412.3560485839844,652.2760009765625,333.344482421875,652.2760009765625,158.02313232421875,358.8886413574219
65,3873,259,0,car,0.5811738967895508,267.1778564453125,256.8285827636719,418.9517517089844,609.837890625,343.06480407714844,609.837890625,151.77389526367188,353.0093078613281
65,3874,259,0,car,0.6670407056808472,276.4080810546875,218.1557159423828,426.3953857421875,565.169677734375,351.4017333984375,565.169677734375,149.9873046875,347.0139617919922
65,3875,259,1,motorcycle,0.6717921495437622,287.3528137207031,186.6976318359375,433.7304992675781,525.15185546875,360.5416564941406,525.15185546875,146.377685546875,338.4542236328125
65,3876,259,1,motorcycle,0.6145270466804504,301.0189514160156,155.65614318847656,438.7415771484375,489.60943603515625,369.88026428222656,489.60943603515625,137.72262573242188,333.9532928466797
65,3878,259,1,motorcycle,0.5706781148910522,320.1750793457031,99.867919921875,451.263427734375,346.5417175292969,385.7192535400391,346.5417175292969,131.08834838867188,246.67379760742188
65,3879,259,1,motorcycle,0.6839160919189453,325.8489074707031,66.00031280517578,456.3258056640625,347.2221374511719,391.0873565673828,347.2221374511719,130.47689819335938,281.2218246459961
65,3880,259,1,motorcycle,0.5474734306335449,336.2655639648437,41.50530624389648,464.5263366699219,341.25946044921875,400.3959503173828,341.25946044921875,128.26077270507812,299.75415420532227
65,3882,259,1,motorcycle,0.8388997316360474,351.7987670898437,11.335524559020996,472.2792663574219,290.2216186523437,412.0390167236328,290.2216186523437,120.48049926757812,278.88609409332275
65,3883,259,1,motorcycle,0.844102144241333,359.8561096191406,1.0458452701568604,475.9049682617188,264.0809631347656,417.8805389404297,264.0809631347656,116.04885864257812,263.0351178646088
65,3884,259,1,motorcycle,0.7725866436958313,367.8530883789063,0.0,479.389404296875,237.1184539794922,423.6212463378906,237.1184539794922,111.53631591796876,237.1184539794922
65,3885,259,1,motorcycle,0.6667354702949524,373.4591979980469,0.0,482.0176696777344,213.62222290039065,427.7384338378906,213.62222290039065,108.5584716796875,213.62222290039065
66,3873,260,0,car,0.939651906490326,621.044677734375,411.6892395019531,1065.81884765625,1010.2344360351562,843.4317626953125,1010.2344360351562,444.774169921875,598.5451965332031
66,3874,260,0,car,0.9417708516120912,618.6717529296875,367.7550964355469,1047.506103515625,940.6280517578124,833.0889282226562,940.6280517578124,428.8343505859375,572.8729553222656
66,3875,260,0,car,0.9355339407920836,618.6699829101562,329.3603210449219,1032.26513671875,870.2582397460938,825.4675598144531,870.2582397460938,413.59515380859375,540.8979187011719
66,3876,260,0,car,0.9364041686058044,619.3792114257812,290.20074462890625,1017.3262939453124,799.5567016601562,818.3527526855469,799.5567016601562,397.9470825195313,509.35595703125
66,3877,260,0,car,0.9292069673538208,620.55908203125,259.2558898925781,1001.3505249023438,737.1248168945312,810.9548034667969,737.1248168945312,380.79144287109375,477.8689270019531
66,3878,260,0,car,0.9285620450973512,620.8436889648438,224.8971710205078,989.994384765625,677.1448974609375,805.4190368652344,677.1448974609375,369.1506958007813,452.2477264404297
66,3879,260,0,car,0.9422513842582704,618.303955078125,195.74989318847656,975.958740234375,622.9010620117188,797.13134765625,622.9010620117188,357.65478515625,427.1511688232422
66,3880,260,0,car,0.933535099029541,622.4895629882812,164.7156524658203,967.0098876953124,571.6302490234375,794.7497253417969,571.6302490234375,344.52032470703125,406.9145965576172
66,3881,260,0,car,0.922349750995636,619.6452026367188,138.08547973632812,957.017333984375,524.6714477539062,788.3312683105469,524.6714477539062,337.37213134765625,386.5859680175781
66,3882,260,0,car,0.9225391745567322,615.64892578125,112.70148468017578,950.13720703125,482.6322326660156,782.89306640625,482.6322326660156,334.48828125,369.93074798583984
66,3883,260,0,car,0.9089400768280028,614.6858520507812,85.10598754882812,942.092529296875,441.08404541015625,778.3891906738281,441.08404541015625,327.4066772460937,355.9780578613281
66,3884,260,0,car,0.9213721752166748,618.6954345703125,61.54572296142578,932.4264526367188,403.2815856933594,775.5609436035156,403.2815856933594,313.73101806640625,341.7358627319336
66,3885,260,0,car,0.9219188690185548,619.3125,31.79672241210937,923.5894775390624,365.00299072265625,771.4509887695312,365.00299072265625,304.2769775390625,333.2062683105469
66,3886,260,0,car,0.9279550909996032,620.6256713867188,10.31235694885254,916.9440307617188,327.30535888671875,768.7848510742188,327.30535888671875,296.318359375,316.9930019378662
66,3887,260,0,car,0.9288201928138732,623.8782958984375,0.0,909.9992065429688,300.317138671875,766.9387512207031,300.317138671875,286.12091064453125,300.317138671875
66,3888,260,0,car,0.919398069381714,625.2409057617188,0.0,902.6043090820312,266.6998596191406,763.922607421875,266.6998596191406,277.3634033203125,266.6998596191406
66,3889,260,0,car,0.9203951954841614,628.4664306640625,0.0,896.0284423828125,236.91709899902344,762.2474365234375,236.91709899902344,267.56201171875,236.91709899902344
66,3890,260,0,car,0.918994128704071,629.7406616210938,0.0,889.1126708984375,210.4049530029297,759.4266662597656,210.4049530029297,259.3720092773437,210.4049530029297
66,3891,260,0,car,0.9290875792503356,630.3506469726562,0.0,883.765625,181.9127960205078,757.0581359863281,181.9127960205078,253.4149780273437,181.9127960205078
66,3892,260,0,car,0.915477454662323,629.897705078125,0.0,878.5895385742188,159.44776916503906,754.2436218261719,159.44776916503906,248.6918334960937,159.44776916503906
66,3893,260,0,car,0.9113836884498596,631.0220336914062,0.0,875.9896240234375,138.98886108398438,753.5058288574219,138.98886108398438,244.96759033203125,138.98886108398438
66,3894,260,0,car,0.9021977186203004,630.4216918945312,0.0,869.0628662109375,115.6571273803711,749.7422790527344,115.6571273803711,238.64117431640625,115.6571273803711
66,3895,260,0,car,0.8889405131340027,631.8076171875,0.0,863.5809326171875,99.0593032836914,747.6942749023438,99.0593032836914,231.7733154296875,99.0593032836914
66,3896,260,0,car,0.8745152950286865,633.221923828125,0.6380971670150757,860.5123901367188,74.89751434326172,746.8671569824219,74.89751434326172,227.2904663085937,74.25941717624664
66,3897,260,0,car,0.8533579707145691,633.579345703125,0.2083224654197693,855.3078002929688,62.58366394042969,744.4435729980469,62.58366394042969,221.7284545898437,62.37534147500992
66,3898,260,0,car,0.7918198108673096,634.2359008789062,0.8138179183006287,853.6611938476562,50.67406463623047,743.9485473632812,50.67406463623047,219.42529296875,49.86024671792984
67,3894,263,0,car,0.934417724609375,1287.5428466796875,479.5086669921875,1898.603271484375,1009.18359375,1593.0730590820312,1009.18359375,611.0604248046875,529.6749267578125
67,3895,263,0,car,0.940001904964447,1266.43310546875,437.08111572265625,1862.8807373046875,946.806640625,1564.6569213867188,946.806640625,596.4476318359375,509.72552490234375
67,3896,263,0,car,0.9327273964881896,1248.691162109375,393.0321960449219,1819.01220703125,880.5169067382812,1533.8516845703125,880.5169067382812,570.321044921875,487.4847106933594
67,3897,263,0,car,0.9320343136787416,1232.906494140625,353.8122863769531,1771.362548828125,818.2255859375,1502.134521484375,818.2255859375,538.4560546875,464.4132995605469
67,3898,263,0,car,0.938805341720581,1217.323486328125,303.8667297363281,1730.0638427734375,761.5811157226562,1473.6936645507812,761.5811157226562,512.7403564453125,457.7143859863281
67,3899,263,0,car,0.9444040060043336,1202.0323486328125,272.9598999023437,1688.8914794921875,706.326416015625,1445.4619140625,706.326416015625,486.859130859375,433.3665161132813
67,3900,263,0,car,0.9272143840789796,1188.7723388671875,248.26844787597656,1650.6539306640625,652.620361328125,1419.713134765625,652.620361328125,461.881591796875,404.3519134521485
67,3901,263,0,car,0.9463645815849304,1176.187255859375,218.5634765625,1617.1417236328125,608.1231689453125,1396.6644897460938,608.1231689453125,440.9544677734375,389.5596923828125
67,3902,263,0,car,0.940531313419342,1165.7149658203125,190.62335205078125,1582.400390625,564.3541870117188,1374.0576782226562,564.3541870117188,416.6854248046875,373.7308349609375
67,3903,263,0,car,0.9038682579994202,1151.3189697265625,159.86117553710938,1553.0953369140625,522.4400024414062,1352.2071533203125,522.4400024414062,401.7763671875,362.5788269042969
67,3904,263,0,car,0.9198566675186156,1139.032470703125,134.4385986328125,1527.0882568359375,485.3738708496094,1333.0603637695312,485.3738708496094,388.0557861328125,350.9352722167969
67,3905,263,0,car,0.9178525805473328,1126.1800537109375,105.59666442871094,1501.0955810546875,450.131103515625,1313.6378173828125,450.131103515625,374.91552734375,344.53443908691406
67,3906,263,0,car,0.9238394498825072,1117.7913818359375,85.3402099609375,1477.5499267578125,414.805419921875,1297.670654296875,414.805419921875,359.758544921875,329.4652099609375
67,3907,263,0,car,0.9261388182640076,1109.114990234375,61.03692626953125,1454.9365234375,383.3507080078125,1282.0257568359375,383.3507080078125,345.821533203125,322.31378173828125
67,3908,263,0,car,0.9193712472915648,1101.6983642578125,35.249366760253906,1433.720947265625,353.9060363769531,1267.7096557617188,353.9060363769531,332.0225830078125,318.6566696166992
67,3909,263,0,car,0.9273598790168762,1090.21435546875,14.08458423614502,1412.3985595703125,321.30731201171875,1251.3064575195312,321.30731201171875,322.1842041015625,307.22272777557373
67,3910,263,0,car,0.9253336191177368,1082.882080078125,0.0,1394.371826171875,288.6883850097656,1238.626953125,288.6883850097656,311.48974609375,288.6883850097656
67,3911,263,0,car,0.9184558391571044,1071.435546875,0.0,1377.0380859375,264.917724609375,1224.23681640625,264.917724609375,305.6025390625,264.917724609375
67,3912,263,0,car,0.9229044318199158,1064.0809326171875,0.0,1357.826904296875,243.60606384277344,1210.9539184570312,243.60606384277344,293.7459716796875,243.60606384277344
67,3913,263,0,car,0.9220439195632936,1054.915771484375,0.0,1342.26953125,219.924560546875,1198.5926513671875,219.924560546875,287.353759765625,219.924560546875
67,3914,263,0,car,0.9059377908706664,1046.9263916015625,0.0,1324.050537109375,196.51513671875,1185.4884643554688,196.51513671875,277.1241455078125,196.51513671875
67,3915,263,0,car,0.9128625392913818,1039.0142822265625,0.0,1309.0999755859375,173.3365020751953,1174.05712890625,173.3365020751953,270.085693359375,173.3365020751953
67,3916,263,0,car,0.9007978439331056,1032.402099609375,0.0,1293.6036376953125,153.21847534179688,1163.0028686523438,153.21847534179688,261.2015380859375,153.21847534179688
67,3917,263,0,car,0.8977459073066711,1023.6314697265624,0.0,1279.629638671875,134.8291473388672,1151.6305541992188,134.8291473388672,255.9981689453125,134.8291473388672
67,3918,263,0,car,0.9017692804336548,1014.8388061523438,0.0,1266.4808349609375,113.82720184326172,1140.6598205566406,113.82720184326172,251.6420288085937,113.82720184326172
67,3919,263,0,car,0.8837345242500305,1012.0699462890624,0.0,1254.9266357421875,96.79601287841795,1133.498291015625,96.79601287841795,242.856689453125,96.79601287841795
67,3920,263,0,car,0.8855330944061279,1018.3450927734376,1.133852243423462,1242.7362060546875,80.1476058959961,1130.5406494140625,80.1476058959961,224.39111328125,79.01375365257263
67,3921,263,0,car,0.8969850540161133,1025.7965087890625,0.4755286276340484,1229.4371337890625,61.42868423461914,1127.6168212890625,61.42868423461914,203.640625,60.95315560698509
68,5025,271,0,car,0.8844324350357056,1219.46240234375,450.7431640625,1871.0321044921875,1057.9365234375,1545.2472534179688,1057.9365234375,651.5697021484375,607.193359375
68,5026,271,0,car,0.8814994692802429,1216.477783203125,441.04693603515625,1884.71533203125,1052.38427734375,1550.5965576171875,1052.38427734375,668.237548828125,611.3373413085938
68,5027,271,0,car,0.8877333402633667,1213.787841796875,431.5945739746094,1892.723388671875,1046.5474853515625,1553.255615234375,1046.5474853515625,678.935546875,614.9529113769531
68,5028,271,0,car,0.9004383683204651,1211.739501953125,421.7495422363281,1895.132080078125,1030.629150390625,1553.435791015625,1030.629150390625,683.392578125,608.8796081542969
68,5029,271,0,car,0.9115535616874696,1210.052978515625,417.5782165527344,1886.56005859375,1013.0932006835938,1548.3065185546875,1013.0932006835938,676.507080078125,595.5149841308594
68,5030,271,0,car,0.902722954750061,1207.031494140625,414.3380432128906,1868.7105712890625,996.8726196289062,1537.8710327148438,996.8726196289062,661.6790771484375,582.5345764160156
68,5031,271,0,car,0.9070733785629272,1203.1546630859375,405.4457702636719,1848.4268798828125,976.6519165039062,1525.790771484375,976.6519165039062,645.272216796875,571.2061462402344
68,5032,271,0,car,0.93188738822937,1200.14599609375,398.0032043457031,1849.50927734375,962.890380859375,1524.82763671875,962.890380859375,649.36328125,564.8871765136719
68,5033,271,0,car,0.9282944798469543,1194.7596435546875,389.9914855957031,1843.3310546875,952.3975219726562,1519.0453491210938,952.3975219726562,648.5714111328125,562.4060363769531
68,5034,271,0,car,0.927371859550476,1190.23095703125,379.5295715332031,1834.9805908203125,932.7236938476562,1512.6057739257812,932.7236938476562,644.7496337890625,553.1941223144531
68,5035,271,0,car,0.9230539202690125,1186.171875,371.017578125,1823.3231201171875,919.5521240234376,1504.7474975585938,919.5521240234376,637.1512451171875,548.5345458984375
68,5036,271,0,car,0.9271774291992188,1181.8988037109375,378.9772338867188,1813.225341796875,907.1232299804688,1497.5620727539062,907.1232299804688,631.3265380859375,528.14599609375
68,5037,271,0,car,0.9234529733657836,1180.68505859375,369.3991394042969,1801.27880859375,890.6931762695312,1490.98193359375,890.6931762695312,620.59375,521.2940368652344
68,5038,271,0,car,0.9102143049240112,1178.1817626953125,360.0046081542969,1789.000732421875,875.5015258789062,1483.5912475585938,875.5015258789062,610.8189697265625,515.4969177246094
68,5039,271,0,car,0.9163530468940736,1173.050537109375,357.74725341796875,1777.1142578125,862.3030395507812,1475.0823974609375,862.3030395507812,604.063720703125,504.5557861328125
68,5040,271,0,car,0.923539102077484,1169.32666015625,353.566162109375,1765.165771484375,849.4215698242188,1467.2462158203125,849.4215698242188,595.839111328125,495.85540771484375
68,5041,271,0,car,0.9260488748550416,1166.3658447265625,347.8683776855469,1754.0030517578125,833.3556518554688,1460.1844482421875,833.3556518554688,587.63720703125,485.4872741699219
68,5042,271,0,car,0.926978349685669,1163.0401611328125,338.4688415527344,1744.507080078125,818.5413208007812,1453.7736206054688,818.5413208007812,581.4669189453125,480.0724792480469
68,5043,271,0,car,0.927514672279358,1159.35791015625,330.7666320800781,1736.0345458984375,809.2189331054688,1447.6962280273438,809.2189331054688,576.6766357421875,478.4523010253906
68,5044,271,0,car,0.9324049949645996,1153.1185302734375,331.5519104003906,1725.841552734375,797.670166015625,1439.4800415039062,797.670166015625,572.7230224609375,466.1182556152344
68,5045,271,0,car,0.925177276134491,1148.6383056640625,326.9505310058594,1716.7548828125,779.0675659179688,1432.6965942382812,779.0675659179688,568.1165771484375,452.1170349121094
68,5046,271,0,car,0.9305611848831176,1146.39453125,316.8750915527344,1706.668212890625,767.712890625,1426.5313720703125,767.712890625,560.273681640625,450.8377990722656
68,5047,271,0,car,0.9337892532348632,1143.396484375,306.6473388671875,1694.41064453125,760.9205932617188,1418.903564453125,760.9205932617188,551.01416015625,454.2732543945313
68,5048,271,0,car,0.9361889958381652,1140.6202392578125,295.6083374023437,1684.0107421875,741.3997802734375,1412.3154907226562,741.3997802734375,543.3905029296875,445.79144287109375
68,5049,271,0,car,0.932037115097046,1136.998779296875,288.4464111328125,1671.9476318359375,728.98388671875,1404.4732055664062,728.98388671875,534.9488525390625,440.5374755859375
68,5050,271,0,car,0.933846354484558,1134.216796875,285.69403076171875,1663.19287109375,719.3750610351562,1398.704833984375,719.3750610351562,528.97607421875,433.6810302734375
68,5051,271,0,car,0.939507007598877,1129.610107421875,275.8495178222656,1654.2093505859375,702.621337890625,1391.9097290039062,702.621337890625,524.5992431640625,426.7718200683594
68,5052,271,0,car,0.9325688481330872,1127.1116943359375,266.5339050292969,1643.2255859375,683.4111938476562,1385.1686401367188,683.4111938476562,516.1138916015625,416.8772888183594
68,5053,271,0,car,0.9395219087600708,1124.4429931640625,251.9971923828125,1633.36962890625,671.2787475585938,1378.9063110351562,671.2787475585938,508.9266357421875,419.2815551757813
68,5054,271,0,car,0.9385485649108888,1122.4638671875,241.95339965820312,1625.087646484375,662.4840698242188,1373.7757568359375,662.4840698242188,502.623779296875,420.5306701660156
68,5055,271,0,car,0.9380576610565186,1120.5040283203125,234.6475982666016,1617.86328125,649.1376342773438,1369.1836547851562,649.1376342773438,497.3592529296875,414.4900360107422
68,5056,271,0,car,0.9389707446098328,1117.7330322265625,226.8614196777344,1608.696533203125,636.8339233398438,1363.2147827148438,636.8339233398438,490.9635009765625,409.9725036621094
68,5057,271,0,car,0.9412327408790588,1110.8817138671875,214.87332153320312,1596.513916015625,620.1144409179688,1353.6978149414062,620.1144409179688,485.6322021484375,405.2411193847656
68,5058,271,0,car,0.9370100498199464,1106.7021484375,209.52333068847656,1587.7454833984375,609.5733032226562,1347.2238159179688,609.5733032226562,481.0433349609375,400.0499725341797
68,5059,271,0,car,0.9375585317611694,1102.8214111328125,201.0733795166016,1576.490234375,592.5827026367188,1339.6558227539062,592.5827026367188,473.6688232421875,391.5093231201172
68,5060,271,0,car,0.9415843486785888,1097.6300048828125,193.719467163086,1565.8544921875,578.3084106445312,1331.7422485351562,578.3084106445312,468.2244873046875,384.5889434814453
68,5061,271,0,car,0.9385669231414796,1091.4329833984375,190.40576171875,1556.5301513671875,565.9476928710938,1323.9815673828125,565.9476928710938,465.09716796875,375.54193115234375
68,5062,271,0,car,0.930971622467041,1086.161376953125,179.78379821777344,1548.0972900390625,551.4695434570312,1317.1293334960938,551.4695434570312,461.9359130859375,371.6857452392578
68,5063,271,0,car,0.9316954016685486,1085.9007568359375,167.13690185546875,1539.77490234375,543.2418823242188,1312.8378295898438,543.2418823242188,453.8741455078125,376.10498046875
68,5064,271,0,car,0.9373904466629028,1083.83349609375,157.56654357910156,1532.158203125,534.5667724609375,1307.995849609375,534.5667724609375,448.32470703125,377.000228881836
68,5065,271,0,car,0.934451460838318,1080.8658447265625,149.68931579589844,1524.2017822265625,522.0697021484375,1302.5338134765625,522.0697021484375,443.3359375,372.3803863525391
68,5066,271,0,car,0.9329602122306824,1076.14990234375,141.36427307128906,1517.3406982421875,507.83831787109375,1296.7453002929688,507.83831787109375,441.1907958984375,366.4740447998047
68,5067,271,0,car,0.9342023134231568,1070.754150390625,132.74945068359375,1509.140625,491.3893127441406,1289.9473876953125,491.3893127441406,438.386474609375,358.6398620605469
68,5068,271,0,car,0.938866913318634,1068.265869140625,125.47085571289062,1502.39501953125,481.2480163574219,1285.3304443359375,481.2480163574219,434.129150390625,355.77716064453125
68,5069,271,0,car,0.9441521763801576,1065.5206298828125,114.96497344970705,1493.2388916015625,472.1882629394531,1279.3797607421875,472.1882629394531,427.71826171875,357.2232894897461
68,5070,271,0,car,0.9406564831733704,1063.980712890625,107.67121124267578,1480.127197265625,464.9849243164063,1272.053955078125,464.9849243164063,416.146484375,357.31371307373047
68,5071,271,0,car,0.8862961530685425,1061.8336181640625,102.0290985107422,1467.299072265625,451.6235046386719,1264.5663452148438,451.6235046386719,405.4654541015625,349.5944061279297
68,5072,271,0,car,0.8782474994659424,1057.7608642578125,94.13240814208984,1463.6689453125,440.01995849609375,1260.7149047851562,440.01995849609375,405.9080810546875,345.8875503540039
68,5073,271,0,car,0.8853965401649475,1053.36572265625,86.18859100341797,1456.09912109375,427.4630737304688,1254.732421875,427.4630737304688,402.7333984375,341.2744827270508
68,5074,271,0,car,0.9172838926315308,1049.7261962890625,79.23162841796875,1450.703369140625,419.1202087402344,1250.2147827148438,419.1202087402344,400.9771728515625,339.8885803222656
68,5075,271,0,car,0.9035099148750304,1046.4554443359375,70.00647735595703,1443.5228271484375,406.5464477539063,1244.9891357421875,406.5464477539063,397.0673828125,336.5399703979492
68,5076,271,0,car,0.906307578086853,1045.38427734375,62.93363952636719,1436.5318603515625,393.1408996582031,1240.9580688476562,393.1408996582031,391.1475830078125,330.20726013183594
68,5077,271,0,car,0.9255742430686952,1039.4705810546875,55.229034423828125,1428.312255859375,382.0323791503906,1233.8914184570312,382.0323791503906,388.8416748046875,326.8033447265625
68,5078,271,0,car,0.933599054813385,1037.28125,45.67863464355469,1421.5745849609375,374.6568603515625,1229.4279174804688,374.6568603515625,384.2933349609375,328.9782257080078
68,5079,271,0,car,0.9317679405212402,1035.88134765625,39.153953552246094,1414.2645263671875,367.5273742675781,1225.0729370117188,367.5273742675781,378.3831787109375,328.37342071533203
68,5080,271,0,car,0.9178104996681212,1033.03173828125,32.524051666259766,1407.4654541015625,359.7437438964844,1220.2485961914062,359.7437438964844,374.4337158203125,327.2196922302246
68,5081,271,0,car,0.9114113450050354,1032.1790771484375,22.695894241333008,1399.0577392578125,345.6199645996094,1215.618408203125,345.6199645996094,366.878662109375,322.9240703582764
68,5082,271,0,car,0.9168097972869872,1034.046630859375,15.62411117553711,1393.7431640625,339.5881042480469,1213.8948974609375,339.5881042480469,359.696533203125,323.96399307250977
68,5083,271,0,car,0.9173238277435304,1028.8009033203125,5.935022354125977,1386.646240234375,332.0286865234375,1207.7235717773438,332.0286865234375,357.8453369140625,326.0936641693115
68,5084,271,0,car,0.9266451597213744,1025.5013427734375,3.696035385131836,1381.232177734375,321.5240478515625,1203.3667602539062,321.5240478515625,355.7308349609375,317.82801246643066
68,5085,271,0,car,0.9255095720291138,1021.5707397460938,1.3360884189605713,1374.745361328125,309.2093505859375,1198.1580505371094,309.2093505859375,353.17462158203125,307.87326216697693
68,5086,271,0,car,0.9241729378700256,1017.0263671875,0.0,1367.216796875,295.01934814453125,1192.12158203125,295.01934814453125,350.1904296875,295.01934814453125
68,5087,271,0,car,0.9230501651763916,1015.8333740234376,0.0,1360.239990234375,289.2308349609375,1188.0366821289062,289.2308349609375,344.4066162109375,289.2308349609375
68,5088,271,0,car,0.92015540599823,1012.0558471679688,0.0,1356.4361572265625,277.4505920410156,1184.2460021972656,277.4505920410156,344.3803100585937,277.4505920410156
68,5089,271,0,car,0.9238086938858032,1009.10595703125,0.0,1351.2978515625,270.45782470703125,1180.201904296875,270.45782470703125,342.19189453125,270.45782470703125
68,5090,271,0,car,0.9225709438323976,1005.0802612304688,0.0,1346.6160888671875,263.410400390625,1175.848175048828,263.410400390625,341.53582763671875,263.410400390625
68,5091,271,0,car,0.9119737148284912,1001.19580078125,0.0,1340.479248046875,255.46929931640625,1170.8375244140625,255.46929931640625,339.283447265625,255.46929931640625
68,5092,271,0,car,0.915132224559784,997.7094116210938,0.0,1333.2391357421875,246.60513305664065,1165.4742736816406,246.60513305664065,335.5297241210937,246.60513305664065
68,5093,271,0,car,0.9207347631454468,996.3522338867188,0.0,1326.1539306640625,238.0790557861328,1161.2530822753906,238.0790557861328,329.8016967773437,238.0790557861328
68,5094,271,0,car,0.9106470942497252,993.5068359375,0.1123065128922462,1319.7791748046875,230.10324096679688,1156.6430053710938,230.10324096679688,326.2723388671875,229.99093445390463
68,5095,271,0,car,0.906542956829071,992.1572265625,0.0834375545382499,1313.72802734375,225.44549560546875,1152.942626953125,225.44549560546875,321.57080078125,225.3620580509305
68,5096,271,0,car,0.904631495475769,988.0120239257812,0.3053384721279144,1308.3702392578125,218.85470581054688,1148.1911315917969,218.85470581054688,320.35821533203125,218.54936733841896
68,5097,271,0,car,0.9076409339904784,987.047607421875,0.3156397342681885,1300.9427490234375,211.6166229248047,1143.9951782226562,211.6166229248047,313.8951416015625,211.3009831905365
68,5098,271,0,car,0.9117727279663086,987.0842895507812,0.8200130462646484,1294.3221435546875,199.2505645751953,1140.7032165527344,199.2505645751953,307.23785400390625,198.43055152893064
68,5099,271,0,car,0.9054216146469116,983.4464721679688,1.6182941198349,1288.0377197265625,188.22537231445312,1135.7420959472656,188.22537231445312,304.5912475585937,186.60707819461825
68,5100,271,0,car,0.9149770140647888,987.0313110351562,2.223419189453125,1282.187255859375,180.5404663085937,1134.6092834472656,180.5404663085937,295.15594482421875,178.31704711914062
68,5101,271,0,car,0.9111377000808716,986.8027954101562,2.3512392044067383,1276.1956787109375,173.1804656982422,1131.4992370605469,173.1804656982422,289.39288330078125,170.82922649383545
68,5102,271,0,car,0.9026170372962952,982.0679931640624,2.8284478187561035,1270.671875,163.64791870117188,1126.3699340820312,163.64791870117188,288.6038818359375,160.81947088241577
68,5103,271,0,car,0.8979965448379517,979.1829833984376,2.3891217708587646,1266.489501953125,156.08636474609375,1122.8362426757812,156.08636474609375,287.3065185546875,153.697242975235
68,5104,271,0,car,0.9074500203132628,977.4979248046876,1.7493255138397217,1262.355712890625,148.7496337890625,1119.9268188476562,148.7496337890625,284.8577880859375,147.00030827522278
68,5105,271,0,car,0.9083812236785888,977.6702880859376,1.898986458778381,1258.69287109375,140.0211181640625,1118.1815795898438,140.0211181640625,281.0225830078125,138.12213170528412
68,5106,271,0,car,0.8968799710273743,978.7286376953124,1.4032301902770996,1253.79296875,130.8704833984375,1116.2608032226562,130.8704833984375,275.0643310546875,129.4672532081604
68,5107,271,0,car,0.8932458162307739,980.34814453125,1.3010611534118652,1247.952880859375,122.17576599121094,1114.1505126953125,122.17576599121094,267.604736328125,120.87470483779909
68,5108,271,0,car,0.8922833204269409,982.480224609375,1.0767313241958618,1243.8006591796875,111.21954345703124,1113.1404418945312,111.21954345703124,261.3204345703125,110.1428121328354
68,5109,271,0,car,0.8887993097305298,983.0393676757812,1.814078569412232,1237.5186767578125,100.81290435791016,1110.2790222167969,100.81290435791016,254.47930908203125,98.99882578849792
68,5110,271,0,car,0.8779251575469971,983.367431640625,2.4651150703430176,1232.3511962890625,93.6926498413086,1107.8593139648438,93.6926498413086,248.9837646484375,91.22753477096558
68,5111,271,0,car,0.8602848052978516,983.3011474609376,2.356908082962036,1227.65185546875,86.79100799560547,1105.4765014648438,86.79100799560547,244.3507080078125,84.43409991264343
68,5112,271,0,car,0.8543146848678589,983.012451171875,1.832775592803955,1221.4407958984375,77.25934600830078,1102.2266235351562,77.25934600830078,238.4283447265625,75.42657041549683
68,5113,271,0,car,0.8408864736557007,982.0781860351562,1.1738895177841189,1214.9794921875,66.66580963134766,1098.528839111328,66.66580963134766,232.9013061523437,65.49192011356354
68,5114,271,0,car,0.8276937007904053,981.5243530273438,0.4003908038139343,1209.7491455078125,57.36832427978516,1095.636749267578,57.36832427978516,228.22479248046875,56.96793347597122
68,5115,271,0,car,0.803513765335083,980.15771484375,0.045252937823534,1203.1156005859375,50.12934112548828,1091.6366577148438,50.12934112548828,222.9578857421875,50.08408818766475
69,5041,306,0,car,0.9381760358810424,613.5030517578125,466.8183288574219,1069.519775390625,1059.026123046875,841.5114135742188,1059.026123046875,456.0167236328125,592.2077941894531
69,5042,306,0,car,0.9185145497322084,615.065673828125,450.13482666015625,1062.24951171875,1020.6751098632812,838.6575927734375,1020.6751098632812,447.183837890625,570.540283203125
69,5043,306,0,car,0.8452616333961487,616.4823608398438,435.2987976074219,1054.18603515625,980.1146240234376,835.3341979980469,980.1146240234376,437.7036743164063,544.8158264160156
69,5044,306,0,car,0.9145291447639464,619.3081665039062,422.22943115234375,1046.98388671875,959.1249389648438,833.1460266113281,959.1249389648438,427.67572021484375,536.8955078125
69,5045,306,0,car,0.8869049549102783,620.9928588867188,408.5826110839844,1041.8006591796875,918.6922607421876,831.3967590332031,918.6922607421876,420.8078002929688,510.1096496582031
69,5046,306,0,car,0.931343674659729,623.4360961914062,393.3233947753906,1037.582275390625,894.4649658203125,830.5091857910156,894.4649658203125,414.1461791992188,501.1415710449219
69,5047,306,0,car,0.928317368030548,629.8836669921875,378.8449401855469,1032.12939453125,868.5383911132812,831.0065307617188,868.5383911132812,402.2457275390625,489.6934509277344
69,5048,306,0,car,0.9353820085525512,632.504638671875,366.2977294921875,1028.8388671875,852.9757690429688,830.6717529296875,852.9757690429688,396.334228515625,486.6780395507813
69,5049,306,0,car,0.9174597859382628,633.00244140625,452.7906494140625,1024.208740234375,816.6198120117188,828.6055908203125,816.6198120117188,391.206298828125,363.82916259765625
69,5050,306,0,car,0.9225310683250428,634.6549072265625,372.21728515625,1016.9744873046876,786.4305419921875,825.814697265625,786.4305419921875,382.319580078125,414.2132568359375
69,5051,306,0,car,0.9377159476280212,636.1134643554688,339.8597106933594,1012.6610107421876,766.5037841796875,824.3872375488281,766.5037841796875,376.5475463867188,426.6440734863281
69,5052,306,0,car,0.9276728630065918,637.8499755859375,316.0229187011719,1010.133544921875,756.8677978515625,823.9917602539062,756.8677978515625,372.2835693359375,440.8448791503906
69,5053,306,0,car,0.9311676621437072,639.59912109375,295.6634826660156,1006.4161987304688,733.529296875,823.0076599121094,733.529296875,366.8170776367188,437.8658142089844
69,5054,306,0,car,0.9348471760749816,641.252685546875,285.0374450683594,1001.5137939453124,715.4871826171875,821.3832397460938,715.4871826171875,360.2611083984375,430.4497375488281
69,5055,306,0,car,0.9244719743728638,641.8801879882812,274.1720275878906,1001.4945678710938,688.466796875,821.6873779296875,688.466796875,359.6143798828125,414.2947692871094
69,5056,306,0,car,0.9347037076950072,644.407470703125,265.47735595703125,1000.1622924804688,674.6939697265625,822.2848815917969,674.6939697265625,355.7548217773437,409.2166137695313
69,5057,306,0,car,0.94241464138031,646.4971923828125,248.5556182861328,997.990478515625,657.8847045898438,822.2438354492188,657.8847045898438,351.4932861328125,409.3290863037109
69,5058,306,0,car,0.9230698943138124,648.6720581054688,238.0507354736328,995.7677612304688,640.7259521484375,822.2199096679688,640.7259521484375,347.095703125,402.6752166748047
69,5059,306,0,car,0.9382083415985109,650.9011840820312,227.37521362304688,993.8223876953124,618.20703125,822.3617858886719,618.20703125,342.92120361328125,390.8318176269531
69,5060,306,0,car,0.919991672039032,653.4727172851562,212.8269195556641,989.63134765625,602.0936279296875,821.5520324707031,602.0936279296875,336.1586303710937,389.2667083740234
69,5061,306,0,car,0.9360078573226928,656.0884399414062,201.9956512451172,986.26806640625,582.1405029296875,821.1782531738281,582.1405029296875,330.1796264648437,380.1448516845703
69,5062,306,0,car,0.9271103739738464,656.6527709960938,186.54052734375,981.5408935546876,561.8274536132812,819.0968322753906,561.8274536132812,324.8881225585937,375.2869262695313
69,5063,306,0,car,0.9231637716293336,656.6202392578125,175.9416046142578,978.5884399414062,543.3531494140625,817.6043395996094,543.3531494140625,321.9682006835937,367.4115447998047
69,5064,306,0,car,0.9248754382133484,656.5303955078125,163.33004760742188,976.7877197265624,526.4398193359375,816.6590576171875,526.4398193359375,320.25732421875,363.1097717285156
69,5065,306,0,car,0.9307475686073304,655.6302490234375,151.8079071044922,973.1461791992188,508.2769165039063,814.3882141113281,508.2769165039063,317.51593017578125,356.46900939941406
69,5066,306,0,car,0.9278958439826964,657.7474365234375,137.6455535888672,973.3135375976562,492.7454528808594,815.5304870605469,492.7454528808594,315.56610107421875,355.0998992919922
69,5067,306,0,car,0.9317593574523926,656.0563354492188,125.67745208740234,970.8748168945312,475.5548095703125,813.465576171875,475.5548095703125,314.8184814453125,349.87735748291016
69,5068,306,0,car,0.9253673553466796,660.1841430664062,116.71418762207033,968.4317626953124,458.8318481445313,814.3079528808594,458.8318481445313,308.24761962890625,342.11766052246094
69,5069,306,0,car,0.9303559064865112,661.30615234375,108.64948272705078,965.2756958007812,444.4593200683594,813.2909240722656,444.4593200683594,303.96954345703125,335.8098373413086
69,5070,306,0,car,0.9330736994743348,660.956298828125,98.22966766357422,960.4977416992188,429.3160400390625,810.7270202636719,429.3160400390625,299.5414428710937,331.0863723754883
69,5071,306,0,car,0.9265338778495787,663.6517333984375,89.70818328857422,957.640625,411.4983520507813,810.6461791992188,411.4983520507813,293.9888916015625,321.79016876220703
69,5072,306,0,car,0.925823211669922,663.89990234375,71.87566375732422,954.3617553710938,400.3745727539063,809.1308288574219,400.3745727539063,290.4618530273437,328.49890899658203
69,5073,306,0,car,0.9233132004737854,665.9302368164062,58.94649124145508,951.5907592773438,386.360107421875,808.760498046875,386.360107421875,285.6605224609375,327.4136161804199
69,5074,306,0,car,0.9267820119857788,667.763916015625,54.51443862915039,949.2903442382812,373.8019104003906,808.5271301269531,373.8019104003906,281.52642822265625,319.28747177124023
69,5075,306,0,car,0.9276230931282043,669.2822875976562,47.51580810546875,945.9902954101562,359.99615478515625,807.6362915039062,359.99615478515625,276.7080078125,312.4803466796875
69,5076,306,0,car,0.9242094159126282,670.2479248046875,38.0125617980957,943.3600463867188,349.21209716796875,806.8039855957031,349.21209716796875,273.11212158203125,311.19953536987305
69,5077,306,0,car,0.9235439896583556,666.240478515625,17.651704788208008,939.621337890625,335.4188232421875,802.930908203125,335.4188232421875,273.380859375,317.7671184539795
69,5078,306,0,car,0.9248226881027222,667.5078735351562,8.132286071777344,938.0849609375,325.2384948730469,802.7964172363281,325.2384948730469,270.5770874023437,317.1062088012696
69,5079,306,0,car,0.9265264868736268,668.06005859375,6.058319568634033,935.0966796875,312.0328063964844,801.578369140625,312.0328063964844,267.03662109375,305.97448682785034
69,5080,306,0,car,0.9312763810157776,665.34619140625,5.968054294586182,931.1995239257812,298.0032958984375,798.2728576660156,298.0032958984375,265.85333251953125,292.0352416038513
69,5081,306,0,car,0.9320979118347168,666.3536987304688,3.734761953353882,927.8717041015624,283.9252319335937,797.1127014160156,283.9252319335937,261.5180053710937,280.19046998023987
69,5082,306,0,car,0.925581395626068,667.859619140625,1.2233285903930664,925.9224243164062,274.5483093261719,796.8910217285156,274.5483093261719,258.06280517578125,273.3249807357788
69,5083,306,0,car,0.9293504357337952,667.4181518554688,0.0,923.772705078125,268.0530700683594,795.5954284667969,268.0530700683594,256.35455322265625,268.0530700683594
69,5084,306,0,car,0.912038505077362,669.2866821289062,0.0340307280421257,922.4432373046876,254.94956970214844,795.8649597167969,254.94956970214844,253.15655517578125,254.9155389741063
69,5085,306,0,car,0.9215776324272156,668.4457397460938,0.0,919.1911010742188,242.68386840820312,793.8184204101562,242.68386840820312,250.745361328125,242.68386840820312
69,5086,306,0,car,0.9249401688575744,667.2538452148438,0.0,915.545166015625,233.62847900390625,791.3995056152344,233.62847900390625,248.29132080078125,233.62847900390625
69,5087,306,0,car,0.9295990467071532,667.3858032226562,0.0,913.3016357421876,223.5297241210937,790.3437194824219,223.5297241210937,245.91583251953125,223.5297241210937
69,5088,306,0,car,0.926916241645813,667.3172607421875,0.0,912.8765869140624,217.5583953857422,790.096923828125,217.5583953857422,245.559326171875,217.5583953857422
69,5089,306,0,car,0.9197635650634766,667.6395874023438,0.0,911.3626708984376,209.13995361328125,789.5011291503906,209.13995361328125,243.7230834960937,209.13995361328125
69,5090,306,0,car,0.9299128651618958,669.9031372070312,0.0,908.1558837890624,197.35543823242188,789.0295104980469,197.35543823242188,238.25274658203125,197.35543823242188
69,5091,306,0,car,0.9309151768684388,670.88623046875,0.0,905.5485229492188,184.5017547607422,788.2173767089844,184.5017547607422,234.66229248046875,184.5017547607422
69,5092,306,0,car,0.9293667078018188,671.1213989257812,0.0,903.6641845703124,172.4080810546875,787.3927917480469,172.4080810546875,232.54278564453125,172.4080810546875
69,5093,306,0,car,0.9289501905441284,671.4164428710938,0.7343147993087769,901.8121948242188,167.37158203125,786.6143188476562,167.37158203125,230.395751953125,166.63726723194122
69,5094,306,0,car,0.922222137451172,668.1389770507812,0.3469782173633575,900.9232788085938,158.7279052734375,784.5311279296875,158.7279052734375,232.7843017578125,158.38092705607414
69,5095,306,0,car,0.9132900238037108,665.9542236328125,0.3166074752807617,898.9205932617188,152.1679229736328,782.4374084472656,152.1679229736328,232.96636962890625,151.85131549835205
69,5096,306,0,car,0.9060805439949036,668.3392944335938,1.1714023351669312,897.2783813476562,144.27374267578125,782.808837890625,144.27374267578125,228.9390869140625,143.10234034061432
69,5097,306,0,car,0.8985480070114136,668.9727783203125,1.5729761123657229,893.7952880859375,133.0890350341797,781.384033203125,133.0890350341797,224.822509765625,131.51605892181396
69,5098,306,0,car,0.8998275399208069,670.3588256835938,1.6102781295776367,890.8656005859375,124.65523529052734,780.6122131347656,124.65523529052734,220.5067749023437,123.0449571609497
69,5099,306,0,car,0.9004090428352356,671.1321411132812,1.814002513885498,889.8489990234375,121.2930145263672,780.4905700683594,121.2930145263672,218.71685791015625,119.47901201248168
69,5100,306,0,car,0.9009333848953248,669.4761962890625,0.93134868144989,888.2196044921875,114.91333770751952,778.847900390625,114.91333770751952,218.743408203125,113.98198902606964
69,5101,306,0,car,0.8994207978248596,669.1929321289062,0.9432823061943054,885.884765625,107.28402709960938,777.5388488769531,107.28402709960938,216.6918334960937,106.34074479341508
69,5102,306,0,car,0.8919504880905151,671.3950805664062,0.4988880455493927,884.2918090820312,101.6462631225586,777.8434448242188,101.6462631225586,212.896728515625,101.1473750770092
69,5103,306,0,car,0.880720853805542,670.8958740234375,0.4519800245761871,885.4586791992188,92.46240234375,778.1772766113281,92.46240234375,214.56280517578125,92.0104223191738
69,5104,306,0,car,0.8304136395454407,671.9285888671875,0.0399497337639331,881.5254516601562,83.54345703125,776.7270202636719,83.54345703125,209.59686279296875,83.50350729748607
71,5111,313,0,car,0.9351294040679932,1319.8756103515625,430.0917663574219,1920.0,1037.6871337890625,1619.9378051757812,1037.6871337890625,600.1243896484375,607.5953674316406
71,5112,313,0,car,0.9288804531097412,1311.71923828125,414.6115417480469,1920.0,1004.16064453125,1615.859619140625,1004.16064453125,608.28076171875,589.5491027832031
71,5113,313,0,car,0.9353979825973512,1304.834228515625,400.560546875,1920.0,975.37890625,1612.4171142578125,975.37890625,615.165771484375,574.818359375
71,5114,313,0,car,0.9344220757484436,1298.4775390625,384.0275268554688,1920.0,950.0025024414062,1609.23876953125,950.0025024414062,621.5224609375,565.9749755859375
71,5115,313,0,car,0.9327475428581238,1285.6610107421875,371.6971740722656,1913.5120849609373,925.1102905273438,1599.5865478515625,925.1102905273438,627.85107421875,553.4131164550781
71,5116,313,0,car,0.935325801372528,1280.54638671875,359.7065124511719,1900.99169921875,897.9112548828125,1590.76904296875,897.9112548828125,620.4453125,538.2047424316406
71,5117,313,0,car,0.937810719013214,1273.3189697265625,347.2187194824219,1884.8394775390625,873.7183837890625,1579.0792236328125,873.7183837890625,611.5205078125,526.4996643066406
71,5118,313,0,car,0.9319716691970824,1266.6893310546875,333.8309631347656,1868.3309326171875,854.5865478515625,1567.5101318359375,854.5865478515625,601.6416015625,520.7555847167969
71,5119,313,0,car,0.932381272315979,1263.276611328125,319.55157470703125,1852.2889404296875,832.8381958007812,1557.7827758789062,832.8381958007812,589.0123291015625,513.28662109375
71,5120,313,0,car,0.933573603630066,1257.11279296875,305.1232604980469,1836.17919921875,812.9634399414062,1546.64599609375,812.9634399414062,579.06640625,507.8401794433594
71,5121,313,0,car,0.9322649836540222,1247.2899169921875,286.5048522949219,1820.5146484375,791.9031372070312,1533.9022827148438,791.9031372070312,573.2247314453125,505.3982849121094
71,5122,313,0,car,0.9288960099220276,1244.705322265625,277.60986328125,1808.4521484375,775.9423217773438,1526.5787353515625,775.9423217773438,563.746826171875,498.33245849609375
71,5123,313,0,car,0.9327061772346495,1239.1314697265625,269.4673156738281,1791.5108642578125,759.8656005859375,1515.3211669921875,759.8656005859375,552.37939453125,490.3982849121094
71,5124,313,0,car,0.9368733167648317,1234.564697265625,262.4473876953125,1775.026611328125,739.3709106445312,1504.795654296875,739.3709106445312,540.4619140625,476.9235229492188
71,5125,313,0,car,0.9354779720306396,1230.1036376953125,250.80416870117188,1759.4127197265625,722.9291381835938,1494.7581787109375,722.9291381835938,529.30908203125,472.1249694824219
71,5126,313,0,car,0.9328893423080444,1224.952392578125,240.1341094970703,1746.8680419921875,705.4609375,1485.9102172851562,705.4609375,521.9156494140625,465.3268280029297
71,5127,313,0,car,0.9381935596466064,1223.0101318359375,229.8698272705078,1730.3807373046875,685.080078125,1476.6954345703125,685.080078125,507.37060546875,455.2102508544922
71,5128,313,0,car,0.9381933212280272,1219.3489990234375,216.9408416748047,1718.91455078125,666.6293334960938,1469.1317749023438,666.6293334960938,499.5655517578125,449.68849182128906
71,5129,313,0,car,0.9396501183509828,1213.07470703125,206.0181121826172,1708.1455078125,650.9539794921875,1460.610107421875,650.9539794921875,495.07080078125,444.9358673095703
71,5130,313,0,car,0.9409821033477784,1206.6181640625,197.45103454589844,1697.2471923828125,635.450439453125,1451.9326782226562,635.450439453125,490.6290283203125,437.99940490722656
71,5131,313,0,car,0.9409897923469543,1199.0347900390625,187.4702911376953,1685.5670166015625,619.672607421875,1442.3009033203125,619.672607421875,486.5322265625,432.2023162841797
71,5132,313,0,car,0.944105863571167,1191.7706298828125,178.1115264892578,1670.714599609375,603.075927734375,1431.2426147460938,603.075927734375,478.9439697265625,424.9644012451172
71,5133,313,0,car,0.937760591506958,1187.1357421875,168.97181701660156,1658.3065185546875,586.0084838867188,1422.7211303710938,586.0084838867188,471.1707763671875,417.0366668701172
71,5134,313,0,car,0.9337928891181946,1184.381103515625,158.4969024658203,1648.4044189453125,570.3215942382812,1416.3927612304688,570.3215942382812,464.0233154296875,411.82469177246094
71,5135,313,0,car,0.9336854219436646,1176.856689453125,149.8767852783203,1638.2574462890625,558.2926025390625,1407.5570678710938,558.2926025390625,461.4007568359375,408.4158172607422
71,5136,313,0,car,0.9354346990585328,1171.9951171875,141.4840087890625,1627.8883056640625,544.2159423828125,1399.9417114257812,544.2159423828125,455.8931884765625,402.73193359375
71,5137,313,0,car,0.9355153441429138,1168.0947265625,133.0963592529297,1618.4820556640625,533.3057861328125,1393.2883911132812,533.3057861328125,450.3873291015625,400.2094268798828
71,5138,313,0,car,0.9400896430015564,1164.4437255859375,122.43528747558594,1609.5224609375,519.7320556640625,1386.9830932617188,519.7320556640625,445.0787353515625,397.29676818847656
71,5139,313,0,car,0.937946319580078,1159.9342041015625,112.78012084960938,1599.62744140625,503.5135803222656,1379.7808227539062,503.5135803222656,439.6932373046875,390.73345947265625
71,5140,313,0,car,0.9390751719474792,1155.240478515625,102.06591033935548,1587.6494140625,487.6275329589844,1371.4449462890625,487.6275329589844,432.408935546875,385.5616226196289
71,5141,313,0,car,0.9249188303947448,1149.7706298828125,92.69305419921876,1574.448486328125,474.8341979980469,1362.1095581054688,474.8341979980469,424.6778564453125,382.1411437988281
71,5142,313,0,car,0.9236948490142822,1145.558349609375,83.90135955810547,1561.6727294921875,462.7341003417969,1353.6155395507812,462.7341003417969,416.1143798828125,378.8327407836914
71,5143,313,0,car,0.9244133234024048,1140.4959716796875,76.47660064697266,1552.0517578125,448.8915710449219,1346.2738647460938,448.8915710449219,411.5557861328125,372.4149703979492
71,5144,313,0,car,0.9349648952484132,1136.4483642578125,70.686767578125,1543.2696533203125,439.8883666992188,1339.8590087890625,439.8883666992188,406.8212890625,369.20159912109375
71,5145,313,0,car,0.948720633983612,1131.4395751953125,60.5987434387207,1533.241943359375,428.3739318847656,1332.3407592773438,428.3739318847656,401.8023681640625,367.7751884460449
71,5146,313,0,car,0.941711723804474,1127.2938232421875,50.88071060180664,1524.385986328125,414.2021179199219,1325.8399047851562,414.2021179199219,397.0921630859375,363.3214073181152
71,5147,313,0,car,0.9169249534606934,1124.0615234375,41.36935806274414,1515.250244140625,402.0460815429688,1319.6558837890625,402.0460815429688,391.188720703125,360.6767234802246
71,5148,313,0,car,0.9235292077064514,1119.2562255859375,33.81621170043945,1506.700439453125,390.3381958007813,1312.9783325195312,390.3381958007813,387.4442138671875,356.5219841003418
71,5149,313,0,car,0.9326027631759644,1115.286865234375,24.83089256286621,1499.4461669921875,379.6875,1307.3665161132812,379.6875,384.1593017578125,354.8566074371338
71,5150,313,0,car,0.9196025729179382,1108.7664794921875,15.372151374816896,1491.23974609375,366.97113037109375,1300.0031127929688,366.97113037109375,382.4732666015625,351.59897899627686
71,5151,313,0,car,0.926761031150818,1103.348388671875,8.01949405670166,1482.787841796875,354.7676696777344,1293.068115234375,354.7676696777344,379.439453125,346.7481756210327
71,5152,313,0,car,0.9260185956954956,1098.443359375,0.7209193706512451,1473.9808349609375,341.49908447265625,1286.2120971679688,341.49908447265625,375.5374755859375,340.778165102005
71,5153,313,0,car,0.9292635321617126,1093.9739990234375,0.0,1466.49169921875,329.208740234375,1280.2328491210938,329.208740234375,372.5177001953125,329.208740234375
71,5154,313,0,car,0.9309526681900024,1093.581787109375,0.0,1455.87841796875,312.0779113769531,1274.7301025390625,312.0779113769531,362.296630859375,312.0779113769531
71,5155,313,0,car,0.9284750819206238,1088.6326904296875,0.0,1446.7381591796875,302.3027038574219,1267.6854248046875,302.3027038574219,358.10546875,302.3027038574219
71,5156,313,0,car,0.919391393661499,1083.2635498046875,0.0,1439.6787109375,290.2569274902344,1261.4711303710938,290.2569274902344,356.4151611328125,290.2569274902344
71,5157,313,0,car,0.9218114018440248,1077.6533203125,0.0,1430.7254638671875,279.5611267089844,1254.1893920898438,279.5611267089844,353.0721435546875,279.5611267089844
71,5158,313,0,car,0.9232944250106812,1074.5908203125,0.0,1422.4727783203125,270.0162658691406,1248.5317993164062,270.0162658691406,347.8819580078125,270.0162658691406
71,5159,313,0,car,0.9258949160575868,1072.346435546875,0.0,1413.548828125,261.3793640136719,1242.9476318359375,261.3793640136719,341.202392578125,261.3793640136719
71,5160,313,0,car,0.9292725324630736,1070.6689453125,0.0,1405.4884033203125,251.4379272460937,1238.0786743164062,251.4379272460937,334.8194580078125,251.4379272460937
71,5161,313,0,car,0.9247550964355468,1064.837646484375,0.0,1398.9188232421875,241.92979431152344,1231.8782348632812,241.92979431152344,334.0811767578125,241.92979431152344
71,5162,313,0,car,0.920232355594635,1060.7919921875,0.0,1389.9169921875,232.4225616455078,1225.3544921875,232.4225616455078,329.125,232.4225616455078
71,5163,313,0,car,0.9175999760627748,1057.840576171875,1.4565390348434448,1381.72998046875,220.87124633789065,1219.7852783203125,220.87124633789065,323.889404296875,219.4147073030472
71,5164,313,0,car,0.9179030656814576,1054.881591796875,1.406792163848877,1372.9283447265625,211.4800567626953,1213.9049682617188,211.4800567626953,318.0467529296875,210.07326459884644
71,5165,313,0,car,0.9195852875709534,1050.644775390625,1.7228045463562012,1363.80078125,201.42539978027344,1207.2227783203125,201.42539978027344,313.156005859375,199.70259523391724
71,5166,313,0,car,0.9215651154518129,1048.3353271484375,1.553935170173645,1356.51318359375,191.38104248046875,1202.4242553710938,191.38104248046875,308.1778564453125,189.8271073102951
71,5167,313,0,car,0.9188450574874878,1045.8377685546875,1.73427414894104,1349.4560546875,180.97222900390625,1197.6469116210938,180.97222900390625,303.6182861328125,179.2379548549652
71,5168,313,0,car,0.916004478931427,1043.022216796875,1.4967750310897827,1342.8895263671875,168.76171875,1192.9558715820312,168.76171875,299.8673095703125,167.26494371891022
71,5169,313,0,car,0.9128024578094482,1039.8931884765625,1.7311009168624878,1335.5089111328125,158.49598693847656,1187.7010498046875,158.49598693847656,295.61572265625,156.76488602161407
71,5170,313,0,car,0.8994353413581848,1037.7742919921875,1.982371091842652,1329.0198974609375,150.58346557617188,1183.3970947265625,150.58346557617188,291.24560546875,148.60109448432922
71,5171,313,0,car,0.9117652773857116,1034.339599609375,1.7249010801315308,1322.3873291015625,143.052001953125,1178.3634643554688,143.052001953125,288.0477294921875,141.32710087299347
71,5172,313,0,car,0.8962959051132202,1030.7239990234375,1.7603152990341189,1315.326904296875,131.55227661132812,1173.0254516601562,131.55227661132812,284.6029052734375,129.791961312294
71,5173,313,0,car,0.8998892903327942,1028.8223876953125,2.2536981105804443,1310.1009521484375,119.45476531982422,1169.461669921875,119.45476531982422,281.278564453125,117.20106720924376
71,5174,313,0,car,0.8976650238037109,1029.846923828125,1.688732028007507,1302.6231689453125,109.11219787597656,1166.2350463867188,109.11219787597656,272.7762451171875,107.42346584796906
71,5175,313,0,car,0.8860433101654053,1029.9967041015625,1.3829888105392456,1295.3233642578125,101.66934967041016,1162.6600341796875,101.66934967041016,265.32666015625,100.28636085987092
71,5176,313,0,car,0.8854246735572815,1033.110107421875,2.7692270278930664,1288.84765625,93.73751068115234,1160.9788818359375,93.73751068115234,255.737548828125,90.96828365325928
71,5177,313,0,car,0.8767518997192383,1032.5225830078125,3.5107388496398926,1281.7943115234375,83.93359375,1157.158447265625,83.93359375,249.271728515625,80.42285490036011
71,5178,313,0,car,0.8778783679008484,1033.159912109375,3.451361656188965,1275.187255859375,72.75875091552734,1154.173583984375,72.75875091552734,242.02734375,69.30738925933838
71,5179,313,0,car,0.8680112361907959,1033.5413818359375,2.56796669960022,1269.107666015625,63.3509407043457,1151.3245239257812,63.3509407043457,235.5662841796875,60.78297400474548
71,5180,313,0,car,0.8606431484222412,1034.725830078125,1.1214407682418823,1263.291259765625,55.30748748779297,1149.008544921875,55.30748748779297,228.5654296875,54.186046719551086
70,5101,314,0,car,0.9441254138946532,617.7858276367188,433.896728515625,1059.0498046875,1051.157958984375,838.4178161621094,1051.157958984375,441.2639770507813,617.26123046875
70,5102,314,0,car,0.9457736015319824,615.0082397460938,419.4659729003906,1055.4178466796875,1018.0281982421876,835.2130432128906,1018.0281982421876,440.40960693359375,598.5622253417969
70,5103,314,0,car,0.9445879459381104,619.6923217773438,404.1263122558594,1050.1162109375,983.9454956054688,834.9042663574219,983.9454956054688,430.42388916015625,579.8191833496094
70,5104,314,0,car,0.9455776810646056,621.5811157226562,389.11859130859375,1041.98828125,954.1927490234376,831.7846984863281,954.1927490234376,420.40716552734375,565.0741577148438
70,5105,314,0,car,0.9409359693527222,623.5510864257812,373.5510559082031,1034.9105224609375,925.083984375,829.2308044433594,925.083984375,411.35943603515625,551.5329284667969
70,5106,314,0,car,0.9389116168022156,620.8046875,361.888427734375,1029.7589111328125,893.9027099609375,825.2817993164062,893.9027099609375,408.9542236328125,532.0142822265625
70,5107,314,0,car,0.9363541007041932,622.3319091796875,347.8428039550781,1022.2589721679688,867.8239135742188,822.2954406738281,867.8239135742188,399.9270629882813,519.9811096191406
70,5108,314,0,car,0.9352111220359802,627.6446533203125,335.13250732421875,1017.5234985351562,843.4763793945312,822.5840759277344,843.4763793945312,389.87884521484375,508.3438720703125
70,5109,314,0,car,0.9337313771247864,628.787841796875,322.986572265625,1013.9560546875,820.9838256835938,821.3719482421875,820.9838256835938,385.168212890625,497.9972534179688
70,5110,314,0,car,0.9157366156578064,629.595458984375,307.1914367675781,1007.8529663085938,792.7488403320312,818.7242126464844,792.7488403320312,378.2575073242188,485.5574035644531
70,5111,314,0,car,0.9184122681617736,628.8248901367188,294.85009765625,1002.7897338867188,767.2673950195312,815.8073120117188,767.2673950195312,373.96484375,472.4172973632813
70,5112,314,0,car,0.9230559468269348,628.8380126953125,280.9520263671875,995.8922729492188,745.3502807617188,812.3651428222656,745.3502807617188,367.0542602539063,464.3982543945313
70,5113,314,0,car,0.9249414801597596,629.1949462890625,271.6537170410156,991.9598388671876,724.6898193359375,810.577392578125,724.6898193359375,362.764892578125,453.0361022949219
70,5114,314,0,car,0.9281522035598756,626.7205200195312,257.9732666015625,987.0985717773438,704.5177001953125,806.9095458984375,704.5177001953125,360.3780517578125,446.54443359375
70,5115,314,0,car,0.925369918346405,629.5670166015625,243.78790283203125,983.9215087890624,678.881591796875,806.7442626953125,678.881591796875,354.3544921875,435.09368896484375
70,5116,314,0,car,0.922651708126068,632.0464477539062,230.6475982666016,979.0099487304688,661.3511962890625,805.5281982421875,661.3511962890625,346.9635009765625,430.70359802246094
70,5117,314,0,car,0.9233493208885192,630.6422729492188,218.61582946777344,975.7307739257812,641.195556640625,803.1865234375,641.195556640625,345.0885009765625,422.5797271728516
70,5118,314,0,car,0.9290567636489868,626.638671875,206.37823486328125,969.7508544921876,627.444580078125,798.1947631835938,627.444580078125,343.1121826171875,421.06634521484375
70,5119,314,0,car,0.93875390291214,623.2542724609375,197.0846710205078,966.5701293945312,607.3543090820312,794.9122009277344,607.3543090820312,343.3158569335937,410.2696380615234
70,5120,314,0,car,0.9214987754821776,625.5049438476562,184.7379913330078,965.4970703125,586.7051391601562,795.5010070800781,586.7051391601562,339.9921264648437,401.9671478271485
70,5121,314,0,car,0.9388151168823242,627.4284057617188,171.29037475585938,962.2749633789062,567.105224609375,794.8516845703125,567.105224609375,334.8465576171875,395.8148498535156
70,5122,314,0,car,0.9386693239212036,629.56982421875,160.3419952392578,958.231689453125,550.148193359375,793.9007568359375,550.148193359375,328.661865234375,389.8061981201172
70,5123,314,0,car,0.930051326751709,631.3428344726562,151.48672485351562,955.4739379882812,534.5042114257812,793.4083862304688,534.5042114257812,324.131103515625,383.0174865722656
70,5124,314,0,car,0.9275109767913818,633.7030639648438,140.87200927734375,952.37646484375,517.6731567382812,793.0397644042969,517.6731567382812,318.67340087890625,376.8011474609375
70,5125,314,0,car,0.9229274988174438,632.489990234375,131.01776123046875,949.7894287109376,500.58740234375,791.1397094726562,500.58740234375,317.2994384765625,369.5696411132813
70,5126,314,0,car,0.9166277050971984,633.5048217773438,121.29653930664062,946.5568237304688,480.7190856933594,790.0308227539062,480.7190856933594,313.052001953125,359.42254638671875
70,5127,314,0,car,0.9244992733001708,633.9525756835938,114.6561050415039,942.50048828125,464.451416015625,788.2265319824219,464.451416015625,308.54791259765625,349.7953109741211
70,5128,314,0,car,0.9153079390525818,635.4434814453125,105.3463897705078,940.5199584960938,449.6234436035156,787.9817199707031,449.6234436035156,305.07647705078125,344.2770538330078
70,5129,314,0,car,0.9237239956855774,635.7854614257812,97.15937042236328,937.8302612304688,432.4243774414063,786.807861328125,432.4243774414063,302.0447998046875,335.26500701904297
70,5130,314,0,car,0.9182127714157104,634.2147827148438,83.9961166381836,933.2681274414062,416.8053894042969,783.741455078125,416.8053894042969,299.0533447265625,332.8092727661133
70,5131,314,0,car,0.9154979586601256,638.3718872070312,71.61290740966797,928.8358764648438,400.3365478515625,783.6038818359375,400.3365478515625,290.4639892578125,328.72364044189453
70,5132,314,0,car,0.9192359447479248,638.7615356445312,64.17431640625,926.0593872070312,383.1033325195313,782.4104614257812,383.1033325195313,287.2978515625,318.92901611328125
70,5133,314,0,car,0.9301756620407104,638.9982299804688,49.94157791137695,923.408203125,368.4164123535156,781.2032165527344,368.4164123535156,284.40997314453125,318.4748344421387
70,5134,314,0,car,0.923791527748108,638.6979370117188,38.507999420166016,921.1553955078124,355.3308410644531,779.9266662597656,355.3308410644531,282.4574584960937,316.8228416442871
70,5135,314,0,car,0.9241830706596376,639.4349365234375,31.284912109375,917.1425170898438,339.9640197753906,778.2887268066406,339.9640197753906,277.70758056640625,308.6791076660156
70,5136,314,0,car,0.9236984252929688,637.4191284179688,23.28268051147461,914.3196411132812,325.625732421875,775.869384765625,325.625732421875,276.9005126953125,302.3430519104004
70,5137,314,0,car,0.9266045093536376,638.3932495117188,13.384946823120115,910.60693359375,310.3558044433594,774.5000915527344,310.3558044433594,272.21368408203125,296.97085762023926
70,5138,314,0,car,0.9274699091911316,635.7947998046875,6.065134048461914,908.3231201171876,303.0451965332031,772.0589599609375,303.0451965332031,272.5283203125,296.9800624847412
70,5139,314,0,car,0.923680305480957,636.5986938476562,4.249145984649658,903.7809448242188,289.9547424316406,770.1898193359375,289.9547424316406,267.1822509765625,285.70559644699097
70,5140,314,0,car,0.9242881536483764,637.7376708984375,1.1196752786636353,900.8780517578124,278.14947509765625,769.307861328125,278.14947509765625,263.140380859375,277.0297998189926
70,5141,314,0,car,0.924701690673828,637.5980834960938,0.0,898.1366577148438,266.7422180175781,767.8673706054688,266.7422180175781,260.53857421875,266.7422180175781
70,5142,314,0,car,0.9190497994422911,638.3729248046875,0.0,895.0114135742188,254.50469970703125,766.6921691894531,254.50469970703125,256.63848876953125,254.50469970703125
70,5143,314,0,car,0.918992817401886,639.8643188476562,0.0,892.1347045898438,240.8053131103516,765.99951171875,240.8053131103516,252.2703857421875,240.8053131103516
70,5144,314,0,car,0.9176073670387268,641.6365966796875,0.0,889.7799682617188,228.60324096679688,765.7082824707031,228.60324096679688,248.14337158203125,228.60324096679688
70,5145,314,0,car,0.9213314056396484,641.8270263671875,0.0,888.0953979492188,217.1670379638672,764.9612121582031,217.1670379638672,246.26837158203125,217.1670379638672
70,5146,314,0,car,0.917247712612152,641.1783447265625,0.0,883.7557373046875,205.49969482421875,762.467041015625,205.49969482421875,242.577392578125,205.49969482421875
70,5147,314,0,car,0.9258790016174316,641.393798828125,0.0,881.32373046875,192.9784698486328,761.3587646484375,192.9784698486328,239.929931640625,192.9784698486328
70,5148,314,0,car,0.9179140329360962,641.4534912109375,0.0,878.6668090820312,179.3505401611328,760.0601501464844,179.3505401611328,237.2133178710937,179.3505401611328
70,5149,314,0,car,0.9188314080238342,641.0899047851562,0.6210474371910095,876.9663696289062,166.38734436035156,759.0281372070312,166.38734436035156,235.87646484375,165.76629692316055
70,5150,314,0,car,0.910431742668152,639.7719116210938,0.379258781671524,874.4987182617188,156.06460571289062,757.1353149414062,156.06460571289062,234.726806640625,155.6853469312191
70,5151,314,0,car,0.8988393545150757,639.6213989257812,0.4453651905059814,873.9916381835938,146.7690887451172,756.8065185546875,146.7690887451172,234.3702392578125,146.3237235546112
70,5152,314,0,car,0.9014386534690856,640.4343872070312,0.0,870.5906372070312,137.39141845703125,755.5125122070312,137.39141845703125,230.15625,137.39141845703125
70,5153,314,0,car,0.8981792330741882,639.4954833984375,0.0,867.2687377929688,127.51239013671876,753.3821105957031,127.51239013671876,227.77325439453125,127.51239013671876
70,5154,314,0,car,0.8942755460739136,639.0597534179688,0.0,863.0380249023438,114.79889678955078,751.0488891601562,114.79889678955078,223.978271484375,114.79889678955078
70,5155,314,0,car,0.8837000131607056,639.885498046875,1.3385255336761477,858.8491821289062,105.61416625976562,749.3673400878906,105.61416625976562,218.96368408203125,104.27564072608948
70,5156,314,0,car,0.877942681312561,641.2911987304688,2.351414203643799,859.3535766601562,97.51590728759766,750.3223876953125,97.51590728759766,218.0623779296875,95.16449308395386
70,5157,314,0,car,0.901692807674408,642.1900024414062,1.4381418228149414,859.7418212890625,86.24239349365234,750.9659118652344,86.24239349365234,217.55181884765625,84.8042516708374
70,5158,314,0,car,0.8696718811988831,643.1509399414062,2.3449552059173584,855.8111572265625,74.22573852539062,749.4810485839844,74.22573852539062,212.66021728515625,71.88078331947327
70,5159,314,0,car,0.8589768409729004,643.704345703125,1.9829912185668943,853.0521850585938,65.88206481933594,748.3782653808594,65.88206481933594,209.34783935546875,63.89907360076904
70,5160,314,0,car,0.8460612297058105,644.260009765625,1.7004623413085938,850.873779296875,59.62942123413086,747.56689453125,59.62942123413086,206.61376953125,57.928958892822266
70,5161,314,0,car,0.824249267578125,644.4285888671875,1.5322446823120115,849.2899169921875,53.89802551269531,746.8592529296875,53.89802551269531,204.861328125,52.3657808303833
72,5112,315,0,car,0.9463769793510436,0.0,493.6409301757813,405.3628845214844,1053.472900390625,202.6814422607422,1053.472900390625,405.3628845214844,559.8319702148438
72,5113,315,0,car,0.9479702711105348,0.0,481.8737487792969,408.4127197265625,1040.42431640625,204.20635986328125,1040.42431640625,408.4127197265625,558.5505676269531
72,5114,315,0,car,0.9487760066986084,0.1076005473732948,466.6886901855469,411.466064453125,1017.9669799804688,205.78683250024915,1017.9669799804688,411.3584639057517,551.2782897949219
72,5115,315,0,car,0.9401786923408508,0.3836315274238586,455.8556518554688,415.8753662109375,986.651123046875,208.12949886918068,986.651123046875,415.4917346835136,530.7954711914062
72,5116,315,0,car,0.9302142858505248,0.5967235565185547,442.9870300292969,419.8237609863281,965.7162475585938,210.2102422714233,965.7162475585938,419.2270374298096,522.7292175292969
72,5117,315,0,car,0.9396862387657166,0.8385573029518127,432.593017578125,422.0356140136719,946.7149658203124,211.43708565831184,946.7149658203124,421.19705671072006,514.1219482421875
72,5118,315,0,car,0.9310224056243896,0.554704487323761,421.1614685058594,423.892822265625,925.2861328125,212.2237633764744,925.2861328125,423.3381177783013,504.1246643066406
72,5119,315,0,car,0.9440154433250428,0.1223581358790397,410.804443359375,426.9359130859375,898.5855712890625,213.52913561090827,898.5855712890625,426.81355495005846,487.7811279296875
72,5120,315,0,car,0.9310378432273864,0.0,398.4898681640625,430.5311584472656,878.9655151367188,215.2655792236328,878.9655151367188,430.5311584472656,480.47564697265625
72,5121,315,0,car,0.942216455936432,0.0447457693517208,388.31298828125,433.6077575683594,862.7868041992188,216.82625166885555,862.7868041992188,433.56301179900765,474.4738159179688
72,5122,315,0,car,0.9510639905929564,0.6302322745323181,371.6439514160156,437.4665222167969,846.2684326171875,219.0483772456646,846.2684326171875,436.83628994226456,474.6244812011719
72,5123,315,0,car,0.9436400532722472,1.2608394622802734,361.2003173828125,439.7651062011719,829.5660400390625,220.51297283172607,829.5660400390625,438.5042667388916,468.36572265625
72,5124,315,0,car,0.9444807767868042,1.495276689529419,350.2782592773437,441.5365905761719,813.25390625,221.51593363285065,813.25390625,440.04131388664246,462.97564697265625
72,5125,315,0,car,0.9535947442054749,2.455782175064087,334.6619567871094,444.8558044433594,787.9845581054688,223.65579330921173,787.9845581054688,442.4000222682953,453.3226013183594
72,5126,315,0,car,0.9353309273719788,3.298455715179444,324.0684814453125,448.4082336425781,769.8922729492188,225.8533446788788,769.8922729492188,445.1097779273987,445.8237915039063
72,5127,315,0,car,0.9379249215126038,5.560494899749756,316.1908264160156,450.0901489257813,753.661865234375,227.8253219127655,753.661865234375,444.5296540260315,437.4710388183594
72,5128,315,0,car,0.9398647546768188,7.601027011871338,306.9569396972656,452.1675720214844,736.8211059570312,229.88429951667783,736.8211059570312,444.566545009613,429.8641662597656
72,5129,315,0,car,0.9422527551651,11.540571212768556,298.5180969238281,454.3355712890625,716.371337890625,232.9380712509156,716.371337890625,442.795000076294,417.8532409667969
72,5130,315,0,car,0.9439282417297364,18.193675994873047,289.5869140625,455.9959106445313,696.5781860351562,237.0947933197021,696.5781860351562,437.8022346496582,406.99127197265625
72,5131,315,0,car,0.946675717830658,27.47931480407715,278.2729797363281,459.1242065429688,674.830810546875,243.3017606735229,674.830810546875,431.6448917388916,396.5578308105469
72,5132,315,0,car,0.946896493434906,35.075687408447266,268.02130126953125,461.0973815917969,661.4283447265625,248.08653450012207,661.4283447265625,426.0216941833496,393.4070434570313
72,5133,315,0,car,0.9366419911384584,43.8475227355957,258.0406494140625,462.6574401855469,645.4893188476562,253.2524814605713,645.4893188476562,418.8099174499512,387.44866943359375
72,5134,315,0,car,0.9344845414161682,52.254150390625,248.49334716796875,463.8888549804688,633.8676147460938,258.0715026855469,633.8676147460938,411.63470458984375,385.374267578125
72,5135,315,0,car,0.9427877068519592,62.75274658203125,238.6879425048828,465.50396728515625,623.9357299804688,264.1283569335937,623.9357299804688,402.751220703125,385.24778747558594
72,5136,315,0,car,0.9551351070404052,69.5179443359375,226.41964721679688,467.980224609375,604.9618530273438,268.74908447265625,604.9618530273438,398.4622802734375,378.5422058105469
72,5137,315,0,car,0.9516849517822266,75.3296127319336,218.16696166992188,471.1871337890625,587.445556640625,273.25837326049805,587.445556640625,395.8575210571289,369.2785949707031
72,5138,315,0,car,0.9449325203895568,82.18567657470703,208.4283905029297,473.5012817382813,572.4755859375,277.84347915649414,572.4755859375,391.3156051635742,364.0471954345703
72,5139,315,0,car,0.9033714532852172,89.25639343261719,199.80035400390625,475.78173828125,556.2786865234375,282.5190658569336,556.2786865234375,386.5253448486328,356.47833251953125
72,5140,315,0,car,0.9204940795898438,95.85528564453124,189.26763916015625,479.4799499511719,544.1350708007812,287.6676177978516,544.1350708007812,383.6246643066406,354.867431640625
72,5141,315,0,car,0.9190353155136108,103.05353546142578,177.0279083251953,482.53033447265625,528.7979125976562,292.791934967041,528.7979125976562,379.47679901123047,351.77000427246094
72,5142,315,0,car,0.9229693412780762,110.184814453125,167.9036407470703,484.5553283691406,516.5928344726562,297.3700714111328,516.5928344726562,374.3705139160156,348.68919372558594
72,5143,315,0,car,0.9249869585037231,117.02972412109376,156.95338439941406,485.87933349609375,498.0998840332031,301.4545288085937,498.0998840332031,368.849609375,341.14649963378906
72,5144,315,0,car,0.9128515124320984,123.90931701660156,149.254638671875,487.1556396484375,485.7747497558594,305.5324783325196,485.7747497558594,363.246322631836,336.5201110839844
72,5145,315,0,car,0.9144212603569032,131.14974975585938,138.8560333251953,489.2267150878906,471.2242431640625,310.188232421875,471.2242431640625,358.07696533203125,332.3682098388672
72,5146,315,0,car,0.90887713432312,139.08926391601562,127.13005065917967,489.6258544921875,455.0882873535156,314.3575592041016,455.0882873535156,350.5365905761719,327.95823669433594
72,5147,315,0,car,0.912959098815918,145.08038330078125,117.60086822509766,490.7183227539063,445.3188171386719,317.8993530273437,445.3188171386719,345.637939453125,327.7179489135742
72,5148,315,0,car,0.9146797060966492,151.278076171875,109.36717987060548,492.7347412109375,434.7005004882813,322.00640869140625,434.7005004882813,341.4566650390625,325.3333206176758
72,5149,315,0,car,0.9231544137001038,158.7947540283203,101.0062026977539,493.6616821289063,422.4049377441406,326.2282180786133,422.4049377441406,334.86692810058594,321.3987350463867
72,5150,315,0,car,0.9206641912460328,165.13088989257812,90.73343658447266,493.21923828125,410.8972473144531,329.17506408691406,410.8972473144531,328.0883483886719,320.16381072998047
72,5151,315,0,car,0.913732886314392,169.74977111816406,81.22979736328125,493.4233703613281,398.5230102539063,331.5865707397461,398.5230102539063,323.67359924316406,317.293212890625
72,5152,315,0,car,0.9237359762191772,174.37066650390625,70.84644317626953,496.51800537109375,383.8264465332031,335.4443359375,383.8264465332031,322.1473388671875,312.9800033569336
72,5153,315,0,car,0.9232547879219056,179.87620544433594,57.29762268066406,497.75396728515625,368.8528747558594,338.8150863647461,368.8528747558594,317.8777618408203,311.5552520751953
72,5154,315,0,car,0.9210611581802368,186.6264190673828,48.27544403076172,502.0772705078125,354.59332275390625,344.35184478759766,354.59332275390625,315.4508514404297,306.31787872314453
72,5155,315,0,car,0.9254747629165648,189.5746459960937,42.06781005859375,505.3490295410156,343.6115417480469,347.4618377685547,343.6115417480469,315.7743835449219,301.5437316894531
72,5156,315,0,car,0.9285054802894592,194.67434692382807,33.3781623840332,507.1262817382813,326.2952880859375,350.9003143310547,326.2952880859375,312.4519348144531,292.9171257019043
72,5157,315,0,car,0.9253508448600768,202.4843139648437,25.8937931060791,510.0365905761719,311.2740478515625,356.2604522705078,311.2740478515625,307.5522766113281,285.3802547454834
72,5158,315,0,car,0.93138188123703,210.69412231445312,19.06720924377441,511.18505859375,301.6778564453125,360.9395904541016,301.6778564453125,300.4909362792969,282.6106472015381
72,5159,315,0,car,0.9292410016059875,215.84310913085932,9.666098594665527,511.9963073730469,292.0069274902344,363.9197082519531,292.0069274902344,296.1531982421875,282.34082889556885
72,5160,315,0,car,0.9265778064727784,221.4561920166016,1.9438265562057493,515.078857421875,281.3573608398437,368.2675247192383,281.3573608398437,293.62266540527344,279.413534283638
72,5161,315,0,car,0.9253602623939514,227.81802368164065,0.0,516.5599365234375,268.2103576660156,372.1889801025391,268.2103576660156,288.7419128417969,268.2103576660156
72,5162,315,0,car,0.9227497577667236,233.2242889404297,0.0,518.402099609375,256.8533935546875,375.8131942749024,256.8533935546875,285.1778106689453,256.8533935546875
72,5163,315,0,car,0.912739872932434,237.7959442138672,0.0,519.2554321289062,247.9220428466797,378.5256881713867,247.9220428466797,281.45948791503906,247.9220428466797
72,5164,315,0,car,0.9170784950256348,241.9714813232422,0.0,518.3759155273438,236.3470001220703,380.17369842529297,236.3470001220703,276.4044342041016,236.3470001220703
72,5165,315,0,car,0.9163697361946106,246.39208984375,0.0,518.6395874023438,225.1172332763672,382.5158386230469,225.1172332763672,272.2474975585937,225.1172332763672
72,5166,315,0,car,0.9197463989257812,253.5843048095703,0.3416971266269684,520.0599365234375,215.11282348632807,386.8221206665039,215.11282348632807,266.4756317138672,214.7711263597012
72,5167,315,0,car,0.9172908067703248,259.6230163574219,0.0,521.367431640625,206.1768798828125,390.4952239990234,206.1768798828125,261.7444152832031,206.1768798828125
72,5168,315,0,car,0.9152217507362366,263.54644775390625,0.0,526.1730346679688,193.1826019287109,394.8597412109375,193.1826019287109,262.6265869140625,193.1826019287109
72,5169,315,0,car,0.9087686538696288,268.15557861328125,0.0,528.9736328125,177.87083435058594,398.5646057128906,177.87083435058594,260.81805419921875,177.87083435058594
72,5170,315,0,car,0.9057823419570924,273.7569274902344,0.0,536.0491943359375,166.80667114257812,404.90306091308594,166.80667114257812,262.2922668457031,166.80667114257812
72,5171,315,0,car,0.8952028155326843,277.9720153808594,0.8976150751113892,537.4656982421875,156.95294189453125,407.7188568115234,156.95294189453125,259.4936828613281,156.05532681941986
72,5172,315,0,car,0.8914611339569092,281.955078125,2.4160189628601074,539.0747680664062,148.17576599121094,410.5149230957031,148.17576599121094,257.11968994140625,145.75974702835083
72,5173,315,0,car,0.899994432926178,284.13543701171875,2.695552349090576,538.0528564453125,137.05010986328125,411.0941467285156,137.05010986328125,253.9174194335937,134.35455751419067
72,5174,315,0,car,0.906201422214508,286.72052001953125,1.5525294542312622,529.4703979492188,123.06466674804688,408.095458984375,123.06466674804688,242.7498779296875,121.5121372938156
72,5175,315,0,car,0.9029972553253174,290.5455322265625,0.7020811438560486,524.8645629882812,110.5038833618164,407.7050476074219,110.5038833618164,234.31903076171875,109.80180221796036
72,5176,315,0,car,0.8978995084762573,295.78472900390625,1.0930562019348145,524.0728759765625,102.78267669677734,409.9288024902344,102.78267669677734,228.28814697265625,101.68962049484252
72,5177,315,0,car,0.872549295425415,301.7938232421875,1.785246729850769,523.5791015625,92.21359252929688,412.68646240234375,92.21359252929688,221.7852783203125,90.4283457994461
72,5178,315,0,car,0.8688415884971619,305.14862060546875,3.193530797958374,525.5369262695312,83.12520599365234,415.3427734375,83.12520599365234,220.3883056640625,79.93167519569397
72,5179,315,0,car,0.8590631484985352,309.1357727050781,2.4860265254974365,527.6371459960938,73.12994384765625,418.38645935058594,73.12994384765625,218.5013732910156,70.64391732215881
72,5180,315,0,car,0.8929458260536194,314.99249267578125,0.952867329120636,530.8932495117188,63.78946304321289,422.94287109375,63.78946304321289,215.9007568359375,62.836595714092255
72,5181,315,0,car,0.8545575737953186,319.5147705078125,0.1249403208494186,534.0740966796875,54.39077758789063,426.79443359375,54.39077758789063,214.559326171875,54.265837267041206
73,5156,327,0,car,0.9547362923622132,0.8813592195510864,452.7795104980469,456.5417175292969,1054.101318359375,228.711538374424,1054.101318359375,455.6603583097458,601.3218078613281
73,5157,327,0,car,0.9526733756065368,0.798406183719635,440.99267578125,458.3135986328125,1031.68603515625,229.55600240826607,1031.68603515625,457.51519244909286,590.693359375
73,5158,327,0,car,0.9503592252731324,1.2026814222335815,430.1997985839844,461.15667724609375,1002.774169921875,231.1796793341637,1002.774169921875,459.95399582386017,572.5743713378906
73,5159,327,0,car,0.9511091709136964,0.6723573207855225,417.3453369140625,464.2110900878906,978.2432861328124,232.44172370433807,978.2432861328124,463.5387327671051,560.89794921875
73,5160,327,0,car,0.9497945308685304,0.6160551905632019,403.0065612792969,467.41107177734375,953.424560546875,234.01356348395348,953.424560546875,466.79501658678055,550.4179992675781
73,5161,327,0,car,0.9499517679214478,0.2523776888847351,389.7388305664063,469.4072570800781,930.3150024414062,234.82981738448143,930.3150024414062,469.1548793911934,540.576171875
73,5162,327,0,car,0.944976806640625,0.5990703105926514,376.7214965820313,472.0135498046875,904.7896118164062,236.30631005764008,904.7896118164062,471.4144794940949,528.068115234375
73,5163,327,0,car,0.9459478855133056,0.6629626750946045,364.4783020019531,474.1512145996094,881.9922485351562,237.407088637352,881.9922485351562,473.4882519245148,517.5139465332031
73,5164,327,0,car,0.9451829195022584,0.7694360017776489,350.65850830078125,476.2630310058594,862.305908203125,238.5162335038185,862.305908203125,475.4935950040817,511.64739990234375
73,5165,327,0,car,0.9447414875030518,0.2053278535604477,336.7189636230469,478.4153137207031,842.557373046875,239.3103207871318,842.557373046875,478.2099858671427,505.8384094238281
73,5166,327,0,car,0.9446077346801758,0.0,324.4588317871094,478.7427673339844,825.3409423828125,239.3713836669922,825.3409423828125,478.7427673339844,500.8821105957031
73,5167,327,0,car,0.9376124739646912,0.3468450903892517,312.3988342285156,479.9429321289063,800.5183715820312,240.1448886096477,800.5183715820312,479.596087038517,488.1195373535156
73,5168,327,0,car,0.9381147623062134,1.0922847986221311,303.13067626953125,482.1152648925781,775.080810546875,241.60377484560013,775.080810546875,481.022980093956,471.95013427734375
73,5169,327,0,car,0.9420394897460938,6.705590724945068,294.26629638671875,482.8982849121094,757.1336059570312,244.8019378185272,757.1336059570312,476.1926941871643,462.8673095703125
73,5170,327,0,car,0.947962999343872,15.70263671875,283.9095764160156,484.4033508300781,737.8037719726562,250.0529937744141,737.8037719726562,468.7007141113281,453.8941955566406
73,5171,327,0,car,0.9452626705169678,23.521848678588867,270.9108581542969,485.4134521484375,724.4541015625,254.4676504135132,724.4541015625,461.89160346984863,453.5432434082031
73,5172,327,0,car,0.9425289034843444,34.5921745300293,263.1735534667969,489.1997985839844,702.6204223632812,261.89598655700684,702.6204223632812,454.6076240539551,439.4468688964844
73,5173,327,0,car,0.9357827305793762,43.18132400512695,252.40724182128903,493.3469543457031,683.4988403320312,268.26413917541504,683.4988403320312,450.1656303405762,431.0915985107422
73,5174,327,0,car,0.934592604637146,50.178104400634766,239.75001525878903,495.5127258300781,666.879638671875,272.84541511535645,666.879638671875,445.33462142944336,427.12962341308594
73,5175,327,0,car,0.9382768869400024,59.71344375610352,227.7092742919922,494.262939453125,649.5911254882812,276.98819160461426,649.5911254882812,434.5494956970215,421.88185119628906
73,5176,327,0,car,0.9382330775260924,67.35803985595703,219.579345703125,495.3456726074219,635.9060668945312,281.35185623168945,635.9060668945312,427.9876327514648,416.3267211914063
73,5177,327,0,car,0.9416045546531676,74.30181884765625,208.576889038086,496.1247863769531,620.4976196289062,285.2133026123047,620.4976196289062,421.8229675292969,411.9207305908203
73,5178,327,0,car,0.9484246969223022,80.85069274902344,201.2545318603516,498.0032043457031,603.1677856445312,289.4269485473633,603.1677856445312,417.1525115966797,401.9132537841797
73,5179,327,0,car,0.9506816864013672,89.52861022949219,190.53079223632807,500.684814453125,582.7411499023438,295.1067123413086,582.7411499023438,411.1562042236328,392.2103576660156
73,5180,327,0,car,0.937034547328949,95.42290496826172,178.5858612060547,503.0954284667969,569.2568969726562,299.2591667175293,569.2568969726562,407.6725234985352,390.6710357666016
73,5181,327,0,car,0.9354310631752014,104.76278686523438,166.41627502441406,505.7151489257813,555.3204956054688,305.2389678955078,555.3204956054688,400.9523620605469,388.9042205810547
73,5182,327,0,car,0.9350986480712892,112.56517028808594,154.9381103515625,508.4575805664063,541.67578125,310.5113754272461,541.67578125,395.8924102783203,386.7376708984375
73,5183,327,0,car,0.9372902512550354,119.35999298095705,145.12246704101562,509.6766662597656,530.723388671875,314.5183296203613,530.723388671875,390.3166732788086,385.6009216308594
73,5184,327,0,car,0.9434173107147216,123.9926300048828,136.1768798828125,509.98577880859375,514.0433349609375,316.9892044067383,514.0433349609375,385.9931488037109,377.866455078125
73,5185,327,0,car,0.9334992170333862,130.81605529785156,125.1247329711914,510.7209777832031,500.07720947265625,320.76851654052734,500.07720947265625,379.9049224853516,374.9524765014648
73,5186,327,0,car,0.911990761756897,138.33438110351562,114.56051635742188,511.4500427246094,481.3477478027344,324.8922119140625,481.3477478027344,373.11566162109375,366.7872314453125
73,5187,327,0,car,0.8810627460479736,145.73388671875,106.42686462402344,512.9069213867188,468.91790771484375,329.3204040527344,468.91790771484375,367.1730346679688,362.4910430908203
73,5188,327,0,car,0.9159563183784484,152.92433166503906,97.3116683959961,509.9571228027344,456.607177734375,331.4407272338867,456.607177734375,357.0327911376953,359.2955093383789
73,5189,327,0,car,0.9075170159339904,158.6051483154297,86.3172607421875,509.0975646972656,443.0392761230469,333.85135650634766,443.0392761230469,350.49241638183594,356.7220153808594
73,5190,327,0,car,0.936691164970398,163.96987915039062,77.14275360107422,512.541015625,428.94915771484375,338.2554473876953,428.94915771484375,348.5711364746094,351.8064041137696
73,5191,327,0,car,0.935173273086548,169.23851013183594,65.95875549316406,513.2637329101562,413.39886474609375,341.2511215209961,413.39886474609375,344.0252227783203,347.4401092529297
73,5192,327,0,car,0.9233757257461548,174.26882934570312,54.5756721496582,518.3289794921875,401.2688598632813,346.2989044189453,401.2688598632813,344.0601501464844,346.69318771362305
73,5193,327,0,car,0.9305490851402284,180.251693725586,45.347618103027344,519.6425170898438,388.076416015625,349.94710540771484,388.076416015625,339.3908233642578,342.72879791259766
73,5194,327,0,car,0.9283283352851868,186.84246826171875,39.3970947265625,521.4954833984375,372.609130859375,354.1689758300781,372.609130859375,334.65301513671875,333.2120361328125
73,5195,327,0,car,0.9290163516998292,191.1154022216797,31.876802444458008,524.7635498046875,363.1859436035156,357.9394760131836,363.1859436035156,333.6481475830078,331.3091411590576
73,5196,327,0,car,0.9271554946899414,194.1993865966797,24.54050064086914,527.4822387695312,350.3887939453125,360.8408126831055,350.3887939453125,333.2828521728516,325.84829330444336
73,5197,327,0,car,0.9253277778625488,198.83810424804688,16.854028701782227,527.035400390625,338.7600402832031,362.936752319336,338.7600402832031,328.1972961425781,321.9060115814209
73,5198,327,0,car,0.9272071123123168,206.0375823974609,6.747064113616943,527.9100341796875,327.8241271972656,366.9738082885742,327.8241271972656,321.87245178222656,321.0770630836487
73,5199,327,0,car,0.932121515274048,212.42823791503903,1.516866683959961,529.823974609375,313.1827697753906,371.12610626220703,313.1827697753906,317.39573669433594,311.66590309143066
73,5200,327,0,car,0.9316571354866028,216.9608764648437,0.0,534.52001953125,304.2855224609375,375.7404479980469,304.2855224609375,317.55914306640625,304.2855224609375
73,5201,327,0,car,0.9302154183387756,221.6343231201172,0.0,536.3008422851562,293.6758117675781,378.9675827026367,293.6758117675781,314.66651916503906,293.6758117675781
73,5202,327,0,car,0.9285166263580322,228.0145874023437,0.0,532.5628662109375,289.3411560058594,380.2887268066406,289.3411560058594,304.5482788085937,289.3411560058594
73,5203,327,0,car,0.9284864068031312,232.28692626953125,0.0,538.781982421875,278.1658630371094,385.5344543457031,278.1658630371094,306.4950561523437,278.1658630371094
73,5204,327,0,car,0.9194627404212952,238.7523498535156,0.0,538.6465454101562,270.5038146972656,388.699447631836,270.5038146972656,299.8941955566406,270.5038146972656
73,5205,327,0,car,0.9214891791343688,241.7050628662109,0.0,546.6810913085938,259.3983154296875,394.1930770874024,259.3983154296875,304.9760284423828,259.3983154296875
73,5206,327,0,car,0.9328131079673768,246.47775268554688,0.0,546.7330322265625,251.23031616210932,396.6053924560547,251.23031616210932,300.2552795410156,251.23031616210932
73,5207,327,0,car,0.9268075227737428,252.3353729248047,0.0,550.5615844726562,233.0538787841797,401.44847869873047,233.0538787841797,298.2262115478516,233.0538787841797
73,5208,327,0,car,0.9213364720344543,257.09814453125,0.0,549.6633911132812,221.9755249023437,403.3807678222656,221.9755249023437,292.56524658203125,221.9755249023437
73,5209,327,0,car,0.92037832736969,261.2839660644531,0.0,553.7205810546875,208.20803833007807,407.5022735595703,208.20803833007807,292.4366149902344,208.20803833007807
73,5210,327,0,car,0.9291037917137146,266.9584045410156,0.0,556.6229248046875,193.14529418945312,411.7906646728516,193.14529418945312,289.6645202636719,193.14529418945312
73,5211,327,0,car,0.9100582003593444,269.2635498046875,0.0,559.9542846679688,178.04013061523438,414.6089172363281,178.04013061523438,290.69073486328125,178.04013061523438
73,5212,327,0,car,0.9044302701950072,274.5093688964844,0.0,560.9652099609375,166.98883056640625,417.7372894287109,166.98883056640625,286.4558410644531,166.98883056640625
73,5213,327,0,car,0.9093492031097412,277.79425048828125,0.0,560.1954956054688,158.013427734375,418.994873046875,158.013427734375,282.4012451171875,158.013427734375
73,5214,327,0,car,0.900273859500885,278.56353759765625,0.0,560.4051513671875,147.04452514648438,419.4843444824219,147.04452514648438,281.84161376953125,147.04452514648438
73,5215,327,0,car,0.8991872668266296,282.55242919921875,0.0,559.522216796875,136.0330047607422,421.0373229980469,136.0330047607422,276.96978759765625,136.0330047607422
73,5216,327,0,car,0.8986498713493347,283.7107849121094,0.3122560083866119,558.07373046875,124.83798217773438,420.8922576904297,124.83798217773438,274.3629455566406,124.52572616934776
73,5217,327,0,car,0.8892335891723633,287.7677307128906,0.5511872172355652,555.9151611328125,114.57858276367188,421.8414459228516,114.57858276367188,268.1474304199219,114.02739554643632
73,5218,327,0,car,0.896019697189331,292.1317443847656,1.1108413934707642,553.4136962890625,107.02139282226562,422.77272033691406,107.02139282226562,261.2819519042969,105.91055142879486
73,5219,327,0,car,0.8436248302459717,301.4386291503906,0.2733138799667358,550.3115234375,95.15997314453124,425.8750762939453,95.15997314453124,248.87289428710932,94.88665926456451
73,5220,327,0,car,0.7700835466384888,306.507568359375,0.6858668923377991,546.686279296875,85.03715515136719,426.596923828125,85.03715515136719,240.1787109375,84.35128825902939
73,5221,327,0,car,0.6703208684921265,319.49859619140625,0.6698690056800842,545.74853515625,72.64572143554688,432.6235656738281,72.64572143554688,226.2499389648437,71.97585242986679
73,5223,327,0,car,0.5949716567993164,358.77764892578125,0.0,548.0271606445312,57.3689079284668,453.40240478515625,57.3689079284668,189.24951171875,57.3689079284668
74,5163,329,0,car,0.9522764682769777,697.68701171875,475.7238159179688,1155.6090087890625,1058.614501953125,926.6480102539062,1058.614501953125,457.9219970703125,582.8906860351562
74,5164,329,0,car,0.9433698654174804,696.5905151367188,454.6625671386719,1146.760498046875,1006.4813842773438,921.6755065917968,1006.4813842773438,450.16998291015625,551.8188171386719
74,5165,329,0,car,0.9428542256355286,693.8110961914062,435.5649719238281,1136.346435546875,958.1966552734376,915.0787658691406,958.1966552734376,442.5353393554688,522.6316833496094
74,5166,329,0,car,0.9315581917762756,693.593505859375,418.0083618164063,1124.806396484375,913.9047241210938,909.199951171875,913.9047241210938,431.212890625,495.8963623046875
74,5167,329,0,car,0.943674623966217,692.5997314453125,396.5592041015625,1115.0289306640625,877.6348266601562,903.8143310546876,877.6348266601562,422.42919921875,481.07562255859375
74,5168,329,0,car,0.9445486068725586,692.072998046875,376.1714782714844,1105.8616943359375,851.7514038085938,898.9673461914062,851.7514038085938,413.7886962890625,475.5799255371094
74,5169,329,0,car,0.9302431344985962,688.8370971679688,359.69061279296875,1093.5885009765625,813.32470703125,891.2127990722656,813.32470703125,404.75140380859375,453.6340942382813
74,5170,329,0,car,0.938548982143402,689.112060546875,341.0727844238281,1085.3631591796875,777.1305541992188,887.2376098632812,777.1305541992188,396.2510986328125,436.0577697753906
74,5171,329,0,car,0.943444013595581,689.3464965820312,323.1593017578125,1076.24658203125,747.923095703125,882.7965393066406,747.923095703125,386.9000854492188,424.7637939453125
74,5172,329,0,car,0.9455414414405824,689.7383422851562,303.8097839355469,1067.023681640625,722.9166259765625,878.3810119628906,722.9166259765625,377.2853393554688,419.1068420410156
74,5173,329,0,car,0.950044810771942,691.6372680664062,289.7846069335937,1059.61669921875,693.3342895507812,875.6269836425781,693.3342895507812,367.97943115234375,403.5496826171875
74,5174,329,0,car,0.9406117796897888,691.3011474609375,273.3890075683594,1054.0087890625,666.2349853515625,872.6549682617188,666.2349853515625,362.7076416015625,392.8459777832031
74,5175,329,0,car,0.938185453414917,690.8692626953125,259.70220947265625,1049.2666015625,644.0551147460938,870.0679321289062,644.0551147460938,358.3973388671875,384.3529052734375
74,5176,329,0,car,0.93819397687912,691.5804443359375,241.02566528320312,1043.390380859375,621.1517944335938,867.4854125976562,621.1517944335938,351.8099365234375,380.1261291503906
74,5177,329,0,car,0.918883502483368,692.63427734375,223.7470703125,1037.447998046875,599.1149291992188,865.0411376953125,599.1149291992188,344.813720703125,375.3678588867188
74,5178,329,0,car,0.941192865371704,693.1759643554688,211.09600830078125,1031.31884765625,575.108642578125,862.2474060058594,575.108642578125,338.14288330078125,364.01263427734375
74,5179,329,0,car,0.9196839928627014,692.6635131835938,193.8833465576172,1024.988525390625,555.1408081054688,858.8260192871094,555.1408081054688,332.32501220703125,361.2574615478516
74,5180,329,0,car,0.9276272058486938,691.7399291992188,177.26760864257812,1019.1260375976562,531.243896484375,855.4329833984375,531.243896484375,327.3861083984375,353.9762878417969
74,5181,329,0,car,0.9247379899024964,694.4107666015625,162.5367431640625,1012.9708251953124,508.9019165039063,853.6907958984375,508.9019165039063,318.56005859375,346.3651733398437
74,5182,329,0,car,0.9177502393722534,692.7529907226562,146.90524291992188,1008.4824829101562,486.09765625,850.6177368164062,486.09765625,315.7294921875,339.1924133300781
74,5183,329,0,car,0.9260556101799012,693.6570434570312,134.2145233154297,1005.2385864257812,468.3362426757813,849.4478149414062,468.3362426757813,311.58154296875,334.1217193603516
74,5184,329,0,car,0.9229397773742676,693.0835571289062,119.5650405883789,998.6234741210938,451.0375671386719,845.853515625,451.0375671386719,305.5399169921875,331.47252655029297
74,5185,329,0,car,0.9224497079849244,691.6632080078125,102.62273406982422,993.3660888671876,431.1846008300781,842.5146484375,431.1846008300781,301.702880859375,328.5618667602539
74,5186,329,0,car,0.9273492097854614,690.161865234375,92.87611389160156,987.78466796875,409.7877502441406,838.9732666015625,409.7877502441406,297.622802734375,316.91163635253906
74,5187,329,0,car,0.9265320301055908,692.6105346679688,78.42060089111328,982.5369873046876,393.51605224609375,837.5737609863281,393.51605224609375,289.92645263671875,315.09545135498047
74,5188,329,0,car,0.9223307967185974,691.9666137695312,66.14344787597656,977.7992553710938,375.9306945800781,834.8829345703125,375.9306945800781,285.8326416015625,309.7872467041016
74,5189,329,0,car,0.9299623370170592,690.5319213867188,52.54463577270508,972.7211303710938,359.3390808105469,831.6265258789062,359.3390808105469,282.189208984375,306.7944450378418
74,5190,329,0,car,0.9280865788459778,691.5476684570312,39.94572067260742,967.7079467773438,341.4840393066406,829.6278076171875,341.4840393066406,276.1602783203125,301.5383186340332
74,5191,329,0,car,0.9261523485183716,691.2227172851562,28.60232925415039,966.1326293945312,328.54052734375,828.6776733398438,328.54052734375,274.909912109375,299.9381980895996
74,5192,329,0,car,0.931351125240326,691.5433349609375,19.31016731262207,962.7164916992188,316.2021789550781,827.1299133300781,316.2021789550781,271.17315673828125,296.89201164245605
74,5193,329,0,car,0.9279549717903136,690.9542846679688,6.450494766235352,958.7809448242188,295.7010498046875,824.8676147460938,295.7010498046875,267.82666015625,289.2505550384521
74,5194,329,0,car,0.9234125018119812,690.6573486328125,0.0300010070204734,955.2484130859376,281.0706481933594,822.952880859375,281.0706481933594,264.591064453125,281.0406471863389
74,5195,329,0,car,0.9227235317230223,689.5811157226562,0.0,948.9615478515624,266.82843017578125,819.2713317871094,266.82843017578125,259.38043212890625,266.82843017578125
74,5196,329,0,car,0.9214329719543456,689.9732666015625,0.0,944.8570556640624,250.33213806152344,817.4151611328125,250.33213806152344,254.8837890625,250.33213806152344
74,5197,329,0,car,0.9248091578483582,688.2748413085938,0.0,940.0467529296876,236.8511657714844,814.1607971191406,236.8511657714844,251.7719116210937,236.8511657714844
74,5198,329,0,car,0.9225714206695556,688.612060546875,0.0,934.9199829101562,221.7295379638672,811.7660217285156,221.7295379638672,246.30792236328125,221.7295379638672
74,5199,329,0,car,0.9134403467178344,689.9747924804688,0.0,931.8363647460938,207.39572143554688,810.9055786132812,207.39572143554688,241.861572265625,207.39572143554688
74,5200,329,0,car,0.918362021446228,690.8363037109375,0.0,928.2815551757812,190.5371856689453,809.5589294433594,190.5371856689453,237.4452514648437,190.5371856689453
74,5201,329,0,car,0.9212990999221802,690.907470703125,0.0,924.120361328125,174.3669891357422,807.513916015625,174.3669891357422,233.212890625,174.3669891357422
74,5202,329,0,car,0.9105733633041382,690.7855834960938,0.0,920.521240234375,163.51304626464844,805.6534118652344,163.51304626464844,229.73565673828125,163.51304626464844
74,5203,329,0,car,0.910537600517273,690.378662109375,0.0,920.0197143554688,150.5694580078125,805.1991882324219,150.5694580078125,229.6410522460937,150.5694580078125
74,5204,329,0,car,0.9001981616020203,689.6445922851562,0.0,918.3618774414062,139.6009521484375,804.0032348632812,139.6009521484375,228.71728515625,139.6009521484375
74,5205,329,0,car,0.8888309001922607,684.6608276367188,0.0,915.58203125,124.8473892211914,800.1214294433594,124.8473892211914,230.92120361328125,124.8473892211914
74,5206,329,0,car,0.8873986005783081,686.5513916015625,0.5913875699043274,912.7092895507812,112.8559341430664,799.6303405761719,112.8559341430664,226.15789794921875,112.26454657316208
74,5207,329,0,car,0.8912689089775085,684.8257446289062,0.0,909.6253662109376,102.15896606445312,797.2255554199219,102.15896606445312,224.79962158203125,102.15896606445312
74,5208,329,0,car,0.87690669298172,687.240234375,0.9417627453804016,907.2398681640624,94.48351287841795,797.2400512695312,94.48351287841795,219.9996337890625,93.54175013303755
74,5209,329,0,car,0.8488878011703491,689.9370727539062,1.0709102153778076,903.6162109375,82.0501937866211,796.7766418457031,82.0501937866211,213.6791381835937,80.97928357124329
74,5210,329,0,car,0.7237755060195923,688.257080078125,0.1382452398538589,898.3948974609375,68.65777587890625,793.3259887695312,68.65777587890625,210.1378173828125,68.51953063905239
74,5211,329,0,car,0.7079198360443115,692.095947265625,0.0,894.9112548828125,53.08158493041992,793.5036010742188,53.08158493041992,202.8153076171875,53.08158493041992
75,5173,332,0,car,0.9427292943000792,1348.310791015625,464.8575744628906,1920.0,1057.7496337890625,1634.1553955078125,1057.7496337890625,571.689208984375,592.8920593261719
75,5174,332,0,car,0.9398351907730104,1337.546142578125,445.0118713378906,1920.0,1039.1351318359375,1628.7730712890625,1039.1351318359375,582.453857421875,594.1232604980469
75,5175,332,0,car,0.9309599995613098,1327.691162109375,428.7302856445313,1920.0,1003.6884155273438,1623.8455810546875,1003.6884155273438,592.308837890625,574.9581298828125
75,5176,332,0,car,0.9347749948501588,1319.12158203125,409.024169921875,1920.0,973.9468994140624,1619.560791015625,973.9468994140624,600.87841796875,564.9227294921875
75,5177,332,0,car,0.9339984655380248,1310.4471435546875,385.9888610839844,1920.0,939.5545654296876,1615.2235717773438,939.5545654296876,609.5528564453125,553.5657043457031
75,5178,332,0,car,0.9291008114814758,1300.48095703125,372.6326904296875,1907.7835693359373,909.0585327148438,1604.1322631835938,909.0585327148438,607.3026123046875,536.4258422851562
75,5179,332,0,car,0.9277533888816832,1292.5321044921875,352.4190368652344,1908.68994140625,875.461669921875,1600.6110229492188,875.461669921875,616.1578369140625,523.0426330566406
75,5180,332,0,car,0.9358027577400208,1280.070068359375,332.8368835449219,1889.9747314453125,845.00830078125,1585.0223999023438,845.00830078125,609.9046630859375,512.1714172363281
75,5181,332,0,car,0.93953138589859,1269.322265625,305.0032958984375,1865.89990234375,816.8703002929688,1567.611083984375,816.8703002929688,596.57763671875,511.8670043945313
75,5182,332,0,car,0.9289552569389344,1259.6539306640625,283.8854675292969,1842.017822265625,787.4644775390625,1550.8358764648438,787.4644775390625,582.3638916015625,503.5790100097656
75,5183,332,0,car,0.92462819814682,1252.72802734375,273.8295593261719,1822.9974365234373,766.8862915039062,1537.8627319335938,766.8862915039062,570.2694091796875,493.0567321777344
75,5184,332,0,car,0.928188681602478,1244.9783935546875,258.5829467773437,1799.7835693359375,739.4047241210938,1522.3809814453125,739.4047241210938,554.80517578125,480.82177734375
75,5185,332,0,car,0.9228671789169312,1239.2430419921875,244.6382598876953,1777.9801025390625,718.002197265625,1508.611572265625,718.002197265625,538.737060546875,473.3639373779297
75,5186,332,0,car,0.9371011257171632,1231.2581787109375,224.6634826660156,1756.488037109375,687.884765625,1493.8731079101562,687.884765625,525.2298583984375,463.2212829589844
75,5187,332,0,car,0.9373071193695068,1225.8902587890625,208.2826538085937,1734.5859375,667.1383056640625,1480.2380981445312,667.1383056640625,508.6956787109375,458.8556518554688
75,5188,332,0,car,0.9410189390182496,1215.9837646484375,192.5351104736328,1715.00244140625,640.79052734375,1465.4931030273438,640.79052734375,499.0186767578125,448.2554168701172
75,5189,332,0,car,0.9361100792884828,1207.3428955078125,180.5045318603516,1696.4351806640625,615.4913330078125,1451.8890380859375,615.4913330078125,489.09228515625,434.98680114746094
75,5190,332,0,car,0.9379844665527344,1200.2188720703125,166.20399475097656,1674.9315185546875,590.380126953125,1437.5751953125,590.380126953125,474.712646484375,424.1761322021485
75,5191,332,0,car,0.928862988948822,1192.614990234375,153.03878784179688,1656.2403564453125,574.5323486328125,1424.4276733398438,574.5323486328125,463.6253662109375,421.4935607910156
75,5192,332,0,car,0.9317806959152222,1182.4937744140625,141.12066650390625,1639.886474609375,557.598388671875,1411.1901245117188,557.598388671875,457.3927001953125,416.4777221679688
75,5193,332,0,car,0.9394547939300536,1175.11083984375,123.9375228881836,1622.1016845703125,537.8588256835938,1398.6062622070312,537.8588256835938,446.9908447265625,413.92130279541016
75,5194,332,0,car,0.9437676668167114,1168.6221923828125,105.9293441772461,1608.323974609375,516.5859375,1388.4730834960938,516.5859375,439.7017822265625,410.6565933227539
75,5195,332,0,car,0.9390498995780944,1162.06103515625,93.86962127685548,1591.1717529296875,495.4758605957031,1376.6163940429688,495.4758605957031,429.1107177734375,401.60623931884766
75,5196,332,0,car,0.9104389548301696,1155.2547607421875,75.62599182128906,1572.7301025390625,476.9224548339844,1363.992431640625,476.9224548339844,417.475341796875,401.2964630126953
75,5197,332,0,car,0.919609308242798,1150.8035888671875,63.08036804199219,1558.709228515625,456.15032958984375,1354.7564086914062,456.15032958984375,407.9056396484375,393.0699615478516
75,5198,332,0,car,0.9131374955177308,1142.4903564453125,48.402156829833984,1546.2054443359375,437.9405517578125,1344.347900390625,437.9405517578125,403.715087890625,389.5383949279785
75,5199,332,0,car,0.8918930292129517,1133.9757080078125,34.67234420776367,1533.3583984375,419.9627685546875,1333.6670532226562,419.9627685546875,399.3826904296875,385.2904243469238
75,5200,332,0,car,0.9164812564849854,1125.5274658203125,10.798619270324709,1520.0528564453125,402.5439758300781,1322.7901611328125,402.5439758300781,394.525390625,391.7453565597534
75,5201,332,0,car,0.931835412979126,1118.364501953125,1.0783571004867554,1506.8125,388.3675231933594,1312.5885009765625,388.3675231933594,388.447998046875,387.2891660928726
75,5202,332,0,car,0.9238301515579224,1114.599853515625,0.0,1492.5179443359375,372.5137939453125,1303.5588989257812,372.5137939453125,377.9180908203125,372.5137939453125
75,5203,332,0,car,0.920834481716156,1105.0484619140625,0.0,1479.4744873046875,355.60223388671875,1292.261474609375,355.60223388671875,374.426025390625,355.60223388671875
75,5204,332,0,car,0.9243457913398744,1100.31689453125,0.0,1468.1519775390625,339.03985595703125,1284.2344360351562,339.03985595703125,367.8350830078125,339.03985595703125
75,5205,332,0,car,0.9208788871765136,1094.8585205078125,0.0,1456.1273193359375,321.1150817871094,1275.492919921875,321.1150817871094,361.268798828125,321.1150817871094
75,5206,332,0,car,0.91227525472641,1091.6917724609375,0.0,1444.4755859375,307.6788330078125,1268.0836791992188,307.6788330078125,352.7838134765625,307.6788330078125
75,5207,332,0,car,0.9131259918212892,1086.0413818359375,0.0,1434.4141845703125,287.3072509765625,1260.227783203125,287.3072509765625,348.372802734375,287.3072509765625
75,5208,332,0,car,0.9120309352874756,1079.2139892578125,0.0,1424.6177978515625,273.5621337890625,1251.9158935546875,273.5621337890625,345.40380859375,273.5621337890625
75,5209,332,0,car,0.9175300002098083,1074.2886962890625,0.0,1411.9825439453125,262.8686218261719,1243.1356201171875,262.8686218261719,337.69384765625,262.8686218261719
75,5210,332,0,car,0.9141262173652648,1070.83544921875,0.0,1400.5159912109375,251.1569061279297,1235.6757202148438,251.1569061279297,329.6805419921875,251.1569061279297
75,5211,332,0,car,0.9089549779891968,1065.0836181640625,0.0,1389.443115234375,236.20315551757807,1227.2633666992188,236.20315551757807,324.3594970703125,236.20315551757807
75,5212,332,0,car,0.9115374088287354,1062.3206787109375,0.0,1379.3214111328125,223.028549194336,1220.821044921875,223.028549194336,317.000732421875,223.028549194336
75,5213,332,0,car,0.9136329889297484,1057.7606201171875,0.8136863708496094,1368.273193359375,212.6148681640625,1213.0169067382812,212.6148681640625,310.5125732421875,211.8011817932129
75,5214,332,0,car,0.9130645394325256,1053.49267578125,1.1212600469589231,1358.7022705078125,197.9662628173828,1206.0974731445312,197.9662628173828,305.2095947265625,196.8450027704239
75,5215,332,0,car,0.9104812741279602,1049.4609375,1.3709070682525637,1348.1370849609375,183.7563934326172,1198.7990112304688,183.7563934326172,298.6761474609375,182.38548636436465
75,5216,332,0,car,0.9095363020896912,1046.9105224609375,1.068179488182068,1339.701904296875,170.7917938232422,1193.3062133789062,170.7917938232422,292.7913818359375,169.72361433506012
75,5217,332,0,car,0.907501757144928,1041.5159912109375,1.673994541168213,1332.2830810546875,160.63934326171875,1186.8995361328125,160.63934326171875,290.76708984375,158.96534872055054
75,5218,332,0,car,0.9019911885261536,1037.4027099609375,2.7027571201324463,1323.424560546875,150.70144653320312,1180.4136352539062,150.70144653320312,286.0218505859375,147.99868941307068
75,5219,332,0,car,0.9092760682106018,1031.916015625,2.4504847526550293,1315.0782470703125,141.58802795410156,1173.4971313476562,141.58802795410156,283.1622314453125,139.13754320144653
75,5220,332,0,car,0.8975918292999268,1026.4981689453125,2.694549083709717,1306.6492919921875,129.5382080078125,1166.57373046875,129.5382080078125,280.151123046875,126.84365892410278
75,5221,332,0,car,0.8956158757209778,1023.8125610351562,2.2485721111297607,1297.9464111328125,119.29029846191406,1160.8794860839844,119.29029846191406,274.13385009765625,117.0417263507843
75,5222,332,0,car,0.8905909657478333,1024.630615234375,1.1147730350494385,1290.31591796875,107.9476547241211,1157.4732666015625,107.9476547241211,265.685302734375,106.83288168907166
75,5223,332,0,car,0.8748500347137451,1027.3896484375,1.2276586294174194,1281.5477294921875,97.97774505615234,1154.4686889648438,97.97774505615234,254.1580810546875,96.75008642673492
75,5224,332,0,car,0.8656550049781799,1034.100830078125,1.3038877248764038,1274.1259765625,88.88646697998047,1154.1134033203125,88.88646697998047,240.025146484375,87.58257925510406
75,5225,332,0,car,0.8599662780761719,1038.1422119140625,1.92796003818512,1267.0238037109375,77.09403228759766,1152.5830078125,77.09403228759766,228.881591796875,75.16607224941254
75,5226,332,0,car,0.8579146265983582,1039.3524169921875,0.9169887900352478,1259.7569580078125,63.93489074707031,1149.5546875,63.93489074707031,220.404541015625,63.017901957035065
75,5227,332,0,car,0.8385043740272522,1039.0413818359375,0.1293248832225799,1251.650390625,52.25000381469727,1145.3458862304688,52.25000381469727,212.6090087890625,52.120678931474686
76,5185,337,1,motorcycle,0.5929230451583862,132.40185546875,544.0882568359375,357.7419738769531,988.8095703125,245.0719146728516,988.8095703125,225.34011840820312,444.7213134765625
76,5187,337,1,motorcycle,0.5435190200805664,149.220947265625,494.74310302734375,364.6563415527344,922.3092651367188,256.9386444091797,922.3092651367188,215.43539428710932,427.566162109375
76,5190,337,1,motorcycle,0.7715091109275818,181.8440093994141,480.7451171875,376.8472595214844,840.7711181640625,279.3456344604492,840.7711181640625,195.0032501220703,360.0260009765625
76,5191,337,1,motorcycle,0.5897361636161804,191.67263793945312,426.1277160644531,381.3794555664063,814.5327758789062,286.5260467529297,814.5327758789062,189.70681762695312,388.4050598144531
76,5194,337,1,motorcycle,0.564178466796875,214.73472595214844,349.7953491210937,395.3584289550781,749.8538208007812,305.0465774536133,749.8538208007812,180.6237030029297,400.0584716796875
76,5195,337,1,motorcycle,0.6444582939147949,225.4204864501953,383.9836120605469,394.9675598144531,726.6500244140625,310.1940231323242,726.6500244140625,169.5470733642578,342.6664123535156
76,5200,337,1,motorcycle,0.7969992756843567,261.0399475097656,331.4830322265625,411.16607666015625,621.5209350585938,336.10301208496094,621.5209350585938,150.12612915039062,290.03790283203125
76,5201,337,1,motorcycle,0.8209356069564819,265.7517395019531,320.1965026855469,412.95123291015625,602.59130859375,339.3514862060547,602.59130859375,147.19949340820312,282.3948059082031
76,5202,337,1,motorcycle,0.7145504355430603,271.8497314453125,319.1923217773437,414.8740539550781,581.711669921875,343.3618927001953,581.711669921875,143.02432250976562,262.51934814453125
76,5203,337,1,motorcycle,0.6024885177612305,280.9375915527344,312.8449401855469,413.5401611328125,562.6427612304688,347.23887634277344,562.6427612304688,132.60256958007812,249.79782104492188
76,5204,337,1,motorcycle,0.6187829375267029,285.48785400390625,316.568603515625,412.4242858886719,545.3336181640625,348.95606994628906,545.3336181640625,126.93643188476562,228.7650146484375
76,5205,337,1,motorcycle,0.5511528849601746,291.7760925292969,294.5180053710937,418.8997802734375,528.9946899414062,355.3379364013672,528.9946899414062,127.12368774414062,234.4766845703125
76,5206,337,1,motorcycle,0.7210806608200073,298.25927734375,294.4725341796875,417.5604553222656,510.8556518554688,357.9098663330078,510.8556518554688,119.30117797851562,216.38311767578125
76,5207,337,1,motorcycle,0.6822372674942017,309.97100830078125,290.50653076171875,418.1355285644531,494.6293640136719,364.0532684326172,494.6293640136719,108.16452026367188,204.12283325195312
76,5212,337,1,motorcycle,0.5892547965049744,315.14337158203125,124.88176727294922,436.34710693359375,418.7511901855469,375.7452392578125,418.7511901855469,121.2037353515625,293.86942291259766
76,5214,337,1,motorcycle,0.5505201816558838,324.5404052734375,120.37816619873048,444.99127197265625,391.1225891113281,384.7658386230469,391.1225891113281,120.45086669921876,270.74442291259766
76,5215,337,1,motorcycle,0.8296966552734375,330.07916259765625,111.46015167236328,445.623046875,374.8680725097656,387.8511047363281,374.8680725097656,115.54388427734376,263.40792083740234
76,5216,337,1,motorcycle,0.775250256061554,333.7884521484375,122.59716796875,445.3433227539063,361.3880920410156,389.5658874511719,361.3880920410156,111.55487060546876,238.7909240722656
76,5217,337,1,motorcycle,0.6141183376312256,335.5559997558594,81.97723388671875,448.8092346191406,349.602783203125,392.1826171875,349.602783203125,113.25323486328124,267.62554931640625
76,5218,337,1,motorcycle,0.7112425565719604,337.68115234375,100.15115356445312,448.3460693359375,335.7494506835937,393.01361083984375,335.7494506835937,110.6649169921875,235.59829711914065
76,5219,337,1,motorcycle,0.8562805652618408,338.8056335449219,81.52909851074219,452.2835693359375,320.8075561523437,395.5446014404297,320.8075561523437,113.47793579101562,239.2784576416016
76,5220,337,1,motorcycle,0.7294855117797852,341.0020446777344,35.07908248901367,452.8746948242188,307.2876892089844,396.93836975097656,307.2876892089844,111.87265014648438,272.2086067199707
76,5221,337,1,motorcycle,0.7658535838127136,339.2229919433594,15.89655303955078,454.1272583007813,295.70361328125,396.6751251220703,295.70361328125,114.90426635742188,279.8070602416992
76,5222,337,1,motorcycle,0.8010120391845703,341.446533203125,8.568251609802246,454.7164001464844,285.19512939453125,398.0814666748047,285.19512939453125,113.26986694335938,276.626877784729
76,5223,337,1,motorcycle,0.8473372459411621,345.03009033203125,5.992073059082031,456.1573486328125,275.2422180175781,400.5937194824219,275.2422180175781,111.12725830078124,269.2501449584961
76,5224,337,1,motorcycle,0.8723487257957458,348.3846740722656,1.1859173774719238,458.2699890136719,267.33465576171875,403.3273315429688,267.33465576171875,109.88531494140624,266.1487383842468
76,5225,337,1,motorcycle,0.882363498210907,360.1006164550781,1.0126796960830688,458.4892578125,257.7684936523437,409.29493713378906,257.7684936523437,98.38864135742188,256.7558139562607
76,5226,337,1,motorcycle,0.8436881899833679,360.4615173339844,9.682230949401855,459.9147338867188,243.40786743164065,410.1881256103516,243.40786743164065,99.45321655273438,233.7256364822388
76,5227,337,1,motorcycle,0.8517265319824219,362.1454162597656,3.5557079315185547,461.0341796875,229.63755798339844,411.5897979736328,229.63755798339844,98.88876342773438,226.08185005187988
76,5228,337,1,motorcycle,0.8765904903411865,364.322509765625,7.918820858001709,463.4222717285156,222.6656188964844,413.8723907470703,222.6656188964844,99.09976196289062,214.74679803848267
76,5229,337,1,motorcycle,0.7872146368026733,366.259521484375,5.3867363929748535,463.3460998535156,212.2226104736328,414.8028106689453,212.2226104736328,97.08657836914062,206.835874080658
76,5230,337,1,motorcycle,0.7423615455627441,369.2626953125,3.683321714401245,460.6325073242188,197.48452758789065,414.9476013183594,197.48452758789065,91.36981201171876,193.80120587348932
76,5231,337,1,motorcycle,0.6661475300788879,369.28948974609375,0.1676457673311233,462.807373046875,183.96322631835932,416.0484313964844,183.96322631835932,93.51788330078124,183.79558055102825
76,5232,337,1,motorcycle,0.7759063839912415,371.2414855957031,0.0,462.5591125488281,173.92469787597656,416.9002990722656,173.92469787597656,91.317626953125,173.92469787597656
76,5233,337,1,motorcycle,0.6651059985160828,374.0203247070313,0.0,462.1963806152344,163.19183349609375,418.1083526611328,163.19183349609375,88.17605590820312,163.19183349609375
76,5234,337,1,motorcycle,0.5078971982002258,374.8992004394531,0.0,465.551025390625,153.64993286132812,420.2251129150391,153.64993286132812,90.65182495117188,153.64993286132812
76,5236,337,1,motorcycle,0.5651735663414001,378.4299926757813,0.0,469.1681213378906,138.928466796875,423.799057006836,138.928466796875,90.73812866210938,138.928466796875
76,5237,337,1,motorcycle,0.8858575820922852,381.4870300292969,0.0,469.3379821777344,127.46290588378906,425.4125061035156,127.46290588378906,87.8509521484375,127.46290588378906
76,5238,337,1,motorcycle,0.6335955858230591,385.4418029785156,0.0,469.0849304199219,115.05502319335938,427.2633666992188,115.05502319335938,83.64312744140625,115.05502319335938
76,5239,337,1,motorcycle,0.76023268699646,392.0522155761719,0.0,467.27587890625,105.6295394897461,429.6640472412109,105.6295394897461,75.22366333007812,105.6295394897461
76,5241,337,1,motorcycle,0.755719780921936,403.8738098144531,0.0,473.1399536132813,89.68041229248047,438.5068817138672,89.68041229248047,69.26614379882812,89.68041229248047
76,5242,337,1,motorcycle,0.6094467639923096,407.1419372558594,0.0,473.0538940429688,79.5064926147461,440.09791564941406,79.5064926147461,65.91195678710938,79.5064926147461
77,5221,341,0,car,0.9456363916397096,1367.8927001953125,500.5238037109375,1914.0819091796875,1050.4588623046875,1640.9873046875,1050.4588623046875,546.189208984375,549.93505859375
77,5222,341,0,car,0.9445921182632446,1353.9935302734375,478.72216796875,1913.982421875,1020.2194213867188,1633.9879760742188,1020.2194213867188,559.9888916015625,541.4972534179688
77,5223,341,0,car,0.932986855506897,1341.9820556640625,458.2817687988281,1914.5565185546875,978.533935546875,1628.269287109375,978.533935546875,572.574462890625,520.2521667480469
77,5224,341,0,car,0.9308133125305176,1330.112548828125,437.0826721191406,1912.5577392578125,942.7032470703124,1621.3351440429688,942.7032470703124,582.4451904296875,505.6205749511719
77,5225,341,0,car,0.9360418915748596,1320.748046875,416.7255859375,1895.3382568359373,913.6779174804688,1608.0431518554688,913.6779174804688,574.5902099609375,496.9523315429688
77,5226,341,0,car,0.9438789486885072,1311.3734130859375,396.2691345214844,1869.2689208984373,876.96533203125,1590.3211669921875,876.96533203125,557.8955078125,480.6961975097656
77,5227,341,0,car,0.942574977874756,1304.61767578125,379.909423828125,1845.3253173828125,844.197021484375,1574.9714965820312,844.197021484375,540.7076416015625,464.28759765625
77,5228,341,0,car,0.9406919479370116,1292.2685546875,363.1340026855469,1823.1578369140625,822.2073364257812,1557.7131958007812,822.2073364257812,530.8892822265625,459.0733337402344
77,5229,341,0,car,0.9336445927619934,1282.3427734375,345.1976928710937,1800.14501953125,787.1921997070312,1541.243896484375,787.1921997070312,517.80224609375,441.9945068359375
77,5230,341,0,car,0.9313117265701294,1273.8248291015625,326.197021484375,1777.6590576171875,762.9459838867188,1525.741943359375,762.9459838867188,503.834228515625,436.74896240234375
77,5231,341,0,car,0.9418113231658936,1265.4609375,304.9455261230469,1755.4691162109375,738.4219360351562,1510.4650268554688,738.4219360351562,490.0081787109375,433.4764099121094
77,5232,341,0,car,0.9402635097503662,1257.729248046875,286.7124938964844,1733.995849609375,716.4578857421875,1495.862548828125,716.4578857421875,476.2666015625,429.7453918457031
77,5233,341,0,car,0.9394594430923462,1247.3233642578125,273.94146728515625,1717.6937255859375,688.751708984375,1482.508544921875,688.751708984375,470.370361328125,414.8102416992188
77,5234,341,0,car,0.9319970607757568,1238.5721435546875,262.6726989746094,1697.439208984375,661.1507568359375,1468.0056762695312,661.1507568359375,458.8670654296875,398.4780578613281
77,5235,341,0,car,0.934217929840088,1230.0565185546875,245.8897399902344,1678.895263671875,638.6534423828125,1454.4758911132812,638.6534423828125,448.8387451171875,392.7637023925781
77,5236,341,0,car,0.9343396425247192,1222.888427734375,231.08984375,1658.399658203125,619.2312622070312,1440.64404296875,619.2312622070312,435.51123046875,388.1414184570313
77,5237,341,0,car,0.9320754408836364,1215.2705078125,214.5220489501953,1642.272705078125,596.1238403320312,1428.7716064453125,596.1238403320312,427.002197265625,381.601791381836
77,5238,341,0,car,0.9350932240486144,1207.0311279296875,199.9435577392578,1624.7672119140625,568.57958984375,1415.899169921875,568.57958984375,417.736083984375,368.6360321044922
77,5239,341,0,car,0.9332644939422609,1198.5631103515625,186.79383850097656,1608.4892578125,547.7755737304688,1403.5261840820312,547.7755737304688,409.9261474609375,360.9817352294922
77,5240,341,0,car,0.9283315539360046,1191.7855224609375,170.90872192382812,1593.5380859375,532.7947998046875,1392.6618041992188,532.7947998046875,401.7525634765625,361.8860778808594
77,5241,341,0,car,0.9344395995140076,1183.1375732421875,155.5900115966797,1578.5294189453125,509.3075866699219,1380.83349609375,509.3075866699219,395.391845703125,353.7175750732422
77,5242,341,0,car,0.933524250984192,1176.113525390625,141.97268676757812,1563.86328125,488.15240478515625,1369.9884033203125,488.15240478515625,387.749755859375,346.1797180175781
77,5243,341,0,car,0.9268069863319396,1169.5322265625,127.6615982055664,1549.220458984375,466.313720703125,1359.3763427734375,466.313720703125,379.688232421875,338.6521224975586
77,5244,341,0,car,0.916309654712677,1164.236328125,116.12519073486328,1536.347412109375,448.7250061035156,1350.2918701171875,448.7250061035156,372.111083984375,332.59981536865234
77,5245,341,0,car,0.9233500957489014,1157.6370849609375,102.22833251953124,1522.06201171875,429.9541320800781,1339.8495483398438,429.9541320800781,364.4249267578125,327.7257995605469
77,5246,341,0,car,0.922990381717682,1151.8179931640625,90.39214324951172,1507.307373046875,412.12646484375,1329.5626831054688,412.12646484375,355.4893798828125,321.7343215942383
77,5247,341,0,car,0.9120379090309144,1143.999755859375,77.50321197509766,1494.1470947265625,395.9670715332031,1319.0734252929688,395.9670715332031,350.1473388671875,318.46385955810547
77,5248,341,0,car,0.9245885610580444,1138.68115234375,68.17658996582031,1484.09912109375,375.0203552246094,1311.39013671875,375.0203552246094,345.41796875,306.84376525878906
77,5249,341,0,car,0.9268389344215392,1133.876953125,55.93725204467773,1471.8450927734375,357.3931579589844,1302.8610229492188,357.3931579589844,337.9681396484375,301.45590591430664
77,5250,341,0,car,0.9232966303825378,1128.8197021484375,43.39569854736328,1459.8853759765625,340.55865478515625,1294.3525390625,340.55865478515625,331.065673828125,297.16295623779297
77,5251,341,0,car,0.9251695871353148,1123.5711669921875,29.590261459350582,1447.8653564453125,324.2186889648437,1285.71826171875,324.2186889648437,324.294189453125,294.6284275054932
77,5252,341,0,car,0.9245058298110962,1117.5225830078125,17.132169723510742,1436.2490234375,310.6260681152344,1276.8858032226562,310.6260681152344,318.7264404296875,293.49389839172363
77,5253,341,0,car,0.9223462343215942,1112.7022705078125,5.82086992263794,1423.8111572265625,294.2934265136719,1268.2567138671875,294.2934265136719,311.10888671875,288.47255659103394
77,5254,341,0,car,0.9269590973854064,1107.2225341796875,0.0,1413.2950439453125,279.6033020019531,1260.2587890625,279.6033020019531,306.072509765625,279.6033020019531
77,5255,341,0,car,0.920770227909088,1100.732666015625,0.0,1404.2630615234375,267.080810546875,1252.4978637695312,267.080810546875,303.5303955078125,267.080810546875
77,5256,341,0,car,0.9161460399627686,1095.868408203125,0.0,1394.2156982421875,254.51719665527344,1245.0420532226562,254.51719665527344,298.3472900390625,254.51719665527344
77,5257,341,0,car,0.9213916063308716,1089.954833984375,0.0,1382.46142578125,239.82388305664065,1236.2081298828125,239.82388305664065,292.506591796875,239.82388305664065
77,5258,341,0,car,0.9256297945976256,1082.68359375,0.0,1370.672119140625,226.14382934570312,1226.6778564453125,226.14382934570312,287.988525390625,226.14382934570312
77,5259,341,0,car,0.9160759449005128,1078.681884765625,0.0,1361.747802734375,212.22775268554688,1220.21484375,212.22775268554688,283.06591796875,212.22775268554688
77,5260,341,0,car,0.9184818863868712,1074.280517578125,0.0,1354.2386474609375,197.12454223632807,1214.2595825195312,197.12454223632807,279.9581298828125,197.12454223632807
77,5261,341,0,car,0.9175489544868468,1071.363525390625,0.0,1345.2574462890625,182.8328857421875,1208.3104858398438,182.8328857421875,273.8939208984375,182.8328857421875
77,5262,341,0,car,0.9187635779380798,1066.36572265625,0.0,1336.4384765625,168.5566864013672,1201.402099609375,168.5566864013672,270.07275390625,168.5566864013672
77,5263,341,0,car,0.9110692143440248,1060.698974609375,0.0,1326.2869873046875,157.2190704345703,1193.4929809570312,157.2190704345703,265.5880126953125,157.2190704345703
77,5264,341,0,car,0.8978432416915894,1056.751708984375,0.1705809831619262,1317.035400390625,146.85946655273438,1186.8935546875,146.85946655273438,260.28369140625,146.68888556957245
77,5265,341,0,car,0.8961770534515381,1050.101806640625,0.951711356639862,1312.050537109375,137.29840087890625,1181.076171875,137.29840087890625,261.94873046875,136.3466895222664
77,5266,341,0,car,0.8926082253456116,1045.3245849609375,1.8558579683303835,1302.6085205078125,123.8066177368164,1173.966552734375,123.8066177368164,257.283935546875,121.95075976848602
77,5267,341,0,car,0.894396960735321,1041.501220703125,1.1497187614440918,1293.3360595703125,111.69895935058594,1167.4186401367188,111.69895935058594,251.8348388671875,110.54924058914185
77,5268,341,0,car,0.8847945332527161,1036.5775146484375,1.5832171440124512,1285.9842529296875,100.42739868164062,1161.2808837890625,100.42739868164062,249.40673828125,98.84418153762816
77,5269,341,0,car,0.8726338148117065,1036.0240478515625,2.309072256088257,1278.3565673828125,91.0316162109375,1157.1903076171875,91.0316162109375,242.33251953125,88.72254395484924
77,5270,341,0,car,0.8639447689056396,1044.3267822265625,2.588342428207397,1270.6341552734375,81.33902740478516,1157.48046875,81.33902740478516,226.307373046875,78.75068497657776
77,5271,341,0,car,0.8682339191436768,1052.9227294921875,1.3188449144363403,1264.4139404296875,69.3287582397461,1158.6683349609375,69.3287582397461,211.4912109375,68.00991332530975
77,5272,341,0,car,0.9267244935035706,1052.316650390625,0.549565851688385,1257.6900634765625,59.321319580078125,1155.0033569335938,59.321319580078125,205.3734130859375,58.77175372838974
78,5229,344,0,car,0.945350468158722,741.1858520507812,457.9090881347656,1199.998291015625,1030.57421875,970.5920715332032,1030.57421875,458.81243896484375,572.6651306152344
78,5230,344,0,car,0.9408798217773438,739.1797485351562,437.4415588378906,1184.97216796875,988.5567626953124,962.0759582519532,988.5567626953124,445.79241943359375,551.1152038574219
78,5231,344,0,car,0.94390207529068,736.7256469726562,417.5845947265625,1175.410888671875,948.976318359375,956.0682678222656,948.976318359375,438.6852416992188,531.3917236328125
78,5232,344,0,car,0.9502142071723938,736.731689453125,396.3699340820313,1165.6990966796875,912.2365112304688,951.2153930664062,912.2365112304688,428.9674072265625,515.8665771484375
78,5233,344,0,car,0.9464446902275084,731.9061889648438,376.0392761230469,1155.6787109375,874.7850341796875,943.792449951172,874.7850341796875,423.77252197265625,498.7457580566406
78,5234,344,0,car,0.9396270513534546,732.0213012695312,359.4331970214844,1144.933349609375,840.8434448242188,938.4773254394532,840.8434448242188,412.91204833984375,481.4102478027344
78,5235,344,0,car,0.9454208612442015,730.4591064453125,343.7164306640625,1131.3243408203125,808.0712890625,930.8917236328124,808.0712890625,400.865234375,464.3548583984375
78,5236,344,0,car,0.9437078833580016,731.3697509765625,323.9667663574219,1122.0706787109375,772.2474975585938,926.72021484375,772.2474975585938,390.700927734375,448.2807312011719
78,5237,344,0,car,0.9400680661201476,730.5283813476562,301.5120849609375,1114.216064453125,742.6238403320312,922.3722229003906,742.6238403320312,383.6876831054688,441.11175537109375
78,5238,344,0,car,0.9315020442008972,725.5126342773438,285.06756591796875,1107.2991943359375,714.4021606445312,916.4059143066406,714.4021606445312,381.78656005859375,429.3345947265625
78,5239,344,0,car,0.9287158250808716,724.6673583984375,274.0332946777344,1098.484130859375,680.3992309570312,911.5757446289062,680.3992309570312,373.8167724609375,406.3659362792969
78,5240,344,0,car,0.9230227470397948,723.3736572265625,255.8824005126953,1088.678466796875,656.8295288085938,906.0260620117188,656.8295288085938,365.3048095703125,400.9471282958984
78,5241,344,0,car,0.9272834658622742,720.9202270507812,237.9219512939453,1081.0101318359375,630.2589721679688,900.9651794433594,630.2589721679688,360.08990478515625,392.3370208740234
78,5242,344,0,car,0.9399836659431458,719.8361206054688,218.62533569335932,1072.966064453125,602.771728515625,896.4010925292969,602.771728515625,353.12994384765625,384.1463928222656
78,5243,344,0,car,0.931742250919342,713.455078125,204.71229553222656,1066.974365234375,576.2960205078125,890.2147216796875,576.2960205078125,353.519287109375,371.58372497558594
78,5244,344,0,car,0.9195873141288756,715.41259765625,185.3943328857422,1058.643310546875,553.9163208007812,887.0279541015625,553.9163208007812,343.230712890625,368.5219879150391
78,5245,344,0,car,0.9204772114753724,713.0391845703125,167.29293823242188,1052.9542236328125,530.9207153320312,882.9967041015625,530.9207153320312,339.9150390625,363.6277770996094
78,5246,344,0,car,0.920307457447052,711.5891723632812,152.8022918701172,1045.0128173828125,508.7249450683594,878.3009948730469,508.7249450683594,333.42364501953125,355.9226531982422
78,5247,344,0,car,0.9187146425247192,709.0386352539062,134.80120849609375,1036.775390625,486.9508361816406,872.9070129394531,486.9508361816406,327.7367553710937,352.1496276855469
78,5248,344,0,car,0.9243696928024292,708.7490844726562,118.68730926513672,1029.529541015625,467.1761169433594,869.1393127441406,467.1761169433594,320.78045654296875,348.48880767822266
78,5249,344,0,car,0.922128438949585,708.6848754882812,102.92830657958984,1022.1749877929688,447.3113098144531,865.429931640625,447.3113098144531,313.4901123046875,344.3830032348633
78,5250,344,0,car,0.931611180305481,706.7269287109375,90.2035140991211,1015.1041259765624,425.4701232910156,860.91552734375,425.4701232910156,308.377197265625,335.26660919189453
78,5251,344,0,car,0.9269942045211792,706.0042724609375,73.14385223388672,1010.7952880859376,402.0882873535156,858.3997802734375,402.0882873535156,304.791015625,328.9444351196289
78,5252,344,0,car,0.924446940422058,703.4199829101562,61.68041229248047,1006.5489501953124,380.9322814941406,854.9844665527344,380.9322814941406,303.12896728515625,319.25186920166016
78,5253,344,0,car,0.9222016334533693,702.868896484375,48.747989654541016,999.1312866210938,363.36181640625,851.0000915527344,363.36181640625,296.26239013671875,314.613826751709
78,5254,344,0,car,0.926101803779602,702.2112426757812,31.07505798339844,991.4706420898438,347.4156799316406,846.8409423828125,347.4156799316406,289.2593994140625,316.3406219482422
78,5255,344,0,car,0.9304964542388916,699.7626342773438,20.81039428710937,986.807373046875,329.2919311523437,843.2850036621094,329.2919311523437,287.04473876953125,308.4815368652344
78,5256,344,0,car,0.9322213530540466,698.783935546875,6.769479274749756,980.6048583984376,311.0633239746094,839.6943969726562,311.0633239746094,281.8209228515625,304.2938446998596
78,5257,344,0,car,0.9306252002716064,698.849609375,0.3301291763782501,974.8034057617188,292.16094970703125,836.8265075683594,292.16094970703125,275.95379638671875,291.830820530653
78,5258,344,0,car,0.929275393486023,697.2080688476562,0.0,970.7562866210938,276.8036804199219,833.982177734375,276.8036804199219,273.5482177734375,276.8036804199219
78,5259,344,0,car,0.9223390221595764,695.6702880859375,0.0,966.9725952148438,263.4828491210937,831.3214416503906,263.4828491210937,271.30230712890625,263.4828491210937
78,5260,344,0,car,0.9247803092002868,696.5433959960938,0.0,962.5757446289062,246.4689483642578,829.5595703125,246.4689483642578,266.0323486328125,246.4689483642578
78,5261,344,0,car,0.9222249388694764,696.1336059570312,0.0,957.6267700195312,229.3396453857422,826.8801879882812,229.3396453857422,261.4931640625,229.3396453857422
78,5262,344,0,car,0.9202993512153624,695.1864624023438,0.0,952.0744018554688,213.5438690185547,823.6304321289062,213.5438690185547,256.887939453125,213.5438690185547
78,5263,344,0,car,0.9165539741516112,695.0634155273438,0.0,946.8521728515624,197.82156372070312,820.9577941894531,197.82156372070312,251.78875732421875,197.82156372070312
78,5264,344,0,car,0.9190539717674256,695.0567016601562,0.0,942.8564453125,180.7478179931641,818.9565734863281,180.7478179931641,247.7997436523437,180.7478179931641
78,5265,344,0,car,0.91287499666214,693.4596557617188,0.0,940.1160278320312,166.37001037597656,816.787841796875,166.37001037597656,246.6563720703125,166.37001037597656
78,5266,344,0,car,0.9132184982299804,692.7547607421875,0.0,935.3644409179688,154.3104248046875,814.0596008300781,154.3104248046875,242.60968017578125,154.3104248046875
78,5267,344,0,car,0.8938202857971191,691.899658203125,0.1224141269922256,931.0198364257812,141.01605224609375,811.4597473144531,141.01605224609375,239.12017822265625,140.89363811910152
78,5268,344,0,car,0.8852947950363159,692.9016723632812,0.0314961187541484,925.7428588867188,126.1676254272461,809.322265625,126.1676254272461,232.8411865234375,126.13612930849196
78,5269,344,0,car,0.8866572976112366,691.5281982421875,0.4951662719249725,924.7064819335938,111.8076629638672,808.1173400878906,111.8076629638672,233.17828369140625,111.3124966919422
78,5270,344,0,car,0.8730798363685608,691.3308715820312,2.511216402053833,921.7274169921876,99.12623596191406,806.5291442871094,99.12623596191406,230.39654541015625,96.61501955986024
78,5271,344,0,car,0.848127007484436,690.2800903320312,2.318166732788086,916.94921875,88.92076873779297,803.6146545410156,88.92076873779297,226.66912841796875,86.60260200500488
78,5272,344,0,car,0.8361149430274963,691.7246704101562,1.6323224306106567,911.8770141601562,74.35385131835938,801.8008422851562,74.35385131835938,220.15234375,72.72152888774872
78,5273,344,0,car,0.7774378657341003,693.80615234375,0.8680320978164673,909.89013671875,61.329959869384766,801.84814453125,61.329959869384766,216.083984375,60.4619277715683
79,5244,347,0,car,0.9503824710845948,0.1030824854969978,481.4440307617188,458.1814270019531,1052.3316650390625,229.14225474372503,1052.3316650390625,458.0783445164561,570.8876342773438
79,5245,347,0,car,0.9428983926773072,0.6397154331207275,460.2893676757813,462.4635314941406,1018.6665649414062,231.55162346363068,1018.6665649414062,461.8238160610199,558.377197265625
79,5246,347,0,car,0.941996932029724,0.8070008754730225,439.3375854492188,466.1006774902344,983.7228393554688,233.4538391828537,983.7228393554688,465.29367661476135,544.38525390625
79,5247,347,0,car,0.9414680004119872,1.4432756900787354,423.0621032714844,468.4727783203125,948.4281005859376,234.9580270051956,948.4281005859376,467.02950263023376,525.3659973144531
79,5248,347,0,car,0.9384464025497437,2.7240335941314697,404.0219421386719,469.1119689941406,914.2404174804688,235.91800129413605,914.2404174804688,466.3879354000092,510.2184753417969
79,5249,347,0,car,0.941961944103241,9.31718635559082,385.1559143066406,473.7721862792969,882.1939697265625,241.54468631744385,882.1939697265625,464.45499992370605,497.0380554199219
79,5250,347,0,car,0.9448221325874328,18.51972770690918,366.1135864257813,476.9953308105469,847.9549560546875,247.75752925872803,847.9549560546875,458.4756031036377,481.8413696289063
79,5251,347,0,car,0.9449581503868104,29.585527420043945,348.78515625,479.3727416992188,820.433349609375,254.4791345596313,820.433349609375,449.7872142791748,471.648193359375
79,5252,347,0,car,0.9336908459663392,44.98558807373047,331.7249450683594,484.032958984375,787.9256591796875,264.50927352905273,787.9256591796875,439.0473709106445,456.2007141113281
79,5253,347,0,car,0.9366128444671632,59.10138320922852,312.90301513671875,486.38909912109375,761.7525024414062,272.74524116516113,761.7525024414062,427.2877159118652,448.8494873046875
79,5254,347,0,car,0.9351397156715392,69.26338958740234,295.786865234375,487.41400146484375,735.8062744140625,278.33869552612305,735.8062744140625,418.1506118774414,440.0194091796875
79,5255,347,0,car,0.94182950258255,78.83595275878906,280.6449890136719,488.4371032714844,708.3556518554688,283.6365280151367,708.3556518554688,409.6011505126953,427.7106628417969
79,5256,347,0,car,0.936732292175293,91.5712661743164,264.5472106933594,492.3503112792969,679.0628051757812,291.96078872680664,679.0628051757812,400.77904510498047,414.5155944824219
79,5257,347,0,car,0.9307813048362732,102.2179718017578,248.049057006836,495.2888488769531,657.2194213867188,298.75341033935547,657.2194213867188,393.0708770751953,409.1703643798828
79,5258,347,0,car,0.9336453080177308,113.1513671875,231.6465606689453,496.3514404296875,634.3786010742188,304.7514038085937,634.3786010742188,383.2000732421875,402.73204040527344
79,5259,347,0,car,0.9303792119026184,120.78549194335938,218.14288330078125,498.65618896484375,609.4747924804688,309.7208404541016,609.4747924804688,377.8706970214844,391.3319091796875
79,5260,347,0,car,0.9225718379020692,129.0548553466797,207.2787628173828,504.3570861816406,588.6434936523438,316.70597076416016,588.6434936523438,375.30223083496094,381.36473083496094
79,5261,347,0,car,0.9244495034217834,139.7953338623047,191.4044952392578,507.4337158203125,567.0125122070312,323.6145248413086,567.0125122070312,367.6383819580078,375.60801696777344
79,5262,347,0,car,0.9282952547073364,148.7705841064453,174.9735870361328,511.5166931152344,546.2391967773438,330.14363861083984,546.2391967773438,362.74610900878906,371.2656097412109
79,5263,347,0,car,0.9298325777053832,158.67933654785156,161.13720703125,512.6902465820312,524.3699340820312,335.6847915649414,524.3699340820312,354.0109100341797,363.2327270507813
79,5264,347,0,car,0.9171627163887024,166.1377716064453,145.02212524414062,510.9542541503906,505.0619812011719,338.546012878418,505.0619812011719,344.8164825439453,360.03985595703125
79,5265,347,0,car,0.918685793876648,174.24990844726562,132.2348175048828,509.2217102050781,485.17779541015625,341.7358093261719,485.17779541015625,334.9718017578125,352.94297790527344
79,5266,347,0,car,0.917228102684021,180.2584686279297,119.90276336669922,510.4407653808594,463.29595947265625,345.34961700439453,463.29595947265625,330.1822967529297,343.39319610595703
79,5267,347,0,car,0.9158808588981628,189.37208557128903,108.67606353759766,511.5327453613281,444.06488037109375,350.4524154663086,444.06488037109375,322.16065979003906,335.3888168334961
79,5268,347,0,car,0.9204589128494264,193.8149871826172,98.55967712402344,512.3298950195312,427.3583984375,353.0724411010742,427.3583984375,318.51490783691406,328.79872131347656
79,5269,347,0,car,0.9284772276878356,199.76666259765625,82.933837890625,513.2283935546875,410.045166015625,356.4975280761719,410.045166015625,313.46173095703125,327.111328125
79,5270,347,0,car,0.9174323678016664,207.57798767089844,67.66728210449219,513.5051879882812,393.8219909667969,360.5415878295898,393.8219909667969,305.9272003173828,326.1547088623047
79,5271,347,0,car,0.9253413677215576,213.91912841796875,56.196571350097656,512.0427856445312,375.9244079589844,362.98095703125,375.9244079589844,298.1236572265625,319.7278366088867
79,5272,347,0,car,0.9309158325195312,219.9667358398437,43.60223388671875,513.4711303710938,359.0814514160156,366.7189331054688,359.0814514160156,293.50439453125,315.4792175292969
79,5273,347,0,car,0.9247836470603944,226.3332061767578,31.240720748901367,516.1981201171875,343.4076538085937,371.2656631469727,343.4076538085937,289.8649139404297,312.1669330596924
79,5274,347,0,car,0.9255580306053162,233.0680694580078,21.22660446166992,517.5758666992188,324.6131591796875,375.3219680786133,324.6131591796875,284.50779724121094,303.3865547180176
79,5275,347,0,car,0.9319897890090942,238.80699157714844,10.23751163482666,517.6353759765625,305.32037353515625,378.2211837768554,305.32037353515625,278.82838439941406,295.0828619003296
79,5276,347,0,car,0.9258960485458374,245.15122985839844,2.113325834274292,517.4319458007812,292.6333312988281,381.2915878295898,292.6333312988281,272.2807159423828,290.52000546455383
79,5277,347,0,car,0.9233409762382508,250.72341918945312,0.0,520.324951171875,280.2923278808594,385.52418518066406,280.2923278808594,269.6015319824219,280.2923278808594
79,5278,347,0,car,0.9296226501464844,256.00982666015625,0.0,521.5441284179688,266.9581604003906,388.7769775390625,266.9581604003906,265.5343017578125,266.9581604003906
79,5279,347,0,car,0.9202358722686768,260.0549011230469,0.0,523.7286987304688,257.6569519042969,391.8917999267578,257.6569519042969,263.6737976074219,257.6569519042969
79,5280,347,0,car,0.9335586428642272,263.736572265625,0.0,524.1613159179688,241.3451690673828,393.9489440917969,241.3451690673828,260.4247436523437,241.3451690673828
79,5281,347,0,car,0.9295304417610168,267.8658142089844,0.0,528.4898681640625,228.54771423339844,398.1778411865234,228.54771423339844,260.6240539550781,228.54771423339844
79,5282,347,0,car,0.9249589443206788,273.6467590332031,0.0,531.3106689453125,220.92462158203125,402.4787139892578,220.92462158203125,257.6639099121094,220.92462158203125
79,5283,347,0,car,0.9128782749176024,280.1864013671875,0.0,538.76220703125,207.3522186279297,409.4743041992188,207.3522186279297,258.5758056640625,207.3522186279297
79,5284,347,0,car,0.9150183200836182,284.4109802246094,0.0,544.7285766601562,190.93194580078125,414.5697784423828,190.93194580078125,260.3175964355469,190.93194580078125
79,5285,347,0,car,0.9263222217559814,286.2142028808594,0.0,549.932373046875,175.57675170898438,418.0732879638672,175.57675170898438,263.7181701660156,175.57675170898438
79,5286,347,0,car,0.9258471727371216,290.2704162597656,0.0,552.0819091796875,162.8170623779297,421.17616271972656,162.8170623779297,261.8114929199219,162.8170623779297
79,5287,347,0,car,0.9090596437454224,294.888916015625,0.0,553.8679809570312,150.01708984375,424.3784484863281,150.01708984375,258.97906494140625,150.01708984375
79,5288,347,0,car,0.9184668064117432,300.78765869140625,0.0,553.5652465820312,138.94752502441406,427.1764526367188,138.94752502441406,252.777587890625,138.94752502441406
79,5289,347,0,car,0.9107763171195984,306.78662109375,0.3964603245258331,552.10302734375,124.85626983642578,429.44482421875,124.85626983642578,245.31640625,124.45980951189996
79,5290,347,0,car,0.9006233811378479,311.2690734863281,0.1060536056756973,547.1148681640625,111.51890563964844,429.1919708251953,111.51890563964844,235.8457946777344,111.41285203397274
79,5291,347,0,car,0.8855023384094238,312.8565979003906,0.0,551.6512451171875,101.00982666015624,432.25392150878906,101.00982666015624,238.79464721679688,101.00982666015624
79,5292,347,0,car,0.8705465197563171,316.63330078125,0.4338575303554535,547.121337890625,89.21937561035156,431.8773193359375,89.21937561035156,230.488037109375,88.78551807999611
79,5293,347,0,car,0.8619253039360046,320.0553894042969,1.0891412496566772,548.6348266601562,78.30580139160156,434.34510803222656,78.30580139160156,228.57943725585932,77.21666014194489
79,5294,347,0,car,0.8348650336265564,323.7850646972656,0.54349684715271,550.5619506835938,64.05689239501953,437.1735076904297,64.05689239501953,226.77688598632807,63.51339554786682
79,5295,347,0,car,0.8975661993026733,326.4162292480469,0.1943747401237487,550.7032470703125,55.27939224243164,438.5597381591797,55.27939224243164,224.2870178222656,55.08501750230789
80,5288,353,0,car,0.9421813488006592,596.9594116210938,238.62680053710932,1058.525390625,1052.913330078125,827.7424011230469,1052.913330078125,461.5659790039063,814.2865295410156
80,5289,353,0,car,0.9398069977760316,602.3299560546875,222.8993225097656,1063.2708740234375,1005.964599609375,832.8004150390625,1005.964599609375,460.94091796875,783.0652770996094
80,5290,353,0,car,0.9541146159172058,600.519775390625,206.5316619873047,1059.910888671875,964.1834716796876,830.21533203125,964.1834716796876,459.39111328125,757.6518096923828
80,5291,353,0,car,0.94380384683609,604.9196166992188,184.85232543945312,1046.7930908203125,919.228271484375,825.8563537597656,919.228271484375,441.87347412109375,734.3759460449219
80,5292,353,0,car,0.9319176077842712,608.3298950195312,167.4051055908203,1037.884521484375,877.7369384765625,823.1072082519531,877.7369384765625,429.55462646484375,710.3318328857422
80,5293,353,0,car,0.9393107891082764,609.8369140625,154.8235321044922,1022.2188110351562,842.855712890625,816.0278625488281,842.855712890625,412.38189697265625,688.0321807861328
80,5294,353,0,car,0.9150730967521667,611.966552734375,138.6427459716797,1009.761962890625,805.3822631835938,810.8642578125,805.3822631835938,397.79541015625,666.7395172119141
80,5295,353,0,car,0.9285593628883362,612.3314208984375,120.7407684326172,1015.157958984375,769.608154296875,813.7446899414062,769.608154296875,402.8265380859375,648.8673858642578
80,5296,353,0,car,0.9329808354377748,613.5310668945312,104.39524841308594,1012.3997802734376,736.8577270507812,812.9654235839844,736.8577270507812,398.8687133789063,632.4624786376953
80,5297,353,0,car,0.9209825992584229,614.7014770507812,86.17965698242188,1000.7330322265624,701.82177734375,807.7172546386719,701.82177734375,386.0315551757813,615.6421203613281
80,5298,353,0,car,0.9270972609519958,613.6517333984375,69.24056243896484,998.713623046875,669.9557495117188,806.1826782226562,669.9557495117188,385.0618896484375,600.7151870727539
80,5299,353,0,car,0.9233336448669434,615.1592407226562,57.723594665527344,989.94970703125,640.8434448242188,802.5544738769531,640.8434448242188,374.79046630859375,583.1198501586914
80,5300,353,0,car,0.929909646511078,616.7346801757812,37.25000762939453,985.112548828125,614.1101684570312,800.9236145019531,614.1101684570312,368.37786865234375,576.8601608276367
80,5301,353,0,car,0.9282575845718384,617.5714721679688,21.88076972961425,980.3306274414062,581.1451416015625,798.9510498046875,581.1451416015625,362.7591552734375,559.2643718719482
80,5302,353,0,car,0.9308798313140868,617.3596801757812,9.818202018737791,971.5731811523438,557.2096557617188,794.4664306640625,557.2096557617188,354.2135009765625,547.391453742981
80,5303,353,0,car,0.9336564540863036,618.1680297851562,0.0,972.145263671875,534.1627807617188,795.1566467285156,534.1627807617188,353.97723388671875,534.1627807617188
80,5304,353,0,car,0.9248863458633424,619.3833618164062,0.0,969.8219604492188,507.8506164550781,794.6026611328125,507.8506164550781,350.4385986328125,507.8506164550781
80,5305,353,0,car,0.9181356430053712,621.2428588867188,0.0,967.1661987304688,482.4546203613281,794.2045288085938,482.4546203613281,345.92333984375,482.4546203613281
80,5306,353,0,car,0.918358325958252,621.3484497070312,0.0,960.1730346679688,463.7303466796875,790.7607421875,463.7303466796875,338.8245849609375,463.7303466796875
80,5307,353,0,car,0.9166721701622008,626.1255493164062,0.0,955.092041015625,441.9970397949219,790.6087951660156,441.9970397949219,328.96649169921875,441.9970397949219
80,5308,353,0,car,0.93059504032135,627.9351806640625,0.0,949.7064208984376,417.267822265625,788.82080078125,417.267822265625,321.771240234375,417.267822265625
80,5309,353,0,car,0.9228053689002992,630.372802734375,0.0,945.821044921875,393.6900939941406,788.096923828125,393.6900939941406,315.4482421875,393.6900939941406
80,5310,353,0,car,0.9190117716789246,631.8798828125,0.0,942.0553588867188,369.7780151367188,786.9676208496094,369.7780151367188,310.17547607421875,369.7780151367188
80,5311,353,0,car,0.9184194207191468,636.2870483398438,0.4949955940246582,940.5775756835938,349.9970092773437,788.4323120117188,349.9970092773437,304.29052734375,349.5020136833191
80,5312,353,0,car,0.9152246713638306,634.8297729492188,6.531978607177734,932.0628051757812,328.97235107421875,783.4462890625,328.97235107421875,297.2330322265625,322.440372467041
80,5313,353,0,car,0.9283775687217712,635.4137573242188,3.627888441085816,926.9015502929688,310.86492919921875,781.1576538085938,310.86492919921875,291.48779296875,307.23704075813293
80,5314,353,0,car,0.9289340376853944,636.6215209960938,1.5138282775878906,924.8231811523438,297.8891296386719,780.7223510742188,297.8891296386719,288.20166015625,296.375301361084
80,5315,353,0,car,0.9155797958374025,639.7755737304688,0.2480818331241607,925.0521850585938,284.5789794921875,782.4138793945312,284.5789794921875,285.276611328125,284.33089765906334
80,5316,353,0,car,0.9111915230751038,640.4825439453125,2.2262537479400635,922.873291015625,269.66436767578125,781.6779174804688,269.66436767578125,282.3907470703125,267.4381139278412
80,5317,353,0,car,0.8961531519889832,641.4512939453125,1.432341456413269,921.0005493164062,259.9486694335937,781.2259216308594,259.9486694335937,279.5492553710937,258.5163279771805
80,5318,353,0,car,0.9025263786315918,640.6529541015625,1.72809636592865,917.155029296875,239.33908081054688,778.9039916992188,239.33908081054688,276.5020751953125,237.61098444461825
80,5319,353,0,car,0.8989824056625366,643.7352294921875,2.083638906478882,913.1635131835938,219.1996459960937,778.4493713378906,219.1996459960937,269.42828369140625,217.11600708961487
80,5320,353,0,car,0.8912318348884583,644.2091064453125,1.12312650680542,908.7268676757812,203.5036773681641,776.4679870605469,203.5036773681641,264.51776123046875,202.38055086135864
80,5321,353,0,car,0.9067384004592896,640.8744506835938,0.0962278097867965,906.7283935546876,183.7244110107422,773.8014221191406,183.7244110107422,265.8539428710937,183.6281832009554
80,5322,353,0,car,0.9085636138916016,641.0847778320312,0.6261941194534302,903.3978271484376,166.11387634277344,772.2413024902344,166.11387634277344,262.31304931640625,165.48768222332
80,5323,353,0,car,0.9041739702224731,639.319580078125,1.2401686906814575,900.915283203125,156.1640167236328,770.117431640625,156.1640167236328,261.595703125,154.92384803295135
80,5324,353,0,car,0.8531257510185242,636.6509399414062,1.8744785785675049,897.286376953125,142.3406982421875,766.9686584472656,142.3406982421875,260.63543701171875,140.46621966362
80,5325,353,0,car,0.8986035585403442,636.4842529296875,0.4031245410442352,895.9474487304688,124.46839141845705,766.2158508300781,124.46839141845705,259.46319580078125,124.0652668774128
80,5326,353,0,car,0.8866353631019592,637.6387939453125,1.0713250637054443,895.03466796875,114.28148651123048,766.3367309570312,114.28148651123048,257.3958740234375,113.21016144752502
80,5327,353,0,car,0.886623203754425,638.37548828125,1.1073766946792605,890.425048828125,106.14492797851562,764.4002685546875,106.14492797851562,252.049560546875,105.03755128383636
80,5328,353,0,car,0.8718908429145813,640.5341796875,3.0339043140411377,888.1077270507812,97.7770538330078,764.3209533691406,97.7770538330078,247.57354736328125,94.74314951896667
80,5329,353,0,car,0.8514096140861511,643.3186645507812,2.7433738708496094,884.993408203125,88.81559753417969,764.1560363769531,88.81559753417969,241.6747436523437,86.07222366333008
80,5330,353,0,car,0.8497443199157715,645.1124267578125,1.6670074462890625,883.419677734375,72.41655731201172,764.2660522460938,72.41655731201172,238.3072509765625,70.74954986572266
80,5331,353,0,car,0.8162605166435242,646.4466552734375,0.9686312675476074,880.7549438476562,63.3427619934082,763.6007995605469,63.3427619934082,234.30828857421875,62.3741307258606
81,5298,355,0,car,0.9256740212440492,1295.6322021484375,438.5061645507813,1919.815185546875,1050.502685546875,1607.7236938476562,1050.502685546875,624.1829833984375,611.9965209960938
81,5299,355,0,car,0.9338515400886536,1284.2540283203125,415.0769348144531,1920.0,1012.74169921875,1602.1270141601562,1012.74169921875,635.7459716796875,597.6647644042969
81,5300,355,0,car,0.9302256107330322,1268.82861328125,390.7863159179688,1917.8436279296875,970.7163696289062,1593.3361206054688,970.7163696289062,649.0150146484375,579.9300537109375
81,5301,355,0,car,0.9331613183021544,1258.345458984375,362.2522277832031,1892.729248046875,927.0338134765624,1575.537353515625,927.0338134765624,634.3837890625,564.7815856933594
81,5302,355,0,car,0.9213971495628356,1248.12548828125,340.7196960449219,1870.734619140625,882.5491943359375,1559.4300537109375,882.5491943359375,622.609130859375,541.8294982910156
81,5303,355,0,car,0.9332045316696168,1238.7996826171875,319.5137023925781,1844.830322265625,845.9782104492188,1541.8150024414062,845.9782104492188,606.0306396484375,526.4645080566406
81,5304,355,0,car,0.8676599264144897,1227.305419921875,295.615966796875,1815.0262451171875,808.9992065429688,1521.1658325195312,808.9992065429688,587.7208251953125,513.3832397460938
81,5305,355,0,car,0.9108405113220216,1219.4766845703125,279.4786376953125,1788.589599609375,775.5294189453125,1504.0331420898438,775.5294189453125,569.1129150390625,496.05078125
81,5306,355,0,car,0.9280511736869812,1212.3455810546875,267.4944763183594,1759.9775390625,743.8482666015625,1486.1615600585938,743.8482666015625,547.6319580078125,476.3537902832031
81,5307,355,0,car,0.9318363666534424,1204.2041015625,247.3007354736328,1733.722900390625,717.1612548828125,1468.9635009765625,717.1612548828125,529.518798828125,469.8605194091797
81,5308,355,0,car,0.9312026500701904,1195.712890625,229.3143310546875,1713.0455322265625,681.6043701171875,1454.3792114257812,681.6043701171875,517.3326416015625,452.2900390625
81,5309,355,0,car,0.9301212430000304,1184.84228515625,209.97299194335932,1694.0673828125,653.0331420898438,1439.454833984375,653.0331420898438,509.22509765625,443.0601501464844
81,5310,355,0,car,0.9138517379760742,1174.2633056640625,195.9781188964844,1671.34423828125,625.0509033203125,1422.8037719726562,625.0509033203125,497.0809326171875,429.0727844238281
81,5311,355,0,car,0.9188216924667358,1165.7032470703125,178.92691040039062,1647.4534912109375,599.5859375,1406.578369140625,599.5859375,481.750244140625,420.6590270996094
81,5312,355,0,car,0.9161033630371094,1159.8671875,162.92002868652344,1628.8077392578125,575.1353149414062,1394.3374633789062,575.1353149414062,468.9405517578125,412.2152862548828
81,5313,355,0,car,0.9265153408050536,1151.0615234375,145.59933471679688,1610.830322265625,549.47900390625,1380.9459228515625,549.47900390625,459.768798828125,403.8796691894531
81,5314,355,0,car,0.9125495553016664,1142.8218994140625,129.71304321289062,1593.224853515625,532.0572509765625,1368.0233764648438,532.0572509765625,450.4029541015625,402.3442077636719
81,5315,355,0,car,0.9075713157653807,1133.766357421875,114.82169342041016,1570.718505859375,509.4776611328125,1352.242431640625,509.4776611328125,436.9521484375,394.6559677124024
81,5316,355,0,car,0.9143339395523072,1128.04931640625,100.2192153930664,1555.0701904296875,485.5181884765625,1341.5597534179688,485.5181884765625,427.0208740234375,385.2989730834961
81,5317,355,0,car,0.92830491065979,1122.4554443359375,86.16490936279297,1537.093505859375,468.727294921875,1329.7744750976562,468.727294921875,414.6380615234375,382.562385559082
81,5318,355,0,car,0.9315081238746644,1116.2696533203125,73.72833251953125,1522.3382568359375,447.7215576171875,1319.303955078125,447.7215576171875,406.068603515625,373.99322509765625
81,5319,355,0,car,0.9254845976829528,1108.2188720703125,58.05022048950195,1508.446533203125,431.3857116699219,1308.3327026367188,431.3857116699219,400.2276611328125,373.3354911804199
81,5320,355,0,car,0.8963912725448608,1101.2506103515625,40.64118576049805,1495.6343994140625,409.14202880859375,1298.4425048828125,409.14202880859375,394.3837890625,368.5008430480957
81,5321,355,0,car,0.9276688694953918,1093.9569091796875,28.62263870239257,1483.360595703125,390.6417541503906,1288.6587524414062,390.6417541503906,389.4036865234375,362.0191154479981
81,5322,355,0,car,0.9269290566444396,1085.35986328125,15.25539493560791,1470.6148681640625,372.89154052734375,1277.9873657226562,372.89154052734375,385.2550048828125,357.63614559173584
81,5323,355,0,car,0.9276552200317384,1080.0186767578125,3.172177314758301,1457.2801513671875,358.2254638671875,1268.6494140625,358.2254638671875,377.261474609375,355.0532865524292
81,5324,355,0,car,0.9302912950515748,1075.9080810546875,0.0,1443.681884765625,338.0312805175781,1259.7949829101562,338.0312805175781,367.7738037109375,338.0312805175781
81,5325,355,0,car,0.928815484046936,1071.272705078125,0.0,1432.3369140625,316.0631103515625,1251.8048095703125,316.0631103515625,361.064208984375,316.0631103515625
81,5326,355,0,car,0.9304731488227844,1064.6072998046875,0.0,1419.1405029296875,298.1944274902344,1241.8739013671875,298.1944274902344,354.533203125,298.1944274902344
81,5327,355,0,car,0.9248285293579102,1058.439453125,0.0,1407.4241943359375,281.0374755859375,1232.9318237304688,281.0374755859375,348.9847412109375,281.0374755859375
81,5328,355,0,car,0.9318574666976928,1053.2884521484375,0.0,1397.599365234375,266.9361267089844,1225.4439086914062,266.9361267089844,344.3109130859375,266.9361267089844
81,5329,355,0,car,0.927956521511078,1048.338623046875,0.0,1386.010498046875,256.1548156738281,1217.174560546875,256.1548156738281,337.671875,256.1548156738281
81,5330,355,0,car,0.9156870245933532,1041.4161376953125,0.0,1373.123046875,240.470703125,1207.2695922851562,240.470703125,331.7069091796875,240.470703125
81,5331,355,0,car,0.916533350944519,1036.6435546875,0.8795698881149292,1359.810546875,226.12384033203125,1198.22705078125,226.12384033203125,323.1669921875,225.24427044391632
81,5332,355,0,car,0.9185733795166016,1032.2950439453125,0.5674853324890137,1349.890625,213.69851684570312,1191.0928344726562,213.69851684570312,317.5955810546875,213.1310315132141
81,5333,355,0,car,0.9279547333717346,1028.4398193359375,0.3226930797100067,1340.343505859375,196.2748565673828,1184.3916625976562,196.2748565673828,311.9036865234375,195.9521634876728
81,5334,355,0,car,0.9186558723449708,1023.0383911132812,0.1013890579342842,1327.9625244140625,179.4065704345703,1175.500457763672,179.4065704345703,304.92413330078125,179.30518137663603
81,5335,355,0,car,0.909451425075531,1016.8665771484376,0.7075387239456177,1317.10498046875,165.62493896484375,1166.9857788085938,165.62493896484375,300.2384033203125,164.91740024089813
81,5336,355,0,car,0.9058150053024292,1013.9869384765624,1.3525625467300415,1310.0755615234375,154.6059112548828,1162.03125,154.6059112548828,296.088623046875,153.25334870815277
81,5337,355,0,car,0.8939362168312073,1008.0617065429688,1.3782470226287842,1302.688232421875,144.3165283203125,1155.374969482422,144.3165283203125,294.62652587890625,142.93828129768372
81,5338,355,0,car,0.8857453465461731,1002.5812377929688,1.51460063457489,1294.1295166015625,129.2747802734375,1148.3553771972656,129.2747802734375,291.5482788085937,127.7601796388626
81,5339,355,0,car,0.8852964639663696,1000.3516845703124,1.7473760843276978,1283.9400634765625,117.6841278076172,1142.1458740234375,117.6841278076172,283.58837890625,115.93675172328948
81,5340,355,0,car,0.880377471446991,1003.0772094726562,1.7221078872680664,1274.6614990234375,104.86661529541016,1138.8693542480469,104.86661529541016,271.58428955078125,103.14450740814208
81,5341,355,0,car,0.8716691136360168,1007.3526000976562,1.523605465888977,1265.7105712890625,96.09276580810548,1136.5315856933594,96.09276580810548,258.35797119140625,94.56916034221648
81,5342,355,0,car,0.8709688186645508,1013.5390625,1.7780097723007202,1257.5264892578125,85.92330169677734,1135.5327758789062,85.92330169677734,243.9874267578125,84.14529192447662
81,5343,355,0,car,0.8682557940483093,1015.0834350585938,0.9787826538085938,1248.3026123046875,72.95183563232422,1131.6930236816406,72.95183563232422,233.2191772460937,71.97305297851562
81,5344,355,0,car,0.8338888883590698,1016.7369384765624,0.1968101859092712,1241.7103271484375,60.23249435424805,1129.2236328125,60.23249435424805,224.973388671875,60.035684168338776
82,5366,360,0,car,0.9059526920318604,1323.06591796875,474.7430114746094,1917.5423583984373,1058.2352294921875,1620.3041381835938,1058.2352294921875,594.4764404296875,583.4922180175781
82,5367,360,0,car,0.8877363801002502,1295.510498046875,438.3837585449219,1919.3314208984373,1050.91015625,1607.4209594726562,1050.91015625,623.8209228515625,612.5263977050781
82,5368,360,0,car,0.936867356300354,1276.6650390625,405.4431762695313,1920.0,1013.8950805664062,1598.33251953125,1013.8950805664062,643.3349609375,608.451904296875
82,5369,360,0,car,0.9320219159126282,1260.3353271484375,379.84906005859375,1920.0,969.7658081054688,1590.1676635742188,969.7658081054688,659.6646728515625,589.916748046875
82,5370,360,0,car,0.9323558807373048,1244.14013671875,356.6151733398437,1914.1768798828125,923.67724609375,1579.1585083007812,923.67724609375,670.0367431640625,567.0620727539062
82,5371,360,0,car,0.9381006956100464,1229.70751953125,334.1758117675781,1890.4310302734373,875.5521240234375,1560.0692749023438,875.5521240234375,660.7235107421875,541.3763122558594
82,5372,360,0,car,0.935823142528534,1222.933837890625,305.744873046875,1860.192138671875,836.415771484375,1541.56298828125,836.415771484375,637.25830078125,530.6708984375
82,5373,360,0,car,0.939562737941742,1212.5531005859375,283.70947265625,1830.1329345703125,795.2723999023438,1521.343017578125,795.2723999023438,617.579833984375,511.56292724609375
82,5374,360,0,car,0.9323013424873352,1205.995361328125,265.96881103515625,1802.2269287109373,763.51513671875,1504.1111450195312,763.51513671875,596.2315673828125,497.54632568359375
82,5375,360,0,car,0.9371939301490784,1198.3365478515625,246.30123901367188,1771.3765869140625,731.588623046875,1484.8565673828125,731.588623046875,573.0400390625,485.2873840332031
82,5376,360,0,car,0.9369187355041504,1186.4586181640625,226.3724822998047,1743.2115478515625,693.576904296875,1464.8350830078125,693.576904296875,556.7529296875,467.2044219970703
82,5377,360,0,car,0.946999728679657,1175.428466796875,204.59278869628903,1720.76708984375,659.1372680664062,1448.0977783203125,659.1372680664062,545.338623046875,454.5444793701172
82,5378,360,0,car,0.9357677698135376,1170.71826171875,185.72427368164065,1695.3958740234375,630.5922241210938,1433.0570678710938,630.5922241210938,524.6776123046875,444.8679504394531
82,5379,360,0,car,0.9347295761108398,1161.6246337890625,165.04469299316406,1669.32177734375,601.11767578125,1415.4732055664062,601.11767578125,507.6971435546875,436.07298278808594
82,5380,360,0,car,0.9342892169952391,1154.42431640625,149.74484252929688,1646.600830078125,573.1832885742188,1400.5125732421875,573.1832885742188,492.176513671875,423.4384460449219
82,5381,360,0,car,0.938736855983734,1144.91796875,133.21681213378906,1626.9815673828125,546.1920166015625,1385.9497680664062,546.1920166015625,482.0635986328125,412.97520446777344
82,5382,360,0,car,0.9426001906394958,1137.353759765625,111.36911010742188,1607.1436767578125,522.0771484375,1372.2487182617188,522.0771484375,469.7899169921875,410.7080383300781
82,5383,360,0,car,0.947319507598877,1126.8477783203125,95.47483825683594,1585.5762939453125,496.20025634765625,1356.2120361328125,496.20025634765625,458.728515625,400.7254180908203
82,5384,360,0,car,0.93440979719162,1120.4010009765625,82.98693084716797,1562.847412109375,472.389404296875,1341.6242065429688,472.389404296875,442.4464111328125,389.40247344970703
82,5385,360,0,car,0.9318180084228516,1113.111572265625,65.99795532226562,1545.1593017578125,449.868896484375,1329.1354370117188,449.868896484375,432.0477294921875,383.8709411621094
82,5386,360,0,car,0.9371880292892456,1106.0343017578125,47.32619857788086,1528.0057373046875,427.6335754394531,1317.02001953125,427.6335754394531,421.971435546875,380.30737686157227
82,5387,360,0,car,0.9429110288619996,1098.4892578125,30.264036178588867,1513.580322265625,409.0531921386719,1306.0347900390625,409.0531921386719,415.091064453125,378.789155960083
82,5388,360,0,car,0.9491741061210632,1092.1971435546875,12.104280471801758,1500.0587158203125,384.6190490722656,1296.1279296875,384.6190490722656,407.861572265625,372.5147686004639
82,5389,360,0,car,0.936525285243988,1084.6278076171875,0.6374549269676208,1485.8712158203125,366.560546875,1285.24951171875,366.560546875,401.243408203125,365.9230919480324
82,5390,360,0,car,0.9205891489982604,1075.159912109375,0.0,1473.084228515625,344.0484313964844,1274.1220703125,344.0484313964844,397.92431640625,344.0484313964844
82,5391,360,0,car,0.9324793219566344,1071.2269287109375,0.0,1457.7913818359375,324.84814453125,1264.5091552734375,324.84814453125,386.564453125,324.84814453125
82,5392,360,0,car,0.9241782426834106,1066.7001953125,0.0,1443.926025390625,305.5133972167969,1255.3131103515625,305.5133972167969,377.225830078125,305.5133972167969
82,5393,360,0,car,0.9281601309776306,1062.938232421875,0.0,1428.9898681640625,287.16461181640625,1245.9640502929688,287.16461181640625,366.0516357421875,287.16461181640625
82,5394,360,0,car,0.9236853122711182,1054.903564453125,0.0,1415.2435302734375,272.1145935058594,1235.0735473632812,272.1145935058594,360.3399658203125,272.1145935058594
82,5395,360,0,car,0.9254306554794312,1049.9244384765625,0.0,1404.0010986328125,257.5393981933594,1226.9627685546875,257.5393981933594,354.07666015625,257.5393981933594
82,5396,360,0,car,0.915976881980896,1044.4246826171875,0.0,1392.95947265625,240.85031127929688,1218.6920776367188,240.85031127929688,348.5347900390625,240.85031127929688
82,5397,360,0,car,0.9186130166053772,1039.3917236328125,0.0,1379.2469482421875,224.3251800537109,1209.3193359375,224.3251800537109,339.855224609375,224.3251800537109
82,5398,360,0,car,0.911918044090271,1034.0001220703125,0.5798308849334717,1366.5679931640625,211.1158447265625,1200.2840576171875,211.1158447265625,332.56787109375,210.53601384162903
82,5399,360,0,car,0.92164546251297,1031.59814453125,1.1182537078857422,1354.9091796875,194.8573455810547,1193.253662109375,194.8573455810547,323.31103515625,193.7390918731689
82,5400,360,0,car,0.9233949184417723,1027.494384765625,0.8895151019096375,1343.981201171875,176.3931121826172,1185.73779296875,176.3931121826172,316.48681640625,175.50359708070755
82,5401,360,0,car,0.913402497768402,1024.28369140625,1.08243727684021,1333.7657470703125,162.50926208496094,1179.0247192382812,162.50926208496094,309.4820556640625,161.42682480812073
82,5402,360,0,car,0.9002856612205505,1017.5885620117188,1.721460461616516,1322.397705078125,150.05198669433594,1169.993133544922,150.05198669433594,304.80914306640625,148.33052623271942
82,5403,360,0,car,0.9006410837173462,1012.3855590820312,2.2668824195861816,1313.1981201171875,140.96951293945312,1162.7918395996094,140.96951293945312,300.81256103515625,138.70263051986694
82,5404,360,0,car,0.8959434032440186,1006.6520385742188,2.497174024581909,1305.1583251953125,125.05289459228516,1155.9051818847656,125.05289459228516,298.5062866210937,122.55572056770325
82,5405,360,0,car,0.8915501832962036,1007.380126953125,1.965852856636048,1296.0478515625,112.0375747680664,1151.7139892578125,112.0375747680664,288.667724609375,110.07172191143036
82,5406,360,0,car,0.8812313675880432,1014.1201171875,1.2540383338928225,1287.068603515625,100.77693176269533,1150.5943603515625,100.77693176269533,272.948486328125,99.52289342880248
82,5407,360,0,car,0.8704536557197571,1019.4494018554688,2.3671140670776367,1277.6854248046875,91.45355987548828,1148.567413330078,91.45355987548828,258.23602294921875,89.08644580841064
82,5408,360,0,car,0.8742766976356506,1022.22802734375,2.399111032485962,1268.2879638671875,77.91217803955078,1145.2579956054688,77.91217803955078,246.0599365234375,75.51306700706482
82,5409,360,0,car,0.8539459109306335,1019.7461547851562,1.3625661134719849,1259.335693359375,62.990840911865234,1139.5409240722656,62.990840911865234,239.58953857421875,61.62827479839325
82,5410,360,0,car,0.8067338466644287,1013.3510131835938,0.1526619493961334,1252.6939697265625,51.84762573242188,1133.022491455078,51.84762573242188,239.34295654296875,51.69496378302574
83,5411,368,0,car,0.9301630854606628,1343.321533203125,444.753173828125,1919.935791015625,1019.3441162109376,1631.628662109375,1019.3441162109376,576.6142578125,574.5909423828125
83,5412,368,0,car,0.9361698627471924,1327.414794921875,416.3822021484375,1920.0,966.0851440429688,1623.7073974609375,966.0851440429688,592.585205078125,549.7029418945312
83,5413,368,0,car,0.9308168292045592,1308.385009765625,386.2345581054688,1918.09033203125,919.4730834960938,1613.2376708984375,919.4730834960938,609.705322265625,533.238525390625
83,5414,368,0,car,0.9346393942832948,1295.1026611328125,361.2910461425781,1902.0164794921875,870.460205078125,1598.5595703125,870.460205078125,606.913818359375,509.1691589355469
83,5415,368,0,car,0.9356347322463988,1281.9193115234375,335.8532409667969,1868.365478515625,823.7075805664062,1575.1423950195312,823.7075805664062,586.4461669921875,487.8543395996094
83,5416,368,0,car,0.9280385375022888,1264.8125,304.48114013671875,1834.5601806640625,779.5553588867188,1549.6863403320312,779.5553588867188,569.7476806640625,475.07421875
83,5417,368,0,car,0.934881031513214,1253.651123046875,279.1175231933594,1801.7996826171875,739.100341796875,1527.7254028320312,739.100341796875,548.1485595703125,459.9828186035156
83,5418,368,0,car,0.9399136304855348,1241.01025390625,264.0055847167969,1766.355224609375,696.0355834960938,1503.6827392578125,696.0355834960938,525.344970703125,432.0299987792969
83,5419,368,0,car,0.9320760369300842,1230.6815185546875,244.7394256591797,1735.345703125,656.4417114257812,1483.0136108398438,656.4417114257812,504.6641845703125,411.7022857666016
83,5420,368,0,car,0.9358702898025512,1221.0037841796875,225.2705078125,1708.6622314453125,622.1630859375,1464.8330078125,622.1630859375,487.658447265625,396.892578125
83,5421,368,0,car,0.946008563041687,1206.8603515625,200.898681640625,1677.91650390625,584.2359619140625,1442.388427734375,584.2359619140625,471.05615234375,383.3372802734375
83,5422,368,0,car,0.9454530477523804,1193.335693359375,181.3099975585937,1649.6202392578125,549.3192138671875,1421.4779663085938,549.3192138671875,456.2845458984375,368.00921630859375
83,5423,368,0,car,0.9361175298690796,1178.4298095703125,162.43531799316406,1625.1690673828125,527.626220703125,1401.7994384765625,527.626220703125,446.7392578125,365.19090270996094
83,5424,368,0,car,0.9385113716125488,1170.8306884765625,146.38873291015625,1602.8701171875,497.9063415527344,1386.8504028320312,497.9063415527344,432.0394287109375,351.5176086425781
83,5425,368,0,car,0.941250205039978,1162.14013671875,127.9286117553711,1578.759765625,471.3812561035156,1370.449951171875,471.3812561035156,416.61962890625,343.45264434814453
83,5426,368,0,car,0.9279009699821472,1153.552001953125,105.78076934814452,1554.9677734375,441.7716674804688,1354.2598876953125,441.7716674804688,401.415771484375,335.9908981323242
83,5427,368,0,car,0.931816577911377,1144.013671875,89.06339263916016,1539.762939453125,415.9521789550781,1341.8883056640625,415.9521789550781,395.749267578125,326.888786315918
83,5428,368,0,car,0.9176353216171264,1135.08251953125,71.38665008544922,1523.084228515625,392.206787109375,1329.0833740234375,392.206787109375,388.001708984375,320.8201370239258
83,5429,368,0,car,0.9309030175209044,1128.010986328125,52.96607208251953,1505.69189453125,369.3942565917969,1316.8514404296875,369.3942565917969,377.680908203125,316.42818450927734
83,5430,368,0,car,0.9228264689445496,1121.9840087890625,38.39061737060547,1488.50048828125,347.2427978515625,1305.2422485351562,347.2427978515625,366.5164794921875,308.85218048095703
83,5431,368,0,car,0.9261826872825624,1114.529052734375,19.630491256713867,1471.48681640625,327.282470703125,1293.0079345703125,327.282470703125,356.957763671875,307.65197944641113
83,5432,368,0,car,0.9296902418136596,1107.1070556640625,5.190552234649658,1455.5184326171875,304.98388671875,1281.312744140625,304.98388671875,348.411376953125,299.79333448410034
83,5433,368,0,car,0.9268309473991394,1099.46484375,0.0,1439.2286376953125,283.8409729003906,1269.3467407226562,283.8409729003906,339.7637939453125,283.8409729003906
83,5434,368,0,car,0.9193684458732604,1091.0736083984375,0.0,1424.6895751953125,267.5072021484375,1257.881591796875,267.5072021484375,333.615966796875,267.5072021484375
83,5435,368,0,car,0.9192821979522704,1083.8109130859375,0.0,1409.7978515625,253.9301147460937,1246.8043823242188,253.9301147460937,325.9869384765625,253.9301147460937
83,5436,368,0,car,0.9247980117797852,1077.671142578125,0.0,1396.1436767578125,238.8410186767578,1236.9074096679688,238.8410186767578,318.4725341796875,238.8410186767578
83,5437,368,0,car,0.923084020614624,1073.3515625,0.0,1381.0408935546875,217.6078186035156,1227.1962280273438,217.6078186035156,307.6893310546875,217.6078186035156
83,5438,368,0,car,0.9227710366249084,1068.3077392578125,0.0,1367.582275390625,198.88092041015625,1217.9450073242188,198.88092041015625,299.2745361328125,198.88092041015625
83,5439,368,0,car,0.9195531606674194,1063.2158203125,0.0,1355.175537109375,184.3958740234375,1209.1956787109375,184.3958740234375,291.959716796875,184.3958740234375
83,5440,368,0,car,0.9143847823143004,1056.9378662109375,0.0,1343.5941162109375,164.11587524414062,1200.2659912109375,164.11587524414062,286.65625,164.11587524414062
83,5441,368,0,car,0.9025760889053344,1050.34716796875,0.0,1333.9346923828125,151.88890075683594,1192.1409301757812,151.88890075683594,283.5875244140625,151.88890075683594
83,5442,368,0,car,0.9024837613105774,1046.2913818359375,0.0,1321.844482421875,138.64390563964844,1184.0679321289062,138.64390563964844,275.5531005859375,138.64390563964844
83,5443,368,0,car,0.8974719047546387,1040.864501953125,0.5252875089645386,1312.15380859375,120.18924713134766,1176.5091552734375,120.18924713134766,271.289306640625,119.66395962238312
83,5444,368,0,car,0.8908732533454895,1035.7913818359375,1.1937482357025146,1302.25634765625,107.02263641357422,1169.0238647460938,107.02263641357422,266.4649658203125,105.8288881778717
83,5445,368,0,car,0.8809518218040466,1034.1368408203125,2.5989840030670166,1290.953369140625,96.87360382080078,1162.5451049804688,96.87360382080078,256.8165283203125,94.27461981773376
83,5446,368,0,car,0.8659186959266663,1040.1099853515625,2.386165142059326,1281.6568603515625,87.69849395751953,1160.8834228515625,87.69849395751953,241.546875,85.3123288154602
83,5447,368,0,car,0.8526800870895386,1044.3704833984375,1.3153996467590332,1273.49755859375,73.57735443115234,1158.9340209960938,73.57735443115234,229.1270751953125,72.26195478439331
83,5448,368,0,car,0.8481289744377136,1050.52587890625,0.2541835606098175,1267.381103515625,61.00331878662109,1158.9534912109375,61.00331878662109,216.855224609375,60.74913522601128
84,5426,370,0,car,0.7607818841934204,648.2823486328125,420.5338439941406,1095.04150390625,1047.806396484375,871.6619262695312,1047.806396484375,446.7591552734375,627.2725524902344
84,5427,370,2,others,0.715201199054718,650.8555297851562,388.1040649414063,1089.0899658203125,983.0743408203124,869.9727478027344,983.0743408203124,438.23443603515625,594.9702758789062
84,5428,370,0,car,0.8915891051292419,649.9390869140625,354.2991027832031,1072.929443359375,915.8037719726562,861.4342651367188,915.8037719726562,422.9903564453125,561.5046691894531
84,5429,370,0,car,0.7264416217803955,649.6710205078125,320.53143310546875,1063.257080078125,854.5755004882812,856.4640502929688,854.5755004882812,413.5860595703125,534.0440673828125
84,5430,370,2,others,0.7810181379318237,651.5751342773438,294.19256591796875,1052.7264404296875,795.3676147460938,852.1507873535156,795.3676147460938,401.15130615234375,501.175048828125
84,5431,370,2,others,0.8220057487487793,651.028564453125,269.9290771484375,1044.2391357421875,747.68701171875,847.6338500976562,747.68701171875,393.2105712890625,477.7579345703125
84,5432,370,2,others,0.7590556144714355,651.7685546875,240.02362060546875,1033.1463623046875,694.7349853515625,842.4574584960938,694.7349853515625,381.3778076171875,454.71136474609375
84,5433,370,2,others,0.7626051902770996,654.2266235351562,212.53065490722656,1024.2216796875,659.4137573242188,839.2241516113281,659.4137573242188,369.99505615234375,446.8831024169922
84,5434,370,0,car,0.7296509146690369,656.4242553710938,191.151123046875,1016.7634887695312,617.5720825195312,836.5938720703125,617.5720825195312,360.3392333984375,426.42095947265625
84,5435,370,2,others,0.7114759683609009,656.7623901367188,167.1627197265625,1007.9112548828124,574.6729736328125,832.3368225097656,574.6729736328125,351.1488647460937,407.51025390625
84,5436,370,0,car,0.5805820822715759,655.614013671875,146.07546997070312,999.1853637695312,538.203369140625,827.3996887207031,538.203369140625,343.57135009765625,392.1278991699219
84,5437,370,0,car,0.7635772824287415,651.9024658203125,121.57254791259766,992.004638671875,503.8492126464844,821.9535522460938,503.8492126464844,340.1021728515625,382.2766647338867
84,5438,370,0,car,0.7337632775306702,653.18701171875,102.5474624633789,983.2368774414062,472.5856323242188,818.2119445800781,472.5856323242188,330.04986572265625,370.03816986083984
84,5439,370,0,car,0.8575392961502075,654.6219482421875,84.95951843261719,977.7179565429688,442.37152099609375,816.1699523925781,442.37152099609375,323.09600830078125,357.41200256347656
84,5440,370,0,car,0.880659282207489,656.98095703125,65.12019348144531,972.7052001953124,410.37445068359375,814.8430786132812,410.37445068359375,315.7242431640625,345.25425720214844
84,5441,370,0,car,0.913221001625061,657.3897705078125,44.70010757446289,966.8414306640624,383.0861511230469,812.1156005859375,383.0861511230469,309.45166015625,338.386043548584
84,5442,370,0,car,0.9186729192733764,659.005859375,26.859718322753903,961.2210083007812,354.00537109375,810.1134338378906,354.00537109375,302.21514892578125,327.1456527709961
84,5443,370,0,car,0.9216914772987366,658.2280883789062,10.784151077270508,956.8374633789062,328.8515625,807.5327758789062,328.8515625,298.609375,318.0674114227295
84,5444,370,0,car,0.9229094386100768,659.371826171875,2.475773811340332,951.7346801757812,307.85968017578125,805.5532531738281,307.85968017578125,292.36285400390625,305.3839063644409
84,5445,370,0,car,0.921355962753296,658.7225341796875,0.0,943.1790161132812,281.55255126953125,800.9507751464844,281.55255126953125,284.4564819335937,281.55255126953125
84,5446,370,0,car,0.925575852394104,658.994384765625,0.0,936.2778930664062,262.0550231933594,797.6361389160156,262.0550231933594,277.28350830078125,262.0550231933594
84,5447,370,0,car,0.921603262424469,660.860595703125,0.0,929.6363525390624,242.36412048339844,795.2484741210938,242.36412048339844,268.7757568359375,242.36412048339844
84,5448,370,0,car,0.9109048843383788,662.3480224609375,0.0,924.3642578125,221.27999877929688,793.3561401367188,221.27999877929688,262.0162353515625,221.27999877929688
84,5449,370,0,car,0.9186241030693054,662.4322509765625,0.0,921.5963134765624,204.22268676757807,792.0142822265625,204.22268676757807,259.1640625,204.22268676757807
84,5450,370,0,car,0.905314326286316,662.9954833984375,0.0,915.3077392578124,180.89157104492188,789.151611328125,180.89157104492188,252.312255859375,180.89157104492188
84,5451,370,0,car,0.9103600382804872,662.8491821289062,0.8456133008003235,909.8010864257812,164.1293182373047,786.3251342773438,164.1293182373047,246.951904296875,163.28370493650436
84,5452,370,0,car,0.8930091261863708,662.5039672851562,0.0650984644889831,904.1196899414062,148.09115600585938,783.3118286132812,148.09115600585938,241.61572265625,148.0260575413704
84,5453,370,0,car,0.8895955085754395,664.3443603515625,1.8148351907730105,900.3025512695312,128.16744995117188,782.3234558105469,128.16744995117188,235.95819091796875,126.35261476039886
84,5454,370,0,car,0.8972917199134827,665.8955688476562,2.255289316177368,896.7797241210938,114.26050567626952,781.337646484375,114.26050567626952,230.8841552734375,112.00521636009216
84,5455,370,0,car,0.8873274326324463,665.4210205078125,1.2653154134750366,893.8756713867188,100.43212127685548,779.6483459472656,100.43212127685548,228.45465087890625,99.16680586338045
84,5456,370,0,car,0.889946460723877,666.3165283203125,0.0,891.8502807617188,84.9176025390625,779.0834045410156,84.9176025390625,225.53375244140625,84.9176025390625
84,5457,370,0,car,0.8410969376564026,668.4978637695312,0.0,886.166259765625,68.63251495361328,777.3320617675781,68.63251495361328,217.6683959960937,68.63251495361328
85,5476,373,0,car,0.9450075626373292,613.760009765625,479.7972106933594,1072.96435546875,1042.54296875,843.3621826171875,1042.54296875,459.204345703125,562.7457580566406
85,5477,373,0,car,0.9385513663291932,617.2319946289062,443.9217834472656,1059.380615234375,988.9785766601562,838.3063049316406,988.9785766601562,442.1486206054688,545.0567932128906
85,5478,373,0,car,0.936756670475006,617.1474609375,408.075439453125,1044.697021484375,927.3384399414062,830.9222412109375,927.3384399414062,427.549560546875,519.2630004882812
85,5479,373,0,car,0.943018078804016,618.9042358398438,374.046142578125,1031.7318115234375,870.4906616210938,825.3180236816406,870.4906616210938,412.82757568359375,496.4445190429688
85,5480,373,0,car,0.9311381578445436,621.5709228515625,343.4054870605469,1016.8134155273438,817.0095825195312,819.1921691894531,817.0095825195312,395.2424926757813,473.6040954589844
85,5481,373,0,car,0.9401705861091614,624.1913452148438,304.33477783203125,1005.7278442382812,769.5863037109375,814.9595947265625,769.5863037109375,381.5364990234375,465.2515258789063
85,5482,373,0,car,0.93685382604599,622.8785400390625,276.5749206542969,993.7512817382812,724.9932250976562,808.3149108886719,724.9932250976562,370.8727416992188,448.4183044433594
85,5483,373,0,car,0.9244410395622252,623.3530883789062,248.0299224853516,988.8118896484376,679.7664184570312,806.0824890136719,679.7664184570312,365.4588012695313,431.7364959716797
85,5484,373,0,car,0.9005076885223389,622.9463500976562,219.8839111328125,982.7732543945312,637.7562255859375,802.8598022460938,637.7562255859375,359.826904296875,417.872314453125
85,5485,373,0,car,0.9209409356117249,620.6714477539062,197.2967987060547,976.0487670898438,596.6402587890625,798.360107421875,596.6402587890625,355.3773193359375,399.3434600830078
85,5486,373,0,car,0.9210276007652284,621.277099609375,173.3323516845703,969.9884643554688,558.1437377929688,795.6327819824219,558.1437377929688,348.7113647460937,384.8113861083984
85,5487,373,0,car,0.9338757395744324,620.8805541992188,150.30606079101562,965.1057739257812,523.10546875,792.9931640625,523.10546875,344.2252197265625,372.7994079589844
85,5488,373,0,car,0.917415201663971,623.6971435546875,126.4588623046875,957.787353515625,492.6644592285156,790.7422485351562,492.6644592285156,334.0902099609375,366.2055969238281
85,5489,373,0,car,0.919987678527832,624.4891967773438,106.08432006835938,950.0419921875,460.5245666503906,787.2655944824219,460.5245666503906,325.55279541015625,354.44024658203125
85,5490,373,0,car,0.9070522785186768,626.9735107421875,90.51868438720705,944.384765625,428.6650085449219,785.6791381835938,428.6650085449219,317.4112548828125,338.14632415771484
85,5491,373,0,car,0.9219604134559632,625.9475708007812,62.45470428466797,938.5909423828124,402.1304626464844,782.2692565917969,402.1304626464844,312.64337158203125,339.6757583618164
85,5492,373,0,car,0.9296550154685974,629.5375366210938,41.65202331542969,932.8471069335938,377.6608581542969,781.1923217773438,377.6608581542969,303.3095703125,336.0088348388672
85,5493,373,0,car,0.9211618304252625,630.9264526367188,24.950439453125,927.5020751953124,351.8532409667969,779.2142639160156,351.8532409667969,296.5756225585937,326.9028015136719
85,5494,373,0,car,0.9289857745170592,629.8234252929688,7.296671390533447,922.0380859375,326.05377197265625,775.9307556152344,326.05377197265625,292.21466064453125,318.7571005821228
85,5495,373,0,car,0.9331340193748474,631.4219970703125,0.0,919.0878295898438,305.9149780273437,775.2549133300781,305.9149780273437,287.66583251953125,305.9149780273437
85,5496,373,0,car,0.9278857707977296,634.0809326171875,0.0,915.1265869140624,281.4426574707031,774.603759765625,281.4426574707031,281.045654296875,281.4426574707031
85,5497,373,0,car,0.9180707335472108,635.4110717773438,0.0,908.5429077148438,258.8157043457031,771.9769897460938,258.8157043457031,273.1318359375,258.8157043457031
85,5498,373,0,car,0.9229164123535156,638.0355834960938,0.0,903.1795043945312,239.5557098388672,770.6075439453125,239.5557098388672,265.1439208984375,239.5557098388672
85,5499,373,0,car,0.9218758344650269,639.634033203125,0.0,898.7659912109375,219.8729553222656,769.2000122070312,219.8729553222656,259.1319580078125,219.8729553222656
85,5500,373,0,car,0.9149439930915833,641.3302612304688,0.0,894.7357788085938,201.24986267089844,768.0330200195312,201.24986267089844,253.405517578125,201.24986267089844
85,5501,373,0,car,0.9243043065071106,643.269287109375,0.0,889.8646240234375,180.451904296875,766.5669555664062,180.451904296875,246.5953369140625,180.451904296875
85,5502,373,0,car,0.920415699481964,644.4680786132812,0.0,886.0118408203125,163.25930786132812,765.2399597167969,163.25930786132812,241.54376220703125,163.25930786132812
85,5503,373,0,car,0.9043046236038208,644.46044921875,0.0,881.6441040039062,148.53199768066406,763.0522766113281,148.53199768066406,237.18365478515625,148.53199768066406
85,5504,373,0,car,0.9002506136894226,642.3560180664062,0.0,879.09228515625,132.46054077148438,760.7241516113281,132.46054077148438,236.7362670898437,132.46054077148438
85,5505,373,0,car,0.8998024463653564,642.8892211914062,0.3283033370971679,875.6062622070312,115.34005737304688,759.2477416992188,115.34005737304688,232.717041015625,115.0117540359497
85,5506,373,0,car,0.8887962102890015,643.7612915039062,0.2455408573150634,871.4918823242188,99.2940673828125,757.6265869140625,99.2940673828125,227.7305908203125,99.04852652549744
85,5507,373,0,car,0.88090980052948,645.12744140625,1.3711223602294922,869.7530517578125,83.36894989013672,757.4402465820312,83.36894989013672,224.6256103515625,81.99782752990723
85,5508,373,0,car,0.8653630614280701,645.5960083007812,0.9332547783851624,866.5021362304688,68.45699310302734,756.049072265625,68.45699310302734,220.9061279296875,67.52373832464218
85,5509,373,0,car,0.6665083169937134,646.1224975585938,0.0997976064682006,863.3217163085938,50.42460632324219,754.7221069335938,50.42460632324219,217.19921875,50.32480871677399
86,5483,374,0,car,0.9325271844863892,1274.2774658203125,425.1609497070313,1920.0,1013.3395385742188,1597.1387329101562,1013.3395385742188,645.7225341796875,588.1785888671875
86,5484,374,0,car,0.937881886959076,1257.7059326171875,394.4415588378906,1904.341796875,960.0560913085938,1581.0238647460938,960.0560913085938,646.6358642578125,565.6145324707031
86,5485,374,0,car,0.9230501651763916,1242.7176513671875,367.3172302246094,1869.5087890625,908.6414794921876,1556.1132202148438,908.6414794921876,626.7911376953125,541.3242492675781
86,5486,374,0,car,0.928423285484314,1231.6021728515625,341.242431640625,1837.766845703125,858.0030517578125,1534.6845092773438,858.0030517578125,606.1646728515625,516.7606201171875
86,5487,374,0,car,0.9333167672157288,1222.505859375,307.7821655273437,1801.1417236328125,813.4425659179688,1511.8237915039062,813.4425659179688,578.6358642578125,505.660400390625
86,5488,374,0,car,0.9369778633117676,1212.314453125,279.2762451171875,1767.2554931640625,773.7389526367188,1489.7849731445312,773.7389526367188,554.9410400390625,494.4627075195313
86,5489,374,0,car,0.9359074831008912,1201.120849609375,266.2269287109375,1736.9078369140625,733.904541015625,1469.0143432617188,733.904541015625,535.7869873046875,467.6776123046875
86,5490,374,0,car,0.9379043579101562,1188.166015625,244.2105712890625,1709.6497802734375,687.3939208984375,1448.9078979492188,687.3939208984375,521.4837646484375,443.183349609375
86,5491,374,0,car,0.9326355457305908,1175.6851806640625,223.50233459472656,1679.0291748046875,647.806884765625,1427.357177734375,647.806884765625,503.343994140625,424.3045501708984
86,5492,374,0,car,0.936467170715332,1165.927734375,202.5245056152344,1651.689453125,617.6143188476562,1408.80859375,617.6143188476562,485.76171875,415.0898132324219
86,5493,374,0,car,0.9297930002212524,1156.3699951171875,182.7024688720703,1627.37744140625,577.8934326171875,1391.8737182617188,577.8934326171875,471.0074462890625,395.1909637451172
86,5494,374,0,car,0.932125985622406,1147.748779296875,163.1379852294922,1603.0899658203125,547.260498046875,1375.4193725585938,547.260498046875,455.3411865234375,384.1225128173828
86,5495,374,0,car,0.9315034747123718,1136.9151611328125,144.24032592773438,1573.8709716796875,521.0357666015625,1355.39306640625,521.0357666015625,436.955810546875,376.7954406738281
86,5496,374,0,car,0.9416895508766174,1128.181640625,126.21524810791016,1551.8350830078125,487.2406005859375,1340.0083618164062,487.2406005859375,423.6534423828125,361.02535247802734
86,5497,374,0,car,0.9425119757652284,1122.19580078125,104.78702545166016,1532.462158203125,460.9173889160156,1327.3289794921875,460.9173889160156,410.266357421875,356.13036346435547
86,5498,374,0,car,0.926897406578064,1111.88525390625,87.88701629638672,1517.163818359375,437.0190124511719,1314.5245361328125,437.0190124511719,405.278564453125,349.1319961547852
86,5499,374,0,car,0.925014853477478,1103.5845947265625,71.32344055175781,1502.03125,412.7962036132813,1302.8079223632812,412.7962036132813,398.4466552734375,341.47276306152344
86,5500,374,0,car,0.9260101914405824,1094.0540771484375,54.04718780517578,1484.4833984375,387.7776794433594,1289.2687377929688,387.7776794433594,390.4293212890625,333.7304916381836
86,5501,374,0,car,0.9281188249588012,1086.7532958984375,39.5734748840332,1468.514892578125,363.2226257324219,1277.6340942382812,363.2226257324219,381.7615966796875,323.6491508483887
86,5502,374,0,car,0.9241399765014648,1081.145263671875,22.49653053283692,1454.4710693359375,338.6702575683594,1267.8081665039062,338.6702575683594,373.3258056640625,316.17372703552246
86,5503,374,0,car,0.934681236743927,1075.3890380859375,8.042211532592773,1438.556640625,314.3040466308594,1256.9728393554688,314.3040466308594,363.1676025390625,306.2618350982666
86,5504,374,0,car,0.9355741739273072,1068.82421875,0.0,1422.087890625,297.4206237792969,1245.4560546875,297.4206237792969,353.263671875,297.4206237792969
86,5505,374,0,car,0.9291871786117554,1062.8614501953125,0.0,1405.9093017578125,282.3045349121094,1234.3853759765625,282.3045349121094,343.0478515625,282.3045349121094
86,5506,374,0,car,0.9176591038703918,1055.37255859375,0.0,1392.552978515625,264.2888488769531,1223.9627685546875,264.2888488769531,337.180419921875,264.2888488769531
86,5507,374,0,car,0.9160866141319276,1049.2161865234375,0.0,1379.154541015625,243.03643798828125,1214.1853637695312,243.03643798828125,329.9383544921875,243.03643798828125
86,5508,374,0,car,0.916147232055664,1041.6800537109375,0.0,1363.7891845703125,223.67120361328125,1202.734619140625,223.67120361328125,322.109130859375,223.67120361328125
86,5509,374,0,car,0.907026469707489,1036.6309814453125,0.0,1351.494140625,205.47463989257807,1194.0625610351562,205.47463989257807,314.8631591796875,205.47463989257807
86,5510,374,0,car,0.9194528460502625,1031.26171875,0.0,1338.8651123046875,183.7251739501953,1185.0634155273438,183.7251739501953,307.6033935546875,183.7251739501953
86,5511,374,0,car,0.9030428528785706,1026.358154296875,0.2456196099519729,1327.610107421875,163.83824157714844,1176.984130859375,163.83824157714844,301.251953125,163.59262196719646
86,5512,374,0,car,0.8980122208595276,1021.2195434570312,0.8329076170921326,1315.624267578125,151.03826904296875,1168.421905517578,151.03826904296875,294.4047241210937,150.20536142587662
86,5513,374,0,car,0.8981677889823914,1015.078857421875,0.3005544543266296,1307.111083984375,137.44960021972656,1161.094970703125,137.44960021972656,292.0322265625,137.14904576539993
86,5514,374,0,car,0.8855875730514526,1009.3189697265624,0.5375708937644958,1295.45654296875,118.63792419433594,1152.3877563476562,118.63792419433594,286.1375732421875,118.10035330057144
86,5515,374,0,car,0.8879292607307434,1006.3173828125,0.1545689553022384,1282.4952392578125,106.82064056396484,1144.4063110351562,106.82064056396484,276.1778564453125,106.6660716086626
86,5516,374,0,car,0.87437903881073,1008.195556640625,0.9077068567276,1272.9903564453125,95.13079071044922,1140.5929565429688,95.13079071044922,264.7947998046875,94.22308385372162
86,5517,374,0,car,0.8657887578010559,1012.6990966796876,1.965794444084168,1263.34033203125,85.2216567993164,1138.0197143554688,85.2216567993164,250.6412353515625,83.25586235523224
86,5518,374,0,car,0.8756134510040283,1015.47021484375,2.8353381156921387,1253.2003173828125,72.83478546142578,1134.3352661132812,72.83478546142578,237.7301025390625,69.99944734573364
86,5519,374,0,car,0.8308873772621155,1015.8421020507812,1.665873408317566,1243.74462890625,59.14273834228516,1129.7933654785156,59.14273834228516,227.90252685546875,57.47686493396759
87,5532,376,0,car,0.9470311999320984,1280.203125,498.5033264160156,1870.07373046875,1031.4632568359375,1575.138427734375,1031.4632568359375,589.87060546875,532.9599304199219
87,5533,376,0,car,0.927448570728302,1264.7200927734375,462.915283203125,1832.771484375,982.3282470703124,1548.7457885742188,982.3282470703124,568.0513916015625,519.4129638671875
87,5534,376,0,car,0.9276819825172424,1249.0733642578125,429.7925109863281,1791.010498046875,930.4257202148438,1520.0419311523438,930.4257202148438,541.9371337890625,500.6332092285156
87,5535,376,0,car,0.9382964968681335,1235.220947265625,396.5587768554688,1756.3511962890625,876.212646484375,1495.7860717773438,876.212646484375,521.1302490234375,479.6538696289063
87,5536,376,0,car,0.9363380074501038,1223.9520263671875,367.9417419433594,1723.1337890625,821.3250122070312,1473.5429077148438,821.3250122070312,499.1817626953125,453.3832702636719
87,5537,376,0,car,0.9364293217658995,1211.6522216796875,338.3728942871094,1690.755126953125,775.8992919921875,1451.2036743164062,775.8992919921875,479.1029052734375,437.5263977050781
87,5538,376,0,car,0.941203474998474,1195.1492919921875,301.1708679199219,1655.465087890625,732.721923828125,1425.3071899414062,732.721923828125,460.3157958984375,431.5510559082031
87,5539,376,0,car,0.9373425245285034,1180.4171142578125,275.492919921875,1627.2200927734375,684.699951171875,1403.818603515625,684.699951171875,446.802978515625,409.20703125
87,5540,376,0,car,0.9290829300880432,1168.98486328125,255.4718170166016,1601.270751953125,645.3952026367188,1385.1278076171875,645.3952026367188,432.285888671875,389.9233856201172
87,5541,376,0,car,0.9397366642951964,1159.16455078125,228.2864532470703,1574.107177734375,608.0192260742188,1366.6358642578125,608.0192260742188,414.942626953125,379.7327728271485
87,5542,376,0,car,0.9390410780906676,1148.2088623046875,203.4562530517578,1551.5875244140625,569.6107788085938,1349.898193359375,569.6107788085938,403.378662109375,366.154525756836
87,5543,376,0,car,0.9373814463615416,1136.515380859375,178.37249755859375,1529.6927490234375,533.8685302734375,1333.1040649414062,533.8685302734375,393.1773681640625,355.4960327148437
87,5544,376,0,car,0.9274337887763976,1127.6007080078125,155.86688232421875,1508.9508056640625,502.5326232910156,1318.2757568359375,502.5326232910156,381.35009765625,346.6657409667969
87,5545,376,0,car,0.9390376210212708,1120.5997314453125,136.57102966308594,1490.3463134765625,468.6555786132813,1305.4730224609375,468.6555786132813,369.74658203125,332.0845489501953
87,5546,376,0,car,0.9248909950256348,1111.0848388671875,115.6521453857422,1469.9056396484375,439.2837524414063,1290.4952392578125,439.2837524414063,358.82080078125,323.63160705566406
87,5547,376,0,car,0.930206835269928,1103.3087158203125,96.34513854980467,1451.8824462890625,410.796875,1277.5955810546875,410.796875,348.57373046875,314.4517364501953
87,5548,376,0,car,0.9203554391860962,1092.771240234375,74.21324157714844,1432.616943359375,383.4259948730469,1262.694091796875,383.4259948730469,339.845703125,309.21275329589844
87,5549,376,0,car,0.933322250843048,1086.4515380859375,56.34316635131836,1417.5198974609375,357.26788330078125,1251.9857177734375,357.26788330078125,331.068359375,300.9247169494629
87,5550,376,0,car,0.9304394125938416,1078.7572021484375,38.46161651611328,1401.8072509765625,333.2045593261719,1240.2822265625,333.2045593261719,323.050048828125,294.7429428100586
87,5551,376,0,car,0.9352132081985474,1071.27001953125,22.51876640319824,1388.748291015625,310.33721923828125,1230.0091552734375,310.33721923828125,317.478271484375,287.818452835083
87,5552,376,0,car,0.9293513894081116,1063.5135498046875,3.04118013381958,1373.842041015625,282.40594482421875,1218.6777954101562,282.40594482421875,310.3284912109375,279.3647646903992
87,5553,376,0,car,0.9231604933738708,1054.9332275390625,0.0,1359.742431640625,263.1024475097656,1207.3378295898438,263.1024475097656,304.8092041015625,263.1024475097656
87,5554,376,0,car,0.9284154772758484,1047.541748046875,0.0,1346.970947265625,245.60354614257807,1197.25634765625,245.60354614257807,299.42919921875,245.60354614257807
87,5555,376,0,car,0.9263260960578918,1041.89306640625,0.0,1332.1646728515625,224.4520874023437,1187.0288696289062,224.4520874023437,290.2716064453125,224.4520874023437
87,5556,376,0,car,0.9237187504768372,1035.3741455078125,0.0,1319.3790283203125,201.8714599609375,1177.3765869140625,201.8714599609375,284.0048828125,201.8714599609375
87,5557,376,0,car,0.9153743982315063,1029.7529296875,0.0,1307.6536865234375,179.18893432617188,1168.7033081054688,179.18893432617188,277.9007568359375,179.18893432617188
87,5558,376,0,car,0.9037469625473022,1023.6041870117188,0.0,1298.185302734375,156.39381408691406,1160.8947448730469,156.39381408691406,274.58111572265625,156.39381408691406
87,5559,376,0,car,0.892074465751648,1018.3150024414062,0.0,1285.713134765625,142.87745666503906,1152.0140686035156,142.87745666503906,267.39813232421875,142.87745666503906
87,5560,376,0,car,0.9028114676475524,1011.1801147460938,0.0,1273.4730224609375,129.83578491210938,1142.3265686035156,129.83578491210938,262.2929077148437,129.83578491210938
87,5561,376,0,car,0.8810808062553406,1010.2537231445312,0.0,1263.63134765625,115.1161880493164,1136.9425354003906,115.1161880493164,253.37762451171875,115.1161880493164
87,5562,376,0,car,0.944557011127472,1028.51025390625,0.0,1255.0360107421875,101.6863021850586,1141.7731323242188,101.6863021850586,226.5257568359375,101.6863021850586
87,5563,376,0,car,0.961612582206726,1049.1748046875,0.0,1244.3685302734375,85.01180267333984,1146.7716674804688,85.01180267333984,195.1937255859375,85.01180267333984
87,5564,376,0,car,0.934843122959137,1063.9188232421875,0.9012989401817322,1232.202392578125,69.02613830566406,1148.0606079101562,69.02613830566406,168.2835693359375,68.12483936548233
87,5565,376,0,car,0.9569419622421264,1063.0272216796875,1.076312780380249,1219.56103515625,54.30972671508789,1141.2941284179688,54.30972671508789,156.5338134765625,53.23341393470764
88,5599,411,0,car,0.9240673780441284,523.4794311523438,0.0,1323.2642822265625,1056.2427978515625,923.3718566894532,1056.2427978515625,799.7848510742188,1056.2427978515625
88,5600,411,0,car,0.927075743675232,532.4716796875,0.0,1291.2509765625,1000.2586669921876,911.861328125,1000.2586669921876,758.779296875,1000.2586669921876
88,5601,411,0,car,0.9219875931739808,532.6376342773438,0.0,1264.095703125,941.8587036132812,898.3666687011719,941.8587036132812,731.4580688476562,941.8587036132812
88,5602,411,0,car,0.926128387451172,532.91259765625,0.0,1241.6190185546875,880.5693969726562,887.2658081054688,880.5693969726562,708.7064208984375,880.5693969726562
88,5603,411,0,car,0.9419329166412354,538.4071044921875,0.0,1215.076171875,829.3511962890625,876.7416381835938,829.3511962890625,676.6690673828125,829.3511962890625
88,5604,411,0,car,0.9247414469718932,544.82568359375,0.0,1195.9976806640625,779.2739868164062,870.4116821289062,779.2739868164062,651.1719970703125,779.2739868164062
88,5605,411,0,car,0.9168680310249328,545.6679077148438,0.0,1174.9835205078125,732.5438842773438,860.3257141113281,732.5438842773438,629.3156127929688,732.5438842773438
88,5606,411,0,car,0.917908489704132,551.6676025390625,0.0,1162.282958984375,687.5382690429688,856.9752807617188,687.5382690429688,610.6153564453125,687.5382690429688
88,5607,411,0,car,0.9319517612457277,554.3828125,0.0,1142.30078125,650.2254028320312,848.341796875,650.2254028320312,587.91796875,650.2254028320312
88,5608,411,0,car,0.933963418006897,557.6298828125,0.0,1131.3212890625,606.348388671875,844.4755859375,606.348388671875,573.69140625,606.348388671875
88,5609,411,0,car,0.9385434985160828,560.71240234375,0.0,1113.62451171875,565.64599609375,837.16845703125,565.64599609375,552.912109375,565.64599609375
88,5610,411,0,car,0.8973618149757385,563.1637573242188,0.0,1097.326904296875,526.3338623046875,830.2453308105469,526.3338623046875,534.1631469726562,526.3338623046875
88,5611,411,2,others,0.605224072933197,569.0977783203125,0.0,1083.8433837890625,493.132080078125,826.4705810546875,493.132080078125,514.74560546875,493.132080078125
88,5612,411,2,others,0.6629854440689087,571.8046875,0.0,1074.1873779296875,464.7320556640625,822.9960327148438,464.7320556640625,502.3826904296875,464.7320556640625
88,5613,411,2,others,0.6673925518989563,574.68505859375,0.0,1064.498046875,430.1337585449219,819.591552734375,430.1337585449219,489.81298828125,430.1337585449219
88,5614,411,2,others,0.6963207721710205,578.9036254882812,0.0,1056.2437744140625,396.9009399414063,817.5736999511719,396.9009399414063,477.3401489257813,396.9009399414063
88,5615,411,0,car,0.7472158670425415,580.1710205078125,0.0,1047.5399169921875,371.1513671875,813.85546875,371.1513671875,467.368896484375,371.1513671875
88,5616,411,0,car,0.5395635366439819,581.8924560546875,0.7577279806137085,1036.4617919921875,346.0248413085937,809.1771240234375,346.0248413085937,454.5693359375,345.26711332798004
88,5617,411,0,car,0.6782810688018799,584.2681274414062,1.293985366821289,1030.1944580078125,317.4071350097656,807.2312927246094,317.4071350097656,445.9263305664063,316.11314964294434
88,5618,411,2,others,0.5411664843559265,586.997314453125,1.103337287902832,1026.2080078125,304.4748229980469,806.6026611328125,304.4748229980469,439.210693359375,303.37148571014404
88,5619,411,2,others,0.5485581159591675,588.4368286132812,1.1589878797531128,1019.2825927734376,291.9740600585937,803.8597106933594,291.9740600585937,430.84576416015625,290.81507217884064
88,5620,411,2,others,0.8019675612449646,589.0379028320312,0.7286739945411682,1010.9083251953124,277.6903686523437,799.9731140136719,277.6903686523437,421.8704223632813,276.9616946578026
88,5622,411,2,others,0.6377189755439758,591.9542236328125,0.0,994.0576782226562,266.3750305175781,793.0059509277344,266.3750305175781,402.10345458984375,266.3750305175781
88,5623,411,0,car,0.8654204607009888,593.666259765625,0.3980163633823395,985.9351806640624,206.6319274902344,789.8007202148438,206.6319274902344,392.2689208984375,206.23391112685204
88,5624,411,0,car,0.7583118677139282,594.2654418945312,3.1235575675964355,983.2957763671876,170.93418884277344,788.7806091308594,170.93418884277344,389.03033447265625,167.810631275177
88,5625,411,0,car,0.7355409264564514,595.69482421875,4.185863018035889,982.8272094726562,152.74337768554688,789.2610168457031,152.74337768554688,387.1323852539063,148.557514667511
88,5626,411,0,car,0.8904922604560852,597.943603515625,2.478520631790161,976.6860961914062,134.17776489257812,787.3148498535156,134.17776489257812,378.7424926757813,131.69924426078796
88,5627,411,0,car,0.8635488748550415,599.5468139648438,1.145071268081665,972.21484375,108.29258728027344,785.8808288574219,108.29258728027344,372.66802978515625,107.14751601219176
88,5628,411,0,car,0.8741603493690491,600.4841918945312,0.6013725399971008,961.6753540039062,104.96379089355467,781.0797729492188,104.96379089355467,361.191162109375,104.3624183535576
88,5629,411,0,car,0.8672025203704834,601.4207763671875,1.2508434057235718,953.7069091796876,102.24470520019533,777.5638427734375,102.24470520019533,352.2861328125,100.99386179447174
88,5630,411,0,car,0.8734461069107056,603.923095703125,1.6937302350997925,947.850830078125,108.40422058105467,775.886962890625,108.40422058105467,343.927734375,106.7104903459549
88,5631,411,0,car,0.8794097900390625,611.4688110351562,1.045276403427124,936.4210205078124,107.02159118652344,773.9449157714844,107.02159118652344,324.95220947265625,105.97631478309631
88,5632,411,0,car,0.7622359395027161,619.2467651367188,0.8800647854804993,923.2999877929688,99.57051849365234,771.2733764648438,99.57051849365234,304.05322265625,98.69045370817184
89,5605,428,0,car,0.9507389068603516,0.2159246504306793,435.0535278320313,365.8191833496094,1019.6259155273438,183.01755400002003,1019.6259155273438,365.6032586991787,584.5723876953125
89,5606,428,0,car,0.9507402181625366,0.080697976052761,398.9993591308594,381.259765625,961.8558959960938,190.6702318005264,961.8558959960938,381.1790676489472,562.8565368652344
89,5607,428,0,car,0.9415545463562012,0.8289949297904968,363.0614318847656,392.6493835449219,898.024169921875,196.7391892373562,898.024169921875,391.8203886151314,534.9627380371094
89,5608,428,0,car,0.9455092549324036,0.6869069933891296,324.5095520019531,399.3622741699219,844.7048950195312,200.0245905816555,844.7048950195312,398.6753671765328,520.1953430175781
89,5609,428,0,car,0.94160658121109,0.6984221935272217,297.3727722167969,404.1578369140625,789.5718383789062,202.4281295537949,789.5718383789062,403.4594147205353,492.1990661621094
89,5610,428,0,car,0.938417911529541,1.0538161993026731,268.7148132324219,410.81982421875,740.6998291015625,205.9368202090264,740.6998291015625,409.7660080194473,471.9850158691406
89,5611,428,0,car,0.9370587468147278,1.3577041625976562,237.72122192382807,418.8503723144531,688.2882080078125,210.1040382385254,688.2882080078125,417.4926681518554,450.5669860839844
89,5612,428,0,car,0.9356545209884644,1.5262577533721924,212.4014434814453,424.2599487304688,644.0401000976562,212.89310324192047,644.0401000976562,422.73369097709656,431.6386566162109
89,5613,428,0,car,0.9487869739532472,6.0239739418029785,184.9527740478516,430.3204956054688,602.0361328125,218.17223477363584,602.0361328125,424.29652166366577,417.0833587646485
89,5614,428,0,car,0.9402197599411012,20.177165985107425,157.6634521484375,434.2223510742188,562.9727172851562,227.1997585296631,562.9727172851562,414.0451850891113,405.3092651367188
89,5615,428,0,car,0.9194812774658204,35.301937103271484,138.44020080566406,441.9859313964844,526.9485473632812,238.643934249878,526.9485473632812,406.6839942932129,388.5083465576172
89,5616,428,0,car,0.9266868233680724,55.4776725769043,114.35208129882812,441.9264831542969,490.0921936035156,248.7020778656006,490.0921936035156,386.4488105773926,375.7401123046875
89,5617,428,0,car,0.9146532416343688,69.9096450805664,94.66817474365234,447.76702880859375,457.7408447265625,258.8383369445801,457.7408447265625,377.85738372802734,363.07266998291016
89,5618,428,0,car,0.926116943359375,84.68742370605469,64.79890441894531,453.6162414550781,424.9510192871094,269.1518325805664,424.9510192871094,368.9288177490234,360.15211486816406
89,5619,428,0,car,0.9260357618331908,97.95000457763672,47.500186920166016,460.8719787597656,394.656982421875,279.4109916687012,394.656982421875,362.9219741821289,347.156795501709
89,5620,428,0,car,0.9326462149620056,110.73433685302734,30.40923309326172,466.2380065917969,365.1617431640625,288.4861717224121,365.1617431640625,355.5036697387696,334.7525100708008
89,5621,428,0,car,0.916615664958954,125.39308166503906,15.764655113220217,467.9034118652344,343.8715515136719,296.6482467651367,343.8715515136719,342.5103302001953,328.10689640045166
89,5622,428,0,car,0.9300876259803772,137.72119140625,3.990431547164917,472.2947387695313,315.7087707519531,305.0079650878906,315.7087707519531,334.57354736328125,311.7183392047882
89,5623,428,0,car,0.9256963729858398,148.5386962890625,0.0,477.2342529296875,292.29840087890625,312.886474609375,292.29840087890625,328.695556640625,292.29840087890625
89,5624,428,0,car,0.9270675778388976,160.1243133544922,0.0,478.6671447753906,270.09527587890625,319.3957290649414,270.09527587890625,318.54283142089844,270.09527587890625
89,5625,428,0,car,0.9143339395523072,169.52809143066406,0.0,483.83880615234375,252.58224487304688,326.6834487915039,252.58224487304688,314.3107147216797,252.58224487304688
89,5626,428,0,car,0.9180315732955932,179.87887573242188,0.0,488.9202270507813,227.55059814453125,334.3995513916016,227.55059814453125,309.0413513183594,227.55059814453125
89,5627,428,0,car,0.9213046431541444,190.19842529296875,0.0,495.1114196777344,205.32962036132807,342.6549224853516,205.32962036132807,304.9129943847656,205.32962036132807
89,5628,428,0,car,0.9172336459159852,198.070068359375,0.0,496.91986083984375,184.96841430664065,347.4949645996094,184.96841430664065,298.84979248046875,184.96841430664065
89,5629,428,0,car,0.9045145511627196,206.84619140625,0.0,500.2706604003906,164.8544921875,353.5584259033203,164.8544921875,293.4244689941406,164.8544921875
89,5630,428,0,car,0.8942161798477173,215.22760009765625,0.0,503.3043212890625,148.27935791015625,359.2659606933594,148.27935791015625,288.07672119140625,148.27935791015625
89,5631,428,0,car,0.9002276062965393,224.10699462890625,0.285769909620285,503.0545959472656,129.01864624023438,363.58079528808594,129.01864624023438,278.9476013183594,128.7328763306141
89,5632,428,0,car,0.8958566188812256,233.2071685791016,0.0,503.0672912597656,111.82337188720705,368.1372299194336,111.82337188720705,269.86012268066406,111.82337188720705
89,5633,428,0,car,0.8694291710853577,247.369873046875,0.0,498.7062377929688,100.2151870727539,373.0380554199219,100.2151870727539,251.3363647460937,100.2151870727539
89,5634,428,0,car,0.860342800617218,257.3955078125,1.2675470113754272,499.4166259765625,84.35120391845703,378.4060668945313,84.35120391845703,242.0211181640625,83.0836569070816
89,5635,428,0,car,0.82281494140625,267.6093444824219,0.0,501.2406005859375,62.57318115234375,384.4249725341797,62.57318115234375,233.6312561035156,62.57318115234375
90,5664,430,0,car,0.9476583003997804,1377.0770263671875,479.873779296875,1919.7005615234373,1042.4888916015625,1648.3887939453125,1042.4888916015625,542.62353515625,562.6151123046875
90,5665,430,0,car,0.9284440279006958,1355.59619140625,436.7825927734375,1919.7572021484373,986.4105834960938,1637.6766967773438,986.4105834960938,564.1610107421875,549.6279907226562
90,5666,430,0,car,0.9326667189598083,1326.5716552734375,400.1929931640625,1915.9393310546875,916.1761474609376,1621.2554931640625,916.1761474609376,589.36767578125,515.983154296875
90,5667,430,0,car,0.93217933177948,1309.9482421875,365.1505126953125,1882.943603515625,855.801513671875,1596.4459228515625,855.801513671875,572.995361328125,490.6510009765625
90,5668,430,0,car,0.9321997165679932,1291.853271484375,328.51080322265625,1842.863037109375,793.34619140625,1567.358154296875,793.34619140625,551.009765625,464.83538818359375
90,5669,430,0,car,0.9312551021575928,1272.6640625,288.5653686523437,1801.9801025390625,740.3717041015625,1537.3220825195312,740.3717041015625,529.3160400390625,451.8063354492188
90,5670,430,0,car,0.9370266199111938,1254.2091064453125,263.54766845703125,1759.459716796875,685.1573486328125,1506.8344116210938,685.1573486328125,505.2506103515625,421.6096801757813
90,5671,430,0,car,0.9351180195808412,1239.3154296875,235.54443359375,1721.414306640625,640.1489868164062,1480.3648681640625,640.1489868164062,482.098876953125,404.60455322265625
90,5672,430,0,car,0.9425433874130248,1224.314697265625,205.6977081298828,1686.181396484375,590.5247192382812,1455.248046875,590.5247192382812,461.86669921875,384.8270111083984
90,5673,430,0,car,0.9415844678878784,1210.47216796875,178.78472900390625,1649.8917236328125,547.1892700195312,1430.1819458007812,547.1892700195312,439.4195556640625,368.404541015625
90,5674,430,0,car,0.936124324798584,1195.36572265625,152.06121826171875,1618.931884765625,511.3027648925781,1407.1488037109375,511.3027648925781,423.566162109375,359.2415466308594
90,5675,430,0,car,0.934441328048706,1181.19775390625,125.35067749023438,1591.368408203125,472.7440490722656,1386.2830810546875,472.7440490722656,410.170654296875,347.39337158203125
90,5676,430,0,car,0.927092969417572,1169.1358642578125,99.33462524414062,1559.6676025390625,437.3704223632813,1364.4017333984375,437.3704223632813,390.53173828125,338.0357971191406
90,5677,430,0,car,0.9151566028594972,1158.02392578125,76.7259292602539,1536.2696533203125,404.11328125,1347.1467895507812,404.11328125,378.2457275390625,327.3873519897461
90,5678,430,0,car,0.9243976473808287,1146.7965087890625,56.39751815795898,1512.029296875,373.8418273925781,1329.4129028320312,373.8418273925781,365.2327880859375,317.44430923461914
90,5679,430,0,car,0.9222533702850342,1136.8468017578125,34.56801986694336,1490.3924560546875,341.506103515625,1313.61962890625,341.506103515625,353.545654296875,306.93808364868164
90,5680,430,0,car,0.9278733730316162,1127.1417236328125,11.862536430358888,1469.3746337890625,313.5897827148437,1298.2581787109375,313.5897827148437,342.23291015625,301.72724628448486
90,5681,430,0,car,0.9309372901916504,1119.9776611328125,0.0,1447.5164794921875,283.46075439453125,1283.7470703125,283.46075439453125,327.538818359375,283.46075439453125
90,5682,430,0,car,0.9160534143447876,1108.08544921875,0.0,1430.4222412109375,262.0964050292969,1269.2538452148438,262.0964050292969,322.3367919921875,262.0964050292969
90,5683,430,0,car,0.9235042333602904,1098.8695068359375,0.0,1411.1973876953125,239.06808471679688,1255.033447265625,239.06808471679688,312.327880859375,239.06808471679688
90,5684,430,0,car,0.9241691827774048,1084.692138671875,0.0,1393.4962158203125,215.7691650390625,1239.0941772460938,215.7691650390625,308.8040771484375,215.7691650390625
90,5685,430,0,car,0.9229525923728944,1077.4447021484375,0.0,1375.170166015625,191.534912109375,1226.3074340820312,191.534912109375,297.7254638671875,191.534912109375
90,5686,430,0,car,0.9084360003471376,1072.1719970703125,0.0,1357.8131103515625,167.94430541992188,1214.9925537109375,167.94430541992188,285.64111328125,167.94430541992188
90,5687,430,0,car,0.910901427268982,1065.94384765625,0.0,1345.42626953125,148.26991271972656,1205.68505859375,148.26991271972656,279.482421875,148.26991271972656
90,5688,430,0,car,0.892723798751831,1059.8831787109375,0.0,1331.61328125,129.59613037109375,1195.7482299804688,129.59613037109375,271.7301025390625,129.59613037109375
90,5689,430,0,car,0.8911124467849731,1049.6390380859375,0.0,1315.6302490234375,110.0768814086914,1182.6346435546875,110.0768814086914,265.9912109375,110.0768814086914
90,5690,430,0,car,0.8746350407600403,1055.845458984375,0.0,1303.5875244140625,93.46131896972656,1179.7164916992188,93.46131896972656,247.7420654296875,93.46131896972656
90,5691,430,0,car,0.8723099827766418,1061.5548095703125,1.0013645887374878,1289.4332275390625,74.16401672363281,1175.4940185546875,74.16401672363281,227.87841796875,73.16265213489532
90,5692,430,0,car,0.9388461112976074,1063.3460693359375,0.273995965719223,1277.1552734375,57.20200729370117,1170.2506713867188,57.20200729370117,213.8092041015625,56.92801132798195
91,5677,431,0,car,0.945786952972412,650.7709350585938,471.9017333984375,1088.8641357421875,1023.5892944335938,869.8175354003906,1023.5892944335938,438.09320068359375,551.6875610351562
91,5678,431,0,car,0.9397103190422058,651.5883178710938,432.6722106933594,1077.995361328125,960.7991333007812,864.7918395996094,960.7991333007812,426.4070434570313,528.1269226074219
91,5679,431,0,car,0.9456100463867188,652.3828125,393.9171752929688,1061.7457275390625,895.8441772460938,857.0642700195312,895.8441772460938,409.3629150390625,501.927001953125
91,5680,431,0,car,0.9442087411880492,654.8471069335938,359.1318054199219,1047.18994140625,838.221435546875,851.0185241699219,838.221435546875,392.34283447265625,479.0896301269531
91,5681,431,0,car,0.942449986934662,655.4694213867188,325.9647827148437,1033.9420166015625,780.0376586914062,844.7057189941406,780.0376586914062,378.47259521484375,454.0728759765625
91,5682,431,0,car,0.9491543173789978,657.6409912109375,287.3445739746094,1026.9776611328125,728.5458984375,842.309326171875,728.5458984375,369.336669921875,441.2013244628906
91,5683,431,0,car,0.951592981815338,657.5260009765625,259.240478515625,1014.5316772460938,676.3778686523438,836.0288391113281,676.3778686523438,357.00567626953125,417.1373901367188
91,5684,431,0,car,0.920345425605774,658.4533081054688,227.5982208251953,1005.703125,628.4614868164062,832.0782165527344,628.4614868164062,347.24981689453125,400.8632659912109
91,5685,431,0,car,0.9245346784591676,657.4574584960938,199.618881225586,995.3162231445312,580.3003540039062,826.3868408203125,580.3003540039062,337.8587646484375,380.6814727783203
91,5686,431,0,car,0.9167659282684326,659.0785522460938,169.1256103515625,985.8206176757812,543.9734497070312,822.4495849609375,543.9734497070312,326.7420654296875,374.8478393554688
91,5687,431,0,car,0.9200124144554138,660.1961059570312,143.47366333007812,977.9603881835938,507.2039489746094,819.0782470703125,507.2039489746094,317.7642822265625,363.7302856445313
91,5688,431,0,car,0.9128111004829408,660.192138671875,117.48906707763672,970.6480712890624,472.4709167480469,815.4201049804688,472.4709167480469,310.4559326171875,354.98184967041016
91,5689,431,0,car,0.9060962200164796,661.1434326171875,95.46649932861328,965.7009887695312,441.5327453613281,813.4222106933594,441.5327453613281,304.5575561523437,346.06624603271484
91,5690,431,0,car,0.9076294302940368,661.7315063476562,67.4644546508789,958.8245239257812,407.8594665527344,810.2780151367188,407.8594665527344,297.093017578125,340.39501190185547
91,5691,431,0,car,0.9101279377937316,661.3596801757812,46.681888580322266,946.5244140625,373.9607849121094,803.9420471191406,373.9607849121094,285.16473388671875,327.2788963317871
91,5692,431,0,car,0.9157664775848388,663.8599243164062,25.62526512145996,939.7974243164062,343.6744384765625,801.8286743164062,343.6744384765625,275.9375,318.04917335510254
91,5693,431,0,car,0.9121819734573364,667.4829711914062,9.059192657470703,935.6659545898438,318.77978515625,801.574462890625,318.77978515625,268.1829833984375,309.7205924987793
91,5694,431,0,car,0.9241995215415956,668.6096801757812,0.0,931.2503051757812,294.5310974121094,799.9299926757812,294.5310974121094,262.640625,294.5310974121094
91,5695,431,0,car,0.911573052406311,667.81982421875,0.0,926.4996337890624,271.7948303222656,797.1597290039062,271.7948303222656,258.6798095703125,271.7948303222656
91,5696,431,0,car,0.9121341109275818,668.7404174804688,0.0,920.4038696289062,246.99118041992188,794.5721435546875,246.99118041992188,251.6634521484375,246.99118041992188
91,5697,431,0,car,0.910600244998932,666.7053833007812,0.0,914.9654541015624,221.2503662109375,790.8354187011719,221.2503662109375,248.26007080078125,221.2503662109375
91,5698,431,0,car,0.9131452441215516,669.3976440429688,0.0,910.9546508789062,198.9022521972656,790.1761474609375,198.9022521972656,241.5570068359375,198.9022521972656
91,5699,431,0,car,0.907946527004242,669.6726684570312,0.0,906.9011840820312,178.09300231933594,788.2869262695312,178.09300231933594,237.228515625,178.09300231933594
91,5700,431,0,car,0.8851111531257629,670.7777099609375,0.0,902.623046875,156.60231018066406,786.7003784179688,156.60231018066406,231.8453369140625,156.60231018066406
91,5701,431,0,car,0.9005278944969177,670.1824951171875,0.0,898.7197875976562,139.43612670898438,784.4511413574219,139.43612670898438,228.53729248046875,139.43612670898438
91,5702,431,0,car,0.8832139372825623,671.2760009765625,0.0,896.9954223632812,119.32299041748048,784.1357116699219,119.32299041748048,225.71942138671875,119.32299041748048
91,5703,431,0,car,0.8883043527603149,673.9990234375,0.0,890.9288330078125,103.44216918945312,782.4639282226562,103.44216918945312,216.9298095703125,103.44216918945312
91,5704,431,0,car,0.856131911277771,671.3970947265625,0.0,886.989501953125,92.7582778930664,779.1932983398438,92.7582778930664,215.5924072265625,92.7582778930664
91,5705,431,0,car,0.8348237872123718,672.2831420898438,0.976877212524414,881.4287719726562,73.82719421386719,776.85595703125,73.82719421386719,209.1456298828125,72.85031700134277
91,5706,431,0,car,0.746466338634491,670.3137817382812,0.1851757764816284,876.6616821289062,55.4296760559082,773.4877319335938,55.4296760559082,206.347900390625,55.244500279426575
92,5722,433,0,car,0.9272425770759584,1309.8421630859375,495.2017211914063,1920.0,1055.0172119140625,1614.9210815429688,1055.0172119140625,610.1578369140625,559.8154907226562
92,5723,433,0,car,0.6753525137901306,1291.781982421875,454.82470703125,1895.114013671875,991.9580078125,1593.447998046875,991.9580078125,603.33203125,537.13330078125
92,5724,433,0,car,0.932189166545868,1273.301025390625,421.0325012207031,1873.9815673828125,941.4647216796876,1573.6412963867188,941.4647216796876,600.6805419921875,520.4322204589844
92,5725,433,0,car,0.9264301061630248,1254.6221923828125,386.9276123046875,1841.759765625,882.9310302734375,1548.1909790039062,882.9310302734375,587.1375732421875,496.00341796875
92,5726,433,0,car,0.9264499545097352,1240.84912109375,352.4181213378906,1805.2364501953125,828.1058349609375,1523.0427856445312,828.1058349609375,564.3873291015625,475.6877136230469
92,5727,433,0,car,0.8875871300697327,1224.791748046875,317.0256652832031,1766.010498046875,779.8610229492188,1495.401123046875,779.8610229492188,541.21875,462.8353576660156
92,5728,433,0,car,0.9400655031204224,1212.3621826171875,285.1620788574219,1728.9150390625,730.4747314453125,1470.6386108398438,730.4747314453125,516.5528564453125,445.3126525878906
92,5729,433,0,car,0.932256281375885,1198.769287109375,265.0181579589844,1694.1451416015625,679.15380859375,1446.4572143554688,679.15380859375,495.3758544921875,414.1356506347656
92,5730,433,0,car,0.9352278113365172,1184.0845947265625,236.4873046875,1656.816162109375,635.2916870117188,1420.4503784179688,635.2916870117188,472.7315673828125,398.8043823242188
92,5731,433,0,car,0.9428182244300842,1170.950439453125,208.6803741455078,1626.68017578125,591.3197021484375,1398.8153076171875,591.3197021484375,455.729736328125,382.6393280029297
92,5732,433,0,car,0.9477830529212952,1161.6697998046875,184.04103088378903,1599.9791259765625,552.2810668945312,1380.824462890625,552.2810668945312,438.309326171875,368.2400360107422
92,5733,433,0,car,0.9258425235748292,1151.257568359375,159.5537109375,1569.20703125,523.3577270507812,1360.2322998046875,523.3577270507812,417.949462890625,363.8040161132813
92,5734,433,0,car,0.915566623210907,1139.5906982421875,137.82325744628906,1547.15380859375,490.863525390625,1343.3722534179688,490.863525390625,407.5631103515625,353.04026794433594
92,5735,433,0,car,0.9251431822776794,1128.690185546875,112.52974700927734,1524.46826171875,457.9499816894531,1326.5792236328125,457.9499816894531,395.778076171875,345.4202346801758
92,5736,433,0,car,0.9291638135910034,1119.3087158203125,91.0785903930664,1499.8446044921875,428.8658142089844,1309.57666015625,428.8658142089844,380.535888671875,337.787223815918
92,5737,433,0,car,0.916479766368866,1111.10302734375,71.45394897460938,1479.787353515625,402.3179626464844,1295.4451904296875,402.3179626464844,368.684326171875,330.864013671875
92,5738,433,0,car,0.921822190284729,1100.8780517578125,50.460426330566406,1459.965087890625,376.6805725097656,1280.4215698242188,376.6805725097656,359.0870361328125,326.2201461791992
92,5739,433,0,car,0.9219279885292052,1092.9246826171875,33.12855911254883,1442.187744140625,351.78485107421875,1267.5562133789062,351.78485107421875,349.2630615234375,318.6562919616699
92,5740,433,0,car,0.9188222289085388,1084.63330078125,12.750622749328612,1425.3468017578125,326.11572265625,1254.9900512695312,326.11572265625,340.7135009765625,313.3650999069214
92,5741,433,0,car,0.9290164709091188,1079.7611083984375,0.0,1407.378173828125,293.84881591796875,1243.5696411132812,293.84881591796875,327.6170654296875,293.84881591796875
92,5742,433,0,car,0.9214560389518738,1071.91015625,0.0,1391.8525390625,272.292724609375,1231.88134765625,272.292724609375,319.9423828125,272.292724609375
92,5743,433,0,car,0.9148387908935548,1065.3851318359375,0.0,1376.5550537109375,253.77325439453125,1220.9700927734375,253.77325439453125,311.169921875,253.77325439453125
92,5744,433,0,car,0.9252222180366516,1056.62158203125,0.0,1360.7076416015625,236.49285888671875,1208.6646118164062,236.49285888671875,304.0860595703125,236.49285888671875
92,5745,433,0,car,0.9211355447769164,1048.9144287109375,0.0,1345.8017578125,214.8575134277344,1197.3580932617188,214.8575134277344,296.8873291015625,214.8575134277344
92,5746,433,0,car,0.9312047362327576,1042.20361328125,0.0,1331.1446533203125,191.4481201171875,1186.6741333007812,191.4481201171875,288.9410400390625,191.4481201171875
92,5747,433,0,car,0.9205676317214966,1038.1904296875,0.0,1316.9840087890625,168.35922241210938,1177.5872192382812,168.35922241210938,278.7935791015625,168.35922241210938
92,5748,433,0,car,0.9039693474769592,1030.4583740234375,0.0,1304.805419921875,152.02642822265625,1167.6318969726562,152.02642822265625,274.3470458984375,152.02642822265625
92,5749,433,0,car,0.9000507593154907,1024.7154541015625,0.0,1291.0791015625,136.34767150878906,1157.8972778320312,136.34767150878906,266.3636474609375,136.34767150878906
92,5750,433,0,car,0.9030494689941406,1017.0703735351562,0.0044626034796237,1278.328857421875,117.4130401611328,1147.6996154785156,117.4130401611328,261.25848388671875,117.4085775576532
92,5751,433,0,car,0.8891468644142151,1021.0362548828124,0.2693903744220733,1267.5865478515625,99.8946533203125,1144.3114013671875,99.8946533203125,246.55029296875,99.62526294589044
92,5752,433,0,car,0.8692739009857178,1024.6356201171875,1.4533840417861938,1257.425048828125,86.17512512207031,1141.0303344726562,86.17512512207031,232.7894287109375,84.72174108028412
92,5753,433,0,car,0.9203954339027404,1028.9117431640625,0.0,1248.57958984375,68.04631805419922,1138.7456665039062,68.04631805419922,219.6678466796875,68.04631805419922
92,5754,433,0,car,0.8880128264427185,1030.0072021484375,0.0,1236.7655029296875,53.7496223449707,1133.3863525390625,53.7496223449707,206.75830078125,53.7496223449707
93,5738,436,0,car,0.9375599026679992,559.1569213867188,457.8715515136719,1013.0796508789062,1009.3411865234376,786.1182861328125,1009.3411865234376,453.9227294921875,551.4696350097656
93,5739,436,0,car,0.936831533908844,559.7442016601562,418.7355041503906,996.806884765625,950.6162109375,778.2755432128906,950.6162109375,437.0626831054688,531.8807067871094
93,5740,436,0,car,0.9424442648887634,567.3809204101562,383.1826171875,988.5374145507812,887.9879150390625,777.9591674804688,887.9879150390625,421.156494140625,504.8052978515625
93,5741,436,0,car,0.9361053109169006,566.5230712890625,352.9440612792969,979.5822143554688,834.3840942382812,773.0526428222656,834.3840942382812,413.0591430664063,481.4400329589844
93,5742,436,0,car,0.9399588108062744,569.3573608398438,320.5217590332031,969.8924560546876,779.6748657226562,769.6249084472656,779.6748657226562,400.53509521484375,459.1531066894531
93,5743,436,0,car,0.9427818655967712,571.552734375,290.2928771972656,958.91845703125,731.292236328125,765.235595703125,731.292236328125,387.36572265625,440.9993591308594
93,5744,436,0,car,0.94896000623703,571.7443237304688,265.1415100097656,950.833740234375,680.2456665039062,761.2890319824219,680.2456665039062,379.0894165039063,415.1041564941406
93,5745,436,0,car,0.9279822707176208,570.6129150390625,234.42822265625,943.0499267578124,638.0026245117188,756.8314208984375,638.0026245117188,372.43701171875,403.5744018554688
93,5746,436,0,car,0.9401452541351318,575.2275390625,204.0847625732422,937.5188598632812,592.1976318359375,756.3731994628906,592.1976318359375,362.2913208007813,388.1128692626953
93,5747,436,0,car,0.9151228070259094,589.2662963867188,178.32179260253906,931.9137573242188,555.439208984375,760.5900268554688,555.439208984375,342.6474609375,377.117416381836
93,5748,436,0,car,0.9280232191085817,593.281494140625,155.13128662109375,927.0692138671876,520.6358642578125,760.1753540039062,520.6358642578125,333.7877197265625,365.5045776367188
93,5749,436,0,car,0.908858358860016,595.6447143554688,131.63351440429688,918.316650390625,489.5034790039063,756.9806823730469,489.5034790039063,322.67193603515625,357.8699645996094
93,5750,436,0,car,0.91753089427948,598.5704345703125,111.63924407958984,914.5304565429688,456.82470703125,756.5504455566406,456.82470703125,315.96002197265625,345.18546295166016
93,5751,436,0,car,0.9198384284973145,598.4638061523438,82.88756561279297,912.2608642578124,424.7897644042969,755.3623352050781,424.7897644042969,313.79705810546875,341.9021987915039
93,5752,436,0,car,0.908639132976532,603.8327026367188,63.124610900878906,905.14453125,395.4985046386719,754.4886169433594,395.4985046386719,301.31182861328125,332.37389373779297
93,5753,436,0,car,0.9309763312339784,607.6870727539062,41.47036743164063,896.4263305664062,362.3871765136719,752.0567016601562,362.3871765136719,288.7392578125,320.91680908203125
93,5754,436,0,car,0.931157112121582,614.281005859375,25.53227424621582,890.1019897460938,333.8140563964844,752.1914978027344,333.8140563964844,275.82098388671875,308.2817821502685
93,5755,436,0,car,0.9287616014480592,611.2039794921875,9.343731880187988,888.5092163085938,313.8267822265625,749.8565979003906,313.8267822265625,277.30523681640625,304.4830503463745
93,5756,436,0,car,0.92277330160141,613.7388916015625,0.0,883.8648071289062,285.2162170410156,748.8018493652344,285.2162170410156,270.1259155273437,285.2162170410156
93,5757,436,0,car,0.9240338802337646,610.4345703125,0.0,881.3006591796875,263.9374694824219,745.8676147460938,263.9374694824219,270.8660888671875,263.9374694824219
93,5758,436,0,car,0.915984570980072,610.0252685546875,0.0,875.8377685546875,242.75131225585932,742.9315185546875,242.75131225585932,265.8125,242.75131225585932
93,5759,436,0,car,0.9146472811698914,614.2691650390625,0.0,871.092041015625,220.03823852539065,742.6806030273438,220.03823852539065,256.8228759765625,220.03823852539065
93,5760,436,0,car,0.9162247776985168,615.3539428710938,0.0,868.5730590820312,201.6788482666016,741.9635009765625,201.6788482666016,253.2191162109375,201.6788482666016
93,5761,436,0,car,0.9060986638069152,618.259765625,0.0,865.20556640625,179.73342895507812,741.732666015625,179.73342895507812,246.94580078125,179.73342895507812
93,5762,436,0,car,0.9093515276908876,619.444580078125,0.0,861.1513061523438,160.78880310058594,740.2979431152344,160.78880310058594,241.70672607421875,160.78880310058594
93,5763,436,0,car,0.8852088451385498,619.6025390625,0.0,858.860595703125,143.19029235839844,739.2315673828125,143.19029235839844,239.258056640625,143.19029235839844
93,5764,436,0,car,0.8942901492118835,619.0621337890625,0.0,858.4951171875,127.35012817382812,738.7786254882812,127.35012817382812,239.4329833984375,127.35012817382812
93,5765,436,0,car,0.8943907618522644,620.8771362304688,0.0,854.0569458007812,110.28141021728516,737.467041015625,110.28141021728516,233.1798095703125,110.28141021728516
93,5766,436,0,car,0.8797321915626526,621.2967529296875,1.0191965103149414,852.8173828125,93.85102081298828,737.0570678710938,93.85102081298828,231.5206298828125,92.83182430267334
93,5767,436,0,car,0.8643447756767273,622.7440795898438,1.5466804504394531,850.1914672851562,76.65823364257812,736.4677734375,76.65823364257812,227.4473876953125,75.11155319213867
93,5768,436,0,car,0.8420576453208923,625.5390625,1.4575541019439695,846.506591796875,63.57145309448242,736.0228271484375,63.57145309448242,220.967529296875,62.11389899253845
93,5769,436,0,car,0.847513735294342,628.6044311523438,0.509444534778595,841.9337768554688,50.04378509521485,735.2691040039062,50.04378509521485,213.329345703125,49.53434056043625
94,5776,442,0,car,0.9477569460868835,569.6140747070312,423.8183898925781,1007.9719848632812,1026.8956298828125,788.7930297851562,1026.8956298828125,438.35791015625,603.0772399902344
94,5777,442,0,car,0.9512127041816713,560.4266357421875,391.3366088867188,993.834228515625,967.7813110351562,777.1304321289062,967.7813110351562,433.4075927734375,576.4447021484375
94,5778,442,0,car,0.9476089477539062,557.3861694335938,363.9891052246094,982.8069458007812,904.6434326171876,770.0965576171875,904.6434326171876,425.4207763671875,540.6543273925781
94,5779,442,0,car,0.9446224570274352,552.9351196289062,337.511474609375,973.1189575195312,849.2716064453125,763.0270385742188,849.2716064453125,420.183837890625,511.7601318359375
94,5780,442,0,car,0.9488595128059388,550.4314575195312,304.2846984863281,963.3026733398438,792.59521484375,756.8670654296875,792.59521484375,412.8712158203125,488.3105163574219
94,5781,442,0,car,0.948764979839325,549.5653686523438,283.4462890625,956.0036010742188,742.046875,752.7844848632812,742.046875,406.438232421875,458.6005859375
94,5782,442,0,car,0.9461514353752136,548.0432739257812,260.70318603515625,944.15283203125,691.2045288085938,746.0980529785156,691.2045288085938,396.1095581054688,430.5013427734375
94,5783,442,0,car,0.9478674530982972,550.50439453125,230.68014526367188,938.7011108398438,647.4580688476562,744.6027526855469,647.4580688476562,388.19671630859375,416.7779235839844
94,5784,442,0,car,0.9515455961227416,555.1112060546875,207.03665161132807,930.3759765625,608.5608520507812,742.7435913085938,608.5608520507812,375.2647705078125,401.5242004394531
94,5785,442,0,car,0.9462610483169556,555.7476196289062,180.45822143554688,921.8682861328124,569.9201049804688,738.8079528808594,569.9201049804688,366.1206665039063,389.4618835449219
94,5786,442,0,car,0.9332818388938904,557.732177734375,159.10379028320312,916.0789794921876,535.6263427734375,736.9055786132812,535.6263427734375,358.3468017578125,376.5225524902344
94,5787,442,0,car,0.9290398955345154,559.1625366210938,135.0712432861328,911.24609375,502.7953796386719,735.2043151855469,502.7953796386719,352.08355712890625,367.7241363525391
94,5788,442,0,car,0.935163140296936,559.7138061523438,114.67044067382812,905.0067138671876,470.1872253417969,732.3602600097656,470.1872253417969,345.2929077148437,355.51678466796875
94,5789,442,0,car,0.9220099449157716,565.4221801757812,97.85296630859376,896.700927734375,437.2342224121094,731.0615539550781,437.2342224121094,331.2787475585937,339.3812561035156
94,5790,442,0,car,0.92789626121521,568.1890869140625,75.7952651977539,890.8546752929688,407.46490478515625,729.5218811035156,407.46490478515625,322.66558837890625,331.66963958740234
94,5791,442,0,car,0.9273858070373536,568.9721069335938,53.33242416381836,885.1765747070312,382.5411376953125,727.0743408203125,382.5411376953125,316.2044677734375,329.20871353149414
94,5792,442,0,car,0.9233672618865968,570.8670043945312,34.57984924316406,879.42724609375,352.0404357910156,725.1471252441406,352.0404357910156,308.56024169921875,317.4605865478516
94,5793,442,0,car,0.9238231778144836,572.7282104492188,15.713171005249023,874.9411010742188,328.6366577148437,723.8346557617188,328.6366577148437,302.212890625,312.9234867095947
94,5794,442,0,car,0.927506387233734,574.154296875,5.176830768585205,870.4573974609375,307.4024963378906,722.3058471679688,307.4024963378906,296.3031005859375,302.2256655693054
94,5795,442,0,car,0.9262834191322328,575.9812622070312,0.0,865.91650390625,284.57843017578125,720.9488830566406,284.57843017578125,289.93524169921875,284.57843017578125
94,5796,442,0,car,0.91993647813797,576.4519653320312,0.0,861.6502685546875,258.88189697265625,719.0511169433594,258.88189697265625,285.19830322265625,258.88189697265625
94,5797,442,0,car,0.9230449199676514,578.13134765625,0.0,857.2755126953125,239.679443359375,717.7034301757812,239.679443359375,279.1441650390625,239.679443359375
94,5798,442,0,car,0.9241676926612854,578.8966064453125,0.0,853.0408325195312,219.7626342773437,715.9687194824219,219.7626342773437,274.14422607421875,219.7626342773437
94,5799,442,0,car,0.9218075275421144,579.1302490234375,0.0,849.5042724609375,202.724609375,714.3172607421875,202.724609375,270.3740234375,202.724609375
94,5800,442,0,car,0.9329866766929626,577.9201049804688,0.0,845.7667846679688,179.53213500976562,711.8434448242188,179.53213500976562,267.8466796875,179.53213500976562
94,5801,442,0,car,0.9242387413978576,578.2906494140625,0.0,839.177001953125,163.6996307373047,708.7338256835938,163.6996307373047,260.8863525390625,163.6996307373047
94,5802,442,0,car,0.9035511016845704,581.8603515625,0.0,833.8216552734375,148.51303100585938,707.8410034179688,148.51303100585938,251.9613037109375,148.51303100585938
94,5803,442,0,car,0.900636613368988,581.96337890625,0.0,829.2783203125,137.1925048828125,705.620849609375,137.1925048828125,247.31494140625,137.1925048828125
94,5804,442,0,car,0.8992370367050171,584.2656860351562,0.8535979986190796,824.8483276367188,118.30291748046876,704.5570068359375,118.30291748046876,240.5826416015625,117.44931948184968
94,5805,442,0,car,0.8982205986976624,588.3285522460938,0.7223144769668579,821.8645629882812,107.03359985351562,705.0965576171875,107.03359985351562,233.5360107421875,106.31128537654877
94,5806,442,0,car,0.8735870122909546,589.7442626953125,0.7968408465385437,819.037841796875,89.04766082763672,704.3910522460938,89.04766082763672,229.2935791015625,88.25081998109818
94,5807,442,0,car,0.8639774918556213,591.8226928710938,0.4659002721309662,815.7835693359375,66.19802856445312,703.8031311035156,66.19802856445312,223.9608764648437,65.73212829232216
95,5782,445,0,car,0.9390612840652466,1359.847900390625,441.7028503417969,1919.8580322265625,1059.3193359375,1639.8529663085938,1059.3193359375,560.0101318359375,617.6164855957031
95,5783,445,0,car,0.9332404136657716,1340.6793212890625,406.76953125,1919.952392578125,994.9738159179688,1630.3158569335938,994.9738159179688,579.2730712890625,588.2042846679688
95,5784,445,0,car,0.9290699362754822,1317.4678955078125,379.4781799316406,1920.0,945.9006958007812,1618.7339477539062,945.9006958007812,602.5321044921875,566.4225158691406
95,5785,445,0,car,0.9319776892662048,1305.3707275390625,351.7426452636719,1919.6207275390625,885.02001953125,1612.4957275390625,885.02001953125,614.25,533.2773742675781
95,5786,445,0,car,0.9328970313072203,1279.3408203125,323.9285888671875,1909.6549072265625,831.3570556640625,1594.4978637695312,831.3570556640625,630.3140869140625,507.428466796875
95,5787,445,0,car,0.9309725165367126,1264.7244873046875,286.5533752441406,1876.6986083984373,775.6636962890625,1570.7115478515625,775.6636962890625,611.97412109375,489.1103210449219
95,5788,445,0,car,0.9299323558807372,1249.555419921875,262.95611572265625,1839.7481689453125,729.6596069335938,1544.6517944335938,729.6596069335938,590.1927490234375,466.7034912109375
95,5789,445,0,car,0.9245782494544984,1235.2813720703125,238.9939422607422,1804.011962890625,679.0582275390625,1519.6466674804688,679.0582275390625,568.7305908203125,440.0642852783203
95,5790,445,0,car,0.9338783621788024,1224.4658203125,211.80812072753903,1763.8345947265625,633.2384033203125,1494.1502075195312,633.2384033203125,539.3687744140625,421.43028259277344
95,5791,445,0,car,0.9388765096664428,1214.381103515625,188.87217712402344,1730.0069580078125,583.7481079101562,1472.1940307617188,583.7481079101562,515.6258544921875,394.8759307861328
95,5792,445,0,car,0.929442584514618,1200.95263671875,166.43663024902344,1699.9205322265625,548.7420654296875,1450.4365844726562,548.7420654296875,498.9678955078125,382.30543518066406
95,5793,445,0,car,0.940482497215271,1185.712646484375,146.6591033935547,1664.8497314453125,517.1624145507812,1425.2811889648438,517.1624145507812,479.1370849609375,370.50331115722656
95,5794,445,0,car,0.938368797302246,1172.328857421875,123.21038818359376,1637.5806884765625,477.12213134765625,1404.9547729492188,477.12213134765625,465.2518310546875,353.9117431640625
95,5795,445,0,car,0.935400366783142,1164.4998779296875,101.03565216064452,1609.764892578125,443.9701232910156,1387.1323852539062,443.9701232910156,445.2650146484375,342.9344711303711
95,5796,445,0,car,0.9433643221855164,1150.880615234375,84.8553466796875,1582.7373046875,415.7222595214844,1366.8089599609375,415.7222595214844,431.856689453125,330.8669128417969
95,5797,445,0,car,0.9325472712516784,1142.021728515625,51.06305313110352,1556.864013671875,386.70159912109375,1349.44287109375,386.70159912109375,414.84228515625,335.63854598999023
95,5798,445,0,car,0.9330764412879944,1130.759765625,38.81156539916992,1539.106689453125,366.4454040527344,1334.9332275390625,366.4454040527344,408.346923828125,327.63383865356445
95,5799,445,0,car,0.924641728401184,1120.0418701171875,15.373563766479492,1519.505126953125,336.1606750488281,1319.7734985351562,336.1606750488281,399.4632568359375,320.78711128234863
95,5800,445,0,car,0.9330490231513976,1111.1749267578125,3.5091826915740967,1499.936767578125,308.2225646972656,1305.5558471679688,308.2225646972656,388.7618408203125,304.7133820056915
95,5801,445,0,car,0.9186934232711792,1100.5400390625,0.0,1480.5955810546875,283.9086608886719,1290.5678100585938,283.9086608886719,380.0555419921875,283.9086608886719
95,5802,445,0,car,0.9199216365814208,1094.0218505859375,0.0,1462.3046875,267.4423217773437,1278.1632690429688,267.4423217773437,368.2828369140625,267.4423217773437
95,5803,445,0,car,0.9274247884750366,1082.2352294921875,0.0,1446.10546875,248.6333770751953,1264.1703491210938,248.6333770751953,363.8702392578125,248.6333770751953
95,5804,445,0,car,0.9193048477172852,1074.615966796875,0.0,1426.8289794921875,225.23394775390625,1250.7224731445312,225.23394775390625,352.2130126953125,225.23394775390625
95,5805,445,0,car,0.9052522778511048,1068.9713134765625,0.0,1408.8037109375,202.4461975097656,1238.8875122070312,202.4461975097656,339.8323974609375,202.4461975097656
95,5806,445,0,car,0.9197594523429872,1063.6455078125,0.0,1390.6590576171875,178.44998168945312,1227.1522827148438,178.44998168945312,327.0135498046875,178.44998168945312
95,5807,445,0,car,0.8989374041557312,1054.6478271484375,0.0,1375.6871337890625,159.06564331054688,1215.16748046875,159.06564331054688,321.039306640625,159.06564331054688
95,5808,445,0,car,0.8953056931495667,1046.5875244140625,0.0,1360.6505126953125,144.19940185546875,1203.6190185546875,144.19940185546875,314.06298828125,144.19940185546875
95,5809,445,0,car,0.8875513076782227,1039.7305908203125,0.0,1348.2852783203125,124.63497924804688,1194.0079345703125,124.63497924804688,308.5546875,124.63497924804688
95,5810,445,0,car,0.8899287581443787,1035.486328125,0.1311806887388229,1332.733154296875,107.63117218017578,1184.1097412109375,107.63117218017578,297.246826171875,107.49999149143696
95,5811,445,0,car,0.876762330532074,1037.263427734375,0.3928498923778534,1318.4415283203125,97.80272674560548,1177.8524780273438,97.80272674560548,281.1781005859375,97.40987685322762
95,5812,445,0,car,0.8612454533576965,1041.4620361328125,0.7509622573852539,1306.5333251953125,87.48551177978516,1173.9976806640625,87.48551177978516,265.0712890625,86.7345495223999
95,5813,445,0,car,0.8530391454696655,1041.254150390625,0.8421370387077332,1292.693115234375,68.59651184082031,1166.9736328125,68.59651184082031,251.43896484375,67.75437480211258
95,5814,445,0,car,0.8116089105606079,1045.2108154296875,0.0,1279.0921630859375,53.06380081176758,1162.1514892578125,53.06380081176758,233.88134765625,53.06380081176758
96,5827,449,0,car,0.9513868689537048,759.85498046875,441.2051696777344,1237.3253173828125,1020.098388671875,998.5901489257812,1020.098388671875,477.4703369140625,578.8932189941406
96,5828,449,0,car,0.9457386136054992,759.9110717773438,402.2892150878906,1214.5172119140625,954.389404296875,987.2141418457032,954.389404296875,454.6061401367188,552.1001892089844
96,5829,449,0,car,0.9375690817832948,754.2044677734375,369.924072265625,1189.2509765625,893.13916015625,971.7277221679688,893.13916015625,435.0465087890625,523.215087890625
96,5830,449,0,car,0.941683292388916,747.5014038085938,340.5062561035156,1170.6995849609375,828.6102294921875,959.1004943847656,828.6102294921875,423.19818115234375,488.1039733886719
96,5831,449,0,car,0.9498167037963868,743.4606323242188,299.2006530761719,1153.80859375,767.2242431640625,948.6346130371094,767.2242431640625,410.3479614257813,468.0235900878906
96,5832,449,0,car,0.9406899213790894,745.5598754882812,275.2236633300781,1136.827880859375,712.9517822265625,941.193878173828,712.9517822265625,391.26800537109375,437.7281188964844
96,5833,449,0,car,0.9464518427848816,744.8331909179688,242.0609588623047,1123.418701171875,661.5388793945312,934.125946044922,661.5388793945312,378.5855102539063,419.47792053222656
96,5834,449,0,car,0.9405840039253236,739.4755859375,210.88836669921875,1111.4119873046875,614.6096801757812,925.4437866210938,614.6096801757812,371.9364013671875,403.7213134765625
96,5835,449,0,car,0.9078662395477296,732.7469482421875,181.0031890869141,1098.0950927734375,569.6427612304688,915.4210205078124,569.6427612304688,365.34814453125,388.6395721435547
96,5836,449,0,car,0.9306318163871764,727.142578125,155.5977783203125,1084.509521484375,526.829833984375,905.8260498046876,526.829833984375,357.366943359375,371.2320556640625
96,5837,449,0,car,0.9354401230812072,722.7968139648438,128.4279327392578,1069.7518310546875,489.9377136230469,896.2743225097656,489.9377136230469,346.9550170898437,361.50978088378906
96,5838,449,0,car,0.9254831671714784,724.9411010742188,102.29904174804688,1056.5333251953125,454.3015441894531,890.7372131347656,454.3015441894531,331.5922241210937,352.00250244140625
96,5839,449,0,car,0.9265910983085632,721.9801025390625,77.06546020507812,1045.78564453125,417.5380859375,883.8828735351562,417.5380859375,323.8055419921875,340.4726257324219
96,5840,449,0,car,0.9239259958267212,721.4918823242188,59.95769500732422,1038.088134765625,386.7937316894531,879.7900085449219,386.7937316894531,316.59625244140625,326.8360366821289
96,5841,449,0,car,0.9284234642982484,719.67822265625,36.90538024902344,1030.138427734375,358.2644958496094,874.9083251953125,358.2644958496094,310.460205078125,321.35911560058594
96,5842,449,0,car,0.9269973039627076,716.7166748046875,14.530523300170898,1021.025390625,330.2180480957031,868.8710327148438,330.2180480957031,304.3087158203125,315.6875247955322
96,5843,449,0,car,0.9281938076019288,714.3143310546875,8.177144050598145,1014.5974731445312,299.2435607910156,864.4559020996094,299.2435607910156,300.2831420898437,291.0664167404175
96,5844,449,0,car,0.92427396774292,713.7990112304688,0.0,1006.8006591796876,277.04071044921875,860.2998352050781,277.04071044921875,293.00164794921875,277.04071044921875
96,5845,449,0,car,0.9192060232162476,715.6416625976562,0.0,998.0728759765624,256.8327331542969,856.8572692871094,256.8327331542969,282.43121337890625,256.8327331542969
96,5846,449,0,car,0.9185158014297484,716.4722290039062,0.0,987.1239624023438,238.3746795654297,851.798095703125,238.3746795654297,270.6517333984375,238.3746795654297
96,5847,449,0,car,0.9183627367019652,717.1199951171875,0.0,979.7210083007812,217.83236694335932,848.4205017089844,217.83236694335932,262.6010131835937,217.83236694335932
96,5848,449,0,car,0.918570876121521,716.04052734375,0.0,972.151611328125,193.9541015625,844.0960693359375,193.9541015625,256.111083984375,193.9541015625
96,5849,449,0,car,0.9195942878723145,714.814697265625,0.0,965.8111572265624,172.19857788085938,840.3129272460938,172.19857788085938,250.9964599609375,172.19857788085938
96,5850,449,0,car,0.902280867099762,714.9351196289062,0.0089380536228418,959.5267333984376,155.4315948486328,837.2309265136719,155.4315948486328,244.59161376953125,155.42265679500997
96,5851,449,0,car,0.89933180809021,712.2918701171875,0.0,955.0339965820312,136.2173614501953,833.6629333496094,136.2173614501953,242.7421264648437,136.2173614501953
96,5852,449,0,car,0.8920325636863708,712.7620239257812,0.0525209680199623,947.6401977539062,118.6220245361328,830.2011108398438,118.6220245361328,234.878173828125,118.56950356811284
96,5853,449,0,car,0.8725490570068359,714.6021118164062,0.4615299105644226,942.8792724609376,99.8190689086914,828.7406921386719,99.8190689086914,228.27716064453125,99.35753899812698
96,5854,449,0,car,0.8923134803771973,714.4207153320312,0.0,940.4620361328124,86.10771179199219,827.4413757324219,86.10771179199219,226.04132080078125,86.10771179199219
96,5855,449,0,car,0.7658010721206665,715.0886840820312,0.0,933.2836303710938,60.58165740966797,824.1861572265625,60.58165740966797,218.1949462890625,60.58165740966797
97,5836,450,0,car,0.9264105558395386,1235.957275390625,344.12579345703125,1919.8663330078125,1034.7852783203125,1577.9118041992188,1034.7852783203125,683.9090576171875,690.6594848632812
97,5837,450,0,car,0.9246320724487304,1218.1983642578125,306.80108642578125,1919.4718017578125,970.9559936523438,1568.8350830078125,970.9559936523438,701.2734375,664.1549072265625
97,5838,450,0,car,0.9342957735061646,1205.89697265625,273.3575744628906,1910.8104248046875,906.810546875,1558.3536987304688,906.810546875,704.9134521484375,633.4529724121094
97,5839,450,0,car,0.9276421070098876,1197.9896240234375,248.24166870117188,1869.375,848.1549682617188,1533.6823120117188,848.1549682617188,671.3853759765625,599.9132995605469
97,5840,450,0,car,0.9299505949020386,1185.3326416015625,223.3474273681641,1839.3736572265625,793.919921875,1512.3531494140625,793.919921875,654.041015625,570.5724945068359
97,5841,450,0,car,0.9441065788269044,1171.4217529296875,196.8903350830078,1795.65478515625,744.1336059570312,1483.5382690429688,744.1336059570312,624.2330322265625,547.2432708740234
97,5842,450,0,car,0.9234320521354676,1158.62890625,169.50006103515625,1755.245849609375,693.6629638671875,1456.9373779296875,693.6629638671875,596.616943359375,524.1629028320312
97,5843,450,0,car,0.9259061813354492,1150.1015625,145.8529510498047,1725.4376220703125,648.3847045898438,1437.7695922851562,648.3847045898438,575.3360595703125,502.5317535400391
97,5844,450,0,car,0.938069760799408,1138.217041015625,121.27281951904295,1687.27294921875,603.6914672851562,1412.7449951171875,603.6914672851562,549.055908203125,482.4186477661133
97,5845,450,0,car,0.9411818385124208,1129.408203125,97.41374206542967,1649.0169677734375,564.6551513671875,1389.2125854492188,564.6551513671875,519.6087646484375,467.2414093017578
97,5846,450,0,car,0.9399594664573668,1122.28466796875,75.56500244140625,1625.2288818359375,532.8273315429688,1373.7567749023438,532.8273315429688,502.9442138671875,457.2623291015625
97,5847,450,0,car,0.9315181374549866,1114.8311767578125,53.6559944152832,1591.0841064453125,494.0095825195313,1352.9576416015625,494.0095825195313,476.2529296875,440.3535881042481
97,5848,450,0,car,0.927142858505249,1105.4886474609375,30.61124992370605,1562.054443359375,460.8762512207031,1333.7715454101562,460.8762512207031,456.5657958984375,430.265001296997
97,5849,450,0,car,0.94415682554245,1094.1632080078125,10.791885375976562,1541.3341064453125,432.69244384765625,1317.7486572265625,432.69244384765625,447.1708984375,421.9005584716797
97,5850,450,0,car,0.9454841017723083,1085.607666015625,0.0,1524.6807861328125,402.39306640625,1305.1442260742188,402.39306640625,439.0731201171875,402.39306640625
97,5851,450,0,car,0.944246232509613,1080.9461669921875,0.0,1504.3238525390625,373.1015625,1292.635009765625,373.1015625,423.377685546875,373.1015625
97,5852,450,0,car,0.9197982549667358,1073.4039306640625,0.0,1482.671875,340.9183654785156,1278.0379028320312,340.9183654785156,409.2679443359375,340.9183654785156
97,5853,450,0,car,0.931060552597046,1063.6484375,0.0,1464.0557861328125,320.5015563964844,1263.8521118164062,320.5015563964844,400.4073486328125,320.5015563964844
97,5854,450,0,car,0.924716293811798,1054.6287841796875,0.0,1446.872314453125,295.72509765625,1250.7505493164062,295.72509765625,392.2435302734375,295.72509765625
97,5855,450,0,car,0.9188886284828186,1048.766845703125,0.0,1429.9404296875,273.436767578125,1239.3536376953125,273.436767578125,381.173583984375,273.436767578125
97,5856,450,0,car,0.9177919030189514,1041.6746826171875,0.0,1411.369873046875,255.8559112548828,1226.5222778320312,255.8559112548828,369.6951904296875,255.8559112548828
97,5857,450,0,car,0.9140640497207642,1034.8682861328125,0.0,1395.5147705078125,235.306884765625,1215.1915283203125,235.306884765625,360.646484375,235.306884765625
97,5858,450,0,car,0.890884518623352,1028.9012451171875,0.0,1376.7149658203125,214.0759735107422,1202.80810546875,214.0759735107422,347.813720703125,214.0759735107422
97,5859,450,0,car,0.9010680913925172,1023.1014404296876,0.0,1360.872802734375,193.01168823242188,1191.9871215820312,193.01168823242188,337.7713623046875,193.01168823242188
97,5860,450,0,car,0.8886205554008484,1022.4823608398438,0.0,1346.2041015625,164.6587677001953,1184.343231201172,164.6587677001953,323.72174072265625,164.6587677001953
97,5861,450,0,car,0.8965866565704346,1014.05224609375,0.2866723537445068,1334.7830810546875,149.9783935546875,1174.4176635742188,149.9783935546875,320.7308349609375,149.691721200943
97,5862,450,0,car,0.8961669206619263,1007.3533325195312,1.100635647773743,1320.0555419921875,135.52822875976562,1163.7044372558594,135.52822875976562,312.70220947265625,134.42759311199188
97,5863,450,0,car,0.8905954957008362,1009.5004272460938,1.2384412288665771,1306.5380859375,119.57647705078124,1158.0192565917969,119.57647705078124,297.03765869140625,118.33803582191469
97,5864,450,0,car,0.8911451101303101,1017.8391723632812,1.0126097202301023,1294.2861328125,105.98802947998048,1156.0626525878906,105.98802947998048,276.44696044921875,104.97541975975037
97,5865,450,0,car,0.8773903250694275,1023.0420532226562,2.07484769821167,1282.289306640625,96.18486785888672,1152.6656799316406,96.18486785888672,259.24725341796875,94.11002016067503
97,5866,450,0,car,0.8862951397895813,1025.0166015625,2.476623296737671,1268.70556640625,80.24696350097656,1146.861083984375,80.24696350097656,243.68896484375,77.77034020423889
97,5867,450,0,car,0.8638532757759094,1022.008544921875,0.9334529042243958,1257.12060546875,61.93246078491211,1139.5645751953125,61.93246078491211,235.112060546875,60.999007880687714
98,5882,453,0,car,0.924001157283783,5.779145240783691,451.0008239746094,501.6607666015625,1051.4501953125,253.7199559211731,1051.4501953125,495.8816213607788,600.4493713378906
98,5883,453,0,car,0.9000054597854614,3.748303174972534,422.9056396484375,502.2679443359375,1008.7630004882812,253.00812375545505,1008.7630004882812,498.51964116096497,585.8573608398438
98,5884,453,0,car,0.9380975365638732,2.038689613342285,397.6077575683594,502.4480590820313,965.6348876953124,252.2433743476868,965.6348876953124,500.40936946868896,568.0271301269531
98,5885,453,0,car,0.9283388257026672,2.811995506286621,365.4871826171875,508.8230590820313,914.8015747070312,255.8175272941589,914.8015747070312,506.01106357574463,549.3143920898438
98,5886,453,0,car,0.9407906532287598,12.381937980651855,338.5299072265625,514.2142944335938,869.6486206054688,263.2981162071228,869.6486206054688,501.8323564529419,531.1187133789062
98,5887,453,0,car,0.9354727864265442,25.45587158203125,325.22198486328125,514.4635620117188,824.8735961914062,269.959716796875,824.8735961914062,489.0076904296875,499.651611328125
98,5888,453,0,car,0.9339536428451538,41.73256301879883,307.20269775390625,510.0130310058594,778.4019165039062,275.8727970123291,778.4019165039062,468.28046798706055,471.19921875
98,5889,453,0,car,0.93579763174057,60.24169158935547,278.85223388671875,511.8808288574219,737.7291870117188,286.0612602233887,737.7291870117188,451.6391372680664,458.876953125
98,5890,453,0,car,0.9384304285049438,78.00312805175781,251.8023376464844,519.7839965820312,689.4522705078125,298.89356231689453,689.4522705078125,441.78086853027344,437.6499328613281
98,5891,453,0,car,0.9400194883346558,93.46116638183594,230.905517578125,525.8204956054688,649.65625,309.64083099365234,649.65625,432.3593292236328,418.750732421875
98,5892,453,0,car,0.9426841735839844,108.69184112548828,209.07733154296875,523.3053588867188,617.951416015625,315.9986000061035,617.951416015625,414.61351776123047,408.87408447265625
98,5893,453,0,car,0.943549633026123,123.6580810546875,189.83404541015625,540.0657348632812,581.8713989257812,331.8619079589844,581.8713989257812,416.40765380859375,392.037353515625
98,5894,453,0,car,0.9435063004493712,136.4528350830078,169.5626983642578,544.609130859375,550.7969970703125,340.5309829711914,550.7969970703125,408.1562957763672,381.2342987060547
98,5895,453,0,car,0.9201988577842712,149.09519958496094,148.48291015625,543.9229736328125,535.3751831054688,346.5090866088867,535.3751831054688,394.8277740478516,386.8922729492188
98,5896,453,0,car,0.9009993076324464,163.0540771484375,130.259033203125,546.5617065429688,497.657958984375,354.8078918457031,497.657958984375,383.5076293945313,367.39892578125
98,5897,453,0,car,0.9101463556289672,174.5859375,111.9326400756836,545.1697998046875,463.9118041992188,359.8778686523437,463.9118041992188,370.5838623046875,351.9791641235352
98,5898,453,0,car,0.922487497329712,186.5215606689453,97.52821350097656,542.95849609375,438.9233093261719,364.74002838134766,438.9233093261719,356.4369354248047,341.3950958251953
98,5899,453,0,car,0.9243388772010804,198.7499542236328,79.30744934082031,539.5307006835938,415.2063598632813,369.1403274536133,415.2063598632813,340.78074645996094,335.89891052246094
98,5900,453,0,car,0.9225459694862366,211.6558380126953,63.15632629394531,540.4296875,393.8380432128906,376.04276275634766,393.8380432128906,328.7738494873047,330.6817169189453
98,5901,453,0,car,0.9226033687591552,220.5042266845703,47.3109016418457,546.80029296875,364.8512268066406,383.65225982666016,364.8512268066406,326.2960662841797,317.5403251647949
98,5902,453,0,car,0.9264127612113952,227.54525756835932,27.991670608520508,554.8007202148438,340.2017517089844,391.1729888916016,340.2017517089844,327.2554626464844,312.21008110046387
98,5903,453,0,car,0.9200131297111512,236.72071838378903,14.09690284729004,560.6985473632812,313.81890869140625,398.7096328735352,313.81890869140625,323.9778289794922,299.7220058441162
98,5904,453,0,car,0.9212384819984436,246.3394775390625,2.1974844932556152,563.13330078125,296.7006225585937,404.73638916015625,296.7006225585937,316.7938232421875,294.50313806533813
98,5905,453,0,car,0.9275153875350952,257.3061218261719,0.0,567.2006225585938,282.4527893066406,412.2533721923828,282.4527893066406,309.8945007324219,282.4527893066406
98,5906,453,0,car,0.9270483255386353,264.1231994628906,0.0,570.3452758789062,263.7207336425781,417.2342376708984,263.7207336425781,306.2220764160156,263.7207336425781
98,5907,453,0,car,0.9214999079704284,271.66339111328125,0.0,573.2159423828125,246.1157073974609,422.4396667480469,246.1157073974609,301.55255126953125,246.1157073974609
98,5908,453,0,car,0.9176545739173888,278.8279113769531,0.0,578.3197631835938,226.50347900390625,428.57383728027344,226.50347900390625,299.4918518066406,226.50347900390625
98,5909,453,0,car,0.9152372479438782,286.18853759765625,0.0,580.2857666015625,210.42041015625,433.2371520996094,210.42041015625,294.09722900390625,210.42041015625
98,5910,453,0,car,0.9091777801513672,290.3466491699219,0.0,579.716552734375,187.1117553710937,435.0316009521485,187.1117553710937,289.3699035644531,187.1117553710937
98,5911,453,0,car,0.9117876887321472,299.3065795898437,0.0,580.39306640625,167.29493713378906,439.8498229980469,167.29493713378906,281.08648681640625,167.29493713378906
98,5912,453,0,car,0.9052109718322754,306.9208984375,0.0932848677039146,583.4066772460938,154.27108764648438,445.1637878417969,154.27108764648438,276.4857788085937,154.17780277878046
98,5913,453,0,car,0.9027879238128662,312.0108337402344,0.0,585.8645629882812,139.67922973632812,448.9376983642578,139.67922973632812,273.8537292480469,139.67922973632812
98,5914,453,0,car,0.8955019116401672,319.5357360839844,0.0,584.5685424804688,120.5670928955078,452.05213928222656,120.5670928955078,265.0328063964844,120.5670928955078
98,5915,453,0,car,0.8957251906394958,325.6502685546875,0.448588103055954,577.2667236328125,110.22946166992188,451.45849609375,110.22946166992188,251.616455078125,109.78087356686592
98,5916,453,0,car,0.8715716004371643,332.0290222167969,0.0,576.9031372070312,96.11318969726562,454.46607971191406,96.11318969726562,244.8741149902344,96.11318969726562
98,5917,453,0,car,0.8561869263648987,335.2330017089844,0.0,577.2147827148438,78.76173400878906,456.22389221191406,78.76173400878906,241.98178100585932,78.76173400878906
98,5918,453,0,car,0.8055980801582336,343.9761047363281,0.0,576.7423095703125,62.98948669433594,460.3592071533203,62.98948669433594,232.7662048339844,62.98948669433594
99,5930,459,0,car,0.936476469039917,1255.4854736328125,463.2570495605469,1883.631103515625,1037.7720947265625,1569.5582885742188,1037.7720947265625,628.1456298828125,574.5150451660156
99,5931,459,0,car,0.9307146072387696,1240.719970703125,424.6535339355469,1845.899169921875,982.2372436523438,1543.3095703125,982.2372436523438,605.17919921875,557.5837097167969
99,5932,459,0,car,0.9344870448112488,1227.8128662109375,388.1363220214844,1801.2679443359375,916.908935546875,1514.5404052734375,916.908935546875,573.455078125,528.7726135253906
99,5933,459,0,car,0.9405099153518676,1216.1990966796875,358.5823059082031,1760.83544921875,856.6123046875,1488.5172729492188,856.6123046875,544.6363525390625,498.0299987792969
99,5934,459,0,car,0.9358825087547302,1204.3731689453125,326.8034362792969,1724.2696533203125,798.1671142578125,1464.3214111328125,798.1671142578125,519.896484375,471.3636779785156
99,5935,459,0,car,0.9470709562301636,1187.2281494140625,294.03643798828125,1688.880615234375,748.375732421875,1438.0543823242188,748.375732421875,501.6524658203125,454.33929443359375
99,5936,459,0,car,0.9336819052696228,1172.3426513671875,271.1629943847656,1653.1207275390625,694.7234497070312,1412.731689453125,694.7234497070312,480.778076171875,423.5604553222656
99,5937,459,0,car,0.9376185536384584,1160.9022216796875,242.57424926757807,1623.3739013671875,649.47509765625,1392.1380615234375,649.47509765625,462.4716796875,406.9008483886719
99,5938,459,0,car,0.9412726759910583,1150.2652587890625,216.5306396484375,1594.590087890625,604.3218383789062,1372.4276733398438,604.3218383789062,444.3248291015625,387.7911987304688
99,5939,459,0,car,0.950928509235382,1140.988037109375,192.3047332763672,1563.280029296875,564.0537109375,1352.134033203125,564.0537109375,422.2919921875,371.7489776611328
99,5940,459,0,car,0.9457160234451294,1129.984130859375,168.87940979003906,1539.0709228515625,528.6607666015625,1334.5275268554688,528.6607666015625,409.0867919921875,359.78135681152344
99,5941,459,0,car,0.932959258556366,1122.363525390625,144.5500946044922,1517.1751708984375,493.8187561035156,1319.7693481445312,493.8187561035156,394.8116455078125,349.26866149902344
99,5942,459,0,car,0.9350499510765076,1111.6590576171875,121.7764892578125,1497.8330078125,458.7760925292969,1304.7460327148438,458.7760925292969,386.1739501953125,336.9996032714844
99,5943,459,0,car,0.9282422661781312,1102.3988037109375,100.4228973388672,1475.69921875,425.9563903808594,1289.0490112304688,425.9563903808594,373.3004150390625,325.5334930419922
99,5944,459,0,car,0.9300793409347534,1093.3414306640625,79.23145294189453,1457.218505859375,399.2759094238281,1275.2799682617188,399.2759094238281,363.8770751953125,320.0444564819336
99,5945,459,0,car,0.9306976795196532,1085.2633056640625,60.68788909912109,1439.3797607421875,367.87152099609375,1262.321533203125,367.87152099609375,354.116455078125,307.18363189697266
99,5946,459,0,car,0.9261289834976196,1078.952880859375,40.66135787963867,1420.4267578125,338.6249084472656,1249.6898193359375,338.6249084472656,341.473876953125,297.9635505676269
99,5947,459,0,car,0.93032968044281,1072.7601318359375,21.68196678161621,1403.4871826171875,311.7797241210937,1238.1236572265625,311.7797241210937,330.72705078125,290.09775733947754
99,5948,459,0,car,0.9261124730110168,1065.47216796875,2.6528122425079346,1386.963134765625,293.51153564453125,1226.2176513671875,293.51153564453125,321.490966796875,290.8587234020233
99,5949,459,0,car,0.918261706829071,1054.8966064453125,0.0,1370.61328125,271.98687744140625,1212.7549438476562,271.98687744140625,315.7166748046875,271.98687744140625
99,5950,459,0,car,0.9239081144332886,1048.8641357421875,0.0,1356.15087890625,249.0954742431641,1202.5075073242188,249.0954742431641,307.2867431640625,249.0954742431641
99,5951,459,0,car,0.9224578738212584,1043.13427734375,0.0,1341.51123046875,225.9389190673828,1192.32275390625,225.9389190673828,298.376953125,225.9389190673828
99,5952,459,0,car,0.9099208116531372,1035.738525390625,0.0,1327.1590576171875,204.3514404296875,1181.4487915039062,204.3514404296875,291.4205322265625,204.3514404296875
99,5953,459,0,car,0.9074667096138,1028.532958984375,0.0,1312.894287109375,179.31459045410156,1170.713623046875,179.31459045410156,284.361328125,179.31459045410156
99,5954,459,0,car,0.9112298488616944,1021.870849609375,0.0,1303.0472412109375,160.13748168945312,1162.4590454101562,160.13748168945312,281.1763916015625,160.13748168945312
99,5955,459,0,car,0.8999040126800537,1017.180419921875,0.0,1290.856201171875,144.11770629882812,1154.018310546875,144.11770629882812,273.67578125,144.11770629882812
99,5956,459,0,car,0.8975626826286316,1011.1719970703124,0.0,1277.5360107421875,124.01692199707033,1144.35400390625,124.01692199707033,266.364013671875,124.01692199707033
99,5957,459,0,car,0.8953098058700562,1004.9808349609376,0.2931374907493591,1265.620361328125,108.26309204101562,1135.3005981445312,108.26309204101562,260.6395263671875,107.96995455026628
99,5958,459,0,car,0.8721402883529663,1003.339599609375,1.2003346681594849,1256.593994140625,95.7911148071289,1129.966796875,95.7911148071289,253.25439453125,94.59078013896942
99,5959,459,0,car,0.8756101727485657,1010.6864013671876,1.503575563430786,1243.903564453125,81.72373962402344,1127.2949829101562,81.72373962402344,233.2171630859375,80.22016406059265
99,5960,459,0,car,0.9141595959663392,1012.7281494140624,0.0,1234.6168212890625,66.6804428100586,1123.6724853515625,66.6804428100586,221.888671875,66.6804428100586
99,5961,459,0,car,0.9488309621810912,1014.3832397460938,0.0506919026374816,1220.820556640625,52.19963073730469,1117.6018981933594,52.19963073730469,206.43731689453125,52.148938834667206
100,5956,462,0,car,0.952520489692688,638.53466796875,479.5696411132813,1102.21875,1059.2777099609375,870.376708984375,1059.2777099609375,463.68408203125,579.7080688476562
100,5957,462,0,car,0.947807252407074,638.4302368164062,438.571044921875,1083.953369140625,990.3756103515624,861.1918029785156,990.3756103515624,445.5231323242188,551.8045654296875
100,5958,462,0,car,0.94329571723938,641.1328735351562,402.7435302734375,1068.1817626953125,918.4765014648438,854.6573181152344,918.4765014648438,427.04888916015625,515.7329711914062
100,5959,462,0,car,0.9272313117980956,643.2814331054688,363.27252197265625,1053.354248046875,861.3510131835938,848.3178405761719,861.3510131835938,410.0728149414063,498.0784912109375
100,5960,462,0,car,0.9392922520637512,646.4373168945312,327.3197937011719,1038.948974609375,793.4642944335938,842.6931457519531,793.4642944335938,392.51165771484375,466.1445007324219
100,5961,462,0,car,0.9391598701477052,646.246826171875,293.1100769042969,1026.4110107421875,750.1980590820312,836.3289184570312,750.1980590820312,380.1641845703125,457.0879821777344
100,5962,462,0,car,0.9353100657463074,644.01025390625,266.7648620605469,1015.4529418945312,694.737548828125,829.7315979003906,694.737548828125,371.4426879882813,427.9726867675781
100,5963,462,0,car,0.92788565158844,644.4800415039062,234.6714324951172,1002.9541015625,664.56298828125,823.7170715332031,664.56298828125,358.4740600585937,429.8915557861328
100,5964,462,0,car,0.9249501824378968,644.5202026367188,206.5808258056641,992.9528198242188,619.7728271484375,818.7365112304688,619.7728271484375,348.4326171875,413.19200134277344
100,5965,462,0,car,0.9244120121002196,643.2484741210938,181.84597778320312,982.1063842773438,574.0562744140625,812.6774291992188,574.0562744140625,338.85791015625,392.2102966308594
100,5966,462,0,car,0.9387186765670776,644.52734375,155.85614013671875,975.4593505859376,536.093994140625,809.9933471679688,536.093994140625,330.9320068359375,380.2378540039063
100,5967,462,0,car,0.930133819580078,645.7030029296875,131.65228271484375,968.0988159179688,496.9542236328125,806.9009094238281,496.9542236328125,322.39581298828125,365.3019409179688
100,5968,462,0,car,0.9368669986724854,645.003173828125,109.14226531982422,960.526123046875,463.7195129394531,802.7646484375,463.7195129394531,315.52294921875,354.5772476196289
100,5969,462,0,car,0.9268323183059692,644.7703247070312,85.63565826416016,952.1451416015624,429.4427795410156,798.4577331542969,429.4427795410156,307.37481689453125,343.80712127685547
100,5970,462,0,car,0.9296404719352722,647.3904418945312,62.0654411315918,945.7285766601562,396.8683776855469,796.5595092773438,396.8683776855469,298.338134765625,334.8029365539551
100,5971,462,0,car,0.934397518634796,648.536376953125,35.49751281738281,939.2255249023438,366.0875854492188,793.8809509277344,366.0875854492188,290.68914794921875,330.59007263183594
100,5972,462,0,car,0.9310765862464904,646.985595703125,15.240487098693848,933.1532592773438,335.04400634765625,790.0694274902344,335.04400634765625,286.16766357421875,319.8035192489624
100,5973,462,0,car,0.9326390624046326,646.53271484375,0.0,928.163330078125,309.24249267578125,787.3480224609375,309.24249267578125,281.630615234375,309.24249267578125
100,5974,462,0,car,0.9342151284217834,644.9969482421875,0.0,923.2649536132812,284.0796203613281,784.1309509277344,284.0796203613281,278.2680053710937,284.0796203613281
100,5975,462,0,car,0.9199841022491456,646.4364624023438,0.0,917.7146606445312,259.3271789550781,782.0755615234375,259.3271789550781,271.2781982421875,259.3271789550781
100,5976,462,0,car,0.9288111329078674,648.8578491210938,0.0,912.9228515625,237.68118286132807,780.8903503417969,237.68118286132807,264.06500244140625,237.68118286132807
100,5977,462,0,car,0.93330979347229,651.2662963867188,0.0,906.0167236328124,217.2662048339844,778.6415100097656,217.2662048339844,254.7504272460937,217.2662048339844
100,5978,462,0,car,0.9306772351264954,651.9651489257812,0.0,900.6773071289062,195.6607208251953,776.3212280273438,195.6607208251953,248.712158203125,195.6607208251953
100,5979,462,0,car,0.928538978099823,653.0947875976562,0.0,895.8217163085938,172.08909606933594,774.458251953125,172.08909606933594,242.7269287109375,172.08909606933594
100,5980,462,0,car,0.9110974073410034,654.0475463867188,0.0,890.8033447265625,153.08377075195312,772.4254455566406,153.08377075195312,236.7557983398437,153.08377075195312
100,5981,462,0,car,0.9053621888160706,652.4285888671875,0.0,886.0552368164062,135.01866149902344,769.2419128417969,135.01866149902344,233.62664794921875,135.01866149902344
100,5982,462,0,car,0.9022004008293152,651.144775390625,0.0,882.8150634765625,118.2912826538086,766.9799194335938,118.2912826538086,231.6702880859375,118.2912826538086
100,5983,462,0,car,0.8869114518165588,652.088134765625,0.0,878.5905151367188,101.33594512939452,765.3393249511719,101.33594512939452,226.5023803710937,101.33594512939452
100,5984,462,0,car,0.8480918407440186,655.4107055664062,0.0,873.681640625,86.01701354980469,764.5461730957031,86.01701354980469,218.2709350585937,86.01701354980469
101,5995,464,0,car,0.9451236128807068,718.236083984375,457.6678161621094,1166.1727294921875,1028.5115966796875,942.2044067382812,1028.5115966796875,447.9366455078125,570.8437805175781
101,5996,464,0,car,0.9391935467720032,719.269775390625,424.0325317382813,1150.1824951171875,972.8377075195312,934.7261352539062,972.8377075195312,430.9127197265625,548.80517578125
101,5997,464,0,car,0.9446417689323424,709.568603515625,388.7872619628906,1132.56494140625,907.1114501953124,921.0667724609376,907.1114501953124,422.996337890625,518.3241882324219
101,5998,464,0,car,0.9402017593383788,713.01123046875,357.2029724121094,1116.037353515625,853.279052734375,914.5242919921876,853.279052734375,403.026123046875,496.0760803222656
101,5999,464,0,car,0.9364644885063172,708.3201293945312,326.7929992675781,1102.8919677734375,793.997314453125,905.6060485839844,793.997314453125,394.5718383789063,467.2043151855469
101,6000,464,0,car,0.9395776987075806,707.6567993164062,296.62188720703125,1088.4560546875,745.6014404296875,898.0564270019531,745.6014404296875,380.79925537109375,448.97955322265625
101,6001,464,0,car,0.9439866542816162,709.2930908203125,269.6007385253906,1074.6895751953125,691.8067016601562,891.9913330078125,691.8067016601562,365.396484375,422.2059631347656
101,6002,464,0,car,0.9343377947807312,702.2855224609375,243.71536254882807,1062.96728515625,645.8101196289062,882.6264038085938,645.8101196289062,360.6817626953125,402.0947570800781
101,6003,464,0,car,0.9267881512641908,710.1822509765625,218.25997924804688,1054.871337890625,601.251220703125,882.5267944335938,601.251220703125,344.6890869140625,382.9912414550781
101,6004,464,0,car,0.9261252284049988,715.4144287109375,196.4120483398437,1045.8623046875,561.75634765625,880.6383666992188,561.75634765625,330.4478759765625,365.3442993164063
101,6005,464,0,car,0.9315377473831176,715.797119140625,171.94818115234375,1037.9488525390625,525.3121337890625,876.8729858398438,525.3121337890625,322.1517333984375,353.36395263671875
101,6006,464,0,car,0.9339909553527832,709.8546752929688,146.23590087890625,1028.76220703125,492.6661376953125,869.3084411621094,492.6661376953125,318.90753173828125,346.43023681640625
101,6007,464,0,car,0.9225732684135436,708.2007446289062,120.58975982666016,1021.3180541992188,460.3875732421875,864.7593994140625,460.3875732421875,313.1173095703125,339.79781341552734
101,6008,464,0,car,0.9280380010604858,707.6416015625,95.8396987915039,1013.5172119140624,427.17974853515625,860.5794067382812,427.17974853515625,305.8756103515625,331.34004974365234
101,6009,464,0,car,0.9280638694763184,708.8073120117188,74.91451263427734,1003.385498046875,396.1048278808594,856.0964050292969,396.1048278808594,294.57818603515625,321.19031524658203
101,6010,464,0,car,0.9265649914741516,709.6190185546875,61.162109375,994.6087036132812,367.126220703125,852.1138610839844,367.126220703125,284.9896850585937,305.964111328125
101,6011,464,0,car,0.9284616112709044,705.9728393554688,41.05540466308594,986.0040893554688,340.78173828125,845.9884643554688,340.78173828125,280.03125,299.72633361816406
101,6012,464,0,car,0.929404616355896,707.4260864257812,22.04148292541504,979.079833984375,312.5453796386719,843.2529602050781,312.5453796386719,271.6537475585937,290.50389671325684
101,6013,464,0,car,0.9327605962753296,707.8226318359375,2.0140087604522705,973.2918090820312,292.985595703125,840.5572204589844,292.985595703125,265.4691772460937,290.9715869426728
101,6014,464,0,car,0.9270179867744446,705.8179321289062,0.0,967.7001342773438,270.43463134765625,836.759033203125,270.43463134765625,261.8822021484375,270.43463134765625
101,6015,464,0,car,0.9237799048423768,709.735595703125,0.0,961.343505859375,248.019760131836,835.53955078125,248.019760131836,251.60791015625,248.019760131836
101,6016,464,0,car,0.9197173714637756,706.211669921875,0.0,955.3237915039062,227.4080047607422,830.7677307128906,227.4080047607422,249.11212158203125,227.4080047607422
101,6017,464,0,car,0.913990080356598,704.8880615234375,0.0,950.8397827148438,206.6835021972656,827.8639221191406,206.6835021972656,245.95172119140625,206.6835021972656
101,6018,464,0,car,0.9252021312713624,702.724609375,0.0,945.694091796875,182.92123413085932,824.2093505859375,182.92123413085932,242.969482421875,182.92123413085932
101,6019,464,0,car,0.9185648560523988,701.9325561523438,0.0,939.3662719726562,164.0022430419922,820.6494140625,164.0022430419922,237.4337158203125,164.0022430419922
101,6020,464,0,car,0.9133363366127014,703.6541137695312,0.0,933.6720581054688,148.46298217773438,818.6630859375,148.46298217773438,230.0179443359375,148.46298217773438
101,6021,464,0,car,0.8958715796470642,702.6929931640625,0.0,929.069580078125,131.59591674804688,815.8812866210938,131.59591674804688,226.3765869140625,131.59591674804688
101,6022,464,0,car,0.8952842950820923,704.5232543945312,0.0,924.3264770507812,110.4038314819336,814.4248657226562,110.4038314819336,219.80322265625,110.4038314819336
101,6023,464,0,car,0.90190327167511,706.8234252929688,0.0,920.7946166992188,94.72459411621094,813.8090209960938,94.72459411621094,213.97119140625,94.72459411621094
101,6024,464,0,car,0.8625434041023254,708.7108154296875,0.396818995475769,915.4501953125,80.83360290527344,812.0805053710938,80.83360290527344,206.7393798828125,80.43678390979767
101,6025,464,0,car,0.853020191192627,709.4927978515625,0.2833935618400574,913.36328125,63.41339111328125,811.4280395507812,63.41339111328125,203.8704833984375,63.12999755144119
102,6027,466,0,car,0.9395596981048584,754.49658203125,372.2722778320313,1254.3826904296875,1003.3535766601562,1004.4396362304688,1003.3535766601562,499.8861083984375,631.081298828125
102,6028,466,0,car,0.942719578742981,751.0391235351562,342.16021728515625,1232.1947021484375,939.6408081054688,991.6169128417968,939.6408081054688,481.1555786132813,597.4805908203125
102,6029,466,0,car,0.9401096701622008,746.4385375976562,310.3656005859375,1211.227783203125,881.5621948242188,978.8331604003906,881.5621948242188,464.7892456054688,571.1965942382812
102,6030,466,0,car,0.9288078546524048,743.806396484375,276.4935302734375,1187.4100341796875,819.5708618164062,965.6082153320312,819.5708618164062,443.6036376953125,543.0773315429688
102,6031,466,0,car,0.9443824887275696,744.3720092773438,254.92266845703125,1169.2825927734375,767.1328125,956.8273010253906,767.1328125,424.91058349609375,512.2101440429688
102,6032,466,0,car,0.9401559233665466,743.4566650390625,232.14920043945312,1155.5426025390625,713.6704711914062,949.4996337890624,713.6704711914062,412.0859375,481.5212707519531
102,6033,466,0,car,0.955201268196106,742.4663696289062,208.71871948242188,1138.3094482421875,665.9351806640625,940.3879089355468,665.9351806640625,395.8430786132813,457.2164611816406
102,6034,466,0,car,0.9425392746925354,741.8985595703125,184.8854522705078,1125.90380859375,620.1558837890625,933.9011840820312,620.1558837890625,384.0052490234375,435.2704315185547
102,6035,466,0,car,0.9484058618545532,740.4584350585938,163.7078399658203,1114.5106201171875,576.6065673828125,927.4845275878906,576.6065673828125,374.05218505859375,412.8987274169922
102,6036,466,0,car,0.9251655340194702,737.38623046875,141.1170654296875,1101.0653076171875,538.5769653320312,919.2257690429688,538.5769653320312,363.6790771484375,397.45989990234375
102,6037,466,0,car,0.9204241633415222,731.5733642578125,119.85408782958984,1090.6927490234375,503.783935546875,911.133056640625,503.783935546875,359.119384765625,383.9298477172852
102,6038,466,0,car,0.9366303086280824,732.2709350585938,98.9643783569336,1079.3135986328125,470.6596374511719,905.7922668457032,470.6596374511719,347.04266357421875,371.6952590942383
102,6039,466,0,car,0.927889049053192,723.690673828125,81.19931030273438,1066.4713134765625,438.5874633789063,895.0809936523438,438.5874633789063,342.7806396484375,357.3881530761719
102,6040,466,0,car,0.9215602278709412,722.5479736328125,63.26830673217773,1058.5321044921875,406.9308471679688,890.5400390625,406.9308471679688,335.984130859375,343.662540435791
102,6041,466,0,car,0.9259960055351256,720.904541015625,48.2103157043457,1049.3310546875,375.6062622070313,885.1177978515625,375.6062622070313,328.426513671875,327.39594650268555
102,6042,466,0,car,0.9246421456336976,720.3321533203125,30.718896865844727,1040.3447265625,353.1871643066406,880.3384399414062,353.1871643066406,320.0125732421875,322.4682674407959
102,6043,466,0,car,0.9272882342338562,718.4234008789062,18.25941276550293,1034.6248779296875,325.54949951171875,876.5241394042969,325.54949951171875,316.20147705078125,307.2900867462158
102,6044,466,0,car,0.9367436766624452,716.0301513671875,5.652774333953857,1027.48583984375,303.82281494140625,871.7579956054688,303.82281494140625,311.4556884765625,298.1700406074524
102,6045,466,0,car,0.9225243330001832,714.3739013671875,0.0,1019.8369750976562,280.73455810546875,867.1054382324219,280.73455810546875,305.46307373046875,280.73455810546875
102,6046,466,0,car,0.9266965389251708,716.680419921875,0.0,1015.7210083007812,260.9852905273437,866.2007141113281,260.9852905273437,299.04058837890625,260.9852905273437
102,6047,466,0,car,0.919458031654358,716.2723999023438,0.0,1005.8189086914062,235.1971893310547,861.045654296875,235.1971893310547,289.5465087890625,235.1971893310547
102,6048,466,0,car,0.9215450286865234,716.8886108398438,0.0,1000.23828125,212.203857421875,858.5634460449219,212.203857421875,283.34967041015625,212.203857421875
102,6049,466,0,car,0.9189255833625792,714.5535888671875,0.0,993.5828247070312,191.46109008789065,854.0682067871094,191.46109008789065,279.0292358398437,191.46109008789065
102,6050,466,0,car,0.9216113686561584,713.4411010742188,0.0,987.758056640625,169.66903686523438,850.5995788574219,169.66903686523438,274.31695556640625,169.66903686523438
102,6051,466,0,car,0.907616376876831,714.6173706054688,1.4255520105361938,982.0860595703124,155.34205627441406,848.3517150878906,155.34205627441406,267.4686889648437,153.91650426387787
102,6052,466,0,car,0.9085713028907776,714.2557983398438,0.0,977.8099365234376,142.557373046875,846.0328674316406,142.557373046875,263.5541381835937,142.557373046875
102,6053,466,0,car,0.8870501518249512,716.4032592773438,0.0,971.8175048828124,123.2410659790039,844.1103820800781,123.2410659790039,255.41424560546875,123.2410659790039
102,6054,466,0,car,0.8888681530952454,712.7907104492188,0.8261662125587463,966.4774780273438,109.55482482910156,839.6340942382812,109.55482482910156,253.686767578125,108.72865861654282
102,6055,466,0,car,0.8868247270584106,711.6302490234375,0.9223273992538452,958.6539916992188,94.20134735107422,835.1421203613281,94.20134735107422,247.02374267578125,93.27901995182036
102,6056,466,0,car,0.8632197380065918,711.4937744140625,0.9591436982154846,952.3345336914062,80.72460174560547,831.9141540527344,80.72460174560547,240.8407592773437,79.76545804738998
102,6057,466,0,car,0.8503903746604919,712.6702880859375,0.8060151934623718,947.0255126953124,67.26203155517578,829.847900390625,67.26203155517578,234.355224609375,66.45601636171341
102,6058,466,0,car,0.8926506638526917,714.009521484375,0.8700075745582581,947.8660888671876,51.6578483581543,830.9378051757812,51.6578483581543,233.8565673828125,50.78784078359604
103,6027,467,0,car,0.9364983439445496,1405.3721923828125,450.6077880859375,1920.0,1020.9237060546876,1662.6860961914062,1020.9237060546876,514.6278076171875,570.31591796875
103,6028,467,0,car,0.9411202669143676,1378.982421875,406.3477783203125,1920.0,954.431640625,1649.4912109375,954.431640625,541.017578125,548.0838623046875
103,6029,467,0,car,0.9378696084022522,1354.3128662109375,366.90618896484375,1920.0,890.46875,1637.1564331054688,890.46875,565.6871337890625,523.5625610351562
103,6030,467,0,car,0.9299445152282716,1330.9312744140625,329.3759155273437,1917.486572265625,818.8187866210938,1624.2089233398438,818.8187866210938,586.5552978515625,489.44287109375
103,6031,467,0,car,0.935434103012085,1312.23876953125,290.5123596191406,1884.68115234375,754.6585693359375,1598.4599609375,754.6585693359375,572.4423828125,464.1462097167969
103,6032,467,0,car,0.935461699962616,1304.76171875,256.0199279785156,1844.8760986328125,689.8255004882812,1574.8189086914062,689.8255004882812,540.1143798828125,433.8055725097656
103,6033,467,0,car,0.9393147826194764,1281.16796875,221.16729736328125,1806.2445068359373,636.5822143554688,1543.7062377929688,636.5822143554688,525.0765380859375,415.4149169921875
103,6034,467,0,car,0.9372988343238832,1263.5753173828125,185.553466796875,1763.6197509765625,583.7255859375,1513.5975341796875,583.7255859375,500.04443359375,398.172119140625
103,6035,467,0,car,0.9365772604942322,1248.7274169921875,154.66314697265625,1725.21923828125,539.12646484375,1486.9733276367188,539.12646484375,476.4918212890625,384.46331787109375
103,6036,467,0,car,0.9440731406211852,1229.5828857421875,128.52857971191406,1691.6519775390625,491.4877624511719,1460.617431640625,491.4877624511719,462.069091796875,362.9591827392578
103,6037,467,0,car,0.9389848709106444,1217.928955078125,100.53589630126952,1656.2864990234375,450.2193603515625,1437.1077270507812,450.2193603515625,438.3575439453125,349.68346405029297
103,6038,467,0,car,0.9276658892631532,1202.2130126953125,75.4532699584961,1627.6094970703125,415.0699768066406,1414.9112548828125,415.0699768066406,425.396484375,339.61670684814453
103,6039,467,0,car,0.9257538318634032,1188.22119140625,52.43387985229492,1598.0030517578125,383.0794677734375,1393.1121215820312,383.0794677734375,409.7818603515625,330.6455879211426
103,6040,467,0,car,0.9227825999259948,1179.53173828125,29.368501663208008,1570.9300537109375,348.8238220214844,1375.2308959960938,348.8238220214844,391.3983154296875,319.4553203582764
103,6041,467,0,car,0.928206205368042,1166.0745849609375,6.977451801300049,1545.8294677734375,319.4380798339844,1355.9520263671875,319.4380798339844,379.7548828125,312.4606280326843
103,6042,467,0,car,0.9280629754066468,1155.2257080078125,0.0,1519.68310546875,293.7978210449219,1337.4544067382812,293.7978210449219,364.4573974609375,293.7978210449219
103,6043,467,0,car,0.919529676437378,1141.2939453125,0.0,1499.1409912109375,267.03857421875,1320.2174682617188,267.03857421875,357.8470458984375,267.03857421875
103,6044,467,0,car,0.92240971326828,1130.643310546875,0.0,1475.8076171875,237.71536254882807,1303.2254638671875,237.71536254882807,345.164306640625,237.71536254882807
103,6045,467,0,car,0.921729862689972,1122.826171875,0.0,1454.2490234375,212.7025756835937,1288.53759765625,212.7025756835937,331.4228515625,212.7025756835937
103,6046,467,0,car,0.9231526851654052,1115.580078125,0.0,1433.7650146484375,192.44024658203125,1274.6725463867188,192.44024658203125,318.1849365234375,192.44024658203125
103,6047,467,0,car,0.90428626537323,1103.03173828125,0.0,1412.72314453125,167.84683227539062,1257.87744140625,167.84683227539062,309.69140625,167.84683227539062
103,6048,467,0,car,0.8969451785087585,1083.0048828125,0.0,1396.9593505859375,148.58334350585938,1239.9821166992188,148.58334350585938,313.9544677734375,148.58334350585938
103,6049,467,0,car,0.8862049579620361,1077.3284912109375,0.0,1377.908935546875,129.2693328857422,1227.6187133789062,129.2693328857422,300.5804443359375,129.2693328857422
103,6050,467,0,car,0.8865604996681213,1079.2880859375,0.0,1359.089599609375,110.32209777832033,1219.1888427734375,110.32209777832033,279.801513671875,110.32209777832033
103,6051,467,0,car,0.8737203478813171,1087.0732421875,0.79502272605896,1344.8226318359375,97.9712142944336,1215.9479370117188,97.9712142944336,257.7493896484375,97.17619156837463
103,6052,467,0,car,0.8825780749320984,1094.5638427734375,0.0,1329.1024169921875,77.5260238647461,1211.8331298828125,77.5260238647461,234.53857421875,77.5260238647461
103,6053,467,0,car,0.8669769763946533,1091.14501953125,0.0,1312.5313720703125,56.1247444152832,1201.8381958007812,56.1247444152832,221.3863525390625,56.1247444152832
104,6153,468,0,car,0.932203769683838,1164.541748046875,463.6139831542969,1822.8948974609373,1059.695068359375,1493.7183227539062,1059.695068359375,658.3531494140625,596.0810852050781
104,6154,468,0,car,0.9272278547286988,1151.7086181640625,418.0199890136719,1769.117919921875,998.890625,1460.4132690429688,998.890625,617.4093017578125,580.8706359863281
104,6155,468,0,car,0.92571222782135,1138.325439453125,374.1327819824219,1721.601806640625,925.079833984375,1429.963623046875,925.079833984375,583.2763671875,550.9470520019531
104,6156,468,0,car,0.9344817399978638,1127.73486328125,338.2031555175781,1671.7652587890625,855.88720703125,1399.7500610351562,855.88720703125,544.0303955078125,517.6840515136719
104,6157,468,0,car,0.9351859092712402,1117.081787109375,298.1250305175781,1630.8265380859375,788.7846069335938,1373.9541625976562,788.7846069335938,513.7447509765625,490.6595764160156
104,6158,468,0,car,0.9367169141769408,1104.172119140625,268.0262756347656,1594.658935546875,723.6636962890625,1349.41552734375,723.6636962890625,490.48681640625,455.6374206542969
104,6159,468,0,car,0.9320510625839232,1089.131591796875,234.58981323242188,1556.5872802734375,663.65478515625,1322.8594360351562,663.65478515625,467.4556884765625,429.0649719238281
104,6160,468,0,car,0.9372620582580566,1076.41748046875,202.01321411132807,1524.853515625,607.2020874023438,1300.635498046875,607.2020874023438,448.43603515625,405.1888732910156
104,6161,468,0,car,0.9336459636688232,1066.5535888671875,174.26333618164062,1498.134521484375,557.1145629882812,1282.3440551757812,557.1145629882812,431.5809326171875,382.8512268066406
104,6162,468,0,car,0.9285287261009216,1057.61572265625,146.2247772216797,1468.1436767578125,512.8168334960938,1262.8796997070312,512.8168334960938,410.5279541015625,366.59205627441406
104,6163,468,0,car,0.9425622820854188,1047.015869140625,117.28361511230467,1444.491943359375,469.9125061035156,1245.75390625,469.9125061035156,397.47607421875,352.62889099121094
104,6164,468,0,car,0.9282941222190856,1037.5321044921875,89.68692016601562,1423.792724609375,431.5026550292969,1230.6624145507812,431.5026550292969,386.2606201171875,341.81573486328125
104,6165,468,0,car,0.9167467951774596,1030.917236328125,65.72874450683594,1404.53759765625,393.7892150878906,1217.7274169921875,393.7892150878906,373.620361328125,328.0604705810547
104,6166,468,0,car,0.9313970804214478,1024.00146484375,41.39022445678711,1385.2081298828125,358.03778076171875,1204.6047973632812,358.03778076171875,361.2066650390625,316.64755630493164
104,6167,468,0,car,0.930724322795868,1018.8792724609376,19.08621025085449,1366.1954345703125,324.3860168457031,1192.537353515625,324.3860168457031,347.316162109375,305.29980659484863
104,6168,468,0,car,0.9280893802642822,1009.7273559570312,0.0,1348.3922119140625,297.022216796875,1179.0597839355469,297.022216796875,338.66485595703125,297.022216796875
104,6169,468,0,car,0.9143993258476256,1001.0675048828124,0.0,1332.40771484375,268.8343200683594,1166.7376098632812,268.8343200683594,331.3402099609375,268.8343200683594
104,6170,468,0,car,0.9248030185699464,994.5626220703124,0.0,1314.2840576171875,243.311279296875,1154.42333984375,243.311279296875,319.721435546875,243.311279296875
104,6171,468,0,car,0.9159083962440492,988.3850708007812,0.0,1298.7689208984375,213.99806213378903,1143.5769958496094,213.99806213378903,310.38385009765625,213.99806213378903
104,6172,468,0,car,0.925395369529724,985.0888061523438,0.0,1282.4671630859375,188.7321014404297,1133.7779846191406,188.7321014404297,297.3783569335937,188.7321014404297
104,6173,468,0,car,0.9051128625869752,982.9404296875,0.0,1268.364013671875,164.3518829345703,1125.6522216796875,164.3518829345703,285.423583984375,164.3518829345703
104,6174,468,0,car,0.9198184609413148,973.2255859375,0.0,1258.09423828125,144.6693115234375,1115.659912109375,144.6693115234375,284.86865234375,144.6693115234375
104,6175,468,0,car,0.890202522277832,967.7122192382812,0.0,1244.7518310546875,123.04291534423828,1106.2320251464844,123.04291534423828,277.03961181640625,123.04291534423828
104,6176,468,0,car,0.8898184895515442,969.2801513671876,0.0,1231.9830322265625,102.94258880615234,1100.631591796875,102.94258880615234,262.702880859375,102.94258880615234
104,6177,468,0,car,0.8660337328910828,971.54833984375,0.9158189296722412,1219.69091796875,84.65321350097656,1095.61962890625,84.65321350097656,248.142578125,83.73739457130432
104,6178,468,0,car,0.8761652112007141,974.1859130859376,1.305178999900818,1208.9451904296875,68.34707641601562,1091.5655517578125,68.34707641601562,234.75927734375,67.04189741611481
104,6179,468,0,car,0.8780241012573242,975.8670043945312,0.2454041689634323,1201.2989501953125,54.40555191040039,1088.582977294922,54.40555191040039,225.43194580078125,54.16014774143696
105,6215,479,0,car,0.9410930275917052,1284.373779296875,475.025390625,1878.4083251953125,1015.247802734375,1581.3910522460938,1015.247802734375,594.0345458984375,540.222412109375
105,6216,479,0,car,0.9324617981910706,1271.1534423828125,438.9777526855469,1838.84765625,958.2218017578124,1555.0005493164062,958.2218017578124,567.6942138671875,519.2440490722656
105,6217,479,0,car,0.9295436143875122,1252.923828125,402.8828125,1796.559326171875,897.429443359375,1524.7415771484375,897.429443359375,543.635498046875,494.546630859375
105,6218,479,0,car,0.9359816312789916,1238.16259765625,372.3573913574219,1757.4178466796875,843.714599609375,1497.7902221679688,843.714599609375,519.2552490234375,471.3572082519531
105,6219,479,0,car,0.9317586421966552,1225.5152587890625,341.2856140136719,1720.2681884765625,788.6467895507812,1472.8917236328125,788.6467895507812,494.7529296875,447.3611755371094
105,6220,479,0,car,0.937641441822052,1211.1260986328125,306.0003662109375,1684.356689453125,741.8680419921875,1447.7413940429688,741.8680419921875,473.2305908203125,435.86767578125
105,6221,479,0,car,0.9417635202407836,1194.4697265625,278.51495361328125,1651.0142822265625,690.0932006835938,1422.7420043945312,690.0932006835938,456.5445556640625,411.5782470703125
105,6222,479,0,car,0.9318098425865172,1180.932373046875,256.2518920898437,1621.6680908203125,647.0346069335938,1401.3002319335938,647.0346069335938,440.7357177734375,390.78271484375
105,6223,479,0,car,0.9366356134414672,1169.714599609375,230.5120086669922,1596.7706298828125,605.071044921875,1383.2426147460938,605.071044921875,427.0560302734375,374.5590362548828
105,6224,479,0,car,0.9464964866638184,1159.33544921875,203.7556915283203,1565.40625,566.7302856445312,1362.370849609375,566.7302856445312,406.07080078125,362.9745941162109
105,6225,479,0,car,0.927890419960022,1148.8665771484375,178.65908813476562,1542.731201171875,529.5606079101562,1345.7988891601562,529.5606079101562,393.8646240234375,350.9015197753906
105,6226,479,0,car,0.925215184688568,1136.3111572265625,154.37521362304688,1519.863037109375,495.1582336425781,1328.0870971679688,495.1582336425781,383.5518798828125,340.78302001953125
105,6227,479,0,car,0.933050274848938,1128.3519287109375,132.33189392089844,1500.0177001953125,461.68499755859375,1314.184814453125,461.68499755859375,371.665771484375,329.3531036376953
105,6228,479,0,car,0.9256054162979126,1121.10791015625,112.3871612548828,1480.46337890625,432.0013427734375,1300.78564453125,432.0013427734375,359.35546875,319.6141815185547
105,6229,479,0,car,0.9315853118896484,1112.8602294921875,91.04217529296876,1460.5823974609375,402.6175842285156,1286.7213134765625,402.6175842285156,347.72216796875,311.5754089355469
105,6230,479,0,car,0.923440158367157,1104.9117431640625,70.93488311767578,1442.7176513671875,373.3019714355469,1273.814697265625,373.3019714355469,337.805908203125,302.3670883178711
105,6231,479,0,car,0.9236174821853638,1097.212646484375,50.05223083496094,1424.814697265625,344.9810485839844,1261.013671875,344.9810485839844,327.60205078125,294.92881774902344
105,6232,479,0,car,0.9271200299263,1087.8228759765625,29.00027275085449,1407.79296875,319.6988220214844,1247.8079223632812,319.6988220214844,319.9700927734375,290.6985492706299
105,6233,479,0,car,0.934819221496582,1081.0850830078125,12.60489273071289,1392.8392333984375,297.6952514648437,1236.962158203125,297.6952514648437,311.754150390625,285.09035873413086
105,6234,479,0,car,0.9261074662208556,1075.0400390625,0.0,1376.0152587890625,272.9735107421875,1225.5276489257812,272.9735107421875,300.9752197265625,272.9735107421875
105,6235,479,0,car,0.923612892627716,1067.4757080078125,0.0,1359.9549560546875,250.3336334228516,1213.71533203125,250.3336334228516,292.479248046875,250.3336334228516
105,6236,479,0,car,0.9261205196380616,1059.143310546875,0.0,1348.1063232421875,229.971923828125,1203.6248168945312,229.971923828125,288.9630126953125,229.971923828125
105,6237,479,0,car,0.917461395263672,1051.84765625,0.0,1333.117431640625,207.7973022460937,1192.4825439453125,207.7973022460937,281.269775390625,207.7973022460937
105,6238,479,0,car,0.9244425296783448,1044.0279541015625,0.0,1318.738037109375,186.82485961914065,1181.3829956054688,186.82485961914065,274.7100830078125,186.82485961914065
105,6239,479,0,car,0.9127566814422609,1040.1839599609375,0.0,1305.661865234375,163.72605895996094,1172.9229125976562,163.72605895996094,265.4779052734375,163.72605895996094
105,6240,479,0,car,0.8948021531105042,1031.9365234375,0.0,1294.3592529296875,145.7281494140625,1163.1478881835938,145.7281494140625,262.4227294921875,145.7281494140625
105,6241,479,0,car,0.9014790654182434,1025.2852783203125,0.0,1282.0185546875,129.74356079101562,1153.6519165039062,129.74356079101562,256.7332763671875,129.74356079101562
105,6242,479,0,car,0.9062215089797974,1018.7349853515624,0.0,1269.956298828125,110.43649291992188,1144.3456420898438,110.43649291992188,251.2213134765625,110.43649291992188
105,6243,479,0,car,0.8680275678634644,1017.8668212890624,0.0677872449159622,1258.65283203125,94.9339599609375,1138.2598266601562,94.9339599609375,240.7860107421875,94.86617271602154
105,6244,479,0,car,0.8991916179656982,1024.5462646484375,0.0,1251.5665283203125,81.20024871826172,1138.056396484375,81.20024871826172,227.020263671875,81.20024871826172
105,6245,479,0,car,0.93705415725708,1029.7586669921875,0.0,1240.4466552734375,63.58457565307617,1135.1026611328125,63.58457565307617,210.68798828125,63.58457565307617
105,6246,479,0,car,0.9020734429359436,1028.692138671875,0.2583149671554565,1235.9476318359375,50.87613296508789,1132.3198852539062,50.87613296508789,207.2554931640625,50.617817997932434
106,6235,480,0,car,0.9095011949539183,1229.573974609375,434.3748474121094,1898.0775146484373,1023.0693359375,1563.8257446289062,1023.0693359375,668.5035400390625,588.6944885253906
106,6236,480,0,car,0.9281508326530457,1210.828125,400.1186218261719,1895.8443603515625,962.2037353515624,1553.3362426757812,962.2037353515624,685.0162353515625,562.0851135253906
106,6237,480,0,car,0.9185420274734496,1190.333740234375,364.5544128417969,1858.41162109375,898.761962890625,1524.3726806640625,898.761962890625,668.077880859375,534.2075500488281
106,6238,480,0,car,0.930456817150116,1170.0623779296875,332.59844970703125,1815.4617919921875,846.4357299804688,1492.7620849609375,846.4357299804688,645.3994140625,513.8372802734375
106,6239,480,0,car,0.9337422847747804,1149.374267578125,299.9496459960937,1765.7581787109375,791.8871459960938,1457.5662231445312,791.8871459960938,616.3839111328125,491.9375
106,6240,480,0,car,0.9234727025032043,1132.8282470703125,274.1298828125,1722.17578125,737.1318969726562,1427.5020141601562,737.1318969726562,589.3475341796875,463.00201416015625
106,6241,480,0,car,0.9262451529502868,1118.821044921875,248.48980712890625,1676.4146728515625,686.8486328125,1397.6178588867188,686.8486328125,557.5936279296875,438.35882568359375
106,6242,480,0,car,0.918896496295929,1103.6832275390625,220.26449584960932,1633.849853515625,644.5059204101562,1368.7665405273438,644.5059204101562,530.1666259765625,424.2414245605469
106,6243,480,0,car,0.9402706623077391,1085.4124755859375,193.5039520263672,1603.40625,604.5453491210938,1344.4093627929688,604.5453491210938,517.9937744140625,411.04139709472656
106,6244,480,0,car,0.9380096197128296,1069.5050048828125,168.8035125732422,1564.812255859375,558.96533203125,1317.1586303710938,558.96533203125,495.3072509765625,390.1618194580078
106,6245,480,0,car,0.9326619505882264,1054.5595703125,143.84671020507812,1532.848388671875,524.96044921875,1293.7039794921875,524.96044921875,478.288818359375,381.1137390136719
106,6246,480,0,car,0.9385228157043456,1040.163330078125,119.9888687133789,1504.1800537109375,489.8327026367188,1272.1716918945312,489.8327026367188,464.0167236328125,369.84383392333984
106,6247,480,0,car,0.8975006341934204,1026.791015625,93.6895980834961,1469.207275390625,456.3717041015625,1247.9991455078125,456.3717041015625,442.416259765625,362.6821060180664
106,6248,480,0,car,0.8971987962722778,1013.8920288085938,68.6170654296875,1439.2821044921875,428.8097839355469,1226.5870666503906,428.8097839355469,425.39007568359375,360.1927185058594
106,6249,480,0,car,0.9147645831108092,1000.1088256835938,47.36205673217773,1418.4788818359375,397.9268798828125,1209.2938537597656,397.9268798828125,418.37005615234375,350.5648231506348
106,6250,480,0,car,0.9282422661781312,986.9247436523438,30.343935012817383,1395.2603759765625,369.569580078125,1191.0925598144531,369.569580078125,408.3356323242188,339.2256450653076
106,6251,480,0,car,0.9175012111663818,973.8316040039062,13.962535858154297,1374.12548828125,339.88262939453125,1173.978546142578,339.88262939453125,400.29388427734375,325.9200935363769
106,6252,480,0,car,0.92764812707901,964.8265380859376,0.0,1352.3304443359375,312.912109375,1158.5784912109375,312.912109375,387.50390625,312.912109375
106,6253,480,0,car,0.9288207292556764,954.5925903320312,0.0,1329.5587158203125,283.9713439941406,1142.075653076172,283.9713439941406,374.9661254882813,283.9713439941406
106,6254,480,0,car,0.9231457710266112,941.1741943359376,0.0,1307.8897705078125,265.0834655761719,1124.531982421875,265.0834655761719,366.715576171875,265.0834655761719
106,6255,480,0,car,0.9227607846260072,933.0578002929688,0.0,1287.630615234375,242.68972778320312,1110.344207763672,242.68972778320312,354.57281494140625,242.68972778320312
106,6256,480,0,car,0.922332763671875,924.8814086914062,0.0,1266.4046630859375,219.8256072998047,1095.643035888672,219.8256072998047,341.52325439453125,219.8256072998047
106,6257,480,0,car,0.9152809977531432,915.6610107421876,0.0,1249.6806640625,197.99354553222656,1082.6708374023438,197.99354553222656,334.0196533203125,197.99354553222656
106,6258,480,0,car,0.909934401512146,905.1158447265624,0.0,1230.5526123046875,173.1376495361328,1067.834228515625,173.1376495361328,325.436767578125,173.1376495361328
106,6259,480,0,car,0.9060526490211488,894.7659912109375,0.0,1213.4759521484375,155.03375244140625,1054.1209716796875,155.03375244140625,318.7099609375,155.03375244140625
106,6260,480,0,car,0.904765248298645,887.3630981445312,0.0,1197.4232177734375,140.43447875976562,1042.3931579589844,140.43447875976562,310.06011962890625,140.43447875976562
106,6261,480,0,car,0.8962888121604919,886.0064697265625,0.0,1180.710693359375,121.1062469482422,1033.3585815429688,121.1062469482422,294.7042236328125,121.1062469482422
106,6262,480,0,car,0.8911731839179993,885.31982421875,0.3219098150730133,1165.1673583984375,104.56743621826172,1025.2435913085938,104.56743621826172,279.8475341796875,104.2455264031887
106,6263,480,0,car,0.8722941875457764,890.24853515625,1.0782628059387207,1149.633056640625,89.31243896484375,1019.9407958984376,89.31243896484375,259.384521484375,88.23417615890503
106,6264,480,0,car,0.8743605613708496,887.6295166015625,1.667794942855835,1133.3399658203125,70.20549011230469,1010.4847412109376,70.20549011230469,245.71044921875,68.53769516944885
106,6265,480,0,car,0.8624349236488342,892.0985107421875,0.4853698909282684,1118.701416015625,50.33819961547852,1005.3999633789062,50.33819961547852,226.6029052734375,49.85282972455025
109,7421,503,0,car,0.9435831308364868,668.9384155273438,453.7107543945313,1155.203369140625,1047.8575439453125,912.0708923339844,1047.8575439453125,486.2649536132813,594.1467895507812
109,7422,503,0,car,0.939558744430542,674.32861328125,443.1954040527344,1151.05078125,1025.399658203125,912.689697265625,1025.399658203125,476.72216796875,582.2042541503906
109,7423,503,0,car,0.9404242634773254,673.9971313476562,427.1662902832031,1139.6859130859375,995.6932983398438,906.8415222167968,995.6932983398438,465.6887817382813,568.5270080566406
109,7424,503,0,car,0.9393540024757384,671.9776000976562,416.7772521972656,1133.0323486328125,971.5800170898438,902.5049743652344,971.5800170898438,461.05474853515625,554.8027648925781
109,7425,503,0,car,0.942974328994751,672.5765991210938,405.5240173339844,1127.326171875,949.8477172851562,899.9513854980469,949.8477172851562,454.7495727539063,544.3236999511719
109,7426,503,0,car,0.9447340369224548,672.0278930664062,393.0558471679688,1117.801513671875,925.7325439453124,894.9147033691406,925.7325439453124,445.7736206054688,532.6766967773438
109,7427,503,0,car,0.9420303702354432,671.2918701171875,379.5786437988281,1111.635498046875,902.0105590820312,891.4636840820312,902.0105590820312,440.3436279296875,522.4319152832031
109,7428,503,0,car,0.939641773700714,667.0092163085938,367.7525024414063,1106.1876220703125,875.2573852539062,886.5984191894531,875.2573852539062,439.1784057617188,507.5048828125
109,7429,503,0,car,0.937751054763794,663.7896728515625,357.13580322265625,1094.3924560546875,856.2890014648438,879.091064453125,856.2890014648438,430.602783203125,499.1531982421875
109,7430,503,0,car,0.9386638402938844,666.1649169921875,346.1899719238281,1087.769775390625,834.252197265625,876.9673461914062,834.252197265625,421.6048583984375,488.0622253417969
109,7431,503,0,car,0.9361793398857116,663.123046875,333.2513122558594,1083.8385009765625,811.39111328125,873.4807739257812,811.39111328125,420.7154541015625,478.1398010253906
109,7432,503,0,car,0.9387681484222412,664.9268188476562,316.5760498046875,1076.6849365234375,782.7587280273438,870.8058776855469,782.7587280273438,411.7581176757813,466.18267822265625
109,7433,503,0,car,0.9457522630691528,665.4710693359375,305.1748962402344,1072.5423583984375,764.3660278320312,869.0067138671875,764.3660278320312,407.0712890625,459.1911315917969
109,7434,503,0,car,0.945888876914978,664.3259887695312,295.2522888183594,1066.795166015625,742.4820556640625,865.5605773925781,742.4820556640625,402.46917724609375,447.2297668457031
109,7435,503,0,car,0.9443737864494324,660.99951171875,282.5146179199219,1061.8961181640625,724.2675170898438,861.4478149414062,724.2675170898438,400.8966064453125,441.7528991699219
109,7436,503,0,car,0.9484872221946716,661.0691528320312,273.3689880371094,1056.82568359375,704.8045043945312,858.9474182128906,704.8045043945312,395.7565307617188,431.4355163574219
109,7437,503,0,car,0.9489824175834656,667.2113037109375,265.1629333496094,1051.9810791015625,680.7379760742188,859.59619140625,680.7379760742188,384.769775390625,415.5750427246094
109,7438,503,0,car,0.9425297379493712,668.292236328125,253.3110809326172,1049.1082763671875,662.7092895507812,858.7002563476562,662.7092895507812,380.8160400390625,409.39820861816406
109,7439,503,0,car,0.9422305822372437,670.7545776367188,240.80728149414065,1044.427001953125,643.0253295898438,857.5907897949219,643.0253295898438,373.6724243164063,402.2180480957031
109,7440,503,0,car,0.9423988461494446,670.4346313476562,228.40782165527344,1040.468994140625,627.1094360351562,855.4518127441406,627.1094360351562,370.0343627929688,398.7016143798828
109,7441,503,0,car,0.9523186087608336,669.4384155273438,213.9744415283203,1034.4749755859375,611.6927490234375,851.9566955566406,611.6927490234375,365.03656005859375,397.7183074951172
109,7442,503,0,car,0.956817865371704,670.14013671875,203.901107788086,1030.7178955078125,594.3984375,850.4290161132812,594.3984375,360.5777587890625,390.49732971191406
109,7443,503,0,car,0.9487634897232056,668.8448486328125,194.0557098388672,1027.27294921875,576.2825317382812,848.0588989257812,576.2825317382812,358.4281005859375,382.22682189941406
109,7444,503,0,car,0.936803936958313,668.3717041015625,183.3515014648437,1023.004150390625,562.469970703125,845.6879272460938,562.469970703125,354.6324462890625,379.1184692382813
109,7445,503,0,car,0.9230667352676392,670.1171875,171.21054077148438,1019.2506713867188,549.0280151367188,844.6839294433594,549.0280151367188,349.13348388671875,377.8174743652344
109,7446,503,0,car,0.9242233633995056,669.9561767578125,162.93478393554688,1016.8760375976562,537.01416015625,843.4161071777344,537.01416015625,346.9198608398437,374.0793762207031
109,7447,503,0,car,0.920982837677002,669.2125854492188,153.42872619628906,1013.312255859375,522.8346557617188,841.2624206542969,522.8346557617188,344.09967041015625,369.4059295654297
109,7448,503,0,car,0.918568193912506,665.7769775390625,142.6771697998047,1008.5547485351562,508.261474609375,837.1658630371094,508.261474609375,342.7777709960937,365.5843048095703
109,7449,503,0,car,0.9118108749389648,661.9960327148438,132.97389221191406,1004.1832885742188,496.6926574707031,833.0896606445312,496.6926574707031,342.187255859375,363.71876525878906
109,7450,503,0,car,0.9070271849632264,660.0533447265625,122.83036041259766,1000.64990234375,481.7711486816406,830.3516235351562,481.7711486816406,340.5965576171875,358.94078826904297
109,7451,503,0,car,0.9215688109397888,660.47314453125,115.20893096923828,995.7416381835938,469.7306213378906,828.1073913574219,469.7306213378906,335.2684936523437,354.52169036865234
109,7452,503,0,car,0.9205232858657836,661.3782958984375,105.80279541015624,991.72509765625,454.7079162597656,826.5516967773438,454.7079162597656,330.3468017578125,348.9051208496094
109,7453,503,0,car,0.9231231212615968,660.7872924804688,97.08715057373048,989.1277465820312,440.9834899902344,824.95751953125,440.9834899902344,328.3404541015625,343.8963394165039
109,7454,503,0,car,0.9293993711471558,659.2189331054688,83.53150177001953,987.0158081054688,424.5444030761719,823.1173706054688,424.5444030761719,327.796875,341.01290130615234
109,7455,503,0,car,0.9195201992988586,655.0554809570312,67.1712875366211,982.5660400390624,410.8845520019531,818.8107604980469,410.8845520019531,327.51055908203125,343.71326446533203
109,7456,503,0,car,0.9216403365135192,655.7544555664062,62.755672454833984,979.8262329101562,400.9713134765625,817.7903442382812,400.9713134765625,324.07177734375,338.2156410217285
109,7457,503,0,car,0.9213938117027284,657.7300415039062,58.88299179077149,976.7735595703124,389.55419921875,817.2518005371094,389.55419921875,319.04351806640625,330.6712074279785
109,7458,503,0,car,0.927288830280304,659.4183349609375,50.63624954223633,972.5658569335938,376.6007385253906,815.9920959472656,376.6007385253906,313.14752197265625,325.9644889831543
109,7459,503,0,car,0.9309467077255248,663.3783569335938,41.271751403808594,969.7079467773438,363.8797607421875,816.5431518554688,363.8797607421875,306.32958984375,322.6080093383789
109,7460,503,0,car,0.9278324246406556,663.4230346679688,32.982547760009766,967.5142822265624,353.8845520019531,815.4686584472656,353.8845520019531,304.0912475585937,320.90200424194336
109,7461,503,0,car,0.9228253364562988,664.96044921875,26.32861328125,965.753173828125,342.97918701171875,815.3568115234375,342.97918701171875,300.792724609375,316.65057373046875
109,7462,503,0,car,0.9210984110832214,662.518798828125,19.990253448486328,962.2196655273438,332.3513488769531,812.3692321777344,332.3513488769531,299.70086669921875,312.3610954284668
109,7463,503,0,car,0.9229051470756532,661.7484130859375,11.27942180633545,959.3583984375,323.124267578125,810.5534057617188,323.124267578125,297.6099853515625,311.84484577178955
109,7464,503,0,car,0.927055597305298,660.6141967773438,3.597151756286621,955.7906494140624,314.9906311035156,808.2024230957031,314.9906311035156,295.17645263671875,311.393479347229
109,7465,503,0,car,0.930279552936554,660.8477172851562,0.0,952.0147094726562,304.8983154296875,806.4312133789062,304.8983154296875,291.1669921875,304.8983154296875
109,7466,503,0,car,0.929234504699707,661.9957275390625,0.0,948.7571411132812,290.642578125,805.3764343261719,290.642578125,286.76141357421875,290.642578125
109,7467,503,0,car,0.9238351583480836,663.1874389648438,0.0,945.510986328125,282.5950622558594,804.3492126464844,282.5950622558594,282.32354736328125,282.5950622558594
109,7468,503,0,car,0.9239715337753296,663.6898803710938,0.0,942.1424560546876,274.7947692871094,802.9161682128906,274.7947692871094,278.4525756835937,274.7947692871094
109,7469,503,0,car,0.9224947094917296,662.0897216796875,0.0,938.74755859375,262.963134765625,800.4186401367188,262.963134765625,276.6578369140625,262.963134765625
109,7470,503,0,car,0.9180142879486084,663.2481079101562,0.0,935.2933349609376,249.83462524414065,799.2707214355469,249.83462524414065,272.04522705078125,249.83462524414065
109,7471,503,0,car,0.921467900276184,660.6149291992188,0.0,930.6669921875,237.06369018554688,795.6409606933594,237.06369018554688,270.05206298828125,237.06369018554688
109,7472,503,0,car,0.9254383444786072,658.4784545898438,0.0,927.1625366210938,225.713134765625,792.8204956054688,225.713134765625,268.68408203125,225.713134765625
109,7473,503,0,car,0.9218491911888124,660.6450805664062,0.474749743938446,923.5556640625,215.68121337890625,792.1003723144531,215.68121337890625,262.9105834960937,215.2064636349678
109,7474,503,0,car,0.9165962338447572,662.3377075195312,0.8529514670372009,921.8740234375,205.05284118652344,792.1058654785156,205.05284118652344,259.53631591796875,204.19988971948624
109,7475,503,0,car,0.9242553114891052,663.3335571289062,1.0646036863327026,919.5789794921876,194.92860412597656,791.4562683105469,194.92860412597656,256.24542236328125,193.86400043964383
109,7476,503,0,car,0.918078064918518,663.0723876953125,0.928678810596466,918.0069580078124,183.6260528564453,790.5396728515625,183.6260528564453,254.9345703125,182.69737404584885
109,7477,503,0,car,0.9184813499450684,659.9947509765625,1.2887729406356812,914.1166381835938,170.92025756835938,787.0556945800781,170.92025756835938,254.12188720703125,169.6314846277237
109,7478,503,0,car,0.9094166159629822,661.4619750976562,1.849511861801148,911.7850341796876,161.91273498535156,786.6235046386719,161.91273498535156,250.32305908203125,160.06322312355042
109,7479,503,0,car,0.9005278944969177,663.7948608398438,2.3141775131225586,908.6152954101562,152.86032104492188,786.205078125,152.86032104492188,244.8204345703125,150.54614353179932
109,7480,503,0,car,0.9057902693748474,663.5027465820312,2.004286766052246,905.4155883789062,144.8578643798828,784.4591674804688,144.8578643798828,241.912841796875,142.85357761383057
109,7481,503,0,car,0.9001133441925049,665.56494140625,2.352501392364502,902.172119140625,134.8889923095703,783.8685302734375,134.8889923095703,236.607177734375,132.5364909172058
109,7482,503,0,car,0.8981031775474548,662.89111328125,2.0565319061279297,900.6319580078125,123.71795654296876,781.7615356445312,123.71795654296876,237.7408447265625,121.66142463684082
109,7483,503,0,car,0.9010846614837646,663.563232421875,1.5311329364776611,898.6375732421875,114.83902740478516,781.1004028320312,114.83902740478516,235.0743408203125,113.3078944683075
109,7484,503,0,car,0.9004427790641785,665.1749877929688,0.625593900680542,897.1205444335938,106.74785614013672,781.1477661132812,106.74785614013672,231.945556640625,106.12226223945618
109,7485,503,0,car,0.886946976184845,659.958251953125,1.2722115516662598,895.2493896484375,100.43279266357422,777.6038208007812,100.43279266357422,235.2911376953125,99.16058111190796
109,7486,503,0,car,0.8806517720222473,657.8458862304688,1.8325459957122805,894.0551147460938,93.55128479003906,775.9505004882812,93.55128479003906,236.209228515625,91.71873879432678
109,7487,503,0,car,0.8651581406593323,659.0250854492188,1.9264384508132928,891.9518432617188,83.63907623291016,775.4884643554688,83.63907623291016,232.9267578125,81.71263778209686
109,7488,503,0,car,0.8431265950202942,661.2708129882812,0.9259490370750428,887.887939453125,72.73933410644531,774.5793762207031,72.73933410644531,226.6171264648437,71.81338506937027
109,7489,503,0,car,0.8205934166908264,660.8905029296875,1.0049248933792114,885.2067260742188,64.4338607788086,773.0486145019531,64.4338607788086,224.31622314453125,63.42893588542938
109,7490,503,0,car,0.823344886302948,662.6944580078125,1.865040063858032,884.7488403320312,55.90253829956055,773.7216491699219,55.90253829956055,222.05438232421875,54.03749823570252
110,7422,513,0,car,0.9369714856147766,1328.3759765625,480.3287963867188,1920.0,1052.73388671875,1624.18798828125,1052.73388671875,591.6240234375,572.4050903320312
110,7423,513,0,car,0.9370899200439452,1322.2723388671875,468.6914367675781,1916.4071044921875,1039.197998046875,1619.3397216796875,1039.197998046875,594.134765625,570.5065612792969
110,7424,513,0,car,0.930898129940033,1318.8812255859375,461.0909118652344,1919.4356689453125,1016.3768920898438,1619.158447265625,1016.3768920898438,600.554443359375,555.2859802246094
110,7425,513,0,car,0.9314458966255188,1314.5374755859375,451.34027099609375,1920.0,989.1953125,1617.2687377929688,989.1953125,605.4625244140625,537.8550415039062
110,7426,513,0,car,0.930681049823761,1310.2669677734375,442.80279541015625,1918.4873046875,969.0264892578124,1614.3771362304688,969.0264892578124,608.2203369140625,526.2236938476562
110,7427,513,0,car,0.9336239099502563,1305.152099609375,433.8285827636719,1912.5059814453125,950.6801147460938,1608.8290405273438,950.6801147460938,607.3538818359375,516.8515319824219
110,7428,513,0,car,0.9358944296836852,1298.2379150390625,423.8110046386719,1902.135986328125,932.3932495117188,1600.1869506835938,932.3932495117188,603.8980712890625,508.5822448730469
110,7429,513,0,car,0.9361024498939514,1290.59521484375,413.30999755859375,1887.838134765625,915.6216430664062,1589.2166748046875,915.6216430664062,597.242919921875,502.3116455078125
110,7430,513,0,car,0.9372638463974,1284.504150390625,400.4915161132813,1869.278076171875,893.1640625,1576.89111328125,893.1640625,584.77392578125,492.6725463867188
110,7431,513,0,car,0.9407086968421936,1277.973876953125,390.491943359375,1854.6234130859373,871.2935180664062,1566.2986450195312,871.2935180664062,576.6495361328125,480.8015747070313
110,7432,513,0,car,0.932693600654602,1273.5108642578125,377.2244567871094,1839.119140625,853.2326049804688,1556.3150024414062,853.2326049804688,565.6082763671875,476.0081481933594
110,7433,513,0,car,0.9307064414024352,1271.2567138671875,370.3697204589844,1827.451904296875,834.08544921875,1549.3543090820312,834.08544921875,556.1951904296875,463.7157287597656
110,7434,513,0,car,0.9274498820304872,1266.7607421875,362.4077758789063,1814.178955078125,820.2740478515625,1540.4698486328125,820.2740478515625,547.418212890625,457.86627197265625
110,7435,513,0,car,0.9279561042785645,1258.3182373046875,353.54986572265625,1799.3250732421875,800.8115844726562,1528.8216552734375,800.8115844726562,541.0068359375,447.26171875
110,7436,513,0,car,0.9307461977005004,1254.1038818359375,344.7010498046875,1783.04296875,786.106689453125,1518.5734252929688,786.106689453125,528.9390869140625,441.4056396484375
110,7437,513,0,car,0.9288906455039978,1247.64794921875,333.6510314941406,1770.1927490234375,771.40869140625,1508.9203491210938,771.40869140625,522.5447998046875,437.7576599121094
110,7438,513,0,car,0.934219241142273,1242.2960205078125,319.6639099121094,1758.721923828125,755.1610107421875,1500.5089721679688,755.1610107421875,516.4259033203125,435.4971008300781
110,7439,513,0,car,0.9374975562095642,1236.8837890625,304.5233459472656,1748.9097900390625,736.641845703125,1492.8967895507812,736.641845703125,512.0260009765625,432.1184997558594
110,7440,513,0,car,0.93726909160614,1231.90771484375,291.1680908203125,1738.1163330078125,721.6043090820312,1485.0120239257812,721.6043090820312,506.2086181640625,430.4362182617188
110,7441,513,0,car,0.9327789545059204,1226.8638916015625,281.8362121582031,1726.7603759765625,703.767578125,1476.8121337890625,703.767578125,499.896484375,421.9313659667969
110,7442,513,0,car,0.9397081136703492,1224.253662109375,277.06854248046875,1714.9251708984375,683.6528930664062,1469.5894165039062,683.6528930664062,490.6715087890625,406.5843505859375
110,7443,513,0,car,0.9331555366516112,1220.019287109375,268.2774658203125,1703.693603515625,667.3358764648438,1461.8564453125,667.3358764648438,483.67431640625,399.0584106445313
110,7444,513,0,car,0.928368091583252,1213.8636474609375,255.67335510253903,1691.5029296875,651.0106811523438,1452.6832885742188,651.0106811523438,477.6392822265625,395.3373260498047
110,7445,513,0,car,0.929523468017578,1206.389892578125,245.389389038086,1678.3663330078125,635.029296875,1442.3781127929688,635.029296875,471.9764404296875,389.63990783691406
110,7446,513,0,car,0.9363417625427246,1199.483154296875,235.49105834960932,1664.2470703125,621.4301147460938,1431.8651123046875,621.4301147460938,464.763916015625,385.9390563964844
110,7447,513,0,car,0.9339231848716736,1192.361328125,227.45249938964844,1652.9874267578125,606.850830078125,1422.6743774414062,606.850830078125,460.6260986328125,379.39833068847656
110,7448,513,0,car,0.9347743391990662,1183.6822509765625,216.1747283935547,1641.6820068359375,585.8782958984375,1412.68212890625,585.8782958984375,457.999755859375,369.7035675048828
110,7449,513,0,car,0.9368608593940736,1180.1085205078125,206.05300903320312,1630.93896484375,569.7489013671875,1405.5237426757812,569.7489013671875,450.8304443359375,363.6958923339844
110,7450,513,0,car,0.9339532256126404,1172.944091796875,198.55213928222656,1619.5875244140625,553.169189453125,1396.2658081054688,553.169189453125,446.6434326171875,354.61705017089844
110,7451,513,0,car,0.9404715895652772,1170.2008056640625,190.7994842529297,1610.0892333984375,540.070068359375,1390.14501953125,540.070068359375,439.888427734375,349.2705841064453
110,7452,513,0,car,0.9224181175231934,1167.0787353515625,181.4105834960937,1599.0738525390625,532.0574340820312,1383.0762939453125,532.0574340820312,431.9951171875,350.6468505859375
110,7453,513,0,car,0.930836260318756,1162.1851806640625,171.98565673828125,1589.5087890625,519.5672607421875,1375.8469848632812,519.5672607421875,427.3236083984375,347.58160400390625
110,7454,513,0,car,0.941784918308258,1156.861083984375,162.60340881347656,1577.523193359375,501.6506652832031,1367.192138671875,501.6506652832031,420.662109375,339.04725646972656
110,7455,513,0,car,0.931684136390686,1151.1505126953125,152.59214782714844,1564.814453125,484.4736328125,1357.9824829101562,484.4736328125,413.6639404296875,331.8814849853516
110,7456,513,0,car,0.9179118275642396,1146.294677734375,143.72225952148438,1556.002685546875,468.99993896484375,1351.148681640625,468.99993896484375,409.7080078125,325.2776794433594
110,7457,513,0,car,0.9351112246513368,1140.15380859375,133.79055786132812,1549.12841796875,460.1636657714844,1344.64111328125,460.1636657714844,408.974609375,326.37310791015625
110,7458,513,0,car,0.9312020540237428,1135.4320068359375,123.4955062866211,1541.9432373046875,446.9124145507813,1338.6876220703125,446.9124145507813,406.51123046875,323.41690826416016
110,7459,513,0,car,0.9229413270950316,1130.8310546875,114.46541595458984,1532.2835693359375,435.0479431152344,1331.5573120117188,435.0479431152344,401.4525146484375,320.58252716064453
110,7460,513,0,car,0.9339942932128906,1127.7386474609375,106.5168914794922,1523.9737548828125,423.0798950195313,1325.856201171875,423.0798950195313,396.235107421875,316.56300354003906
110,7461,513,0,car,0.9211820363998412,1124.431396484375,98.53028106689452,1515.502685546875,412.3432312011719,1319.967041015625,412.3432312011719,391.0712890625,313.81295013427734
110,7462,513,0,car,0.9148293137550354,1121.536376953125,91.099609375,1506.0172119140625,401.3782958984375,1313.7767944335938,401.3782958984375,384.4808349609375,310.2786865234375
110,7463,513,0,car,0.9123550057411194,1117.8568115234375,81.38018798828125,1498.4697265625,388.3719177246094,1308.1632690429688,388.3719177246094,380.6129150390625,306.9917297363281
110,7464,513,0,car,0.919260323047638,1113.919921875,74.39437103271484,1491.7125244140625,376.46380615234375,1302.8162231445312,376.46380615234375,377.7926025390625,302.0694351196289
110,7465,513,0,car,0.9209776520729064,1108.7357177734375,68.53125,1483.1617431640625,365.6612854003906,1295.94873046875,365.6612854003906,374.426025390625,297.1300354003906
110,7466,513,0,car,0.9119431972503662,1101.052001953125,57.33830261230469,1474.5048828125,353.7676696777344,1287.7784423828125,353.7676696777344,373.452880859375,296.4293670654297
110,7467,513,0,car,0.9122608304023744,1099.6083984375,48.91476058959961,1465.3536376953125,345.1468811035156,1282.4810180664062,345.1468811035156,365.7452392578125,296.232120513916
110,7468,513,0,car,0.9131659269332886,1097.0606689453125,42.358497619628906,1458.4527587890625,333.9454345703125,1277.7567138671875,333.9454345703125,361.39208984375,291.5869369506836
110,7469,513,0,car,0.9188869595527648,1090.445068359375,33.41083908081055,1452.4910888671875,319.50714111328125,1271.4680786132812,319.50714111328125,362.0460205078125,286.0963020324707
110,7470,513,0,car,0.9256440997123718,1087.68310546875,24.774024963378903,1446.6876220703125,308.762939453125,1267.1853637695312,308.762939453125,359.0045166015625,283.9889144897461
110,7471,513,0,car,0.9205650091171264,1084.158203125,18.46672821044922,1437.4423828125,295.6850891113281,1260.80029296875,295.6850891113281,353.2841796875,277.2183609008789
110,7472,513,0,car,0.91459321975708,1081.880615234375,11.927286148071287,1427.46728515625,284.2637634277344,1254.6739501953125,284.2637634277344,345.586669921875,272.3364772796631
110,7473,513,0,car,0.9161280393600464,1076.7666015625,2.856068849563598,1419.336181640625,273.7330322265625,1248.0513916015625,273.7330322265625,342.569580078125,270.8769633769989
110,7474,513,0,car,0.9183955192565918,1073.160400390625,0.0,1411.2705078125,266.6842041015625,1242.2154541015625,266.6842041015625,338.110107421875,266.6842041015625
110,7475,513,0,car,0.9200363159179688,1070.26513671875,0.0,1406.50048828125,264.7734069824219,1238.3828125,264.7734069824219,336.2353515625,264.7734069824219
110,7476,513,0,car,0.9193347692489624,1067.7755126953125,0.0,1400.37841796875,260.578857421875,1234.0769653320312,260.578857421875,332.6029052734375,260.578857421875
110,7477,513,0,car,0.913960099220276,1063.705810546875,0.0,1391.8353271484375,250.323471069336,1227.7705688476562,250.323471069336,328.1295166015625,250.323471069336
110,7478,513,0,car,0.9129042625427246,1059.7581787109375,0.0,1383.9515380859375,239.53160095214844,1221.8548583984375,239.53160095214844,324.193359375,239.53160095214844
110,7479,513,0,car,0.9091756343841552,1057.766357421875,0.0,1377.34716796875,228.6967010498047,1217.5567626953125,228.6967010498047,319.580810546875,228.6967010498047
110,7480,513,0,car,0.8974008560180664,1054.385986328125,0.8388393521308899,1369.792236328125,222.77325439453125,1212.089111328125,222.77325439453125,315.40625,221.9344150424004
110,7481,513,0,car,0.905700981616974,1049.537109375,0.134195864200592,1362.6119384765625,213.5741729736328,1206.0745239257812,213.5741729736328,313.0748291015625,213.43997710943225
110,7482,513,0,car,0.914898693561554,1045.4615478515625,0.0,1356.31884765625,195.5689239501953,1200.8901977539062,195.5689239501953,310.8572998046875,195.5689239501953
110,7483,513,0,car,0.9119749069213868,1042.095947265625,0.4583921730518341,1350.22607421875,182.2370147705078,1196.1610107421875,182.2370147705078,308.130126953125,181.778622597456
110,7484,513,0,car,0.8953562378883362,1038.584228515625,0.967451274394989,1346.4110107421875,165.6961669921875,1192.4976196289062,165.6961669921875,307.8267822265625,164.7287157177925
110,7485,513,0,car,0.8832540512084961,1036.0010986328125,1.5653949975967407,1339.3450927734375,156.203857421875,1187.673095703125,156.203857421875,303.343994140625,154.63846242427826
110,7486,513,0,car,0.8905877470970154,1034.799072265625,2.128420114517212,1332.7950439453125,150.62322998046875,1183.7970581054688,150.62322998046875,297.9959716796875,148.49480986595154
110,7487,513,0,car,0.8973746299743652,1031.8807373046875,2.51243543624878,1326.5526123046875,144.19802856445312,1179.2166748046875,144.19802856445312,294.671875,141.68559312820437
110,7488,513,0,car,0.884951651096344,1029.5738525390625,2.740166187286377,1319.155517578125,138.5534210205078,1174.3646850585938,138.5534210205078,289.5816650390625,135.81325483322144
110,7489,513,0,car,0.8716391324996948,1026.2845458984375,2.5964481830596924,1311.816162109375,132.43638610839844,1169.0503540039062,132.43638610839844,285.5316162109375,129.83993792533877
110,7490,513,0,car,0.87197345495224,1021.3569946289062,2.432889223098755,1306.762939453125,123.67181396484376,1164.0599670410156,123.67181396484376,285.40594482421875,121.238924741745
110,7491,513,0,car,0.8764508962631226,1019.1638793945312,1.7429887056350708,1300.5875244140625,113.79598999023438,1159.8757019042969,113.79598999023438,281.42364501953125,112.0530012845993
110,7492,513,0,car,0.8719627857208252,1017.7550048828124,1.954724669456482,1293.0965576171875,104.26155853271484,1155.42578125,104.26155853271484,275.341552734375,102.30683386325836
110,7493,513,0,car,0.8661388754844666,1014.4841918945312,2.8599331378936768,1292.76708984375,95.07788848876952,1153.6256408691406,95.07788848876952,278.28289794921875,92.21795535087584
110,7494,513,0,car,0.8556057810783386,1015.5313720703124,3.15002989768982,1284.5650634765625,87.9249496459961,1150.0482177734375,87.9249496459961,269.03369140625,84.77491974830627
110,7495,513,0,car,0.8468136787414551,1017.7237548828124,3.061405897140503,1278.6190185546875,78.77860260009766,1148.17138671875,78.77860260009766,260.895263671875,75.71719670295715
110,7496,513,0,car,0.8444145321846008,1020.7285766601562,2.692078113555908,1267.4093017578125,69.18683624267578,1144.0689392089844,69.18683624267578,246.68072509765625,66.49475812911987
110,7497,513,0,car,0.8504641056060791,1025.432373046875,2.4555671215057373,1262.7764892578125,63.34298706054688,1144.1044311523438,63.34298706054688,237.3441162109375,60.88741993904114
110,7498,513,0,car,0.8790289163589478,1028.2208251953125,0.7784380316734314,1257.404541015625,56.69559860229492,1142.8126831054688,56.69559860229492,229.1837158203125,55.91716057062149
108,7391,530,0,car,0.9352457523345948,0.4030695557594299,445.4392700195313,422.0285034179688,1059.14501953125,211.2157864868641,1059.14501953125,421.6254338622093,613.7057495117188
108,7392,530,0,car,0.9433584809303284,0.5720474720001221,434.9315185546875,414.5593566894531,1048.943359375,207.56570208072665,1048.943359375,413.987309217453,614.0118408203125
108,7393,530,0,car,0.9437245726585388,0.8030129671096802,424.4868469238281,413.02484130859375,1026.571533203125,206.9139271378517,1026.571533203125,412.22182834148407,602.0846862792969
108,7394,530,0,car,0.9392027854919434,0.2546289563179016,416.2005615234375,425.201904296875,1005.5259399414062,212.72826662659645,1005.5259399414062,424.9472753405571,589.3253784179688
108,7395,530,0,car,0.9420164227485656,0.0234250072389841,406.119873046875,435.40380859375,989.787353515625,217.7136168004945,989.787353515625,435.380383586511,583.66748046875
108,7396,530,0,car,0.9390315413475036,0.0,397.0368957519531,435.7607727050781,969.372314453125,217.88038635253903,969.372314453125,435.7607727050781,572.3354187011719
108,7397,530,0,car,0.9372498989105223,0.0,386.0620422363281,433.3892822265625,953.5554809570312,216.69464111328125,953.5554809570312,433.3892822265625,567.4934387207031
108,7398,530,0,car,0.9372406005859376,0.1995922029018402,374.3044738769531,439.0337829589844,933.9456176757812,219.6166875809431,933.9456176757812,438.8341907560825,559.6411437988281
108,7399,530,0,car,0.9358301162719728,1.0359902381896973,366.41064453125,445.2578125,910.8442993164062,223.14690136909485,910.8442993164062,444.2218222618103,544.4336547851562
108,7400,530,0,car,0.9360411763191224,1.1983178853988647,359.58233642578125,451.3740539550781,892.4171752929688,226.2861859202385,892.4171752929688,450.17573606967926,532.8348388671875
108,7401,530,0,car,0.932385802268982,0.3758201003074646,349.96929931640625,440.9610290527344,873.7787475585938,220.6684245765209,873.7787475585938,440.5852089524269,523.8094482421875
108,7402,530,0,car,0.9365530014038086,0.3563990890979767,336.4092712402344,451.6473083496094,859.2775268554688,226.00185371935368,859.2775268554688,451.2909092605114,522.8682556152344
108,7403,530,0,car,0.9385594725608826,0.0642391890287399,323.7387084960937,450.2280578613281,842.8842163085938,225.14614852517843,842.8842163085938,450.1638186722994,519.1455078125
108,7404,530,0,car,0.9397956132888794,0.185226634144783,313.7180480957031,452.0517272949219,825.1658935546875,226.11847696453333,825.1658935546875,451.8665006607771,511.4478454589844
108,7405,530,0,car,0.9383675456047058,1.1109963655471802,306.8954162597656,451.4664306640625,807.4016723632812,226.28871351480484,807.4016723632812,450.3554342985153,500.5062561035156
108,7406,530,0,car,0.9438276290893556,3.904214143753052,300.2601013183594,453.41015625,784.5555419921875,228.65718519687653,784.5555419921875,449.50594210624695,484.2954406738281
108,7407,530,0,car,0.9405161142349244,6.987094402313232,291.7958068847656,450.0227661132813,766.7305297851562,228.50493025779724,766.7305297851562,443.035671710968,474.9347229003906
108,7408,530,0,car,0.9361155033111572,14.165196418762209,279.60382080078125,454.2307739257813,752.0181274414062,234.19798517227173,752.0181274414062,440.06557750701904,472.414306640625
108,7409,530,0,car,0.9346351027488708,20.99950218200684,270.9090270996094,458.9265441894531,735.4151000976562,239.96302318573,735.4151000976562,437.9270420074463,464.5060729980469
108,7410,530,0,car,0.9349895119667052,27.73305320739746,262.1754455566406,460.0611267089844,718.391357421875,243.8970899581909,718.391357421875,432.3280735015869,456.2159118652344
108,7411,530,0,car,0.9386473894119264,37.84487533569336,251.09616088867188,460.3899536132813,697.2605590820312,249.1174144744873,697.2605590820312,422.5450782775879,446.1643981933594
108,7412,530,0,car,0.945615828037262,43.23891067504883,242.9417266845703,459.9145202636719,677.444580078125,251.57671546936035,677.444580078125,416.6756095886231,434.5028533935547
108,7413,530,0,car,0.9350598454475404,51.18614196777344,232.340576171875,463.9304809570313,660.84814453125,257.55831146240234,660.84814453125,412.7443389892578,428.507568359375
108,7414,530,0,car,0.9392821788787842,60.25182342529297,221.13194274902344,465.220947265625,646.3831787109375,262.736385345459,646.3831787109375,404.969123840332,425.25123596191406
108,7415,530,0,car,0.937455713748932,66.82703399658203,212.4944610595703,469.7932739257813,632.1913452148438,268.31015396118164,632.1913452148438,402.9662399291992,419.69688415527344
108,7416,530,0,car,0.9473629593849182,73.3113021850586,202.77310180664065,467.2803039550781,615.5767211914062,270.2958030700684,615.5767211914062,393.96900177001953,412.8036193847656
108,7417,530,0,car,0.947612166404724,79.30104064941406,192.6961975097656,471.7897033691406,597.2760620117188,275.54537200927734,597.2760620117188,392.48866271972656,404.5798645019531
108,7418,530,0,car,0.9461186528205872,87.77610778808594,181.1199188232422,473.5162658691406,579.22900390625,280.6461868286133,579.22900390625,385.7401580810547,398.1090850830078
108,7419,530,0,car,0.9415373206138612,96.59752655029295,165.96958923339844,474.0777587890625,560.4507446289062,285.33764266967773,560.4507446289062,377.48023223876953,394.4811553955078
108,7420,530,0,car,0.9377753734588624,99.84651184082033,159.18125915527344,475.6006774902344,549.6586303710938,287.72359466552734,549.6586303710938,375.75416564941406,390.4773712158203
108,7421,530,0,car,0.9339187145233154,107.0713119506836,150.84767150878906,476.1094970703125,538.017333984375,291.59040451049805,538.017333984375,369.0381851196289,387.16966247558594
108,7422,530,0,car,0.9239860773086548,113.70384216308594,143.52374267578125,477.84368896484375,521.739013671875,295.77376556396484,521.739013671875,364.1398468017578,378.21527099609375
108,7423,530,0,car,0.918990194797516,121.99056243896484,129.15977478027344,478.922119140625,503.1004638671875,300.4563407897949,503.1004638671875,356.93155670166016,373.94068908691406
108,7424,530,0,car,0.93043053150177,124.39883422851562,120.99130249023438,480.11376953125,491.621337890625,302.2563018798828,491.621337890625,355.7149353027344,370.6300354003906
108,7425,530,0,car,0.932617723941803,128.0139923095703,114.15499877929688,481.29193115234375,475.7548522949219,304.65296173095703,475.7548522949219,353.27793884277344,361.599853515625
108,7426,530,0,car,0.926559567451477,135.3825225830078,104.45977783203124,482.6737365722656,462.6946716308594,309.0281295776367,462.6946716308594,347.2912139892578,358.2348937988281
108,7427,530,0,car,0.9176577925682068,140.86886596679688,94.0536651611328,484.9480285644531,450.3265686035156,312.908447265625,450.3265686035156,344.07916259765625,356.2729034423828
108,7428,530,0,car,0.919732391834259,144.76422119140625,82.58453369140625,485.38525390625,436.0434265136719,315.0747375488281,436.0434265136719,340.6210327148437,353.4588928222656
108,7429,530,0,car,0.9273641705513,150.14048767089844,75.07186126708984,486.7208557128906,421.79638671875,318.43067169189453,421.79638671875,336.5803680419922,346.72452545166016
108,7430,530,0,car,0.9216654300689696,155.45606994628906,67.16288757324219,487.0614318847656,411.37445068359375,321.25875091552734,411.37445068359375,331.60536193847656,344.2115631103516
108,7431,530,0,car,0.9177702069282532,161.792724609375,58.2617301940918,486.8570861816406,399.2996520996094,324.3249053955078,399.2996520996094,325.0643615722656,341.0379219055176
108,7432,530,0,car,0.9256791472434998,169.21400451660156,45.53105545043945,490.0539855957031,381.4691162109375,329.63399505615234,381.4691162109375,320.8399810791016,335.93806076049805
108,7433,530,0,car,0.9328724145889282,170.89598083496094,42.36610794067383,491.0367736816406,370.4227294921875,330.9663772583008,370.4227294921875,320.1407928466797,328.0566215515137
108,7434,530,0,car,0.9307768940925598,173.37876892089844,37.35188674926758,491.23876953125,361.3624877929688,332.3087692260742,361.3624877929688,317.8600006103516,324.0106010437012
108,7435,530,0,car,0.9226121306419371,177.61952209472656,29.414581298828125,492.610107421875,352.4244689941406,335.1148147583008,352.4244689941406,314.99058532714844,323.0098876953125
108,7436,530,0,car,0.92319655418396,183.36602783203125,22.49209785461425,493.3772888183594,342.0129089355469,338.3716583251953,342.0129089355469,310.0112609863281,319.5208110809326
108,7437,530,0,car,0.924982726573944,185.6200256347656,17.661943435668945,493.2594604492188,330.85467529296875,339.4397430419922,330.85467529296875,307.6394348144531,313.1927318572998
108,7438,530,0,car,0.9249354004859924,188.94943237304688,8.698639869689941,494.35107421875,322.3520202636719,341.65025329589844,322.3520202636719,305.4016418457031,313.65338039398193
108,7439,530,0,car,0.9261444211006165,193.62290954589844,2.341041088104248,496.5611572265625,313.17047119140625,345.09203338623047,313.17047119140625,302.93824768066406,310.829430103302
108,7440,530,0,car,0.9237229228019714,197.0316162109375,0.0,498.1478271484375,303.69757080078125,347.5897216796875,303.69757080078125,301.1162109375,303.69757080078125
108,7441,530,0,car,0.9220321774482728,203.19509887695312,0.0,499.0905151367188,293.4827575683594,351.14280700683594,293.4827575683594,295.8954162597656,293.4827575683594
108,7442,530,0,car,0.9276022911071776,208.4927673339844,0.0,499.0940246582031,280.16851806640625,353.7933959960937,280.16851806640625,290.60125732421875,280.16851806640625
108,7443,530,0,car,0.9286584258079528,212.8673553466797,0.0,499.0646057128906,268.6710510253906,355.9659805297852,268.6710510253906,286.19725036621094,268.6710510253906
108,7444,530,0,car,0.923820734024048,215.35806274414065,0.0,498.3844299316406,257.9560546875,356.8712463378906,257.9560546875,283.0263671875,257.9560546875
108,7445,530,0,car,0.9275417923927308,217.91525268554688,0.0,501.0433044433594,248.2237548828125,359.4792785644531,248.2237548828125,283.1280517578125,248.2237548828125
108,7446,530,0,car,0.9222069382667542,221.7449188232422,0.0,501.7408142089844,238.2418975830078,361.7428665161133,238.2418975830078,279.9958953857422,238.2418975830078
108,7447,530,0,car,0.9228390455245972,225.9952545166016,0.0,499.7273254394531,227.2469940185547,362.86128997802734,227.2469940185547,273.7320709228516,227.2469940185547
108,7448,530,0,car,0.9221432209014891,233.13270568847656,0.0,499.0532836914063,218.5068817138672,366.0929946899414,218.5068817138672,265.9205780029297,218.5068817138672
108,7449,530,0,car,0.9187303185462952,236.2713928222656,0.0,500.2801513671875,208.49853515625,368.27577209472656,208.49853515625,264.0087585449219,208.49853515625
108,7450,530,0,car,0.9134056568145752,238.9388732910156,0.0,502.0699768066406,198.7114105224609,370.5044250488281,198.7114105224609,263.131103515625,198.7114105224609
108,7451,530,0,car,0.9288458228111268,240.6334991455078,0.0,505.9588928222656,188.7951812744141,373.2961959838867,188.7951812744141,265.3253936767578,188.7951812744141
108,7452,530,0,car,0.9215143918991088,242.0982818603516,0.0,506.97509765625,176.4466094970703,374.5366897583008,176.4466094970703,264.87681579589844,176.4466094970703
108,7453,530,0,car,0.9234107732772828,245.49783325195312,0.0,508.4712829589844,168.37586975097656,376.9845581054688,168.37586975097656,262.97344970703125,168.37586975097656
108,7454,530,0,car,0.920190930366516,250.0609893798828,0.5228793025016785,510.1645202636719,158.77584838867188,380.1127548217773,158.77584838867188,260.10353088378906,158.2529690861702
108,7455,530,0,car,0.912172257900238,254.05067443847656,2.083791255950928,511.8795471191406,152.05160522460938,382.9651107788086,152.05160522460938,257.82887268066406,149.96781396865845
108,7456,530,0,car,0.9073159694671632,258.821044921875,2.191514730453491,513.47216796875,144.95169067382812,386.1466064453125,144.95169067382812,254.651123046875,142.76017594337463
108,7457,530,0,car,0.8936325311660767,261.0588684082031,2.0074520111083984,513.3645629882812,134.0726776123047,387.2117156982422,134.0726776123047,252.30569458007807,132.0652256011963
108,7458,530,0,car,0.8987051248550415,265.3957824707031,0.8106127977371216,512.3824462890625,123.21473693847656,388.8891143798828,123.21473693847656,246.98666381835932,122.40412414073944
108,7459,530,0,car,0.8982881307601929,267.9642639160156,0.3256590366363525,511.4829406738281,114.33235931396484,389.7236022949219,114.33235931396484,243.5186767578125,114.00670027732848
108,7460,530,0,car,0.8936505317687988,271.1585998535156,0.930108368396759,511.4394226074219,107.77342987060548,391.2990112304688,107.77342987060548,240.28082275390625,106.84332150220872
108,7461,530,0,car,0.8933299779891968,278.3940124511719,0.7399733066558838,509.61761474609375,106.14288330078124,394.0058135986328,106.14288330078124,231.22360229492188,105.40290999412537
108,7462,530,0,car,0.8874287009239197,280.8819885253906,1.4220819473266602,509.3273315429688,96.8320541381836,395.1046600341797,96.8320541381836,228.44534301757807,95.40997219085692
108,7463,530,0,car,0.8758316040039062,279.9330749511719,1.7765748500823977,510.8112182617188,85.7937240600586,395.3721466064453,85.7937240600586,230.87814331054688,84.0171492099762
108,7464,530,0,car,0.8619557619094849,280.7364807128906,2.12650203704834,511.4624938964844,71.41737365722656,396.0994873046875,71.41737365722656,230.7260131835937,69.29087162017822
108,7465,530,0,car,0.8526105284690857,282.5502624511719,2.0725011825561523,512.6203002929688,63.063507080078125,397.5852813720703,63.063507080078125,230.07003784179688,60.99100589752197
108,7466,530,0,car,0.830328106880188,285.57012939453125,0.996168613433838,513.7069091796875,56.06796646118164,399.6385192871094,56.06796646118164,228.13677978515625,55.0717978477478
108,7467,530,0,car,0.8620710372924805,291.1640625,1.2701146602630615,519.9176025390625,51.78854370117188,405.5408325195313,51.78854370117188,228.7535400390625,50.51842904090881
111,7509,550,0,car,0.9323784708976746,16.434616088867188,449.2942199707031,469.8112487792969,1013.2471923828124,243.12293243408203,1013.2471923828124,453.3766326904297,563.9529724121094
111,7510,550,0,car,0.9336169362068176,4.15048360824585,417.51953125,478.4049682617188,970.31494140625,241.2777259349823,970.31494140625,474.2544846534729,552.79541015625
111,7511,550,0,car,0.9153463244438172,0.0,381.0871887207031,486.2540588378906,921.84912109375,243.1270294189453,921.84912109375,486.2540588378906,540.7619323730469
111,7512,550,0,car,0.939738929271698,0.8821564316749573,351.9290771484375,491.3890686035156,878.946533203125,246.1356125175953,878.946533203125,490.5069121718407,527.0174560546875
111,7513,550,0,car,0.9236812591552734,5.243113040924072,323.3343200683594,496.9202575683594,830.0283813476562,251.08168530464167,830.0283813476562,491.6771445274353,506.6940612792969
111,7514,550,0,car,0.9235218167304992,21.723907470703125,299.2310791015625,498.7112121582031,780.3825073242188,260.2175598144531,780.3825073242188,476.9873046875,481.15142822265625
111,7515,550,0,car,0.9439604878425598,41.81171417236328,272.0658264160156,502.5912780761719,734.3854370117188,272.2014961242676,734.3854370117188,460.7795639038086,462.3196105957031
111,7516,550,0,car,0.9366533160209656,63.16658020019531,245.7508544921875,508.7705993652344,686.352294921875,285.96858978271484,686.352294921875,445.6040191650391,440.6014404296875
111,7517,550,0,car,0.9434866905212402,80.90386962890625,220.49075317382807,509.7172546386719,647.44091796875,295.31056213378906,647.44091796875,428.8133850097656,426.9501647949219
111,7518,550,0,car,0.9458295702934264,97.70366668701172,197.7600250244141,512.5374755859375,608.8709716796875,305.1205711364746,608.8709716796875,414.8338088989258,411.11094665527344
111,7519,550,0,car,0.928748607635498,115.27400207519533,175.2742919921875,518.1310424804688,574.1529541015625,316.70252227783203,574.1529541015625,402.85704040527344,398.878662109375
111,7520,550,0,car,0.9227774143218994,129.80245971679688,151.89251708984375,521.8497924804688,538.8784790039062,325.8261260986328,538.8784790039062,392.0473327636719,386.9859619140625
111,7521,550,0,car,0.9005890488624573,145.0884552001953,129.65196228027344,526.1021728515625,504.6471252441406,335.5953140258789,504.6471252441406,381.0137176513672,374.9951629638672
111,7522,550,0,car,0.9355649948120116,160.12734985351562,110.23250579833984,526.2679443359375,469.3551025390625,343.19764709472656,469.3551025390625,366.1405944824219,359.12259674072266
111,7523,550,0,car,0.9207456707954408,172.77574157714844,91.60850524902344,527.02685546875,443.0325012207031,349.9012985229492,443.0325012207031,354.2511138916016,351.4239959716797
111,7524,550,0,car,0.9159308075904846,184.9668731689453,72.249755859375,525.780517578125,414.3663024902344,355.3736953735352,414.3663024902344,340.8136444091797,342.1165466308594
111,7525,550,0,car,0.9219642877578736,196.2262420654297,52.65499114990234,527.8275756835938,382.8309020996094,362.0269088745117,382.8309020996094,331.60133361816406,330.17591094970703
111,7526,550,0,car,0.9316005110740662,209.4150238037109,37.08190155029297,532.4517211914062,357.6299133300781,370.9333724975586,357.6299133300781,323.0366973876953,320.5480117797852
111,7527,550,0,car,0.9284501075744628,218.73257446289065,22.00257873535156,534.2159423828125,332.5044860839844,376.4742584228516,332.5044860839844,315.4833679199219,310.5019073486328
111,7528,550,0,car,0.9250071048736572,228.590087890625,6.228879928588867,536.2273559570312,305.915771484375,382.4087219238281,305.915771484375,307.63726806640625,299.68689155578613
111,7529,550,0,car,0.9244343042373656,237.91305541992188,0.0,543.2805786132812,285.03741455078125,390.5968170166016,285.03741455078125,305.3675231933594,285.03741455078125
111,7530,550,0,car,0.9310908317565918,246.78749084472656,0.0,547.360595703125,265.0328063964844,397.0740432739258,265.0328063964844,300.57310485839844,265.0328063964844
111,7531,550,0,car,0.9210752248764038,256.8598022460937,0.0,547.89697265625,244.6448211669922,402.3783874511719,244.6448211669922,291.03717041015625,244.6448211669922
111,7532,550,0,car,0.9258595705032348,263.1085205078125,0.0,549.2534790039062,225.55674743652344,406.1809997558594,225.55674743652344,286.1449584960937,225.55674743652344
111,7533,550,0,car,0.9227061867713928,269.8110656738281,0.0,550.2196044921875,206.396484375,410.0153350830078,206.396484375,280.4085388183594,206.396484375
111,7534,550,0,car,0.9123530983924866,280.0931091308594,0.0,548.6774291992188,187.14187622070312,414.3852691650391,187.14187622070312,268.5843200683594,187.14187622070312
111,7535,550,0,car,0.919688045978546,285.9108581542969,0.0,551.821533203125,169.317626953125,418.8661956787109,169.317626953125,265.9106750488281,169.317626953125
111,7536,550,0,car,0.91287499666214,290.72772216796875,1.062455177307129,555.3096313476562,151.85797119140625,423.0186767578125,151.85797119140625,264.5819091796875,150.79551601409912
111,7537,550,0,car,0.9087119698524476,297.1772766113281,0.5098379254341125,556.7293701171875,136.31228637695312,426.9533233642578,136.31228637695312,259.5520935058594,135.802448451519
111,7538,550,0,car,0.9061044454574584,305.6842346191406,0.0056128418073058,554.9818115234375,117.44165802001952,430.33302307128906,117.44165802001952,249.29757690429688,117.43604517821224
111,7539,550,0,car,0.8915019631385803,310.9671630859375,1.143972396850586,552.7776489257812,101.66376495361328,431.8724060058594,101.66376495361328,241.8104858398437,100.5197925567627
111,7540,550,0,car,0.870159387588501,315.91815185546875,2.437982082366944,553.5718994140625,87.19007110595703,434.7450256347656,87.19007110595703,237.6537475585937,84.75208902359009
111,7541,550,0,car,0.8712730407714844,321.1138610839844,1.4929168224334717,553.9876708984375,70.90226745605469,437.5507659912109,70.90226745605469,232.87380981445312,69.40935063362122
111,7542,550,0,car,0.8197791576385498,327.4324951171875,0.0401604026556015,554.7465209960938,55.3938102722168,441.0895080566406,55.3938102722168,227.31402587890625,55.3536498695612
113,7535,556,0,car,0.9287751317024232,1357.377197265625,490.2210388183594,1900.462646484375,1026.093994140625,1628.919921875,1026.093994140625,543.08544921875,535.8729553222656
113,7536,556,0,car,0.931021511554718,1337.99462890625,462.640380859375,1913.472900390625,977.0177001953124,1625.7337646484375,977.0177001953124,575.478271484375,514.3773193359375
113,7537,556,0,car,0.9391716718673706,1322.2591552734375,440.7454833984375,1918.3680419921875,932.1339111328124,1620.3135986328125,932.1339111328124,596.10888671875,491.388427734375
113,7538,556,0,car,0.9363251328468324,1306.7899169921875,409.487060546875,1911.82177734375,885.5371704101562,1609.3058471679688,885.5371704101562,605.0318603515625,476.0501098632813
113,7539,556,0,car,0.9357900023460388,1294.56689453125,382.7621765136719,1884.8956298828125,846.8582763671875,1589.7312622070312,846.8582763671875,590.3287353515625,464.0960998535156
113,7540,556,0,car,0.9404471516609192,1280.3380126953125,359.56689453125,1855.924072265625,810.8325805664062,1568.1310424804688,810.8325805664062,575.5860595703125,451.26568603515625
113,7541,556,0,car,0.9374936819076538,1266.821044921875,334.3647766113281,1825.32958984375,770.710693359375,1546.0753173828125,770.710693359375,558.508544921875,436.3459167480469
113,7542,556,0,car,0.9346015453338624,1258.8455810546875,302.7309265136719,1796.3577880859375,733.4224243164062,1527.6016845703125,733.4224243164062,537.51220703125,430.6914978027344
113,7543,556,0,car,0.9400827884674072,1245.87109375,283.1084899902344,1764.1298828125,699.277099609375,1505.00048828125,699.277099609375,518.2587890625,416.1686096191406
113,7544,556,0,car,0.9360234141349792,1235.6580810546875,261.65350341796875,1737.4190673828125,666.5261840820312,1486.53857421875,666.5261840820312,501.760986328125,404.8726806640625
113,7545,556,0,car,0.9399960041046144,1225.8858642578125,238.5515899658203,1713.7392578125,635.11865234375,1469.8125610351562,635.11865234375,487.8533935546875,396.5670623779297
113,7546,556,0,car,0.9430545568466188,1214.0155029296875,214.7030792236328,1690.9127197265625,605.81689453125,1452.464111328125,605.81689453125,476.897216796875,391.1138153076172
113,7547,556,0,car,0.949870467185974,1204.31494140625,195.6957550048828,1663.3919677734375,571.3989868164062,1433.8534545898438,571.3989868164062,459.0770263671875,375.7032318115234
113,7548,556,0,car,0.9389163255691528,1193.31005859375,174.8680419921875,1640.2125244140625,545.2413940429688,1416.7612915039062,545.2413940429688,446.9024658203125,370.3733520507813
113,7549,556,0,car,0.9377163648605348,1182.057373046875,157.95594787597656,1620.3193359375,521.3495483398438,1401.1883544921875,521.3495483398438,438.261962890625,363.3936004638672
113,7550,556,0,car,0.938162922859192,1172.9127197265625,142.19662475585938,1602.4658203125,497.2815856933594,1387.6892700195312,497.2815856933594,429.5531005859375,355.0849609375
113,7551,556,0,car,0.929298460483551,1163.95947265625,122.07740020751952,1585.3399658203125,469.9634399414063,1374.6497192382812,469.9634399414063,421.3804931640625,347.8860397338867
113,7552,556,0,car,0.937744677066803,1153.7979736328125,103.49496459960938,1565.8011474609375,450.9287109375,1359.799560546875,450.9287109375,412.003173828125,347.4337463378906
113,7553,556,0,car,0.9298291206359864,1144.3612060546875,89.68440246582031,1547.1221923828125,426.4510803222656,1345.74169921875,426.4510803222656,402.760986328125,336.7666778564453
113,7554,556,0,car,0.9182195663452148,1136.31005859375,73.73280334472656,1529.1927490234375,403.9404602050781,1332.7514038085938,403.9404602050781,392.8826904296875,330.2076568603516
113,7555,556,0,car,0.9317123889923096,1127.26318359375,58.03019714355469,1512.6484375,384.6008605957031,1319.955810546875,384.6008605957031,385.38525390625,326.57066345214844
113,7556,556,0,car,0.9243472218513488,1120.7503662109375,42.206844329833984,1495.8994140625,364.3206787109375,1308.3248901367188,364.3206787109375,375.1490478515625,322.1138343811035
113,7557,556,0,car,0.9109075665473938,1112.4407958984375,26.148771286010746,1479.7867431640625,343.0968017578125,1296.11376953125,343.0968017578125,367.345947265625,316.94803047180176
113,7558,556,0,car,0.9264851808547974,1104.19189453125,11.31836986541748,1463.832763671875,322.791748046875,1284.0123291015625,322.791748046875,359.640869140625,311.4733781814575
113,7559,556,0,car,0.9272221922874452,1098.8421630859375,1.6636334657669067,1449.6500244140625,307.3785705566406,1274.24609375,307.3785705566406,350.807861328125,305.7149370908737
113,7560,556,0,car,0.9203047156333924,1091.261962890625,0.0,1436.21240234375,286.2222595214844,1263.7371826171875,286.2222595214844,344.950439453125,286.2222595214844
113,7561,556,0,car,0.923576593399048,1084.623046875,0.0,1420.5391845703125,268.7231750488281,1252.5811157226562,268.7231750488281,335.9161376953125,268.7231750488281
113,7562,556,0,car,0.9200363159179688,1077.3443603515625,0.0,1406.913330078125,254.1475372314453,1242.1288452148438,254.1475372314453,329.5689697265625,254.1475372314453
113,7563,556,0,car,0.9197988510131836,1071.5103759765625,0.0,1393.67041015625,237.66539001464844,1232.5903930664062,237.66539001464844,322.1600341796875,237.66539001464844
113,7564,556,0,car,0.9164227843284608,1064.7978515625,0.0,1379.8052978515625,220.38510131835932,1222.3015747070312,220.38510131835932,315.0074462890625,220.38510131835932
113,7565,556,0,car,0.9192858338356018,1058.5738525390625,0.0,1366.749267578125,201.93560791015625,1212.6615600585938,201.93560791015625,308.1754150390625,201.93560791015625
113,7566,556,0,car,0.9136343002319336,1055.13037109375,0.0,1355.474609375,187.71221923828125,1205.302490234375,187.71221923828125,300.34423828125,187.71221923828125
113,7567,556,0,car,0.9095767736434937,1049.08984375,0.0,1344.9593505859375,171.23968505859375,1197.0245971679688,171.23968505859375,295.8695068359375,171.23968505859375
113,7568,556,0,car,0.9104940891265868,1043.158935546875,0.0,1332.28271484375,157.9778594970703,1187.7208251953125,157.9778594970703,289.123779296875,157.9778594970703
113,7569,556,0,car,0.8925210237503052,1038.1268310546875,0.2226512730121612,1319.6817626953125,145.5078582763672,1178.904296875,145.5078582763672,281.554931640625,145.28520700335503
113,7570,556,0,car,0.9015729427337646,1031.6214599609375,0.9734511971473694,1310.9046630859375,133.7915802001953,1171.2630615234375,133.7915802001953,279.283203125,132.81812900304794
113,7571,556,0,car,0.8952831625938416,1028.1141357421875,1.1651078462600708,1302.5662841796875,118.4922332763672,1165.3402099609375,118.4922332763672,274.4521484375,117.32712543010712
113,7572,556,0,car,0.8856401443481445,1025.497314453125,0.55768221616745,1291.49951171875,103.19215393066406,1158.4984130859375,103.19215393066406,266.002197265625,102.6344717144966
113,7573,556,0,car,0.8769178986549377,1029.064697265625,1.4016320705413818,1280.8848876953125,91.82882690429688,1154.9747924804688,91.82882690429688,251.8201904296875,90.4271948337555
113,7574,556,0,car,0.8607458472251892,1031.8741455078125,1.579140305519104,1271.698974609375,82.70047760009766,1151.7865600585938,82.70047760009766,239.8248291015625,81.12133729457855
113,7575,556,0,car,0.8496536016464233,1032.797119140625,0.9167852401733398,1262.1795654296875,66.81757354736328,1147.4883422851562,66.81757354736328,229.3824462890625,65.90078830718994
113,7576,556,0,car,0.8376409411430359,1033.3446044921875,0.0396485365927219,1252.1866455078125,52.15339279174805,1142.765625,52.15339279174805,218.842041015625,52.113744255155325
114,7594,564,0,car,0.9444523453712464,706.6923217773438,450.1789855957031,1186.4884033203125,1034.26806640625,946.590362548828,1034.26806640625,479.7960815429688,584.0890808105469
114,7595,564,0,car,0.9382746815681458,708.090576171875,431.361083984375,1174.3748779296875,996.6445922851562,941.2327270507812,996.6445922851562,466.2843017578125,565.2835083007812
114,7596,564,0,car,0.9393301606178284,709.0194091796875,411.0154724121094,1161.4776611328125,959.887451171875,935.24853515625,959.887451171875,452.458251953125,548.8719787597656
114,7597,564,0,car,0.9400153756141664,711.457275390625,392.5413513183594,1153.4393310546875,922.575927734375,932.4483032226562,922.575927734375,441.9820556640625,530.0345764160156
114,7598,564,0,car,0.9367992281913756,710.447509765625,371.8428039550781,1145.1409912109375,882.4210205078125,927.7942504882812,882.4210205078125,434.6934814453125,510.5782165527344
114,7599,564,0,car,0.9360817074775696,707.1237182617188,358.118896484375,1133.987548828125,856.7406005859375,920.555633544922,856.7406005859375,426.8638305664063,498.6217041015625
114,7600,564,0,car,0.9366074800491332,705.6272583007812,343.44781494140625,1124.8428955078125,825.5823364257812,915.2350769042968,825.5823364257812,419.2156372070313,482.134521484375
114,7601,564,0,car,0.9409134984016418,706.7491455078125,325.4152526855469,1116.0694580078125,791.6419677734375,911.4093017578124,791.6419677734375,409.3203125,466.2267150878906
114,7602,564,0,car,0.940845251083374,706.9169311523438,304.66424560546875,1109.6273193359375,762.3838500976562,908.2721252441406,762.3838500976562,402.71038818359375,457.7196044921875
114,7603,564,0,car,0.932989239692688,706.4126586914062,288.8106994628906,1102.079345703125,736.7008666992188,904.2460021972656,736.7008666992188,395.6666870117188,447.8901672363281
114,7604,564,0,car,0.935151994228363,706.1475219726562,273.37872314453125,1088.8890380859375,707.6338500976562,897.5182800292969,707.6338500976562,382.7415161132813,434.255126953125
114,7605,564,0,car,0.9355947375297546,707.6107177734375,262.1573791503906,1082.6815185546875,673.2369384765625,895.1461181640625,673.2369384765625,375.07080078125,411.0795593261719
114,7606,564,0,car,0.9277846813201904,706.2051391601562,244.45730590820312,1076.005615234375,647.76953125,891.1053771972656,647.76953125,369.8004760742188,403.3122253417969
114,7607,564,0,car,0.939567804336548,703.7548828125,227.4449005126953,1071.2593994140625,625.6778564453125,887.5071411132812,625.6778564453125,367.5045166015625,398.2329559326172
114,7608,564,0,car,0.9432355761528016,703.8811645507812,209.6790008544922,1063.268798828125,596.73291015625,883.5749816894531,596.73291015625,359.3876342773437,387.0539093017578
114,7609,564,0,car,0.9476078152656556,703.9993286132812,195.41737365722656,1057.153076171875,573.4551391601562,880.5762023925781,573.4551391601562,353.1537475585937,378.0377655029297
114,7610,564,0,car,0.9166910648345948,702.9623413085938,179.34860229492188,1051.82177734375,551.774169921875,877.3920593261719,551.774169921875,348.85943603515625,372.4255676269531
114,7611,564,0,car,0.909703493118286,704.0203247070312,165.57278442382812,1046.4298095703125,529.8170776367188,875.2250671386719,529.8170776367188,342.40948486328125,364.2442932128906
114,7612,564,0,car,0.9277404546737672,704.6654052734375,150.8901824951172,1037.1597900390625,510.9295349121094,870.91259765625,510.9295349121094,332.494384765625,360.0393524169922
114,7613,564,0,car,0.9194290041923524,702.3912963867188,135.10842895507812,1031.4912109375,492.7326354980469,866.9412536621094,492.7326354980469,329.09991455078125,357.62420654296875
114,7614,564,0,car,0.925640106201172,702.5942993164062,120.40765380859376,1027.0982666015625,469.3972778320313,864.8462829589844,469.3972778320313,324.50396728515625,348.9896240234375
114,7615,564,0,car,0.918785572052002,704.2784423828125,105.94236755371094,1021.0422973632812,451.8142700195313,862.6603698730469,451.8142700195313,316.76385498046875,345.8719024658203
114,7616,564,0,car,0.917407214641571,702.077392578125,92.4074249267578,1019.062744140625,432.02838134765625,860.570068359375,432.02838134765625,316.9853515625,339.62095642089844
114,7617,564,0,car,0.927737832069397,704.8038330078125,78.39336395263672,1015.30908203125,413.8580322265625,860.0564575195312,413.8580322265625,310.5052490234375,335.4646682739258
114,7618,564,0,car,0.917453944683075,703.7980346679688,65.35689544677734,1012.7553100585938,395.0861511230469,858.2766723632812,395.0861511230469,308.957275390625,329.7292556762696
114,7619,564,0,car,0.9224608540534972,704.1893310546875,55.941287994384766,1007.893310546875,377.2423095703125,856.0413208007812,377.2423095703125,303.7039794921875,321.30102157592773
114,7620,564,0,car,0.9215525388717652,704.5665893554688,43.76112365722656,999.7662353515624,361.8892211914063,852.1664123535156,361.8892211914063,295.1996459960937,318.1280975341797
114,7621,564,0,car,0.9238380193710328,703.57763671875,31.078876495361328,992.860595703125,344.8486022949219,848.2191162109375,344.8486022949219,289.282958984375,313.76972579956055
114,7622,564,0,car,0.9260857701301576,701.6693115234375,21.68143844604492,988.9891967773438,329.9174194335937,845.3292541503906,329.9174194335937,287.31988525390625,308.2359809875488
114,7623,564,0,car,0.9274238348007202,699.8182983398438,11.143351554870604,985.70751953125,316.8140869140625,842.7629089355469,316.8140869140625,285.88922119140625,305.6707353591919
114,7624,564,0,car,0.9287986755371094,700.48193359375,1.4375567436218262,982.14453125,302.7527770996094,841.313232421875,302.7527770996094,281.66259765625,301.31522035598755
114,7625,564,0,car,0.9244522452354432,699.3841552734375,0.0,978.7581176757812,286.4761962890625,839.0711364746094,286.4761962890625,279.3739624023437,286.4761962890625
114,7626,564,0,car,0.9212541580200196,699.079345703125,0.0,975.819580078125,274.9867858886719,837.449462890625,274.9867858886719,276.740234375,274.9867858886719
114,7627,564,0,car,0.9197596311569214,699.722412109375,0.0,971.3109741210938,265.35577392578125,835.5166931152344,265.35577392578125,271.58856201171875,265.35577392578125
114,7628,564,0,car,0.922390639781952,699.5941772460938,0.0,966.2379150390624,251.6788330078125,832.9160461425781,251.6788330078125,266.64373779296875,251.6788330078125
114,7629,564,0,car,0.9192453026771544,700.1519165039062,0.0,963.3718872070312,238.930908203125,831.7619018554688,238.930908203125,263.219970703125,238.930908203125
114,7630,564,0,car,0.9200432896614076,701.5747680664062,0.0,961.0518188476562,225.3349151611328,831.3132934570312,225.3349151611328,259.47705078125,225.3349151611328
114,7631,564,0,car,0.9168130159378052,702.8045654296875,0.0,956.8067626953124,211.10888671875,829.8056640625,211.10888671875,254.002197265625,211.10888671875
114,7632,564,0,car,0.92260479927063,701.4881591796875,0.0,953.8388061523438,195.86639404296875,827.6634826660156,195.86639404296875,252.35064697265625,195.86639404296875
114,7633,564,0,car,0.9254364967346193,700.61865234375,0.2218261808156967,950.2090454101562,183.5236968994141,825.4138488769531,183.5236968994141,249.59039306640625,183.3018707185984
114,7634,564,0,car,0.9202297925949096,699.18701171875,0.4731944799423218,946.30126953125,171.26490783691406,822.744140625,171.26490783691406,247.1142578125,170.79171335697174
114,7635,564,0,car,0.915399134159088,699.4354248046875,0.4745104014873504,943.4508056640624,159.79034423828125,821.443115234375,159.79034423828125,244.015380859375,159.3158338367939
114,7636,564,0,car,0.9189948439598083,699.0713500976562,0.8220428228378296,941.1343383789062,148.12979125976562,820.1028442382812,148.12979125976562,242.06298828125,147.3077484369278
114,7637,564,0,car,0.9055551886558532,698.2902221679688,0.8710704445838928,937.9953002929688,141.2787322998047,818.1427612304688,141.2787322998047,239.705078125,140.4076618552208
114,7638,564,0,car,0.8928347826004028,697.6570434570312,0.9530991911888124,934.3696899414062,131.85260009765625,816.0133666992188,131.85260009765625,236.712646484375,130.89950090646744
114,7639,564,0,car,0.8916502594947815,696.9105224609375,0.7910625338554382,930.8721313476562,121.24700927734376,813.8913269042969,121.24700927734376,233.96160888671875,120.45594674348833
114,7640,564,0,car,0.8871647119522095,698.1304931640625,1.4926185607910156,929.5450439453124,108.4563217163086,813.8377685546875,108.4563217163086,231.41455078125,106.96370315551758
114,7641,564,0,car,0.8836842775344849,697.5362548828125,1.5964089632034302,929.022216796875,98.55458068847656,813.2792358398438,98.55458068847656,231.4859619140625,96.95817172527312
114,7642,564,0,car,0.8805074095726013,698.0103759765625,2.13092303276062,926.5936889648438,92.62873840332033,812.3020324707031,92.62873840332033,228.58331298828125,90.49781537055968
114,7643,564,0,car,0.8549796342849731,698.369873046875,1.9358189105987549,924.3948974609376,83.9255599975586,811.3823852539062,83.9255599975586,226.0250244140625,81.98974108695984
114,7644,564,0,car,0.853127121925354,700.1210327148438,2.062540054321289,922.9616088867188,73.71381378173828,811.5413208007812,73.71381378173828,222.840576171875,71.65127372741699
114,7645,564,0,car,0.8270320892333984,702.4542236328125,2.052520751953125,922.3745727539062,61.43389892578125,812.4143981933594,61.43389892578125,219.9203491210937,59.381378173828125
114,7646,564,0,car,0.8276424407958984,703.382568359375,0.863653838634491,917.0654907226562,51.49037170410156,810.2240295410156,51.49037170410156,213.68292236328125,50.62671786546707
115,7671,565,0,car,0.9413623809814452,0.7309014201164246,464.8525390625,459.2281494140625,1007.2179565429688,229.97952541708943,1007.2179565429688,458.4972479939461,542.3654174804688
115,7672,565,0,car,0.941843032836914,1.6465232372283936,429.5035705566406,465.64794921875,956.5306396484376,233.6472362279892,956.5306396484376,464.0014259815216,527.0270690917969
115,7673,565,0,car,0.9422425031661988,6.343266487121582,391.9627685546875,470.0455322265625,895.8355712890625,238.19439935684204,895.8355712890625,463.7022657394409,503.872802734375
115,7674,565,0,car,0.9475337266921996,21.93514060974121,361.0993957519531,475.21484375,846.2841186523438,248.5749921798706,846.2841186523438,453.2797031402588,485.1847229003906
115,7675,565,0,car,0.9302525520324708,42.61235809326172,330.4619140625,479.0928649902344,790.669677734375,260.85261154174805,790.669677734375,436.4805068969727,460.207763671875
115,7676,565,0,car,0.934881627559662,63.7762451171875,299.8454284667969,482.6919555664063,743.8037719726562,273.2341003417969,743.8037719726562,418.9157104492188,443.9583435058594
115,7677,565,0,car,0.9499063491821288,83.9185562133789,271.5928039550781,485.3869323730469,690.7345581054688,284.6527442932129,690.7345581054688,401.468376159668,419.1417541503906
115,7678,565,0,car,0.9387165904045104,103.17431640625,248.5532989501953,491.4233093261719,649.7042236328125,297.29881286621094,649.7042236328125,388.2489929199219,401.1509246826172
115,7679,565,0,car,0.9185022115707396,120.36951446533205,221.07455444335932,495.15179443359375,605.6668701171875,307.7606544494629,605.6668701171875,374.7822799682617,384.5923156738281
115,7680,565,0,car,0.9198659658432008,137.40220642089844,196.9533843994141,500.03118896484375,567.525634765625,318.7166976928711,567.525634765625,362.6289825439453,370.5722503662109
115,7681,565,0,car,0.923436403274536,153.9901580810547,171.52761840820312,505.7766723632813,535.2196044921875,329.883415222168,535.2196044921875,351.78651428222656,363.6919860839844
115,7682,565,0,car,0.9187829494476318,166.9254608154297,147.9383087158203,509.6218872070313,502.0593872070313,338.27367401123047,502.0593872070313,342.6964263916016,354.12107849121094
115,7683,565,0,car,0.9271294474601746,178.3892822265625,124.845458984375,508.2391052246094,465.6891174316406,343.31419372558594,465.6891174316406,329.8498229980469,340.8436584472656
115,7684,565,0,car,0.9223263263702391,190.4508056640625,104.31090545654295,511.0260009765625,433.7845764160156,350.7384033203125,433.7845764160156,320.5751953125,329.47367095947266
115,7685,565,0,car,0.9308542609214784,203.27175903320312,81.22537231445312,510.6985778808594,407.5002746582031,356.98516845703125,407.5002746582031,307.42681884765625,326.27490234375
115,7686,565,0,car,0.9307320713996888,214.65625,63.29316711425781,512.2051391601562,375.1286315917969,363.4306945800781,375.1286315917969,297.54888916015625,311.83546447753906
115,7687,565,0,car,0.9341403841972352,225.6614990234375,43.71354675292969,515.2096557617188,348.2843322753906,370.4355773925781,348.2843322753906,289.54815673828125,304.57078552246094
115,7688,565,0,car,0.9288915991783142,236.27716064453125,25.76987075805664,517.991943359375,317.0610046386719,377.1345520019531,317.0610046386719,281.7147827148437,291.29113388061523
115,7689,565,0,car,0.9339597821235656,246.14508056640625,5.509113311767578,518.9043579101562,294.7576599121094,382.5247192382813,294.7576599121094,272.75927734375,289.2485466003418
115,7690,565,0,car,0.9309577345848083,255.2051239013672,0.0,521.408935546875,272.5387878417969,388.3070297241211,272.5387878417969,266.2038116455078,272.5387878417969
115,7691,565,0,car,0.9286324381828308,262.453857421875,0.0,525.8800048828125,253.7886657714844,394.16693115234375,253.7886657714844,263.4261474609375,253.7886657714844
115,7692,565,0,car,0.9277935028076172,270.52740478515625,0.0,531.0955200195312,228.5481719970703,400.81146240234375,228.5481719970703,260.568115234375,228.5481719970703
115,7693,565,0,car,0.9212332367897034,280.5086975097656,0.0,536.8873291015625,211.2100067138672,408.69801330566406,211.2100067138672,256.3786315917969,211.2100067138672
115,7694,565,0,car,0.9139336943626404,287.0499572753906,0.0,543.7402954101562,184.21446228027344,415.39512634277344,184.21446228027344,256.6903381347656,184.21446228027344
115,7695,565,0,car,0.9122978448867798,295.7067565917969,0.0,550.509521484375,163.31561279296875,423.10813903808594,163.31561279296875,254.80276489257807,163.31561279296875
115,7696,565,0,car,0.8994004130363464,303.1542358398437,0.0,555.9141235351562,144.57798767089844,429.5341796875,144.57798767089844,252.7598876953125,144.57798767089844
115,7697,565,0,car,0.9007524847984314,309.8287353515625,0.0,555.4371337890625,124.5064926147461,432.6329345703125,124.5064926147461,245.6083984375,124.5064926147461
115,7698,565,0,car,0.888348400592804,315.4935302734375,0.0,553.3613891601562,110.52538299560548,434.4274597167969,110.52538299560548,237.86785888671875,110.52538299560548
115,7699,565,0,car,0.8716151118278503,319.2959899902344,0.0,553.072998046875,92.78131866455078,436.1844940185547,92.78131866455078,233.77700805664065,92.78131866455078
115,7700,565,0,car,0.8524025678634644,322.9033203125,0.8477920889854431,553.1253662109375,74.86007690429688,438.0143432617188,74.86007690429688,230.2220458984375,74.01228481531143
115,7701,565,0,car,0.7924900054931641,328.6390991210937,0.0,557.6141357421875,55.59638595581055,443.1266174316406,55.59638595581055,228.9750366210937,55.59638595581055
116,7743,567,0,car,0.9318944215774536,671.2850952148438,378.3380737304688,1216.5323486328125,1052.515380859375,943.908721923828,1052.515380859375,545.2472534179688,674.1773071289062
116,7744,567,0,car,0.9392062425613404,670.8297119140625,346.7933654785156,1191.6170654296875,996.2697143554688,931.223388671875,996.2697143554688,520.787353515625,649.4763488769531
116,7745,567,0,car,0.9441020488739014,670.5233764648438,313.0442199707031,1172.46044921875,931.4197998046876,921.4919128417968,931.4197998046876,501.9370727539063,618.3755798339844
116,7746,567,0,car,0.9403156042099,672.590576171875,281.88946533203125,1153.866943359375,870.9054565429688,913.228759765625,870.9054565429688,481.2763671875,589.0159912109375
116,7747,567,0,car,0.9409343004226683,672.7520141601562,259.1490478515625,1136.163330078125,814.5778198242188,904.4576721191406,814.5778198242188,463.4113159179688,555.4287719726562
116,7748,567,0,car,0.9356314539909364,671.9572143554688,231.97564697265625,1121.4639892578125,760.5497436523438,896.7106018066406,760.5497436523438,449.50677490234375,528.5740966796875
116,7749,567,0,car,0.9295704364776612,671.7716674804688,202.40301513671875,1104.932373046875,711.5941162109375,888.3520202636719,711.5941162109375,433.1607055664063,509.1911010742188
116,7750,567,0,car,0.9346917271614076,669.896728515625,175.43492126464844,1089.7860107421875,667.2728271484375,879.8413696289062,667.2728271484375,419.8892822265625,491.83790588378906
116,7751,567,0,car,0.9353864192962646,666.6702880859375,151.07875061035156,1075.5450439453125,621.0869140625,871.107666015625,621.0869140625,408.874755859375,470.0081634521485
116,7752,567,0,car,0.9406576156616212,664.672119140625,122.73277282714844,1062.9248046875,576.5339965820312,863.7984619140625,576.5339965820312,398.252685546875,453.8012237548828
116,7753,567,0,car,0.9448967576026917,662.39697265625,97.6877212524414,1053.0274658203125,538.14892578125,857.7122192382812,538.14892578125,390.6304931640625,440.4612045288086
116,7754,567,0,car,0.9459104537963868,661.5925903320312,76.53741455078125,1043.47216796875,499.0513000488281,852.5323791503906,499.0513000488281,381.8795776367188,422.5138854980469
116,7755,567,0,car,0.9497902393341064,660.1144409179688,52.73104476928711,1032.94189453125,465.27685546875,846.5281677246094,465.27685546875,372.8274536132813,412.5458106994629
116,7756,567,0,car,0.94074285030365,660.7708740234375,27.11153030395508,1025.3426513671875,434.6849365234375,843.0567626953125,434.6849365234375,364.57177734375,407.5734062194824
116,7757,567,0,car,0.9377788305282592,665.0042114257812,8.8143949508667,1018.9965209960938,399.3453063964844,842.0003662109375,399.3453063964844,353.9923095703125,390.5309114456177
116,7758,567,0,car,0.923037588596344,665.3900146484375,0.0,1011.8984985351562,369.5396118164063,838.6442565917969,369.5396118164063,346.50848388671875,369.5396118164063
116,7759,567,0,car,0.919128954410553,667.6683349609375,0.0,1007.7322998046876,339.668701171875,837.7003173828125,339.668701171875,340.06396484375,339.668701171875
116,7760,567,0,car,0.9238800406455994,667.3487548828125,0.0,1000.8363037109376,314.80291748046875,834.092529296875,314.80291748046875,333.487548828125,314.80291748046875
116,7761,567,0,car,0.9151849150657654,670.6339721679688,0.0,992.205078125,288.477783203125,831.4195251464844,288.477783203125,321.57110595703125,288.477783203125
116,7762,567,0,car,0.922940194606781,672.585693359375,0.0,984.78466796875,269.7565612792969,828.6851806640625,269.7565612792969,312.198974609375,269.7565612792969
116,7763,567,0,car,0.9188072085380554,673.53564453125,0.0,977.1716918945312,249.02540588378903,825.3536682128906,249.02540588378903,303.63604736328125,249.02540588378903
116,7764,567,0,car,0.9168593883514404,676.0775146484375,0.0,973.0476684570312,225.9067230224609,824.5625915527344,225.9067230224609,296.9701538085937,225.9067230224609
116,7765,567,0,car,0.912802755832672,675.630126953125,0.0,967.4323120117188,200.9976959228516,821.5312194824219,200.9976959228516,291.8021850585937,200.9976959228516
116,7766,567,0,car,0.9074446558952332,675.3982543945312,0.0,960.6614990234376,181.5199584960937,818.0298767089844,181.5199584960937,285.26324462890625,181.5199584960937
116,7767,567,0,car,0.890535295009613,675.251953125,1.245997428894043,956.2566528320312,162.23248291015625,815.7543029785156,162.23248291015625,281.00469970703125,160.9864854812622
116,7768,567,0,car,0.8963395357131958,678.904052734375,1.2612351179122925,950.03466796875,149.26620483398438,814.4693603515625,149.26620483398438,271.130615234375,148.00496971607208
116,7769,567,0,car,0.8973488211631775,679.7996215820312,1.876401782035828,942.358154296875,131.42193603515625,811.0788879394531,131.42193603515625,262.5585327148437,129.54553425312042
116,7770,567,0,car,0.8871006965637207,678.8899536132812,1.4338027238845823,936.720947265625,110.37499237060548,807.8054504394531,110.37499237060548,257.8309936523437,108.94118964672089
116,7771,567,0,car,0.8763729929924011,680.6539306640625,0.8975922465324402,932.1427612304688,99.28323364257812,806.3983459472656,99.28323364257812,251.48883056640625,98.38564139604568
116,7772,567,0,car,0.84685879945755,682.230712890625,3.123775243759156,927.7298583984376,90.26863098144533,804.9802856445312,90.26863098144533,245.4991455078125,87.14485573768616
116,7773,567,0,car,0.8458114266395569,683.6069946289062,1.79966938495636,922.356201171875,74.26734924316406,802.9815979003906,74.26734924316406,238.74920654296875,72.4676798582077
116,7774,567,0,car,0.5867632627487183,684.1401977539062,2.845871686935425,915.75146484375,54.778202056884766,799.9458312988281,54.778202056884766,231.6112670898437,51.93233036994934
117,7746,568,0,car,0.9284854531288148,0.1649915277957916,453.3479309082031,423.8900146484375,998.1199951171876,212.02750308811665,998.1199951171876,423.7250231206417,544.7720642089844
117,7747,568,0,car,0.9338663816452026,0.1830629706382751,410.2813720703125,432.6245727539063,928.1798095703124,216.40381786227223,928.1798095703124,432.441509783268,517.8984375
117,7748,568,0,car,0.9315560460090636,0.0014396484475582,368.4088134765625,444.2557678222656,864.8803100585938,222.1286037353566,864.8803100585938,444.25432817381807,496.4714965820313
117,7749,568,0,car,0.9387956857681274,3.630540132522583,329.0904541015625,454.0318603515625,799.7003784179688,228.8312002420425,799.7003784179688,450.4013202190399,470.6099243164063
117,7750,568,0,car,0.9458521008491516,19.37704849243164,292.3588256835937,460.8701171875,741.14306640625,240.12358283996585,741.14306640625,441.4930686950684,448.78424072265625
117,7751,568,0,car,0.942565619945526,40.53891372680664,261.04986572265625,466.5221252441406,686.4268188476562,253.53051948547363,686.4268188476562,425.983211517334,425.376953125
117,7752,568,0,car,0.9367461800575256,63.721824645996094,227.7206573486328,473.3712768554688,638.4844360351562,268.5465507507324,638.4844360351562,409.6494522094727,410.7637786865234
117,7753,568,0,car,0.9083927273750304,85.826416015625,200.14840698242188,479.6623840332031,587.4053955078125,282.74440002441406,587.4053955078125,393.8359680175781,387.2569885253906
117,7754,568,0,car,0.9146978259086608,108.6808090209961,169.88153076171875,484.662109375,539.2625122070312,296.67145919799805,539.2625122070312,375.9813003540039,369.3809814453125
117,7755,568,0,car,0.9149923920631408,127.73151397705078,143.1528778076172,486.3420715332031,498.110595703125,307.0367927551269,498.110595703125,358.61055755615234,354.9577178955078
117,7756,568,0,car,0.916675627231598,145.94625854492188,116.1150131225586,494.8783874511719,459.23345947265625,320.4123229980469,459.23345947265625,348.93212890625,343.11844635009766
117,7757,568,0,car,0.9306880831718444,162.671875,94.68901824951172,494.2336730957031,422.2897644042969,328.4527740478516,422.2897644042969,331.5617980957031,327.6007461547852
117,7758,568,0,car,0.9211513996124268,175.8794708251953,68.1761703491211,492.5779113769531,387.8766784667969,334.2286911010742,387.8766784667969,316.6984405517578,319.7005081176758
117,7759,568,0,car,0.9250608086586,188.55093383789065,45.39509582519531,496.0562133789063,355.57843017578125,342.30357360839844,355.57843017578125,307.5052795410156,310.18333435058594
117,7760,568,0,car,0.9317085146903992,204.0847320556641,22.89508819580078,504.5859680175781,323.560302734375,354.3353500366211,323.560302734375,300.50123596191406,300.6652145385742
117,7761,568,0,car,0.9309775829315186,216.6974639892578,1.4583234786987305,503.88775634765625,294.8196105957031,360.292610168457,294.8196105957031,287.19029235839844,293.3612871170044
117,7762,568,0,car,0.9318023920059204,228.9654693603516,0.0,505.91253662109375,267.5540771484375,367.43900299072266,267.5540771484375,276.9470672607422,267.5540771484375
117,7763,568,0,car,0.9276357293128968,239.9760284423828,0.0,510.4880676269531,240.35867309570312,375.232048034668,240.35867309570312,270.5120391845703,240.35867309570312
117,7764,568,0,car,0.932279884815216,251.7445526123047,0.0,512.7763671875,218.9409027099609,382.2604598999024,218.9409027099609,261.0318145751953,218.9409027099609
117,7765,568,0,car,0.9202747344970704,261.7253723144531,0.0,521.3526000976562,193.51449584960932,391.5389862060547,193.51449584960932,259.6272277832031,193.51449584960932
117,7766,568,0,car,0.9197919368743896,273.7502136230469,0.0,531.28173828125,168.5940399169922,402.5159759521485,168.5940399169922,257.5315246582031,168.5940399169922
117,7767,568,0,car,0.8976415991783142,282.1762390136719,0.0,546.67919921875,146.1361541748047,414.4277191162109,146.1361541748047,264.5029602050781,146.1361541748047
117,7768,568,0,car,0.9015185236930848,289.1142272949219,0.0,546.4992065429688,124.34818267822266,417.8067169189453,124.34818267822266,257.3849792480469,124.34818267822266
117,7769,568,0,car,0.8843560814857483,301.1307678222656,0.0,533.0826416015625,106.34622955322266,417.10670471191406,106.34622955322266,231.95187377929688,106.34622955322266
117,7770,568,0,car,0.8550971150398254,308.54473876953125,0.057816881686449,530.7011108398438,82.0546646118164,419.6229248046875,82.0546646118164,222.1563720703125,81.99684773012996
117,7771,568,0,car,0.8120326399803162,317.57501220703125,0.0,533.58349609375,56.459129333496094,425.5792541503906,56.459129333496094,216.00848388671875,56.459129333496094
118,7796,572,0,car,0.931284248828888,1357.0079345703125,468.7223510742188,1916.625244140625,1019.38330078125,1636.8165893554688,1019.38330078125,559.6173095703125,550.6609497070312
118,7797,572,0,car,0.9370391964912416,1330.341552734375,431.6341552734375,1918.4267578125,959.1360473632812,1624.3841552734375,959.1360473632812,588.085205078125,527.5018920898438
118,7798,572,0,car,0.9259333610534668,1312.541015625,390.1878967285156,1899.5213623046875,893.3649291992188,1606.0311889648438,893.3649291992188,586.9803466796875,503.1770324707031
118,7799,572,0,car,0.9340282082557678,1294.8367919921875,356.4546813964844,1869.0350341796875,837.5437622070312,1581.9359130859375,837.5437622070312,574.1982421875,481.0890808105469
118,7800,572,0,car,0.9390852451324464,1273.7042236328125,318.3132629394531,1832.095947265625,782.8761596679688,1552.9000854492188,782.8761596679688,558.3917236328125,464.5628967285156
118,7801,572,0,car,0.929330587387085,1259.373291015625,280.576416015625,1789.9891357421875,729.9758911132812,1524.6812133789062,729.9758911132812,530.6158447265625,449.39947509765625
118,7802,572,0,car,0.9303961396217346,1242.35791015625,257.725341796875,1750.6707763671875,678.7378540039062,1496.5143432617188,678.7378540039062,508.3128662109375,421.0125122070313
118,7803,572,0,car,0.9378817677497864,1229.21044921875,229.76388549804688,1715.918212890625,631.4508056640625,1472.5643310546875,631.4508056640625,486.707763671875,401.6869201660156
118,7804,572,0,car,0.94488787651062,1213.0819091796875,199.80699157714844,1676.2354736328125,579.6688842773438,1444.65869140625,579.6688842773438,463.153564453125,379.8618927001953
118,7805,572,0,car,0.9334333539009094,1197.77978515625,171.8233184814453,1643.2987060546875,542.0059814453125,1420.5392456054688,542.0059814453125,445.5189208984375,370.1826629638672
118,7806,572,0,car,0.9432559609413148,1184.06201171875,146.45030212402344,1614.9429931640625,500.9885559082031,1399.5025024414062,500.9885559082031,430.8809814453125,354.5382537841797
118,7807,572,0,car,0.933054745197296,1169.898193359375,121.1212158203125,1586.301025390625,466.82427978515625,1378.099609375,466.82427978515625,416.40283203125,345.7030639648437
118,7808,572,0,car,0.928289532661438,1158.0799560546875,94.5500946044922,1557.914306640625,432.7446899414063,1357.9971313476562,432.7446899414063,399.8343505859375,338.19459533691406
118,7809,572,0,car,0.9128875732421876,1145.1185302734375,72.9884262084961,1533.4970703125,399.746337890625,1339.3078002929688,399.746337890625,388.3785400390625,326.7579116821289
118,7810,572,0,car,0.926684319972992,1135.8165283203125,52.36944580078125,1508.0125732421875,367.7475280761719,1321.91455078125,367.7475280761719,372.196044921875,315.3780822753906
118,7811,572,0,car,0.922619104385376,1124.96044921875,29.55549049377441,1487.217529296875,338.3698425292969,1306.0889892578125,338.3698425292969,362.257080078125,308.81435203552246
118,7812,572,0,car,0.9341357350349426,1116.279296875,7.3093695640563965,1466.251708984375,311.6564025878906,1291.2655029296875,311.6564025878906,349.972412109375,304.34703302383423
118,7813,572,0,car,0.9290412664413452,1107.0223388671875,0.0,1445.211669921875,283.67938232421875,1276.1170043945312,283.67938232421875,338.1893310546875,283.67938232421875
118,7814,572,0,car,0.918231964111328,1096.02294921875,0.0,1426.43603515625,260.1508178710937,1261.2294921875,260.1508178710937,330.4130859375,260.1508178710937
118,7815,572,0,car,0.9224057793617249,1084.6324462890625,0.0,1406.13232421875,238.87692260742188,1245.3823852539062,238.87692260742188,321.4998779296875,238.87692260742188
118,7816,572,0,car,0.9217127561569214,1074.5301513671875,0.0,1387.9931640625,216.9649353027344,1231.2616577148438,216.9649353027344,313.4630126953125,216.9649353027344
118,7817,572,0,car,0.9222367405891418,1067.924560546875,0.0,1370.04541015625,193.3184509277344,1218.9849853515625,193.3184509277344,302.120849609375,193.3184509277344
118,7818,572,0,car,0.9070188403129578,1058.09033203125,0.0,1353.213134765625,169.07235717773438,1205.6517333984375,169.07235717773438,295.122802734375,169.07235717773438
118,7819,572,0,car,0.9029024243354796,1048.902099609375,0.0,1341.1668701171875,150.08651733398438,1195.0344848632812,150.08651733398438,292.2647705078125,150.08651733398438
118,7820,572,0,car,0.8982065916061401,1043.425537109375,0.0,1328.6878662109375,132.71595764160156,1186.0567016601562,132.71595764160156,285.2623291015625,132.71595764160156
118,7821,572,0,car,0.8954232335090637,1036.9942626953125,0.0,1312.29248046875,112.20911407470705,1174.6433715820312,112.20911407470705,275.2982177734375,112.20911407470705
118,7822,572,0,car,0.8849067687988281,1032.5224609375,0.0,1298.147705078125,95.62220764160156,1165.3350830078125,95.62220764160156,265.625244140625,95.62220764160156
118,7823,572,0,car,0.8656970858573914,1037.7384033203125,1.355859875679016,1284.2113037109375,81.59600830078125,1160.974853515625,81.59600830078125,246.472900390625,80.24014842510223
118,7824,572,0,car,0.8557846546173096,1043.3572998046875,0.6398018002510071,1269.95361328125,63.79782104492188,1156.6554565429688,63.79782104492188,226.5963134765625,63.15801924467087
118,7825,572,0,car,0.8726356625556946,1045.6815185546875,0.0,1264.8382568359375,50.0077018737793,1155.2598876953125,50.0077018737793,219.15673828125,50.0077018737793
119,7845,576,0,car,0.939514458179474,168.5193328857422,466.2809448242188,591.8103637695312,1017.1611328125,380.1648483276367,1017.1611328125,423.29103088378906,550.8801879882812
119,7846,576,0,car,0.9386038780212402,186.3341827392578,421.8296508789063,590.7576904296875,948.7920532226562,388.5459365844727,948.7920532226562,404.4235076904297,526.96240234375
119,7847,576,0,car,0.9392628073692322,206.48292541503903,379.5294799804688,597.1732788085938,884.0770263671875,401.8281021118164,884.0770263671875,390.6903533935547,504.5475463867188
119,7848,576,0,car,0.9356442093849182,219.2667694091797,339.9806823730469,604.3340454101562,812.501953125,411.800407409668,812.501953125,385.06727600097656,472.5212707519531
119,7849,576,0,car,0.9313756227493286,231.2144775390625,297.9093322753906,605.8943481445312,754.7304077148438,418.5544128417969,754.7304077148438,374.6798706054688,456.8210754394531
119,7850,576,0,car,0.9336259961128236,244.4709014892578,263.5170593261719,609.9140625,690.4672241210938,427.1924819946289,690.4672241210938,365.4431610107422,426.9501647949219
119,7851,576,0,car,0.8906958103179932,257.53143310546875,228.2860107421875,611.8231201171875,635.0669555664062,434.6772766113281,635.0669555664062,354.29168701171875,406.7809448242188
119,7852,576,0,car,0.9067666530609132,267.0263671875,199.2790679931641,615.2049560546875,584.6774291992188,441.11566162109375,584.6774291992188,348.1785888671875,385.3983612060547
119,7853,576,0,car,0.910165548324585,278.1399230957031,165.04234313964844,617.837890625,538.0294189453125,447.9889068603516,538.0294189453125,339.6979675292969,372.98707580566406
119,7854,576,0,car,0.9178385138511658,288.2633972167969,133.92124938964844,617.486572265625,494.79052734375,452.8749847412109,494.79052734375,329.2231750488281,360.8692779541016
119,7855,576,0,car,0.9160575270652772,298.90802001953125,110.12885284423828,615.2831420898438,455.4005126953125,457.0955810546875,455.4005126953125,316.3751220703125,345.2716598510742
119,7856,576,0,car,0.9179145097732544,307.0990295410156,82.54132843017578,613.0419311523438,415.29443359375,460.0704803466797,415.29443359375,305.9429016113281,332.7531051635742
119,7857,576,0,car,0.9310919642448424,315.1051940917969,61.23527908325195,611.6259155273438,373.8440551757813,463.3655548095703,373.8440551757813,296.5207214355469,312.6087760925293
119,7858,576,0,car,0.9247731566429138,321.4681396484375,35.0030517578125,611.7064819335938,342.7663879394531,466.5873107910156,342.7663879394531,290.23834228515625,307.7633361816406
119,7859,576,0,car,0.9249955415725708,330.1305236816406,16.32568359375,613.8760375976562,312.0143737792969,472.0032806396485,312.0143737792969,283.7455139160156,295.6886901855469
119,7860,576,0,car,0.9228521585464478,338.6856689453125,0.0,614.7496948242188,282.18243408203125,476.7176818847656,282.18243408203125,276.06402587890625,282.18243408203125
119,7861,576,0,car,0.9236170649528505,344.3297424316406,0.0,614.3453369140625,254.62098693847656,479.3375396728516,254.62098693847656,270.0155944824219,254.62098693847656
119,7862,576,0,car,0.9216423630714417,351.0989074707031,0.0,615.7631225585938,223.8517608642578,483.4310150146485,223.8517608642578,264.6642150878906,223.8517608642578
119,7863,576,0,car,0.917538046836853,356.8988952636719,0.0,614.979248046875,196.11952209472656,485.93907165527344,196.11952209472656,258.0803527832031,196.11952209472656
119,7864,576,0,car,0.923757016658783,361.4290771484375,0.0,614.78662109375,172.45843505859375,488.10784912109375,172.45843505859375,253.3575439453125,172.45843505859375
119,7865,576,0,car,0.8930394649505615,366.91802978515625,0.0,614.41796875,148.55789184570312,490.6679992675781,148.55789184570312,247.4999389648437,148.55789184570312
119,7866,576,0,car,0.8987274765968323,371.4973449707031,0.0,614.5761108398438,129.37510681152344,493.03672790527344,129.37510681152344,243.07876586914065,129.37510681152344
119,7867,576,0,car,0.8972938060760498,376.6260070800781,0.0,613.3366088867188,105.91291046142578,494.9813079833984,105.91291046142578,236.71060180664065,105.91291046142578
119,7868,576,0,car,0.8588016629219055,380.8688049316406,0.0,614.3114624023438,85.9456558227539,497.5901336669922,85.9456558227539,233.44265747070312,85.9456558227539
119,7869,576,0,car,0.8541450500488281,387.8479309082031,0.393176257610321,612.29931640625,65.74774932861328,500.07362365722656,65.74774932861328,224.45138549804688,65.35457307100296
120,7847,578,0,car,0.9260225892066956,1335.4130859375,465.2815551757813,1919.779296875,1006.6080932617188,1627.59619140625,1006.6080932617188,584.3662109375,541.3265380859375
120,7848,578,0,car,0.9309422373771667,1310.7755126953125,431.2868957519531,1918.3310546875,950.5338134765624,1614.5532836914062,950.5338134765624,607.5555419921875,519.2469177246094
120,7849,578,0,car,0.9243351817131042,1287.6890869140625,391.0821228027344,1911.0584716796875,886.9584350585938,1599.373779296875,886.9584350585938,623.369384765625,495.8763122558594
120,7850,578,0,car,0.909016489982605,1266.0714111328125,352.8234558105469,1871.234375,824.8292236328125,1568.6528930664062,824.8292236328125,605.1629638671875,472.0057678222656
120,7851,578,0,car,0.9093278050422668,1247.2947998046875,314.9432678222656,1829.8521728515625,766.26513671875,1538.573486328125,766.26513671875,582.557373046875,451.3218688964844
120,7852,578,0,car,0.925915777683258,1230.7794189453125,281.968017578125,1782.902587890625,715.3767700195312,1506.8410034179688,715.3767700195312,552.1231689453125,433.4087524414063
120,7853,578,0,car,0.9238871335983276,1217.773193359375,255.3719940185547,1738.3414306640625,660.052978515625,1478.0573120117188,660.052978515625,520.5682373046875,404.6809844970703
120,7854,578,0,car,0.922050416469574,1201.640869140625,224.6381225585937,1702.7467041015625,612.8743896484375,1452.1937866210938,612.8743896484375,501.1058349609375,388.23626708984375
120,7855,578,0,car,0.9362382888793944,1185.1334228515625,197.33282470703125,1664.060791015625,564.86572265625,1424.5971069335938,564.86572265625,478.9273681640625,367.5328979492188
120,7856,578,0,car,0.9277359843254088,1170.49169921875,168.4498291015625,1628.8052978515625,530.0938110351562,1399.6484985351562,530.0938110351562,458.3135986328125,361.64398193359375
120,7857,578,0,car,0.915191650390625,1155.3541259765625,141.46705627441406,1596.2178955078125,488.0491333007813,1375.7860107421875,488.0491333007813,440.86376953125,346.5820770263672
120,7858,578,0,car,0.9212571382522584,1143.0709228515625,117.25199127197266,1559.7039794921875,451.4000854492188,1351.387451171875,451.4000854492188,416.633056640625,334.1480941772461
120,7859,578,0,car,0.9328352808952332,1129.13525390625,94.01921844482422,1534.6002197265625,419.3101196289063,1331.8677368164062,419.3101196289063,405.4649658203125,325.29090118408203
120,7860,578,0,car,0.9133464694023132,1118.573486328125,70.38141632080078,1510.96875,385.4507446289063,1314.7711181640625,385.4507446289063,392.395263671875,315.06932830810547
120,7861,578,0,car,0.9194903373718262,1111.029296875,48.19655990600586,1488.0980224609375,358.9794311523437,1299.5636596679688,358.9794311523437,377.0687255859375,310.7828712463379
120,7862,578,0,car,0.9219669103622437,1098.84716796875,24.72174072265625,1465.9891357421875,327.272216796875,1282.4181518554688,327.272216796875,367.1419677734375,302.55047607421875
120,7863,578,0,car,0.9343658685684204,1087.2410888671875,6.677439689636231,1443.720703125,300.2008972167969,1265.4808959960938,300.2008972167969,356.4796142578125,293.52345752716064
120,7864,578,0,car,0.9245878458023072,1076.5189208984375,0.0,1423.1646728515625,274.04852294921875,1249.841796875,274.04852294921875,346.645751953125,274.04852294921875
120,7865,578,0,car,0.9162247776985168,1068.720947265625,0.0,1402.9700927734375,254.79037475585932,1235.8455200195312,254.79037475585932,334.2491455078125,254.79037475585932
120,7866,578,0,car,0.9122220873832704,1061.776123046875,0.0,1384.030517578125,229.31573486328125,1222.9033203125,229.31573486328125,322.25439453125,229.31573486328125
120,7867,578,0,car,0.906632959842682,1051.36572265625,0.0,1363.95751953125,207.24020385742188,1207.66162109375,207.24020385742188,312.591796875,207.24020385742188
120,7868,578,0,car,0.9152950644493104,1042.6280517578125,0.0,1345.2811279296875,185.7600860595703,1193.95458984375,185.7600860595703,302.653076171875,185.7600860595703
120,7869,578,0,car,0.9130604863166808,1035.45263671875,0.0,1329.8779296875,162.40582275390625,1182.665283203125,162.40582275390625,294.42529296875,162.40582275390625
120,7870,578,0,car,0.8959413170814514,1029.04443359375,0.0,1314.7786865234375,145.30081176757812,1171.9115600585938,145.30081176757812,285.7342529296875,145.30081176757812
120,7871,578,0,car,0.8911313414573669,1020.4132080078124,0.0,1301.2706298828125,122.4917449951172,1160.8419189453125,122.4917449951172,280.857421875,122.4917449951172
120,7872,578,0,car,0.8863002061843872,1013.8375854492188,0.0,1286.1094970703125,105.8539810180664,1149.9735412597656,105.8539810180664,272.2719116210937,105.8539810180664
120,7873,578,0,car,0.8724126815795898,1016.6651611328124,1.3981181383132937,1273.207763671875,90.69561004638672,1144.9364624023438,90.69561004638672,256.5426025390625,89.29749190807343
120,7874,578,0,car,0.8722999095916748,1023.1383056640624,1.7045258283615112,1260.86181640625,71.64753723144531,1142.0000610351562,71.64753723144531,237.7235107421875,69.9430114030838
120,7875,578,0,car,0.8428919315338135,1029.88134765625,0.0531877949833869,1250.7054443359375,55.45958709716797,1140.2933959960938,55.45958709716797,220.8240966796875,55.40639930218458
121,7877,584,0,car,0.9484827518463136,623.6093139648438,464.3774108886719,1087.4970703125,1054.9344482421875,855.5531921386719,1054.9344482421875,463.88775634765625,590.5570373535156
121,7878,584,0,car,0.9378024339675904,621.9395141601562,420.1710205078125,1064.4688720703125,995.9308471679688,843.2041931152344,995.9308471679688,442.52935791015625,575.7598266601562
121,7879,584,0,car,0.9404179453849792,620.4925537109375,376.2607727050781,1049.448974609375,921.5562133789062,834.9707641601562,921.5562133789062,428.9564208984375,545.2954406738281
121,7880,584,0,car,0.9343030452728271,625.178955078125,341.7584228515625,1031.4102783203125,853.765869140625,828.2946166992188,853.765869140625,406.2313232421875,512.0074462890625
121,7881,584,0,car,0.9417508244514464,626.6190185546875,299.4871520996094,1018.023193359375,785.9456787109375,822.3211059570312,785.9456787109375,391.4041748046875,486.4585266113281
121,7882,584,0,car,0.928248405456543,626.6474609375,266.3114929199219,1005.3973999023438,723.9686279296875,816.0224304199219,723.9686279296875,378.74993896484375,457.6571350097656
121,7883,584,0,car,0.93040668964386,631.8573608398438,229.4215850830078,992.0728149414062,663.5818481445312,811.965087890625,663.5818481445312,360.2154541015625,434.1602630615234
121,7884,584,0,car,0.9407798051834106,629.6203002929688,197.5957489013672,976.9407958984376,607.9982299804688,803.2805480957031,607.9982299804688,347.32049560546875,410.4024810791016
121,7885,584,0,car,0.9204063415527344,632.294677734375,165.1215362548828,966.6460571289062,559.201416015625,799.4703674316406,559.201416015625,334.35137939453125,394.0798797607422
121,7886,584,0,car,0.9049564599990844,629.9195556640625,135.98707580566406,960.46875,515.588134765625,795.1941528320312,515.588134765625,330.5491943359375,379.60105895996094
121,7887,584,0,car,0.9149749279022216,627.8794555664062,110.49127197265624,952.7510986328124,472.3158264160156,790.3152770996094,472.3158264160156,324.87164306640625,361.8245544433594
121,7888,584,0,car,0.9154367446899414,629.9339599609375,81.5936508178711,941.6814575195312,433.257080078125,785.8077087402344,433.257080078125,311.7474975585937,351.6634292602539
121,7889,584,0,car,0.9187890291213988,632.014404296875,59.6444091796875,933.273193359375,395.8078002929688,782.643798828125,395.8078002929688,301.2587890625,336.16339111328125
121,7890,584,0,car,0.9234686493873596,635.673828125,29.13156509399414,924.724609375,358.0946960449219,780.19921875,358.0946960449219,289.05078125,328.96313095092773
121,7891,584,0,car,0.927409291267395,634.7700805664062,8.513304710388184,919.8944091796876,325.0720520019531,777.3322448730469,325.0720520019531,285.12432861328125,316.55874729156494
121,7892,584,0,car,0.925842583179474,635.7955322265625,0.0,915.2706909179688,297.50146484375,775.5331115722656,297.50146484375,279.47515869140625,297.50146484375
121,7893,584,0,car,0.9199098348617554,634.3811645507812,0.0,910.7489013671876,268.0573425292969,772.5650329589844,268.0573425292969,276.36773681640625,268.0573425292969
121,7894,584,0,car,0.9172810912132264,636.6925659179688,0.0,906.7435913085938,240.16140747070312,771.7180786132812,240.16140747070312,270.051025390625,240.16140747070312
121,7895,584,0,car,0.914907455444336,638.1604614257812,0.0,899.3291625976562,213.52032470703125,768.7448120117188,213.52032470703125,261.168701171875,213.52032470703125
121,7896,584,0,car,0.924891233444214,640.7218017578125,0.0,893.345458984375,187.25881958007807,767.0336303710938,187.25881958007807,252.6236572265625,187.25881958007807
121,7897,584,0,car,0.9103471040725708,641.551025390625,0.0,887.7894897460938,162.0536651611328,764.6702575683594,162.0536651611328,246.23846435546875,162.0536651611328
121,7898,584,0,car,0.9035803079605104,642.4205932617188,0.0,881.5116577148438,139.57183837890625,761.9661254882812,139.57183837890625,239.091064453125,139.57183837890625
121,7899,584,0,car,0.8867451548576355,642.693115234375,0.0,876.3422241210938,119.93399047851562,759.5176696777344,119.93399047851562,233.64910888671875,119.93399047851562
121,7900,584,0,car,0.8901709914207458,642.0214233398438,0.0,874.06640625,101.54119873046876,758.0439147949219,101.54119873046876,232.04498291015625,101.54119873046876
121,7901,584,0,car,0.8755810260772705,643.8317260742188,0.8807792067527771,871.413818359375,81.98534393310547,757.6227722167969,81.98534393310547,227.58209228515625,81.10456472635269
121,7902,584,0,car,0.8651052117347717,645.1936645507812,0.6486717462539673,868.8973388671875,64.60303497314453,757.0455017089844,64.60303497314453,223.70367431640625,63.95436322689056
122,7891,586,0,car,0.9431200623512268,0.0,528.1353759765625,362.576171875,1058.81689453125,181.2880859375,1058.81689453125,362.576171875,530.6815185546875
122,7892,586,0,car,0.9479955434799194,0.0821622088551521,477.5830383300781,372.24163818359375,1000.3991088867188,186.16190019622445,1000.3991088867188,372.1594759747386,522.8160705566406
122,7893,586,0,car,0.9362427592277528,0.3293949961662292,434.8186645507813,380.7285461425781,936.2490844726562,190.52897056937212,936.2490844726562,380.3991511464119,501.430419921875
122,7894,586,0,car,0.9457857608795166,0.2732485830783844,393.7754211425781,389.7925415039063,878.4685668945312,195.03289504349232,878.4685668945312,389.5192929208279,484.6931457519531
122,7895,586,0,car,0.9402483701705932,0.5289163589477539,346.240234375,400.4288024902344,811.8901977539062,200.47885942459104,811.8901977539062,399.8998861312866,465.6499633789063
122,7896,586,0,car,0.9405602812767028,0.2058073878288269,313.37322998046875,407.0392150878906,759.5123901367188,203.62251123785973,759.5123901367188,406.8334077000618,446.13916015625
122,7897,586,0,car,0.9403618574142456,0.3839357495307922,280.13995361328125,412.7668151855469,705.1685791015625,206.57537546753883,705.1685791015625,412.3828794360161,425.0286254882813
122,7898,586,0,car,0.9338812828063964,3.166198253631592,246.5317840576172,420.5816650390625,659.2041015625,211.87393164634705,659.2041015625,417.4154667854309,412.6723175048828
122,7899,586,0,car,0.9416186213493348,16.892528533935547,216.2440948486328,426.60693359375,610.7019653320312,221.7497310638428,610.7019653320312,409.71440505981445,394.4578704833984
122,7900,586,0,car,0.933562159538269,39.420654296875,187.3324432373047,432.3486022949219,564.7572021484375,235.88462829589844,564.7572021484375,392.9279479980469,377.4247589111328
122,7901,586,0,car,0.9353618025779724,63.2913703918457,155.60537719726562,441.9234619140625,520.243408203125,252.6074161529541,520.243408203125,378.6320915222168,364.6380310058594
122,7902,586,0,car,0.9302806854248048,81.07230377197266,130.0831756591797,448.8849182128906,482.9931335449219,264.97861099243164,482.9931335449219,367.812614440918,352.9099578857422
122,7903,586,0,car,0.920170783996582,96.86609649658205,104.55386352539062,450.9917297363281,449.1590576171875,273.9289131164551,449.1590576171875,354.1256332397461,344.6051940917969
122,7904,586,0,car,0.9226117134094238,113.40591430664062,77.17215728759766,455.2237854003906,410.3588562011719,284.3148498535156,410.3588562011719,341.81787109375,333.1866989135742
122,7905,586,0,car,0.9290072917938232,130.8754425048828,51.14961624145508,462.1662292480469,377.3731994628906,296.52083587646484,377.3731994628906,331.29078674316406,326.22358322143555
122,7906,586,0,car,0.924754798412323,145.95703125,32.63994598388672,466.6752624511719,350.2824401855469,306.31614685058594,350.2824401855469,320.7182312011719,317.64249420166016
122,7907,586,0,car,0.930145025253296,158.37246704101562,15.683451652526855,468.4537658691406,314.8423156738281,313.4131164550781,314.8423156738281,310.081298828125,299.15886402130127
122,7908,586,0,car,0.9351110458374025,170.67489624023438,0.0,472.4593505859375,287.20074462890625,321.56712341308594,287.20074462890625,301.7844543457031,287.20074462890625
122,7909,586,0,car,0.9326297044754028,178.83465576171875,0.0,478.0201110839844,264.9162292480469,328.4273834228516,264.9162292480469,299.1854553222656,264.9162292480469
122,7910,586,0,car,0.9229917526245116,191.7625732421875,0.0,480.1786804199219,238.1746063232422,335.9706268310547,238.1746063232422,288.4161071777344,238.1746063232422
122,7911,586,0,car,0.9192236661911012,203.2678680419922,0.0,486.3318176269531,213.9354705810547,344.79984283447266,213.9354705810547,283.06394958496094,213.9354705810547
122,7912,586,0,car,0.9084773063659668,213.7550048828125,0.0,491.2913513183594,187.4550170898437,352.52317810058594,187.4550170898437,277.5363464355469,187.4550170898437
122,7913,586,0,car,0.9206240773200988,223.01852416992188,0.0,498.2799377441406,165.37911987304688,360.6492309570313,165.37911987304688,275.26141357421875,165.37911987304688
122,7914,586,0,car,0.9070448279380798,236.2391662597656,0.0,503.7289123535156,142.9330596923828,369.9840393066406,142.9330596923828,267.48974609375,142.9330596923828
122,7915,586,0,car,0.905723750591278,245.7772827148437,0.0,502.7195739746094,119.94356536865234,374.24842834472656,119.94356536865234,256.9422912597656,119.94356536865234
122,7916,586,0,car,0.8797783851623535,257.24688720703125,0.0,500.9982604980469,102.6316146850586,379.1225738525391,102.6316146850586,243.7513732910156,102.6316146850586
122,7917,586,0,car,0.8618512749671936,264.1190795898437,0.3510583043098449,498.7577819824219,83.2163314819336,381.4384307861328,83.2163314819336,234.63870239257807,82.86527317762375
122,7918,586,0,car,0.8430508375167847,271.6421203613281,0.1301023662090301,498.4993286132813,60.623077392578125,385.0707244873047,60.623077392578125,226.85720825195312,60.492975026369095
124,7976,610,0,car,0.9473531246185304,0.2613779902458191,514.583740234375,379.707275390625,1055.4599609375,189.9843266904354,1055.4599609375,379.4458974003792,540.876220703125
124,7977,610,0,car,0.9413341283798218,1.1451737880706787,460.8927001953125,400.3319091796875,994.3472290039062,200.7385414838791,994.3472290039062,399.1867353916168,533.4545288085938
124,7978,610,0,car,0.9357523322105408,0.6824548244476318,413.7868041992188,409.7090148925781,919.03662109375,205.19573485851288,919.03662109375,409.0265600681305,505.2498168945313
124,7979,610,0,car,0.9376870393753052,0.9775615930557252,368.1399230957031,420.64984130859375,853.6868286132812,210.8137014508248,853.6868286132812,419.672279715538,485.5469055175781
124,7980,610,0,car,0.9307934045791626,0.7543617486953735,325.00555419921875,423.0679016113281,782.5581665039062,211.9111316800117,782.5581665039062,422.3135398626328,457.5526123046875
124,7981,610,0,car,0.9455809593200684,9.786401748657228,285.95513916015625,439.4734191894531,718.6224975585938,224.6299104690552,718.6224975585938,429.6870174407959,432.6673583984375
124,7982,610,0,car,0.9471139311790466,29.538917541503903,248.6281890869141,450.8246765136719,663.8547973632812,240.1817970275879,663.8547973632812,421.285758972168,415.2266082763672
124,7983,610,0,car,0.939376413822174,62.290069580078125,203.1757659912109,461.6075134277344,593.7897338867188,261.94879150390625,593.7897338867188,399.31744384765625,390.6139678955078
124,7984,610,0,car,0.8943456411361694,79.25672149658203,177.8600311279297,465.2807312011719,558.4249267578125,272.2687263488769,558.4249267578125,386.0240097045898,380.5648956298828
124,7985,610,0,car,0.9120276570320128,96.86326599121094,149.93568420410156,469.2181091308594,516.9119873046875,283.0406875610352,516.9119873046875,372.3548431396485,366.97630310058594
124,7986,610,0,car,0.9207423329353333,116.14305877685548,120.7908172607422,468.9611511230469,475.0828857421875,292.5521049499512,475.0828857421875,352.8180923461914,354.2920684814453
124,7987,610,0,car,0.917971968650818,134.59971618652344,97.04011535644533,477.79241943359375,433.8135681152344,306.1960678100586,433.8135681152344,343.1927032470703,336.77345275878906
124,7988,610,0,car,0.9193921089172364,152.4549560546875,65.19253540039062,483.8314514160156,396.0333251953125,318.1432037353516,396.0333251953125,331.3764953613281,330.8407897949219
124,7989,610,0,car,0.9299326539039612,168.28277587890625,41.036251068115234,487.3938903808594,357.6689453125,327.8383331298828,357.6689453125,319.1111145019531,316.6326942443848
124,7990,610,0,car,0.9224148988723756,181.66989135742188,18.12737274169922,490.8743591308594,319.62420654296875,336.2721252441406,319.62420654296875,309.2044677734375,301.4968338012696
124,7991,610,0,car,0.9124791622161864,195.5091552734375,0.0,493.547119140625,287.9691467285156,344.52813720703125,287.9691467285156,298.0379638671875,287.9691467285156
124,7992,610,0,car,0.9268735647201538,209.0150909423828,0.0,499.9975280761719,257.7669372558594,354.50630950927734,257.7669372558594,290.98243713378906,257.7669372558594
124,7993,610,0,car,0.9255738258361816,217.72781372070312,0.0,501.2634582519531,229.9747772216797,359.4956359863281,229.9747772216797,283.53564453125,229.9747772216797
124,7994,610,0,car,0.9153779745101928,232.34341430664065,0.0,503.96478271484375,202.2535858154297,368.1540985107422,202.2535858154297,271.6213684082031,202.2535858154297
124,7995,610,0,car,0.9223564863204956,242.97499084472656,0.0,510.1070556640625,174.10569763183594,376.5410232543945,174.10569763183594,267.13206481933594,174.10569763183594
124,7996,610,0,car,0.907831370830536,253.73977661132807,0.0,513.7962036132812,149.28317260742188,383.7679901123047,149.28317260742188,260.0564270019531,149.28317260742188
124,7997,610,0,car,0.8974083662033081,263.1990661621094,0.0,516.3570556640625,122.80657958984376,389.77806091308594,122.80657958984376,253.15798950195312,122.80657958984376
124,7998,610,0,car,0.9005455374717712,273.45220947265625,0.0,512.4925537109375,104.92747497558594,392.9723815917969,104.92747497558594,239.04034423828125,104.92747497558594
124,7999,610,0,car,0.9037322402000428,282.3850402832031,0.0,512.7302856445312,82.39689636230469,397.5576629638672,82.39689636230469,230.34524536132807,82.39689636230469
124,8000,610,0,car,0.7885168194770813,294.0162658691406,0.0,512.81201171875,56.885704040527344,403.4141387939453,56.885704040527344,218.79574584960932,56.885704040527344
125,7983,614,0,car,0.9463931322097778,596.81982421875,453.05963134765625,1032.698974609375,983.3301391601562,814.7593994140625,983.3301391601562,435.879150390625,530.2705078125
125,7984,614,0,car,0.939153790473938,598.4168090820312,420.08892822265625,1021.8892211914062,939.0501098632812,810.1530151367188,939.0501098632812,423.472412109375,518.961181640625
125,7985,614,0,car,0.9411606192588806,604.9417724609375,387.1797180175781,1010.7977294921876,886.3843383789062,807.8697509765625,886.3843383789062,405.85595703125,499.2046203613281
125,7986,614,0,car,0.935243546962738,607.6209716796875,348.5673522949219,997.0707397460938,819.1381225585938,802.3458557128906,819.1381225585938,389.4497680664063,470.5707702636719
125,7987,614,0,car,0.9407857060432434,607.7106323242188,309.70684814453125,986.8876953125,765.3111572265625,797.2991638183594,765.3111572265625,379.1770629882813,455.6043090820313
125,7988,614,0,car,0.9459896087646484,611.4599609375,277.34686279296875,976.3294677734376,704.6161499023438,793.8947143554688,704.6161499023438,364.8695068359375,427.269287109375
125,7989,614,0,car,0.9242370128631592,614.8724365234375,238.79464721679688,967.63671875,651.9511108398438,791.2545776367188,651.9511108398438,352.7642822265625,413.1564636230469
125,7990,614,0,car,0.9348962306976318,617.8860473632812,206.790267944336,962.4076538085938,603.1105346679688,790.1468505859375,603.1105346679688,344.5216064453125,396.3202667236328
125,7991,614,0,car,0.9234564304351808,621.0668334960938,175.9517822265625,955.0044555664062,559.2828979492188,788.03564453125,559.2828979492188,333.9376220703125,383.33111572265625
125,7992,614,0,car,0.9255474805831908,622.7406005859375,151.51336669921875,948.73095703125,517.5759887695312,785.7357788085938,517.5759887695312,325.9903564453125,366.0626220703125
125,7993,614,0,car,0.9270221590995787,623.3856201171875,123.95714569091795,942.171875,480.3041687011719,782.7787475585938,480.3041687011719,318.7862548828125,356.3470230102539
125,7994,614,0,car,0.9251055121421814,627.7723999023438,104.89671325683594,935.689453125,444.4297180175781,781.7309265136719,444.4297180175781,307.91705322265625,339.5330047607422
125,7995,614,0,car,0.9300376772880554,629.6860961914062,69.57556915283203,929.62841796875,410.0504760742188,779.6572570800781,410.0504760742188,299.9423217773437,340.4749069213867
125,7996,614,0,car,0.932461678981781,632.00537109375,40.83982849121094,923.0830078125,376.47113037109375,777.544189453125,376.47113037109375,291.07763671875,335.6313018798828
125,7997,614,0,car,0.9242520928382874,634.1109619140625,21.21539688110352,917.8572387695312,344.5878601074219,775.9841003417969,344.5878601074219,283.74627685546875,323.3724632263184
125,7998,614,0,car,0.9294947385787964,631.9225463867188,3.82721209526062,911.7938232421876,318.2471923828125,771.8581848144531,318.2471923828125,279.87127685546875,314.4199802875519
125,7999,614,0,car,0.9299624562263488,632.7693481445312,0.0,904.0775146484376,289.0049133300781,768.4234313964844,289.0049133300781,271.30816650390625,289.0049133300781
125,8000,614,0,car,0.9328598380088806,636.9466552734375,0.0,899.8655395507812,265.57135009765625,768.4060974121094,265.57135009765625,262.9188842773437,265.57135009765625
125,8001,614,0,car,0.930655837059021,639.661865234375,0.0,895.0993041992188,239.9709625244141,767.3805847167969,239.9709625244141,255.4374389648437,239.9709625244141
125,8002,614,0,car,0.9233578443527222,638.8338623046875,0.0,890.7566528320312,216.3074951171875,764.7952575683594,216.3074951171875,251.9227905273437,216.3074951171875
125,8003,614,0,car,0.9284407496452332,640.0381469726562,0.0,885.4710083007812,191.7587890625,762.7545776367188,191.7587890625,245.432861328125,191.7587890625
125,8004,614,0,car,0.925094485282898,642.5269165039062,0.0,880.5514526367188,169.5055694580078,761.5391845703125,169.5055694580078,238.0245361328125,169.5055694580078
125,8005,614,0,car,0.917076587677002,643.7908935546875,0.0,876.683349609375,149.32418823242188,760.2371215820312,149.32418823242188,232.8924560546875,149.32418823242188
125,8006,614,0,car,0.9084984064102172,642.7259521484375,0.0,874.1348876953125,129.0112762451172,758.430419921875,129.0112762451172,231.408935546875,129.0112762451172
125,8007,614,0,car,0.8867959976196289,644.1107177734375,0.0,872.609375,107.4155502319336,758.3600463867188,107.4155502319336,228.4986572265625,107.4155502319336
125,8008,614,0,car,0.8805269002914429,644.8585815429688,0.0,873.4053955078125,97.0016860961914,759.1319885253906,97.0016860961914,228.5468139648437,97.0016860961914
125,8009,614,0,car,0.7210397124290466,646.6585083007812,0.0,865.5292358398438,71.3267593383789,756.0938720703125,71.3267593383789,218.8707275390625,71.3267593383789
126,8086,621,0,car,0.947116494178772,1401.002197265625,515.2279663085938,1917.308837890625,1058.8497314453125,1659.155517578125,1058.8497314453125,516.306640625,543.6217651367188
126,8087,621,0,car,0.941439688205719,1375.8214111328125,476.4960632324219,1918.856689453125,1009.1951293945312,1647.3390502929688,1009.1951293945312,543.0352783203125,532.6990661621094
126,8088,621,0,car,0.929538369178772,1355.32763671875,435.7959289550781,1919.3753662109373,949.8815307617188,1637.3515014648438,949.8815307617188,564.0477294921875,514.0856018066406
126,8089,621,0,car,0.9321979880332948,1329.9351806640625,401.7998046875,1918.358154296875,886.8775634765625,1624.1466674804688,886.8775634765625,588.4229736328125,485.0777587890625
126,8090,621,0,car,0.9369055032730104,1312.4112548828125,369.9444580078125,1891.9017333984373,830.2728271484375,1602.156494140625,830.2728271484375,579.490478515625,460.328369140625
126,8091,621,0,car,0.9324870705604552,1294.1832275390625,340.0870056152344,1853.03564453125,776.6909790039062,1573.6094360351562,776.6909790039062,558.8524169921875,436.6039733886719
126,8092,621,0,car,0.9486753940582277,1276.55859375,299.5228881835937,1815.6962890625,727.214111328125,1546.12744140625,727.214111328125,539.1376953125,427.6912231445313
126,8093,621,0,car,0.9303016066551208,1259.1427001953125,274.1900939941406,1774.2197265625,676.6532592773438,1516.6812133789062,676.6532592773438,515.0770263671875,402.4631652832031
126,8094,621,0,car,0.930858075618744,1247.67529296875,244.50906372070312,1737.5364990234375,637.4710693359375,1492.6058959960938,637.4710693359375,489.8612060546875,392.9620056152344
126,8095,621,0,car,0.9416310787200928,1234.4989013671875,214.6474151611328,1707.933837890625,602.2444458007812,1471.2163696289062,602.2444458007812,473.4349365234375,387.5970306396485
126,8096,621,0,car,0.931805431842804,1220.0479736328125,190.5493011474609,1672.5802001953125,557.3059692382812,1446.3140869140625,557.3059692382812,452.5322265625,366.7566680908203
126,8097,621,0,car,0.9402579069137572,1205.708984375,164.20574951171875,1642.8165283203125,523.218994140625,1424.2627563476562,523.218994140625,437.1075439453125,359.01324462890625
126,8098,621,0,car,0.9134248495101928,1191.5155029296875,140.44961547851562,1617.1383056640625,482.6421203613281,1404.326904296875,482.6421203613281,425.622802734375,342.1925048828125
126,8099,621,0,car,0.9245967864990234,1179.19140625,115.22550201416016,1590.464599609375,453.3757934570313,1384.8280029296875,453.3757934570313,411.273193359375,338.1502914428711
126,8100,621,0,car,0.931045651435852,1166.9268798828125,92.27313232421876,1565.7852783203125,423.7601318359375,1366.3560791015625,423.7601318359375,398.8583984375,331.48699951171875
126,8101,621,0,car,0.9072925448417664,1157.5428466796875,71.56183624267578,1540.3477783203125,396.2769775390625,1348.9453125,396.2769775390625,382.804931640625,324.7151412963867
126,8102,621,0,car,0.9207854866981506,1147.6063232421875,51.90428924560547,1519.209716796875,366.2245788574219,1333.4080200195312,366.2245788574219,371.6033935546875,314.3202896118164
126,8103,621,0,car,0.9248164892196656,1137.306640625,31.435033798217773,1498.256103515625,338.0119323730469,1317.7813720703125,338.0119323730469,360.949462890625,306.5768985748291
126,8104,621,0,car,0.9298487305641174,1128.458984375,10.045902252197266,1479.1318359375,309.8505554199219,1303.79541015625,309.8505554199219,350.6728515625,299.8046531677246
126,8105,621,0,car,0.9246256351470948,1120.267578125,0.0,1459.2166748046875,279.49786376953125,1289.7421264648438,279.49786376953125,338.9490966796875,279.49786376953125
126,8106,621,0,car,0.9211492538452148,1107.9420166015625,0.0,1440.9539794921875,259.8653564453125,1274.447998046875,259.8653564453125,333.011962890625,259.8653564453125
126,8107,621,0,car,0.9204106330871582,1097.263671875,0.0,1423.8055419921875,240.5816802978516,1260.5346069335938,240.5816802978516,326.5418701171875,240.5816802978516
126,8108,621,0,car,0.9200242161750792,1085.448486328125,0.0,1406.3477783203125,222.665771484375,1245.8981323242188,222.665771484375,320.8992919921875,222.665771484375
126,8109,621,0,car,0.9159567952156068,1077.4356689453125,0.0,1389.4425048828125,200.1641082763672,1233.4390869140625,200.1641082763672,312.0068359375,200.1641082763672
126,8110,621,0,car,0.9234220385551452,1072.263427734375,0.0,1373.464111328125,177.25547790527344,1222.86376953125,177.25547790527344,301.20068359375,177.25547790527344
126,8111,621,0,car,0.8989902138710022,1065.749755859375,0.0,1358.0128173828125,156.93365478515625,1211.8812866210938,156.93365478515625,292.2630615234375,156.93365478515625
126,8112,621,0,car,0.8958594799041748,1057.8294677734375,0.0,1342.8179931640625,139.55735778808594,1200.32373046875,139.55735778808594,284.988525390625,139.55735778808594
126,8113,621,0,car,0.9049074649810792,1051.2012939453125,0.2447730749845504,1328.560791015625,123.82274627685548,1189.8810424804688,123.82274627685548,277.3594970703125,123.57797320187092
126,8114,621,0,car,0.8914325833320618,1054.5576171875,0.0,1316.2386474609375,104.84760284423828,1185.3981323242188,104.84760284423828,261.6810302734375,104.84760284423828
126,8115,621,0,car,0.864017903804779,1058.91455078125,0.9168109893798828,1303.601318359375,85.79176330566406,1181.2579345703125,85.79176330566406,244.686767578125,84.87495231628418
126,8116,621,0,car,0.8456830382347107,1061.158935546875,0.0943635106086731,1290.260498046875,65.23644256591797,1175.709716796875,65.23644256591797,229.1015625,65.1420790553093
127,8126,625,0,car,0.9424011707305908,0.5697576403617859,421.4457702636719,470.4212646484375,1031.8751220703125,235.49551114439964,1031.8751220703125,469.8515070080757,610.4293518066406
127,8127,625,0,car,0.9393613934516908,0.8939566612243652,377.5191345214844,477.3938903808594,965.6212768554688,239.14392352104187,965.6212768554688,476.499933719635,588.1021423339844
127,8128,625,0,car,0.9351032376289368,6.41616153717041,343.982421875,484.7405700683594,897.7450561523438,245.5783658027649,897.7450561523438,478.32440853118896,553.7626342773438
127,8129,625,0,car,0.93858003616333,15.762911796569824,307.3136291503906,482.7886962890625,829.4876098632812,249.27580404281616,829.4876098632812,467.0257844924927,522.1739807128906
127,8130,625,0,car,0.9397997260093688,32.82632064819336,273.2625732421875,484.3096618652344,766.4666137695312,258.56799125671387,766.4666137695312,451.483341217041,493.20404052734375
127,8131,625,0,car,0.9327620267868042,57.47373962402344,246.5858459472656,494.924560546875,706.3038940429688,276.1991500854492,706.3038940429688,437.4508209228516,459.7180480957031
127,8132,625,0,car,0.9350454807281494,76.4388656616211,215.42269897460932,493.8821411132813,652.8207397460938,285.1605033874512,652.8207397460938,417.44327545166016,437.3980407714844
127,8133,625,0,car,0.9477738738059998,98.31310272216795,191.8424224853516,498.9202880859375,599.0200805664062,298.61669540405273,599.0200805664062,400.60718536376953,407.1776580810547
127,8134,625,0,car,0.9126577377319336,117.60367584228516,165.52749633789062,506.0365295410156,554.0291137695312,311.8201026916504,554.0291137695312,388.43285369873047,388.5016174316406
127,8135,625,0,car,0.8972970247268677,134.39353942871094,139.25674438476562,512.5714111328125,511.4875793457031,323.4824752807617,511.4875793457031,378.1778717041016,372.2308349609375
127,8136,625,0,car,0.9268497228622437,150.53872680664062,115.40531158447266,514.7725830078125,469.0691223144531,332.65565490722656,469.0691223144531,364.2338562011719,353.66381072998047
127,8137,625,0,car,0.9247196316719056,165.7422637939453,92.22679138183594,515.9349975585938,430.8841552734375,340.8386306762696,430.8841552734375,350.19273376464844,338.6573638916016
127,8138,625,0,car,0.9136251211166382,177.82852172851562,67.67528533935547,518.5963745117188,395.4251403808594,348.2124481201172,395.4251403808594,340.7678527832031,327.7498550415039
127,8139,625,0,car,0.9214009046554564,190.3474578857422,45.0242919921875,517.0531005859375,360.0194396972656,353.70027923583984,360.0194396972656,326.7056427001953,314.9951477050781
127,8140,625,0,car,0.9314165115356444,206.1474456787109,24.32821655273437,521.7410278320312,326.571044921875,363.9442367553711,326.571044921875,315.5935821533203,302.2428283691406
127,8141,625,0,car,0.9223698377609252,217.0709381103516,3.851948499679565,524.0859985351562,299.2162170410156,370.5784683227539,299.2162170410156,307.0150604248047,295.36426854133606
127,8142,625,0,car,0.9258162379264832,229.22476196289065,0.0,527.5084228515625,273.1510925292969,378.36659240722656,273.1510925292969,298.2836608886719,273.1510925292969
127,8143,625,0,car,0.9178190231323242,240.69322204589844,0.0,527.2049560546875,244.78500366210932,383.94908905029297,244.78500366210932,286.51173400878906,244.78500366210932
127,8144,625,0,car,0.9237791299819946,249.8013916015625,0.0,541.38232421875,216.0200958251953,395.59185791015625,216.0200958251953,291.5809326171875,216.0200958251953
127,8145,625,0,car,0.9279484748840332,260.2945251464844,0.0,551.6614379882812,190.08531188964844,405.9779815673828,190.08531188964844,291.3669128417969,190.08531188964844
127,8146,625,0,car,0.923694670200348,269.9832458496094,0.0,556.66748046875,165.0232391357422,413.3253631591797,165.0232391357422,286.6842346191406,165.0232391357422
127,8147,625,0,car,0.9021651744842528,280.8155822753906,0.0,559.2421875,148.94342041015625,420.0288848876953,148.94342041015625,278.4266052246094,148.94342041015625
127,8148,625,0,car,0.9070470929145812,288.21270751953125,0.0,561.2304077148438,125.49446105957033,424.7215576171875,125.49446105957033,273.0177001953125,125.49446105957033
127,8149,625,0,car,0.893726110458374,297.6702575683594,0.0,554.5708618164062,107.3266372680664,426.1205596923828,107.3266372680664,256.9006042480469,107.3266372680664
127,8150,625,0,car,0.868903398513794,306.312255859375,0.7320085763931274,557.9342041015625,91.74156188964844,432.1232299804688,91.74156188964844,251.6219482421875,91.00955331325532
127,8151,625,0,car,0.8368901014328003,310.9721069335937,0.5205622911453247,557.57177734375,63.81300354003906,434.2719421386719,63.81300354003906,246.59967041015625,63.29244124889374
128,8158,628,0,car,0.9437861442565918,718.4028930664062,370.9919128417969,1117.6600341796875,1001.4869384765624,918.0314636230468,1001.4869384765624,399.2571411132813,630.4950256347656
128,8159,628,0,car,0.9372878074645996,714.7518920898438,335.65216064453125,1095.101318359375,938.7965698242188,904.9266052246094,938.7965698242188,380.3494262695313,603.1444091796875
128,8160,628,0,car,0.9379073977470398,715.4745483398438,296.10406494140625,1082.9080810546875,880.7276000976562,899.1913146972656,880.7276000976562,367.43353271484375,584.62353515625
128,8161,628,0,car,0.9406575560569764,711.6759033203125,264.6236572265625,1069.5113525390625,825.8321533203125,890.5936279296875,825.8321533203125,357.83544921875,561.20849609375
128,8162,628,0,car,0.939915418624878,712.0386352539062,234.3829040527344,1056.5972900390625,769.3087768554688,884.3179626464844,769.3087768554688,344.55865478515625,534.9258728027344
128,8163,628,0,car,0.9509246945381165,714.2386474609375,202.84942626953125,1045.685791015625,720.667724609375,879.9622192382812,720.667724609375,331.4471435546875,517.8182983398438
128,8164,628,0,car,0.9459006190299988,712.9422607421875,174.19100952148438,1034.844970703125,670.57568359375,873.8936157226562,670.57568359375,321.9027099609375,496.3846740722656
128,8165,628,0,car,0.9523390531539916,711.514892578125,150.14048767089844,1021.42919921875,624.5176391601562,866.4720458984375,624.5176391601562,309.914306640625,474.3771514892578
128,8166,628,0,car,0.9344539642333984,707.3198852539062,124.06763458251952,1010.9336547851562,576.0812377929688,859.1267700195312,576.0812377929688,303.61376953125,452.0136032104492
128,8167,628,0,car,0.940641701221466,704.7467041015625,101.63701629638672,1000.84326171875,535.4385375976562,852.7949829101562,535.4385375976562,296.0965576171875,433.80152130126953
128,8168,628,0,car,0.9311822056770324,703.5574340820312,77.1734619140625,993.1680297851562,504.0387878417969,848.3627319335938,504.0387878417969,289.610595703125,426.8653259277344
128,8169,628,0,car,0.9239156246185304,703.3966674804688,57.54459381103516,985.5562133789062,469.8458862304688,844.4764404296875,469.8458862304688,282.1595458984375,412.3012924194336
128,8170,628,0,car,0.9271461367607116,703.7923583984375,34.708953857421875,977.0928344726562,436.445068359375,840.4425964355469,436.445068359375,273.30047607421875,401.7361145019531
128,8171,628,0,car,0.9282926917076112,702.5535888671875,15.24003791809082,968.1754150390624,405.6564331054688,835.364501953125,405.6564331054688,265.621826171875,390.41639518737793
128,8172,628,0,car,0.9264086484909058,700.7061157226562,0.0,963.6917114257812,374.0402221679688,832.1989135742188,374.0402221679688,262.985595703125,374.0402221679688
128,8173,628,0,car,0.9152793884277344,702.6869506835938,0.0,958.5697021484376,346.9022216796875,830.6283264160156,346.9022216796875,255.8827514648437,346.9022216796875
128,8174,628,0,car,0.9264283776283264,701.5038452148438,0.0,954.43408203125,322.0350646972656,827.9689636230469,322.0350646972656,252.93023681640625,322.0350646972656
128,8175,628,0,car,0.9220343828201294,702.9795532226562,0.0,948.90869140625,294.2933044433594,825.9441223144531,294.2933044433594,245.9291381835937,294.2933044433594
128,8176,628,0,car,0.9225208163261414,702.7620849609375,0.0,939.5811157226562,273.8154602050781,821.1716003417969,273.8154602050781,236.81903076171875,273.8154602050781
128,8177,628,0,car,0.9248825311660768,702.32177734375,0.0,931.6192016601562,246.1251983642578,816.9704895019531,246.1251983642578,229.29742431640625,246.1251983642578
128,8178,628,0,car,0.9143360257148744,700.7239990234375,0.0,925.315673828125,222.42274475097656,813.0198364257812,222.42274475097656,224.5916748046875,222.42274475097656
128,8179,628,0,car,0.908550262451172,698.9036254882812,0.0,920.0476684570312,200.0464630126953,809.4756469726562,200.0464630126953,221.14404296875,200.0464630126953
128,8180,628,0,car,0.9049091935157776,698.470703125,0.0,916.9808959960938,175.50624084472656,807.7257995605469,175.50624084472656,218.5101928710937,175.50624084472656
128,8181,628,0,car,0.8973662257194519,696.7317504882812,0.0,915.99267578125,157.11477661132812,806.3622131347656,157.11477661132812,219.26092529296875,157.11477661132812
128,8182,628,0,car,0.8895670771598816,694.8201904296875,0.0,912.266845703125,141.11143493652344,803.5435180664062,141.11143493652344,217.4466552734375,141.11143493652344
128,8183,628,0,car,0.8830700516700745,695.7048950195312,0.0,906.0515747070312,119.06307983398438,800.8782348632812,119.06307983398438,210.3466796875,119.06307983398438
128,8184,628,0,car,0.8897741436958313,696.4904174804688,0.5038444995880127,900.2975463867188,103.14783477783205,798.3939819335938,103.14783477783205,203.80712890625,102.64399027824402
128,8185,628,0,car,0.9412461519241332,697.7393188476562,0.1037202775478363,895.3634643554688,88.64244842529297,796.5513916015625,88.64244842529297,197.6241455078125,88.53872814774513
128,8186,628,0,car,0.8703982830047607,698.87158203125,0.0,890.9639282226562,73.66373443603516,794.9177551269531,73.66373443603516,192.09234619140625,73.66373443603516
128,8187,628,0,car,0.8419759273529053,700.1464233398438,0.8928844332695007,884.5681762695312,57.36228561401367,792.3572998046875,57.36228561401367,184.4217529296875,56.46940118074417
129,8199,629,0,car,0.950248658657074,575.2608642578125,322.8663330078125,1070.310546875,1026.725341796875,822.7857055664062,1026.725341796875,495.0496826171875,703.8590087890625
129,8200,629,0,car,0.9459341168403624,575.9354248046875,284.0360107421875,1057.63037109375,966.4774169921876,816.7828979492188,966.4774169921876,481.6949462890625,682.44140625
129,8201,629,0,car,0.945557177066803,575.5780029296875,323.2865600585937,1042.1458740234375,898.5498657226562,808.8619384765625,898.5498657226562,466.56787109375,575.2633056640625
129,8202,629,0,car,0.9407930970191956,576.4468383789062,244.62355041503903,1030.9716796875,838.6055908203125,803.7092590332031,838.6055908203125,454.52484130859375,593.9820404052734
129,8203,629,0,car,0.9502915143966676,578.3675537109375,202.2147521972656,1020.64599609375,782.1918334960938,799.5067749023438,782.1918334960938,442.2784423828125,579.9770812988281
129,8204,629,0,car,0.9374727010726928,584.4873657226562,167.86285400390625,1003.23193359375,727.4351806640625,793.8596496582031,727.4351806640625,418.74456787109375,559.5723266601562
129,8205,629,0,car,0.9329373836517334,584.248291015625,134.94517517089844,993.7262573242188,677.3846435546875,788.9872741699219,677.3846435546875,409.47796630859375,542.4394683837891
129,8206,629,0,car,0.9537352323532104,589.5294799804688,110.48442840576172,985.2904663085938,633.6839599609375,787.4099731445312,633.6839599609375,395.760986328125,523.1995315551758
129,8207,629,0,car,0.8554660081863403,589.7105102539062,89.8737564086914,978.7092895507812,588.4303588867188,784.2098999023438,588.4303588867188,388.998779296875,498.55660247802734
129,8208,629,0,car,0.9240946769714355,592.2858276367188,47.71953582763672,968.837646484375,544.5474243164062,780.5617370605469,544.5474243164062,376.55181884765625,496.82788848876953
129,8209,629,0,car,0.9445167183876038,595.5477294921875,19.04414749145508,961.0531005859376,507.0211486816406,778.3004150390625,507.0211486816406,365.50537109375,487.9770011901856
129,8210,629,0,car,0.9516311883926392,596.6866455078125,6.328123092651367,953.8065185546876,471.9081726074219,775.24658203125,471.9081726074219,357.119873046875,465.5800495147705
129,8211,629,0,car,0.9443124532699584,598.9677124023438,0.0,946.50244140625,437.7018127441406,772.7350769042969,437.7018127441406,347.53472900390625,437.7018127441406
129,8212,629,0,car,0.956609070301056,602.7670288085938,0.0,937.9556274414062,402.2912292480469,770.361328125,402.2912292480469,335.1885986328125,402.2912292480469
129,8213,629,0,car,0.92637038230896,603.6272583007812,5.577223777770996,933.236083984375,368.5011901855469,768.4316711425781,368.5011901855469,329.6088256835937,362.9239664077759
129,8214,629,0,car,0.9231088757514954,604.7979736328125,0.7083408832550049,929.2432250976562,342.4140319824219,767.0205993652344,342.4140319824219,324.4452514648437,341.70569109916687
129,8215,629,0,car,0.9261090755462646,605.6986083984375,0.0,924.6017456054688,314.5924987792969,765.1501770019531,314.5924987792969,318.90313720703125,314.5924987792969
129,8216,629,0,car,0.9319056868553162,608.1297607421875,0.0,919.6832885742188,293.8002014160156,763.9065246582031,293.8002014160156,311.55352783203125,293.8002014160156
129,8217,629,0,car,0.9281367659568788,610.8612670898438,0.0,915.3053588867188,270.3099060058594,763.0833129882812,270.3099060058594,304.444091796875,270.3099060058594
129,8218,629,0,car,0.9194502234458924,614.3190307617188,0.0,910.432373046875,251.610580444336,762.3757019042969,251.610580444336,296.11334228515625,251.610580444336
129,8219,629,0,car,0.9190003871917723,615.5095825195312,0.0,905.8538818359376,224.6963653564453,760.6817321777344,224.6963653564453,290.34429931640625,224.6963653564453
129,8220,629,0,car,0.91672545671463,615.767333984375,0.0,900.4158325195312,204.82362365722656,758.0915832519531,204.82362365722656,284.64849853515625,204.82362365722656
129,8221,629,0,car,0.9184372425079346,616.7678833007812,0.0,896.7294921875,179.4551239013672,756.7486877441406,179.4551239013672,279.96160888671875,179.4551239013672
129,8222,629,0,car,0.9075055122375488,616.371337890625,0.2123225778341293,891.6046142578125,159.9635009765625,753.9879760742188,159.9635009765625,275.2332763671875,159.75117839872837
129,8223,629,0,car,0.898331344127655,616.2705078125,1.6369340419769287,886.1759033203125,149.0752410888672,751.2232055664062,149.0752410888672,269.9053955078125,147.43830704689026
129,8224,629,0,car,0.9028199911117554,617.4030151367188,1.0460156202316284,884.3500366210938,126.42536163330078,750.8765258789062,126.42536163330078,266.947021484375,125.37934601306917
129,8225,629,0,car,0.8854454159736633,617.8863525390625,0.0730818882584571,881.8152465820312,108.98502349853516,749.8507995605469,108.98502349853516,263.92889404296875,108.9119416102767
129,8226,629,0,car,0.8899335265159607,619.2819213867188,0.474670261144638,876.7683715820312,102.66290283203124,748.025146484375,102.66290283203124,257.4864501953125,102.1882325708866
129,8227,629,0,car,0.8739427924156189,620.5504150390625,0.797538161277771,871.7647094726562,92.0818862915039,746.1575622558594,92.0818862915039,251.2142944335937,91.28434813022614
129,8228,629,0,car,0.8662424683570862,624.2615966796875,0.9624314308166504,869.5933227539062,73.8697280883789,746.9274597167969,73.8697280883789,245.33172607421875,72.90729665756226
130,8207,633,0,car,0.9414573311805724,1308.2259521484375,507.07904052734375,1906.8050537109373,1023.0571899414062,1607.5155029296875,1023.0571899414062,598.5791015625,515.9781494140625
130,8208,633,0,car,0.9357026815414428,1288.403076171875,459.2256774902344,1876.6552734375,961.2864379882812,1582.5291748046875,961.2864379882812,588.252197265625,502.0607604980469
130,8209,633,0,car,0.9396302103996276,1267.505126953125,418.1218872070313,1836.8431396484373,895.2606811523438,1552.1741333007812,895.2606811523438,569.3380126953125,477.1387939453125
130,8210,633,0,car,0.931859254837036,1248.8973388671875,380.4578857421875,1790.165771484375,833.689453125,1519.5315551757812,833.689453125,541.2684326171875,453.2315673828125
130,8211,633,0,car,0.9338990449905396,1234.268310546875,341.3423767089844,1747.32470703125,782.3527221679688,1490.7965087890625,782.3527221679688,513.056396484375,441.0103454589844
130,8212,633,0,car,0.942453682422638,1218.0228271484375,298.8149108886719,1708.8829345703125,723.7876586914062,1463.452880859375,723.7876586914062,490.860107421875,424.9727478027344
130,8213,633,0,car,0.9340135455131532,1201.6588134765625,275.7940673828125,1668.144775390625,670.9149780273438,1434.9017944335938,670.9149780273438,466.4859619140625,395.1209106445313
130,8214,633,0,car,0.9370558261871338,1187.1102294921875,244.20443725585932,1632.8570556640625,626.5797119140625,1409.983642578125,626.5797119140625,445.746826171875,382.3752746582031
130,8215,633,0,car,0.9400389790534972,1171.8436279296875,211.4721527099609,1603.5450439453125,577.7694702148438,1387.6943359375,577.7694702148438,431.701416015625,366.2973175048828
130,8216,633,0,car,0.9149715304374696,1157.668701171875,183.36593627929688,1575.9776611328125,535.110107421875,1366.8231811523438,535.110107421875,418.3089599609375,351.7441711425781
130,8217,633,0,car,0.9146913886070251,1147.3572998046875,155.3076934814453,1546.7701416015625,498.5726623535156,1347.063720703125,498.5726623535156,399.412841796875,343.2649688720703
130,8218,633,0,car,0.9234572649002076,1135.0906982421875,129.81399536132812,1519.752197265625,462.0162048339844,1327.4214477539062,462.0162048339844,384.6614990234375,332.20220947265625
130,8219,633,0,car,0.9268200993537904,1125.450439453125,104.66111755371094,1493.4132080078125,428.4572448730469,1309.4318237304688,428.4572448730469,367.9627685546875,323.79612731933594
130,8220,633,0,car,0.91862291097641,1116.560791015625,81.89424896240234,1469.96435546875,396.3571472167969,1293.2625732421875,396.3571472167969,353.403564453125,314.46289825439453
130,8221,633,0,car,0.922694742679596,1106.0382080078125,60.379051208496094,1449.0645751953125,365.0290222167969,1277.5513916015625,365.0290222167969,343.0263671875,304.6499710083008
130,8222,633,0,car,0.9234851002693176,1097.346923828125,37.93256378173828,1429.402099609375,336.1077880859375,1263.37451171875,336.1077880859375,332.05517578125,298.1752243041992
130,8223,633,0,car,0.9317323565483092,1087.6798095703125,16.556245803833008,1408.3382568359375,309.5045166015625,1248.009033203125,309.5045166015625,320.658447265625,292.9482707977295
130,8224,633,0,car,0.925258457660675,1078.52978515625,0.0,1391.4671630859375,277.7724914550781,1234.9984741210938,277.7724914550781,312.9373779296875,277.7724914550781
130,8225,633,0,car,0.9192960858345032,1069.330322265625,0.0,1373.372314453125,256.5155639648437,1221.351318359375,256.5155639648437,304.0419921875,256.5155639648437
130,8226,633,0,car,0.9267013072967528,1061.094482421875,0.0,1357.3912353515625,234.6490173339844,1209.2428588867188,234.6490173339844,296.2967529296875,234.6490173339844
130,8227,633,0,car,0.9109275341033936,1052.3258056640625,0.0,1341.85302734375,211.4718170166016,1197.0894165039062,211.4718170166016,289.5272216796875,211.4718170166016
130,8228,633,0,car,0.9253166317939758,1044.8780517578125,0.0,1324.822998046875,186.8551025390625,1184.8505249023438,186.8551025390625,279.9449462890625,186.8551025390625
130,8229,633,0,car,0.915613055229187,1038.4095458984375,0.0,1310.1220703125,164.49954223632812,1174.2658081054688,164.49954223632812,271.7125244140625,164.49954223632812
130,8230,633,0,car,0.8948955535888672,1029.91845703125,0.0,1296.9105224609375,146.69338989257812,1163.4144897460938,146.69338989257812,266.9920654296875,146.69338989257812
130,8231,633,0,car,0.9021379351615906,1022.8382568359376,0.0,1282.4798583984375,125.88135528564452,1152.6590576171875,125.88135528564452,259.6416015625,125.88135528564452
130,8232,633,0,car,0.9035621881484984,1016.0121459960938,0.0,1269.3243408203125,106.9365463256836,1142.6682434082031,106.9365463256836,253.31219482421875,106.9365463256836
130,8233,633,0,car,0.8760842084884644,1020.65869140625,0.8622777462005615,1258.2716064453125,90.9477767944336,1139.4651489257812,90.9477767944336,237.6129150390625,90.08549904823305
130,8234,633,0,car,0.8927992582321167,1031.73193359375,0.0,1247.1065673828125,72.5877914428711,1139.4192504882812,72.5877914428711,215.3746337890625,72.5877914428711
130,8235,633,0,car,0.8239411115646362,1031.529296875,0.0,1237.8057861328125,51.95434188842773,1134.6675415039062,51.95434188842773,206.2764892578125,51.95434188842773
131,8237,635,0,car,0.9317031502723694,1296.91845703125,475.77874755859375,1917.02880859375,1020.7852783203124,1606.9736328125,1020.7852783203124,620.1103515625,545.0065307617188
131,8238,635,0,car,0.9385073781013488,1273.639892578125,434.0551452636719,1884.7032470703125,955.1538696289062,1579.1715698242188,955.1538696289062,611.0633544921875,521.0987243652344
131,8239,635,0,car,0.9327005743980408,1252.0582275390625,390.5236511230469,1843.2447509765625,892.7659301757812,1547.6514892578125,892.7659301757812,591.1865234375,502.2422790527344
131,8240,635,0,car,0.9255424737930298,1234.6201171875,350.6202697753906,1799.2872314453125,832.51416015625,1516.9536743164062,832.51416015625,564.6671142578125,481.8938903808594
131,8241,635,0,car,0.938097357749939,1219.1346435546875,307.7425231933594,1757.1126708984375,779.4146118164062,1488.1236572265625,779.4146118164062,537.97802734375,471.6720886230469
131,8242,635,0,car,0.938994824886322,1205.025634765625,276.39459228515625,1717.524169921875,725.8157958984375,1461.27490234375,725.8157958984375,512.49853515625,449.4212036132813
131,8243,635,0,car,0.9340311884880066,1186.437744140625,246.5868225097656,1675.3150634765625,674.5745849609375,1430.8764038085938,674.5745849609375,488.8773193359375,427.9877624511719
131,8244,635,0,car,0.937660276889801,1170.0938720703125,217.1985626220703,1640.189453125,626.1290283203125,1405.1416625976562,626.1290283203125,470.0955810546875,408.9304656982422
131,8245,635,0,car,0.9414014220237732,1159.784423828125,187.4864654541016,1610.413818359375,578.2322387695312,1385.09912109375,578.2322387695312,450.62939453125,390.7457733154297
131,8246,635,0,car,0.9320133924484252,1147.0887451171875,157.6065216064453,1574.2117919921875,537.4193115234375,1360.6502685546875,537.4193115234375,427.123046875,379.8127899169922
131,8247,635,0,car,0.9289510250091552,1131.514892578125,131.60885620117188,1546.477783203125,498.1180114746094,1338.996337890625,498.1180114746094,414.962890625,366.5091552734375
131,8248,635,0,car,0.9329789876937866,1118.2191162109375,104.5126495361328,1522.531494140625,463.8566284179688,1320.3753051757812,463.8566284179688,404.3123779296875,359.34397888183594
131,8249,635,0,car,0.9232383966445924,1109.3319091796875,81.39954376220703,1498.60888671875,426.942626953125,1303.9703979492188,426.942626953125,389.2769775390625,345.543083190918
131,8250,635,0,car,0.9172056913375854,1098.8961181640625,58.22043991088867,1475.474365234375,394.8273620605469,1287.1852416992188,394.8273620605469,376.5782470703125,336.6069221496582
131,8251,635,0,car,0.9295315742492676,1089.5670166015625,37.89762878417969,1453.77001953125,363.7765808105469,1271.6685180664062,363.7765808105469,364.2030029296875,325.8789520263672
131,8252,635,0,car,0.9238016605377196,1082.082763671875,15.598636627197266,1432.8876953125,333.69244384765625,1257.4852294921875,333.69244384765625,350.804931640625,318.093807220459
131,8253,635,0,car,0.9338403940200806,1074.0594482421875,0.0,1412.77587890625,306.36212158203125,1243.4176635742188,306.36212158203125,338.7164306640625,306.36212158203125
131,8254,635,0,car,0.92206871509552,1066.2060546875,0.0,1395.420654296875,275.2078552246094,1230.8133544921875,275.2078552246094,329.214599609375,275.2078552246094
131,8255,635,0,car,0.9242430925369264,1055.181640625,0.0,1377.6693115234375,253.09152221679688,1216.4254760742188,253.09152221679688,322.4876708984375,253.09152221679688
131,8256,635,0,car,0.9241942167282104,1046.38232421875,0.0,1359.763916015625,231.72303771972656,1203.0731201171875,231.72303771972656,313.381591796875,231.72303771972656
131,8257,635,0,car,0.910541832447052,1041.7518310546875,0.0,1343.5850830078125,208.94650268554688,1192.66845703125,208.94650268554688,301.833251953125,208.94650268554688
131,8258,635,0,car,0.9149104356765748,1032.4959716796875,0.0,1326.37548828125,184.76486206054688,1179.4357299804688,184.76486206054688,293.8795166015625,184.76486206054688
131,8259,635,0,car,0.9022274017333984,1024.8958740234375,0.0,1310.7418212890625,162.68797302246094,1167.81884765625,162.68797302246094,285.845947265625,162.68797302246094
131,8260,635,0,car,0.8992505073547363,1018.7491455078124,0.0,1295.8853759765625,144.4383087158203,1157.3172607421875,144.4383087158203,277.13623046875,144.4383087158203
131,8261,635,0,car,0.8959940671920776,1010.560546875,0.0,1281.734130859375,123.12196350097656,1146.1473388671875,123.12196350097656,271.173583984375,123.12196350097656
131,8262,635,0,car,0.8849108815193176,1008.885009765625,0.0,1268.760498046875,102.78791046142578,1138.82275390625,102.78791046142578,259.87548828125,102.78791046142578
131,8263,635,0,car,0.8657703995704651,1014.2363891601562,0.4489682912826538,1256.1590576171875,87.53807067871094,1135.197723388672,87.53807067871094,241.92266845703125,87.08910238742828
131,8264,635,0,car,0.859947919845581,1015.89892578125,0.5389503240585327,1244.6971435546875,67.63777923583984,1130.2980346679688,67.63777923583984,228.7982177734375,67.09882891178131
132,8286,642,0,car,0.93864905834198,1512.9451904296875,448.4625549316406,1919.904541015625,1057.838623046875,1716.4248657226562,1057.838623046875,406.9593505859375,609.3760681152344
132,8287,642,0,car,0.936656415462494,1360.8284912109375,398.72265625,1919.993408203125,991.7835693359376,1640.4109497070312,991.7835693359376,559.1649169921875,593.0609130859375
132,8288,642,0,car,0.9243952035903932,1303.799560546875,352.2591857910156,1920.0,916.1432495117188,1611.8997802734375,916.1432495117188,616.200439453125,563.8840637207031
132,8289,642,0,car,0.9308860301971436,1265.7674560546875,308.8109741210937,1906.59619140625,843.9723510742188,1586.1818237304688,843.9723510742188,640.8287353515625,535.161376953125
132,8290,642,0,car,0.928029716014862,1238.265869140625,274.59539794921875,1864.5328369140625,777.293701171875,1551.3993530273438,777.293701171875,626.2669677734375,502.69830322265625
132,8291,642,0,car,0.9285928606987,1218.7850341796875,244.28575134277344,1819.428466796875,710.5825805664062,1519.1067504882812,710.5825805664062,600.6434326171875,466.2968292236328
132,8292,642,0,car,0.9356964230537416,1203.024169921875,210.624755859375,1770.2745361328125,655.9735107421875,1486.6493530273438,655.9735107421875,567.2503662109375,445.3487548828125
132,8293,642,0,car,0.9410687685012816,1185.1024169921875,183.7387237548828,1730.009033203125,599.3486938476562,1457.5557250976562,599.3486938476562,544.9066162109375,415.60997009277344
132,8294,642,0,car,0.931225836277008,1169.49169921875,154.8594512939453,1686.4715576171875,554.3041381835938,1427.9816284179688,554.3041381835938,516.9798583984375,399.4446868896485
132,8295,642,0,car,0.9393898844718932,1156.8634033203125,129.63714599609375,1649.5743408203125,505.6047058105469,1403.2188720703125,505.6047058105469,492.7109375,375.9675598144531
132,8296,642,0,car,0.9482018351554872,1144.4654541015625,100.0877685546875,1614.6348876953125,465.0730590820313,1379.5501708984375,465.0730590820313,470.16943359375,364.98529052734375
132,8297,642,0,car,0.9384825825691224,1130.7132568359375,77.09160614013672,1576.54296875,428.1751403808594,1353.6281127929688,428.1751403808594,445.8297119140625,351.08353424072266
132,8298,642,0,car,0.9140034914016724,1118.162109375,51.73907470703125,1551.81982421875,387.90240478515625,1334.990966796875,387.90240478515625,433.65771484375,336.163330078125
132,8299,642,0,car,0.9154621958732604,1106.5391845703125,29.55880355834961,1526.4532470703125,353.7632751464844,1316.4962158203125,353.7632751464844,419.9140625,324.2044715881348
132,8300,642,0,car,0.919825792312622,1092.848388671875,8.488968849182129,1500.0347900390625,319.6490173339844,1296.4415893554688,319.6490173339844,407.1864013671875,311.16004848480225
132,8301,642,0,car,0.920482873916626,1082.8590087890625,0.0,1475.34130859375,289.470458984375,1279.1001586914062,289.470458984375,392.4822998046875,289.470458984375
132,8302,642,0,car,0.91865074634552,1072.147705078125,0.0,1452.4573974609375,261.6383361816406,1262.3025512695312,261.6383361816406,380.3096923828125,261.6383361816406
132,8303,642,0,car,0.9230949878692628,1066.73974609375,0.0,1429.1163330078125,231.4074249267578,1247.9280395507812,231.4074249267578,362.3765869140625,231.4074249267578
132,8304,642,0,car,0.9148657321929932,1057.2376708984375,0.0,1407.39697265625,204.331283569336,1232.3173217773438,204.331283569336,350.1593017578125,204.331283569336
132,8305,642,0,car,0.9082900285720824,1048.48583984375,0.0,1386.8087158203125,178.52914428710938,1217.6472778320312,178.52914428710938,338.3228759765625,178.52914428710938
132,8306,642,0,car,0.9080305695533752,1041.7071533203125,0.0,1366.8406982421875,156.52267456054688,1204.27392578125,156.52267456054688,325.133544921875,156.52267456054688
132,8307,642,0,car,0.8902515769004822,1034.9317626953125,0.0,1347.8736572265625,137.31687927246094,1191.4027099609375,137.31687927246094,312.94189453125,137.31687927246094
132,8308,642,0,car,0.8909971117973328,1027.7821044921875,0.0,1330.735595703125,114.2573013305664,1179.2588500976562,114.2573013305664,302.9534912109375,114.2573013305664
132,8309,642,0,car,0.8865877985954285,1032.7081298828125,0.0,1313.008544921875,98.20580291748048,1172.8583374023438,98.20580291748048,280.3004150390625,98.20580291748048
132,8310,642,0,car,0.8594987988471985,1034.01318359375,1.2168705463409424,1299.5145263671875,73.00366973876953,1166.7638549804688,73.00366973876953,265.5013427734375,71.78679919242859
132,8311,642,0,car,0.840505838394165,1035.3511962890625,0.0,1284.35693359375,55.45960235595703,1159.8540649414062,55.45960235595703,249.0057373046875,55.45960235595703
133,8295,643,0,car,0.9480980038642884,690.0880126953125,374.1856689453125,1092.0972900390625,1002.6283569335938,891.0926513671875,1002.6283569335938,402.00927734375,628.4426879882812
133,8296,643,0,car,0.9489113688468932,684.3684692382812,332.4083557128906,1083.5784912109375,936.5670776367188,883.9734802246094,936.5670776367188,399.21002197265625,604.1587219238281
133,8297,643,0,car,0.948810338973999,697.555419921875,290.1811218261719,1074.743896484375,879.4829711914062,886.149658203125,879.4829711914062,377.1884765625,589.3018493652344
133,8298,643,0,car,0.9559328556060792,681.2879638671875,258.277099609375,1063.100830078125,819.2107543945312,872.1943969726562,819.2107543945312,381.8128662109375,560.9336547851562
133,8299,643,0,car,0.9494048357009888,677.5750122070312,227.17466735839844,1047.865234375,763.0870361328125,862.7201232910156,763.0870361328125,370.2902221679688,535.9123687744141
133,8300,643,0,car,0.955579400062561,699.8848266601562,192.4261932373047,1037.5966796875,708.8395385742188,868.7407531738281,708.8395385742188,337.7118530273437,516.4133453369141
133,8301,643,0,car,0.9457112550735474,699.3544921875,165.96644592285156,1026.9346923828125,663.0521850585938,863.1445922851562,663.0521850585938,327.5802001953125,497.0857391357422
133,8302,643,0,car,0.9412549138069152,682.3865356445312,135.39732360839844,1014.5748901367188,613.2947387695312,848.480712890625,613.2947387695312,332.1883544921875,477.8974151611328
133,8303,643,0,car,0.9364507794380188,672.6614379882812,109.23851776123048,1001.9277954101562,573.58154296875,837.2946166992188,573.58154296875,329.266357421875,464.34302520751953
133,8304,643,0,car,0.9259003400802612,668.062744140625,84.14373016357422,992.3226928710938,529.7462158203125,830.1927185058594,529.7462158203125,324.25994873046875,445.6024856567383
133,8305,643,0,car,0.9271187782287598,663.4688720703125,57.58332443237305,984.0440063476562,490.3953552246094,823.7564392089844,490.3953552246094,320.5751342773437,432.8120307922363
133,8306,643,0,car,0.9166303873062134,661.6019897460938,34.065773010253906,977.2437133789062,459.6105041503906,819.4228515625,459.6105041503906,315.6417236328125,425.5447311401367
133,8307,643,0,car,0.9231078624725342,670.0930786132812,11.371808052062988,969.9273071289062,424.798095703125,820.0101928710938,424.798095703125,299.834228515625,413.426287651062
133,8308,643,0,car,0.9138809442520142,666.064697265625,0.0,963.2228393554688,394.2359313964844,814.6437683105469,394.2359313964844,297.1581420898437,394.2359313964844
133,8309,643,0,car,0.9190871119499208,665.2017211914062,0.0,955.8076782226562,363.9463806152344,810.5046997070312,363.9463806152344,290.60595703125,363.9463806152344
133,8310,643,0,car,0.9153121709823608,668.1140747070312,0.0,949.12646484375,332.1938171386719,808.6202697753906,332.1938171386719,281.01239013671875,332.1938171386719
133,8311,643,0,car,0.9196172952651978,665.6586303710938,0.0,944.6377563476562,308.3498229980469,805.148193359375,308.3498229980469,278.9791259765625,308.3498229980469
133,8312,643,0,car,0.9211599826812744,665.0252075195312,0.0,938.4535522460938,283.5359802246094,801.7393798828125,283.5359802246094,273.4283447265625,283.5359802246094
133,8313,643,0,car,0.917158544063568,666.6656494140625,0.0,932.7951049804688,259.2890930175781,799.7303771972656,259.2890930175781,266.12945556640625,259.2890930175781
133,8314,643,0,car,0.920031726360321,666.1624145507812,0.0,925.546630859375,234.15621948242188,795.8545227050781,234.15621948242188,259.3842163085937,234.15621948242188
133,8315,643,0,car,0.9147530794143676,666.4443969726562,0.0,920.548828125,207.62399291992188,793.4966125488281,207.62399291992188,254.1044311523437,207.62399291992188
133,8316,643,0,car,0.9104273319244384,668.41064453125,0.0,915.440673828125,184.19338989257807,791.9256591796875,184.19338989257807,247.030029296875,184.19338989257807
133,8317,643,0,car,0.9032455086708068,667.9115600585938,0.0,909.5767211914062,164.71826171875,788.744140625,164.71826171875,241.6651611328125,164.71826171875
133,8318,643,0,car,0.8857940435409546,669.6336669921875,0.2744590640068054,905.4248657226562,146.8103485107422,787.5292663574219,146.8103485107422,235.79119873046875,146.53588944673538
133,8319,643,0,car,0.8909497261047363,668.3621826171875,0.9650925397872924,900.0919799804688,127.91759490966795,784.2270812988281,127.91759490966795,231.72979736328125,126.95250236988068
133,8320,643,0,car,0.8907912373542786,667.5884399414062,0.6225593090057373,896.7548828125,111.29899597167967,782.1716613769531,111.29899597167967,229.1664428710937,110.67643666267396
133,8321,643,0,car,0.8799843788146973,670.2518310546875,0.8814837336540222,893.8001098632812,96.75672149658205,782.0259704589844,96.75672149658205,223.5482788085937,95.875237762928
133,8322,643,0,car,0.8726337552070618,668.79296875,0.3844095766544342,891.7073974609375,80.63539123535156,780.2501831054688,80.63539123535156,222.9144287109375,80.25098165869713
133,8323,643,0,car,0.8215669989585876,671.8641357421875,0.5154893398284912,884.1732788085938,62.738746643066406,778.0187072753906,62.738746643066406,212.30914306640625,62.22325730323792
134,8311,647,0,car,0.9340635538101196,0.9921883344650269,464.83392333984375,438.08013916015625,1026.8902587890625,219.53616374731064,1026.8902587890625,437.0879508256912,562.0563354492188
134,8312,647,0,car,0.942148983478546,0.7188859581947327,422.29779052734375,449.8792724609375,968.2495727539062,225.2990792095661,968.2495727539062,449.1603865027428,545.9517822265625
134,8313,647,0,car,0.9352044463157654,0.767365038394928,380.0560302734375,459.60101318359375,903.22119140625,230.1841891109944,903.22119140625,458.8336481451988,523.1651611328125
134,8314,647,0,car,0.9400749206542968,0.0,339.3865966796875,464.496826171875,849.2752075195312,232.2484130859375,849.2752075195312,464.496826171875,509.88861083984375
134,8315,647,0,car,0.936720848083496,0.407296746969223,303.6257019042969,466.1772155761719,791.5142211914062,233.2922561615705,791.5142211914062,465.76991882920265,487.8885192871094
134,8316,647,0,car,0.9335980415344238,11.332569122314451,273.67413330078125,467.3328857421875,739.0826416015625,239.33272743225092,739.0826416015625,456.00031661987305,465.4085083007813
134,8317,647,0,car,0.9410271644592284,27.02566337585449,239.7456970214844,473.0294189453125,689.05859375,250.0275411605835,689.05859375,446.003755569458,449.3128967285156
134,8318,647,0,car,0.930656671524048,52.71812057495117,207.3386383056641,477.94439697265625,645.06494140625,265.3312587738037,645.06494140625,425.2262763977051,437.72630310058594
134,8319,647,0,car,0.9356294870376588,71.060302734375,176.85899353027344,480.8166809082031,600.24951171875,275.93849182128906,600.24951171875,409.7563781738281,423.39051818847656
134,8320,647,0,car,0.9275860786437988,86.18547058105469,150.5008544921875,485.2360534667969,559.8638916015625,285.7107620239258,559.8638916015625,399.0505828857422,409.363037109375
134,8321,647,0,car,0.9068057537078856,106.25186157226562,123.03102111816406,488.9257507324219,522.7775268554688,297.5888061523437,522.7775268554688,382.67388916015625,399.7465057373047
134,8322,647,0,car,0.9165308475494384,123.99009704589844,98.59471130371094,490.7073059082031,486.3357543945313,307.3487014770508,486.3357543945313,366.7172088623047,387.7410430908203
134,8323,647,0,car,0.9017709493637084,139.39683532714844,72.35163879394531,492.6435546875,452.6974792480469,316.0201950073242,452.6974792480469,353.2467193603516,380.3458404541016
134,8324,647,0,car,0.9219360947608948,155.74169921875,46.5511589050293,496.97210693359375,419.7335205078125,326.3569030761719,419.7335205078125,341.2304077148437,373.1823616027832
134,8325,647,0,car,0.911871612071991,168.5559539794922,26.614242553710938,497.8179931640625,387.7253723144531,333.18697357177734,387.7253723144531,329.2620391845703,361.1111297607422
134,8326,647,0,car,0.9100965261459352,182.04983520507807,10.732728004455566,499.8912353515625,356.5378723144531,340.9705352783203,356.5378723144531,317.8414001464844,345.8051443099976
134,8327,647,0,car,0.9174895882606506,191.09376525878903,0.0,505.1300354003906,330.5368347167969,348.11190032958984,330.5368347167969,314.0362701416016,330.5368347167969
134,8328,647,0,car,0.9136642217636108,202.48703002929688,0.0,506.1919555664063,301.32635498046875,354.3394927978516,301.32635498046875,303.7049255371094,301.32635498046875
134,8329,647,0,car,0.8992133140563965,214.0925445556641,0.0,510.6349487304688,284.06549072265625,362.3637466430664,284.06549072265625,296.5424041748047,284.06549072265625
134,8330,647,0,car,0.9029072523117064,226.72618103027344,0.0,512.85888671875,259.34185791015625,369.7925338745117,259.34185791015625,286.13270568847656,259.34185791015625
134,8331,647,0,car,0.8292052149772644,238.1663360595703,0.0,516.6508178710938,230.35565185546875,377.408576965332,230.35565185546875,278.48448181152344,230.35565185546875
134,8332,647,0,car,0.8660174012184143,249.75180053710932,0.0,519.5814208984375,206.2955780029297,384.66661071777344,206.2955780029297,269.8296203613281,206.2955780029297
134,8333,647,0,car,0.9053878784179688,260.4541320800781,0.0,519.475341796875,184.41493225097656,389.96473693847656,184.41493225097656,259.0212097167969,184.41493225097656
134,8334,647,0,car,0.902319312095642,266.9832458496094,0.0,522.6298217773438,162.0200653076172,394.80653381347656,162.0200653076172,255.6465759277344,162.0200653076172
134,8335,647,0,car,0.8944175243377686,272.5565185546875,0.0,527.6499633789062,145.3522186279297,400.1032409667969,145.3522186279297,255.09344482421875,145.3522186279297
134,8336,647,0,car,0.8984957337379456,278.6744384765625,0.0,529.697509765625,128.05581665039062,404.18597412109375,128.05581665039062,251.0230712890625,128.05581665039062
134,8337,647,0,car,0.8870208859443665,285.2328186035156,0.0,527.99072265625,107.4192886352539,406.6117706298828,107.4192886352539,242.7579040527344,107.4192886352539
134,8338,647,0,car,0.8661949634552002,294.7020568847656,2.2235569953918457,526.4391479492188,96.04655456542967,410.5706024169922,96.04655456542967,231.73709106445312,93.82299757003784
134,8339,647,0,car,0.8579287528991699,303.8731994628906,1.999369502067566,525.5088500976562,73.92046356201172,414.69102478027344,73.92046356201172,221.6356506347656,71.92109405994415
134,8340,647,0,car,0.8071993589401245,309.7696533203125,1.086637020111084,527.1432495117188,54.79893112182617,418.4564514160156,54.79893112182617,217.37359619140625,53.71229410171509
135,8324,649,0,car,0.9394778609275818,607.183837890625,396.22943115234375,1087.574951171875,1057.270263671875,847.37939453125,1057.270263671875,480.39111328125,661.0408325195312
135,8325,649,0,car,0.941965639591217,609.1011962890625,356.533447265625,1070.6151123046875,997.5960693359376,839.858154296875,997.5960693359376,461.513916015625,641.0626220703125
135,8326,649,0,car,0.9417067766189576,609.0713500976562,322.6866149902344,1058.516845703125,927.3912353515624,833.7940979003906,927.3912353515624,449.4454956054688,604.7046203613281
135,8327,649,0,car,0.9440962672233582,610.1788940429688,284.6165466308594,1037.035400390625,860.0859985351562,823.6071472167969,860.0859985351562,426.85650634765625,575.4694519042969
135,8328,649,0,car,0.935976505279541,614.1354370117188,254.9530029296875,1025.198974609375,795.9337768554688,819.6672058105469,795.9337768554688,411.06353759765625,540.9807739257812
135,8329,649,0,car,0.937512218952179,612.7080688476562,220.8417510986328,1016.524658203125,737.858642578125,814.6163635253906,737.858642578125,403.8165893554688,517.0168914794922
135,8330,649,0,car,0.9378074407577516,614.5844116210938,190.295639038086,995.6512451171876,684.1708984375,805.1178283691406,684.1708984375,381.06683349609375,493.87525939941406
135,8331,649,0,car,0.9328184723854064,617.02880859375,159.90357971191406,987.8126220703124,634.1858520507812,802.4207153320312,634.1858520507812,370.7838134765625,474.2822723388672
135,8332,649,0,car,0.93193918466568,616.6154174804688,131.8009490966797,982.75439453125,581.1006469726562,799.6849060058594,581.1006469726562,366.1389770507813,449.29969787597656
135,8333,649,0,car,0.9387977123260498,614.8017578125,105.00515747070312,974.1597900390624,542.5069580078125,794.4807739257812,542.5069580078125,359.3580322265625,437.5018005371094
135,8334,649,0,car,0.941470742225647,618.1239624023438,78.03169250488281,965.6633911132812,500.8660583496094,791.8936767578125,500.8660583496094,347.5394287109375,422.83436584472656
135,8335,649,0,car,0.9289605021476746,618.4341430664062,55.45913696289063,958.6922607421876,462.906005859375,788.5632019042969,462.906005859375,340.25811767578125,407.4468688964844
135,8336,649,0,car,0.9304656982421876,620.5048828125,28.38887023925781,949.0966796875,426.9851379394531,784.80078125,426.9851379394531,328.591796875,398.5962677001953
135,8337,649,0,car,0.9293597936630248,618.9053955078125,7.9719157218933105,943.912353515625,392.0315246582031,781.4088745117188,392.0315246582031,325.0069580078125,384.0596089363098
135,8338,649,0,car,0.9227637648582458,623.472900390625,0.0,937.7681274414062,360.0602111816406,780.6205139160156,360.0602111816406,314.29522705078125,360.0602111816406
135,8339,649,0,car,0.929504096508026,625.8192749023438,0.0,933.7214965820312,324.90966796875,779.7703857421875,324.90966796875,307.9022216796875,324.90966796875
135,8340,649,0,car,0.9218403697013856,628.6359252929688,0.0,927.1213989257812,297.9388427734375,777.878662109375,297.9388427734375,298.4854736328125,297.9388427734375
135,8341,649,0,car,0.9183656573295592,634.8502197265625,0.0,921.1369018554688,276.6623840332031,777.9935607910156,276.6623840332031,286.28668212890625,276.6623840332031
135,8342,649,0,car,0.9166635274887084,635.0108032226562,0.0,917.3907470703124,253.2431488037109,776.2007751464844,253.2431488037109,282.37994384765625,253.2431488037109
135,8343,649,0,car,0.919800579547882,633.871826171875,0.0,910.7232666015624,223.988037109375,772.2975463867188,223.988037109375,276.8514404296875,223.988037109375
135,8344,649,0,car,0.9252276420593262,634.4407958984375,0.0,905.0223388671876,191.8132476806641,769.7315673828125,191.8132476806641,270.58154296875,191.8132476806641
135,8345,649,0,car,0.9272013902664183,634.83056640625,0.0,900.3412475585938,173.98512268066406,767.5859069824219,173.98512268066406,265.5106811523437,173.98512268066406
135,8346,649,0,car,0.9015605449676514,634.456298828125,0.0,894.3801879882812,156.7864990234375,764.4182434082031,156.7864990234375,259.92388916015625,156.7864990234375
135,8347,649,0,car,0.9084795713424684,633.98681640625,0.0,888.08642578125,143.3563690185547,761.03662109375,143.3563690185547,254.099609375,143.3563690185547
135,8348,649,0,car,0.9022167325019836,636.3165893554688,1.3332124948501587,883.0836181640625,127.22534942626952,759.7001037597656,127.22534942626952,246.7670288085937,125.89213693141936
135,8349,649,0,car,0.8972748517990112,638.8609619140625,0.5659502148628235,880.2219848632812,108.81947326660156,759.5414733886719,108.81947326660156,241.36102294921875,108.25352305173874
135,8350,649,0,car,0.879132091999054,640.37841796875,1.2720593214035034,877.951416015625,94.8759536743164,759.1649169921875,94.8759536743164,237.572998046875,93.6038943529129
135,8351,649,0,car,0.8714650869369507,641.525634765625,0.9159674644470216,873.2122192382812,71.7475814819336,757.3689270019531,71.7475814819336,231.68658447265625,70.83161401748657
135,8352,649,0,car,0.7938232421875,643.6024780273438,0.217383787035942,867.92626953125,59.91573333740234,755.7643737792969,59.91573333740234,224.32379150390625,59.6983495503664
136,8382,651,0,car,0.9263142943382264,1258.9654541015625,467.1924743652344,1839.1920166015625,1007.7991943359376,1549.0787353515625,1007.7991943359376,580.2265625,540.6067199707031
136,8383,651,0,car,0.932979702949524,1238.7921142578125,425.1770324707031,1786.4996337890625,942.8226928710938,1512.6458740234375,942.8226928710938,547.70751953125,517.6456604003906
136,8384,651,0,car,0.9391037225723268,1223.189697265625,384.440185546875,1740.9259033203125,875.4840698242188,1482.0578002929688,875.4840698242188,517.7362060546875,491.04388427734375
136,8385,651,0,car,0.9324975609779358,1210.0999755859375,348.734375,1698.89501953125,807.81640625,1454.4974975585938,807.81640625,488.7950439453125,459.08203125
136,8386,651,0,car,0.9438254237174988,1191.49853515625,310.9966125488281,1657.7515869140625,751.1173095703125,1424.6250610351562,751.1173095703125,466.2530517578125,440.1206970214844
136,8387,651,0,car,0.937581181526184,1175.743408203125,276.60577392578125,1623.4136962890625,690.7725830078125,1399.5785522460938,690.7725830078125,447.6702880859375,414.1668090820313
136,8388,651,0,car,0.9292548298835754,1164.2728271484375,248.47413635253903,1590.698974609375,642.4490356445312,1377.4859008789062,642.4490356445312,426.4261474609375,393.9748992919922
136,8389,651,0,car,0.9347765445709229,1151.68310546875,219.0871124267578,1557.8646240234375,591.0809326171875,1354.7738647460938,591.0809326171875,406.1815185546875,371.9938201904297
136,8390,651,0,car,0.9267306327819824,1139.806396484375,190.09426879882807,1531.1700439453125,547.9044189453125,1335.4882202148438,547.9044189453125,391.3636474609375,357.8101501464844
136,8391,651,0,car,0.9217410683631896,1128.5633544921875,161.76756286621094,1506.422119140625,507.04248046875,1317.4927368164062,507.04248046875,377.8587646484375,345.27491760253906
136,8392,651,0,car,0.9354764223098756,1119.9276123046875,135.97311401367188,1484.07275390625,467.615234375,1302.0001831054688,467.615234375,364.1451416015625,331.6421203613281
136,8393,651,0,car,0.9294016361236572,1109.7662353515625,110.39571380615234,1460.0223388671875,431.8847351074219,1284.894287109375,431.8847351074219,350.256103515625,321.4890213012696
136,8394,651,0,car,0.9208002090454102,1099.9793701171875,84.33777618408203,1441.2213134765625,395.116455078125,1270.600341796875,395.116455078125,341.241943359375,310.77867889404297
136,8395,651,0,car,0.931832194328308,1090.7838134765625,61.36740493774414,1419.0269775390625,361.10003662109375,1254.9053955078125,361.10003662109375,328.2431640625,299.7326316833496
136,8396,651,0,car,0.9297522902488708,1082.5704345703125,36.49794769287109,1400.0972900390625,331.14990234375,1241.3338623046875,331.14990234375,317.52685546875,294.6519546508789
136,8397,651,0,car,0.9298919439315796,1074.5426025390625,16.875009536743164,1381.06787109375,302.4446716308594,1227.8052368164062,302.4446716308594,306.5252685546875,285.5696620941162
136,8398,651,0,car,0.9234856963157654,1065.9300537109375,0.0,1363.5318603515625,272.7833557128906,1214.73095703125,272.7833557128906,297.601806640625,272.7833557128906
136,8399,651,0,car,0.92081218957901,1057.134033203125,0.0,1347.1395263671875,247.2288055419922,1202.1367797851562,247.2288055419922,290.0054931640625,247.2288055419922
136,8400,651,0,car,0.9241225719451904,1050.8404541015625,0.0,1330.5286865234375,221.87391662597656,1190.6845703125,221.87391662597656,279.688232421875,221.87391662597656
136,8401,651,0,car,0.9168306589126588,1042.2947998046875,0.0,1314.7474365234375,194.59646606445312,1178.5211181640625,194.59646606445312,272.45263671875,194.59646606445312
136,8402,651,0,car,0.9102927446365356,1035.5867919921875,0.0,1299.4974365234375,167.8053741455078,1167.5421142578125,167.8053741455078,263.91064453125,167.8053741455078
136,8403,651,0,car,0.9138532280921936,1027.6624755859375,0.0,1287.414794921875,146.63304138183594,1157.5386352539062,146.63304138183594,259.7523193359375,146.63304138183594
136,8404,651,0,car,0.9010862112045288,1021.5151977539062,0.0,1273.7484130859375,127.7895965576172,1147.631805419922,127.7895965576172,252.23321533203125,127.7895965576172
136,8405,651,0,car,0.8927151560783386,1014.4756469726562,0.0,1261.4332275390625,105.93682098388672,1137.9544372558594,105.93682098388672,246.95758056640625,105.93682098388672
136,8406,651,0,car,0.8734867572784424,1015.5040893554688,0.0,1248.207275390625,88.97093963623047,1131.8556823730469,88.97093963623047,232.70318603515625,88.97093963623047
136,8407,651,0,car,0.870603084564209,1022.7078247070312,0.8883220553398132,1238.0863037109375,69.21063232421875,1130.3970642089844,69.21063232421875,215.37847900390625,68.32231026887894
136,8408,651,0,car,0.893927812576294,1020.6103515625,0.46158167719841,1232.05908203125,51.15739059448242,1126.334716796875,51.15739059448242,211.44873046875,50.69580891728401
137,8393,652,0,car,0.943400740623474,677.9011840820312,488.7015380859375,1105.2608642578125,1028.9837646484375,891.5810241699219,1028.9837646484375,427.3596801757813,540.2822265625
137,8394,652,0,car,0.940729558467865,681.2721557617188,441.0040893554688,1084.966552734375,961.7180786132812,883.1193542480469,961.7180786132812,403.69439697265625,520.7139892578125
137,8395,652,0,car,0.9451335072517396,676.6751098632812,397.8020324707031,1066.3846435546875,889.8222045898438,871.5298767089844,889.8222045898438,389.7095336914063,492.0201721191406
137,8396,652,0,car,0.9486186504364014,677.6082153320312,360.0676574707031,1049.371337890625,819.048583984375,863.4897766113281,819.048583984375,371.76312255859375,458.9809265136719
137,8397,652,0,car,0.9504736661911012,673.0354614257812,318.9258728027344,1034.8641357421875,756.3229370117188,853.9497985839844,756.3229370117188,361.8286743164063,437.3970642089844
137,8398,652,0,car,0.9498366713523864,671.2173461914062,280.3204040527344,1024.31103515625,693.825439453125,847.7641906738281,693.825439453125,353.0936889648437,413.5050354003906
137,8399,652,0,car,0.924814224243164,676.235595703125,249.9678497314453,1012.4735107421876,641.0770874023438,844.3545532226562,641.0770874023438,336.2379150390625,391.1092376708984
137,8400,652,0,car,0.9150837063789368,674.7608032226562,216.70538330078125,1000.4827880859376,588.7931518554688,837.6217956542969,588.7931518554688,325.72198486328125,372.0877685546875
137,8401,652,0,car,0.9249210953712464,671.3856201171875,188.69195556640625,987.8101196289062,542.101806640625,829.5978698730469,542.101806640625,316.42449951171875,353.40985107421875
137,8402,652,0,car,0.9195815920829772,670.0772094726562,158.77793884277344,977.0606079101562,499.7748107910156,823.5689086914062,499.7748107910156,306.9833984375,340.9968719482422
137,8403,652,0,car,0.9326735734939576,670.1290893554688,130.65292358398438,968.1583251953124,458.4647521972656,819.1437072753906,458.4647521972656,298.0292358398437,327.81182861328125
137,8404,652,0,car,0.922320544719696,670.0386352539062,103.66870880126952,960.941650390625,418.9478759765625,815.4901428222656,418.9478759765625,290.90301513671875,315.27916717529297
137,8405,652,0,car,0.9217524528503418,665.781494140625,75.0147933959961,951.4267578125,383.6187133789063,808.6041259765625,383.6187133789063,285.645263671875,308.60391998291016
137,8406,652,0,car,0.9255653619766236,667.6815185546875,48.148136138916016,941.3757934570312,348.77520751953125,804.5286560058594,348.77520751953125,273.6942749023437,300.62707138061523
137,8407,652,0,car,0.9287278652191162,667.9166259765625,27.075294494628903,934.147705078125,315.6979064941406,801.0321655273438,315.6979064941406,266.2310791015625,288.6226119995117
137,8408,652,0,car,0.9272344708442688,669.0459594726562,5.329338073730469,927.390869140625,287.8796081542969,798.2184143066406,287.8796081542969,258.34490966796875,282.5502700805664
137,8409,652,0,car,0.9269940257072448,669.3714599609375,0.0,921.5503540039062,264.56451416015625,795.4609069824219,264.56451416015625,252.17889404296875,264.56451416015625
137,8410,652,0,car,0.9219452142715454,668.3601684570312,0.0,916.94482421875,238.25083923339844,792.6524963378906,238.25083923339844,248.58465576171875,238.25083923339844
137,8411,652,0,car,0.9211419820785522,669.6332397460938,0.0,910.4462280273438,213.2040405273437,790.0397338867188,213.2040405273437,240.81298828125,213.2040405273437
137,8412,652,0,car,0.9162802696228028,670.927001953125,0.0,905.61279296875,187.21334838867188,788.2698974609375,187.21334838867188,234.685791015625,187.21334838867188
137,8413,652,0,car,0.9135348796844482,671.5238037109375,0.0,899.8792114257812,163.60830688476562,785.7015075683594,163.60830688476562,228.3554077148437,163.60830688476562
137,8414,652,0,car,0.9020615816116332,672.425537109375,0.0,894.3248291015625,142.7690887451172,783.3751831054688,142.7690887451172,221.8992919921875,142.7690887451172
137,8415,652,0,car,0.9117002487182616,673.1246948242188,0.0,887.60400390625,118.75769805908205,780.3643493652344,118.75769805908205,214.47930908203125,118.75769805908205
137,8416,652,0,car,0.9054054617881776,672.1806640625,0.0,882.8834228515625,100.64634704589844,777.5320434570312,100.64634704589844,210.7027587890625,100.64634704589844
137,8417,652,0,car,0.9544019103050232,670.6994018554688,0.0,880.1195678710938,83.76100158691406,775.4094848632812,83.76100158691406,209.420166015625,83.76100158691406
137,8418,652,0,car,0.9284842014312744,670.67333984375,0.0,873.5615844726562,63.74577713012695,772.1174621582031,63.74577713012695,202.88824462890625,63.74577713012695
138,8463,656,0,car,0.9400327801704408,1.1778947114944458,466.4725036621094,438.3769836425781,1027.4927978515625,219.77743917703629,1027.4927978515625,437.1990889310837,561.0202941894531
138,8464,656,0,car,0.9367437958717346,0.5963262915611267,429.0591125488281,448.815673828125,973.6837158203124,224.70600005984303,973.6837158203124,448.2193475365639,544.6246032714844
138,8465,656,0,car,0.9310553669929504,2.16215181350708,390.4503784179688,451.7377624511719,906.9744262695312,226.94995713233948,906.9744262695312,449.5756106376648,516.5240478515625
138,8466,656,0,car,0.93241286277771,1.7038131952285769,356.0469665527344,451.1072998046875,850.6109008789062,226.40555649995804,850.6109008789062,449.4034866094589,494.5639343261719
138,8467,656,0,car,0.9407438039779664,14.198216438293455,317.4752502441406,451.1805114746094,791.34912109375,232.68936395645144,791.34912109375,436.9822950363159,473.8738708496094
138,8468,656,0,car,0.9369011521339417,32.85463333129883,288.3578186035156,451.1167602539063,738.015869140625,241.9856967926025,738.015869140625,418.2621269226074,449.6580505371094
138,8469,656,0,car,0.943091869354248,55.88378143310547,258.73992919921875,450.7956237792969,686.1093139648438,253.3397026062012,686.1093139648438,394.9118423461914,427.369384765625
138,8470,656,0,car,0.9086320996284484,76.00581359863281,226.7037048339844,455.4334411621094,638.5626220703125,265.7196273803711,638.5626220703125,379.42762756347656,411.8589172363281
138,8471,656,0,car,0.9365414977073668,94.14820098876952,199.0234222412109,459.6809692382813,591.1668090820312,276.9145851135254,591.1668090820312,365.5327682495117,392.1433868408203
138,8472,656,0,car,0.9184967875480652,112.24710083007812,171.14608764648438,476.3202819824219,551.0313110351562,294.28369140625,551.0313110351562,364.07318115234375,379.8852233886719
138,8473,656,0,car,0.9127213358879088,127.66666412353516,144.08932495117188,480.2700805664063,513.6083984375,303.9683723449707,513.6083984375,352.6034164428711,369.5190734863281
138,8474,656,0,car,0.910091757774353,144.3362579345703,119.43185424804688,484.7530517578125,477.031005859375,314.5446548461914,477.031005859375,340.4167938232422,357.5991516113281
138,8475,656,0,car,0.9021461009979248,159.572265625,98.7136459350586,487.291259765625,443.7449340820313,323.4317626953125,443.7449340820313,327.718994140625,345.03128814697266
138,8476,656,0,car,0.9179153442382812,171.66851806640625,74.48375701904297,488.60980224609375,409.8207092285156,330.13916015625,409.8207092285156,316.9412841796875,335.33695220947266
138,8477,656,0,car,0.9131024479866028,182.76882934570312,52.9803352355957,492.2833862304688,378.4727478027344,337.52610778808594,378.4727478027344,309.5145568847656,325.4924125671387
138,8478,656,0,car,0.9139292240142822,192.0908966064453,33.24909973144531,496.5108642578125,348.8858642578125,344.3008804321289,348.8858642578125,304.4199676513672,315.6367645263672
138,8479,656,0,car,0.9230940341949464,204.05084228515625,15.242182731628418,499.2617492675781,322.8885498046875,351.6562957763672,322.8885498046875,295.2109069824219,307.6463670730591
138,8480,656,0,car,0.9172095656394958,214.8999786376953,0.0,501.3288269042969,296.7211303710937,358.1144027709961,296.7211303710937,286.4288482666016,296.7211303710937
138,8481,656,0,car,0.928441286087036,224.1806640625,0.0,505.8726196289063,270.2452392578125,365.0266418457031,270.2452392578125,281.69195556640625,270.2452392578125
138,8482,656,0,car,0.9194881319999696,234.7847900390625,0.0,501.7969055175781,243.41387939453125,368.2908477783203,243.41387939453125,267.0121154785156,243.41387939453125
138,8483,656,0,car,0.9136669039726256,244.889877319336,0.0,502.54095458984375,220.5339508056641,373.7154159545898,220.5339508056641,257.6510772705078,220.5339508056641
138,8484,656,0,car,0.9209187030792236,253.1343231201172,0.0,505.5151977539063,196.84439086914065,379.3247604370117,196.84439086914065,252.38087463378903,196.84439086914065
138,8485,656,0,car,0.9190878868103028,262.140625,0.0,513.026611328125,173.48318481445312,387.5836181640625,173.48318481445312,250.885986328125,173.48318481445312
138,8486,656,0,car,0.9089066982269288,268.7543334960937,0.0,515.5228271484375,153.93072509765625,392.1385803222656,153.93072509765625,246.7684936523437,153.93072509765625
138,8487,656,0,car,0.9053678512573242,275.2025146484375,0.0,519.6188354492188,136.2721405029297,397.4106750488281,136.2721405029297,244.41632080078125,136.2721405029297
138,8488,656,0,car,0.8900156021118164,284.6871032714844,0.0,519.572998046875,114.5350112915039,402.1300506591797,114.5350112915039,234.88589477539065,114.5350112915039
138,8489,656,0,car,0.8893078565597534,286.84259033203125,0.0,520.943359375,97.14107513427734,403.8929748535156,97.14107513427734,234.10076904296875,97.14107513427734
138,8490,656,0,car,0.8635224103927612,293.3262939453125,0.7762226462364197,520.3595581054688,79.68634033203125,406.8429260253906,79.68634033203125,227.03326416015625,78.91011768579483
138,8491,656,0,car,0.8255119323730469,302.190185546875,1.6808242797851562,521.194091796875,59.38338851928711,411.692138671875,59.38338851928711,219.00390625,57.70256423950195
139,8470,658,0,car,0.9436366558074952,700.8760986328125,445.6948852539063,1189.0875244140625,1043.017578125,944.9818115234376,1043.017578125,488.21142578125,597.3226928710938
139,8471,658,0,car,0.9452366828918456,697.2235107421875,409.6460571289063,1168.619873046875,985.1210327148438,932.9216918945312,985.1210327148438,471.3963623046875,575.4749755859375
139,8472,658,0,car,0.9462067484855652,696.511962890625,374.8427734375,1150.876220703125,919.3231201171876,923.694091796875,919.3231201171876,454.3642578125,544.4803466796875
139,8473,658,0,car,0.9422702193260192,696.2158203125,345.1583557128906,1133.88623046875,858.8041381835938,915.051025390625,858.8041381835938,437.67041015625,513.6457824707031
139,8474,658,0,car,0.9433671832084656,696.2440185546875,312.0115661621094,1116.8770751953125,797.6678466796875,906.560546875,797.6678466796875,420.633056640625,485.6562805175781
139,8475,658,0,car,0.9296881556510924,698.7664184570312,283.8041076660156,1095.1683349609375,749.2152099609375,896.9673767089844,749.2152099609375,396.4019165039063,465.4111022949219
139,8476,658,0,car,0.9402036666870116,697.2996826171875,259.22735595703125,1081.6832275390625,694.7835083007812,889.491455078125,694.7835083007812,384.383544921875,435.55615234375
139,8477,658,0,car,0.9391704201698304,693.7651977539062,233.46836853027344,1067.7987060546875,649.0147705078125,880.7819519042969,649.0147705078125,374.0335083007813,415.5464019775391
139,8478,658,0,car,0.9333463311195374,689.2369995117188,207.0806121826172,1056.2489013671875,598.7218627929688,872.7429504394531,598.7218627929688,367.0119018554688,391.6412506103516
139,8479,658,0,car,0.934783101081848,689.172119140625,185.331787109375,1044.291015625,560.9570922851562,866.7315673828125,560.9570922851562,355.118896484375,375.6253051757813
139,8480,658,0,car,0.913353145122528,684.8428955078125,165.3427734375,1036.3050537109375,524.1973876953125,860.573974609375,524.1973876953125,351.462158203125,358.8546142578125
139,8481,658,0,car,0.9184419512748718,681.718994140625,140.7360382080078,1024.7718505859375,488.224609375,853.2454223632812,488.224609375,343.0528564453125,347.4885711669922
139,8482,658,0,car,0.923401951789856,681.6568603515625,117.95201110839844,1016.1170043945312,455.5359497070313,848.8869323730469,455.5359497070313,334.46014404296875,337.5839385986328
139,8483,658,0,car,0.9240339994430542,680.958984375,98.25523376464844,1010.1561279296876,424.90185546875,845.5575561523438,424.90185546875,329.1971435546875,326.6466217041016
139,8484,658,0,car,0.9209274053573608,682.9500122070312,74.07154846191406,1000.9032592773438,392.93994140625,841.9266357421875,392.93994140625,317.9532470703125,318.86839294433594
139,8485,658,0,car,0.927853524684906,682.8657836914062,50.966007232666016,988.7218017578124,362.9312744140625,835.7937927246094,362.9312744140625,305.85601806640625,311.9652671813965
139,8486,658,0,car,0.9219236373901368,680.1061401367188,28.94993782043457,979.6786499023438,334.3085632324219,829.8923950195312,334.3085632324219,299.572509765625,305.3586254119873
139,8487,658,0,car,0.9292330741882324,677.9074096679688,9.711370468139648,973.6554565429688,309.8260192871094,825.7814331054688,309.8260192871094,295.748046875,300.1146488189697
139,8488,658,0,car,0.9287773966789246,677.4454956054688,3.249533176422119,967.7400512695312,290.3847045898437,822.5927734375,290.3847045898437,290.2945556640625,287.13517141342163
139,8489,658,0,car,0.9152300953865052,676.4651489257812,0.0,964.4700927734376,269.7974853515625,820.4676208496094,269.7974853515625,288.00494384765625,269.7974853515625
139,8490,658,0,car,0.9150212407112122,678.1046752929688,0.0,959.0350341796876,245.4985809326172,818.5698547363281,245.4985809326172,280.93035888671875,245.4985809326172
139,8491,658,0,car,0.9190531373023988,677.54443359375,0.0,948.9674072265624,221.0165100097656,813.2559204101562,221.0165100097656,271.4229736328125,221.0165100097656
139,8492,658,0,car,0.926259994506836,678.8819580078125,0.0,942.4710693359376,198.9576568603516,810.676513671875,198.9576568603516,263.589111328125,198.9576568603516
139,8493,658,0,car,0.9291061758995056,678.3529663085938,0.0,938.400634765625,174.56295776367188,808.3768005371094,174.56295776367188,260.04766845703125,174.56295776367188
139,8494,658,0,car,0.9101701974868774,680.9148559570312,0.0,931.8516845703124,157.0907440185547,806.3832702636719,157.0907440185547,250.93682861328125,157.0907440185547
139,8495,658,0,car,0.9017918705940248,680.5379638671875,0.0,925.766845703125,140.27188110351562,803.1524047851562,140.27188110351562,245.2288818359375,140.27188110351562
139,8496,658,0,car,0.8873083591461182,679.1978759765625,0.0,921.62353515625,120.2412338256836,800.4107055664062,120.2412338256836,242.4256591796875,120.2412338256836
139,8497,658,0,car,0.8736324906349182,680.8197021484375,0.2893855571746826,918.9849243164062,105.40943908691406,799.9023132324219,105.40943908691406,238.16522216796875,105.12005352973938
139,8498,658,0,car,0.8622462749481201,682.2385864257812,0.0,913.9208374023438,92.63166809082033,798.0797119140625,92.63166809082033,231.6822509765625,92.63166809082033
139,8499,658,0,car,0.854954183101654,682.7040405273438,1.6320658922195437,908.97998046875,76.93055725097656,795.8420104980469,76.93055725097656,226.27593994140625,75.29849135875702
139,8500,658,0,car,0.8071340322494507,682.697998046875,2.272855758666992,904.0791015625,59.95608901977539,793.3885498046875,59.95608901977539,221.381103515625,57.6832332611084
140,8490,662,0,car,0.918707013130188,1323.8951416015625,451.9740295410156,1920.0,1000.8595581054688,1621.9475708007812,1000.8595581054688,596.1048583984375,548.8855285644531
140,8491,662,0,car,0.92386794090271,1303.256591796875,422.3701171875,1916.7747802734373,936.54833984375,1610.0156860351562,936.54833984375,613.5181884765625,514.17822265625
140,8492,662,0,car,0.9129123091697692,1285.533447265625,383.2059631347656,1916.5142822265625,876.7579345703125,1601.0238647460938,876.7579345703125,630.9808349609375,493.5519714355469
140,8493,662,0,car,0.931893825531006,1269.1749267578125,349.1169128417969,1884.510986328125,817.6992797851562,1576.8429565429688,817.6992797851562,615.3360595703125,468.5823669433594
140,8494,662,0,car,0.922635555267334,1254.9393310546875,306.4606628417969,1848.7113037109373,769.466064453125,1551.8253173828125,769.466064453125,593.77197265625,463.0054016113281
140,8495,662,0,car,0.9254773259162904,1241.90283203125,277.7704772949219,1811.3597412109373,717.072265625,1526.6312866210938,717.072265625,569.4569091796875,439.3017883300781
140,8496,662,0,car,0.933862328529358,1231.5128173828125,251.7056121826172,1765.763671875,667.6404418945312,1498.6382446289062,667.6404418945312,534.2508544921875,415.93482971191406
140,8497,662,0,car,0.9352725148200988,1214.9564208984375,226.1433868408203,1732.392822265625,618.0667114257812,1473.6746215820312,618.0667114257812,517.4364013671875,391.92332458496094
140,8498,662,0,car,0.943241000175476,1203.476806640625,197.5127410888672,1705.578125,573.8513793945312,1454.5274658203125,573.8513793945312,502.101318359375,376.33863830566406
140,8499,662,0,car,0.9370795488357544,1187.08544921875,169.23326110839844,1671.2852783203125,534.6155395507812,1429.1853637695312,534.6155395507812,484.1998291015625,365.3822784423828
140,8500,662,0,car,0.9350648522377014,1174.7281494140625,146.6759490966797,1642.6365966796875,494.0209045410156,1408.682373046875,494.0209045410156,467.908447265625,347.34495544433594
140,8501,662,0,car,0.9394335746765136,1165.719482421875,120.6211929321289,1619.143798828125,460.2820739746094,1392.431640625,460.2820739746094,453.42431640625,339.66088104248047
140,8502,662,0,car,0.8528922200202942,1156.4642333984375,97.2314453125,1590.6964111328125,424.084716796875,1373.580322265625,424.084716796875,434.232177734375,326.853271484375
140,8503,662,0,car,0.8022811412811279,1144.7689208984375,78.16553497314453,1561.6973876953125,392.3255615234375,1353.233154296875,392.3255615234375,416.928466796875,314.16002655029297
140,8504,662,0,car,0.9232203364372252,1135.064453125,55.42008590698242,1541.9732666015625,368.9753112792969,1338.5188598632812,368.9753112792969,406.9088134765625,313.55522537231445
140,8505,662,0,car,0.9204710721969604,1127.7318115234375,35.229671478271484,1523.9185791015625,337.2760925292969,1325.8251953125,337.2760925292969,396.186767578125,302.0464210510254
140,8506,662,0,car,0.9120648503303528,1119.164794921875,13.001531600952148,1503.583251953125,310.4333801269531,1311.3740234375,310.4333801269531,384.41845703125,297.431848526001
140,8507,662,0,car,0.9200603365898132,1106.7431640625,0.0,1485.192138671875,284.3197631835937,1295.9676513671875,284.3197631835937,378.448974609375,284.3197631835937
140,8508,662,0,car,0.9274351000785828,1098.3602294921875,0.0,1465.7149658203125,266.4992370605469,1282.03759765625,266.4992370605469,367.354736328125,266.4992370605469
140,8509,662,0,car,0.9158926010131836,1089.611083984375,0.0,1447.6201171875,243.11080932617188,1268.6156005859375,243.11080932617188,358.009033203125,243.11080932617188
140,8510,662,0,car,0.9055950045585632,1080.523193359375,0.0,1428.1748046875,223.79693603515625,1254.3489990234375,223.79693603515625,347.651611328125,223.79693603515625
140,8511,662,0,car,0.9073689579963684,1074.216552734375,0.0,1409.8836669921875,201.8815460205078,1242.0501098632812,201.8815460205078,335.6671142578125,201.8815460205078
140,8512,662,0,car,0.9119939804077148,1071.8709716796875,0.0,1393.658447265625,180.9395904541016,1232.7647094726562,180.9395904541016,321.7874755859375,180.9395904541016
140,8513,662,0,car,0.9020671248435974,1067.0467529296875,0.0,1379.3275146484375,163.11349487304688,1223.1871337890625,163.11349487304688,312.28076171875,163.11349487304688
140,8514,662,0,car,0.8970102071762085,1056.97216796875,0.0,1364.3140869140625,146.1212921142578,1210.6431274414062,146.1212921142578,307.3419189453125,146.1212921142578
140,8515,662,0,car,0.8874228596687317,1049.346923828125,0.0,1350.3258056640625,125.63089752197266,1199.8363647460938,125.63089752197266,300.9788818359375,125.63089752197266
140,8516,662,0,car,0.8880389928817749,1052.068359375,0.8401021361351013,1338.059326171875,108.33853149414062,1195.0638427734375,108.33853149414062,285.990966796875,107.49842935800552
140,8517,662,0,car,0.854520320892334,1058.621337890625,0.8468558192253113,1324.41162109375,93.20458221435548,1191.5164794921875,93.20458221435548,265.790283203125,92.35772639513016
140,8518,662,0,car,0.7666382789611816,1064.119384765625,0.2178612053394317,1308.29638671875,67.35887145996094,1186.2078857421875,67.35887145996094,244.177001953125,67.1410102546215
140,8519,662,0,car,0.5509587526321411,1065.98974609375,0.0,1295.151123046875,50.868614196777344,1180.5704345703125,50.868614196777344,229.161376953125,50.868614196777344
141,8521,664,0,car,0.9304737448692322,1267.406005859375,408.1412048339844,1919.8367919921875,1022.6154174804688,1593.6213989257812,1022.6154174804688,652.4307861328125,614.4742126464844
141,8522,664,0,car,0.928529977798462,1242.7659912109375,366.91217041015625,1905.59228515625,960.01025390625,1574.1791381835938,960.01025390625,662.8262939453125,593.0980834960938
141,8523,664,0,car,0.9430805444717408,1225.748779296875,327.04132080078125,1872.79296875,896.3189697265625,1549.2708740234375,896.3189697265625,647.044189453125,569.2776489257812
141,8524,664,0,car,0.9263797998428344,1208.212158203125,279.1068115234375,1828.1578369140625,833.9501342773438,1518.1849975585938,833.9501342773438,619.9456787109375,554.8433227539062
141,8525,664,0,car,0.9376744031906128,1197.43896484375,252.149642944336,1783.5433349609375,778.5656127929688,1490.4911499023438,778.5656127929688,586.1043701171875,526.4159698486328
141,8526,664,0,car,0.9359530210494996,1180.26416015625,223.0552978515625,1740.901123046875,725.8338623046875,1460.5826416015625,725.8338623046875,560.636962890625,502.778564453125
141,8527,664,0,car,0.9370381236076356,1168.82373046875,187.000732421875,1708.4925537109375,675.3360595703125,1438.6581420898438,675.3360595703125,539.6688232421875,488.3353271484375
141,8528,664,0,car,0.9315396547317504,1160.98486328125,161.3323974609375,1668.760009765625,632.0471801757812,1414.8724365234375,632.0471801757812,507.775146484375,470.71478271484375
141,8529,664,0,car,0.9292435646057128,1149.725341796875,131.68728637695312,1635.9874267578125,583.0445556640625,1392.8563842773438,583.0445556640625,486.2620849609375,451.3572692871094
141,8530,664,0,car,0.9250805377960204,1135.5845947265625,101.2368621826172,1605.0687255859375,542.1382446289062,1370.32666015625,542.1382446289062,469.484130859375,440.90138244628906
141,8531,664,0,car,0.91593337059021,1125.4306640625,76.56517791748047,1571.6033935546875,497.9005737304688,1348.5170288085938,497.9005737304688,446.1727294921875,421.3353958129883
141,8532,664,0,car,0.923301100730896,1118.9444580078125,52.3463134765625,1543.6829833984375,460.97845458984375,1331.313720703125,460.97845458984375,424.738525390625,408.6321411132813
141,8533,664,0,car,0.9296679496765136,1108.0059814453125,28.27587127685547,1520.322509765625,432.8028869628906,1314.1642456054688,432.8028869628906,412.3165283203125,404.5270156860352
141,8534,664,0,car,0.8865699768066406,1098.2886962890625,4.461548805236816,1498.005126953125,393.92523193359375,1298.1469116210938,393.92523193359375,399.7164306640625,389.4636831283569
141,8535,664,0,car,0.888407289981842,1087.01220703125,0.0,1477.78759765625,364.3343811035156,1282.39990234375,364.3343811035156,390.775390625,364.3343811035156
141,8536,664,0,car,0.8650886416435242,1076.235595703125,0.0,1457.361328125,336.15087890625,1266.7984619140625,336.15087890625,381.125732421875,336.15087890625
141,8537,664,0,car,0.8936677575111389,1070.0142822265625,0.0,1436.7744140625,306.5164794921875,1253.3943481445312,306.5164794921875,366.7601318359375,306.5164794921875
141,8538,664,0,car,0.910511076450348,1063.0743408203125,0.0,1414.533203125,279.4412841796875,1238.8037719726562,279.4412841796875,351.4588623046875,279.4412841796875
141,8539,664,0,car,0.9109585285186768,1054.68603515625,0.0,1397.09814453125,261.448974609375,1225.89208984375,261.448974609375,342.412109375,261.448974609375
141,8540,664,0,car,0.9001724720001221,1048.609619140625,0.0,1379.540283203125,236.64370727539065,1214.074951171875,236.64370727539065,330.9306640625,236.64370727539065
141,8541,664,0,car,0.896495521068573,1042.079345703125,0.0,1360.772705078125,210.65060424804688,1201.426025390625,210.65060424804688,318.693359375,210.65060424804688
141,8542,664,0,car,0.9070267677307128,1036.5479736328125,0.0,1344.4857177734375,188.29714965820312,1190.516845703125,188.29714965820312,307.937744140625,188.29714965820312
141,8543,664,0,car,0.9062225818634032,1030.38720703125,0.0,1330.3541259765625,165.6705780029297,1180.3706665039062,165.6705780029297,299.9669189453125,165.6705780029297
141,8544,664,0,car,0.8959475159645081,1019.8160400390624,0.0,1315.6690673828125,148.2948455810547,1167.7425537109375,148.2948455810547,295.85302734375,148.2948455810547
141,8545,664,0,car,0.8954994082450867,1012.219482421875,0.4402727484703064,1304.3277587890625,130.5890350341797,1158.2736206054688,130.5890350341797,292.1082763671875,130.14876228570938
141,8546,664,0,car,0.8836856484413147,1004.3519287109376,0.8577938675880432,1288.500244140625,109.07238006591795,1146.4260864257812,109.07238006591795,284.1483154296875,108.21458619832993
141,8547,664,0,car,0.8687049746513367,1008.3219604492188,2.474246025085449,1275.887939453125,94.24649047851562,1142.104949951172,94.24649047851562,267.56597900390625,91.77224445343018
141,8548,664,0,car,0.8629435896873474,1016.1000366210938,2.8575382232666016,1263.02197265625,80.0114517211914,1139.561004638672,80.0114517211914,246.92193603515625,77.1539134979248
141,8549,664,0,car,0.8783900141716003,1015.7658081054688,0.7067880034446716,1252.300537109375,66.70484924316406,1134.033172607422,66.70484924316406,236.53472900390625,65.99806123971939
142,8528,666,0,car,0.923171043395996,603.776123046875,440.5478820800781,1062.9658203125,959.698486328125,833.3709716796875,959.698486328125,459.189697265625,519.1506042480469
142,8529,666,0,car,0.9417086839675904,609.7109375,395.7809448242188,1045.226318359375,908.483642578125,827.4686279296875,908.483642578125,435.515380859375,512.7026977539062
142,8530,666,0,car,0.9353911876678468,606.8430786132812,359.1590576171875,1031.5849609375,835.37646484375,819.2140197753906,835.37646484375,424.7418823242188,476.2174072265625
142,8531,666,0,car,0.9459214210510254,611.08935546875,318.0013427734375,1019.361083984375,783.331787109375,815.2252197265625,783.331787109375,408.271728515625,465.3304443359375
142,8532,666,0,car,0.940111756324768,611.8094482421875,284.46044921875,1005.9920654296876,733.9332885742188,808.9007568359375,733.9332885742188,394.1826171875,449.4728393554688
142,8533,666,0,car,0.9357905387878418,612.7911376953125,255.0564422607422,994.1185913085938,680.3294677734375,803.4548645019531,680.3294677734375,381.3274536132813,425.2730255126953
142,8534,666,0,car,0.931956946849823,615.8430786132812,217.97442626953125,982.3770751953124,629.3841552734375,799.1100769042969,629.3841552734375,366.5339965820313,411.4097290039063
142,8535,666,0,car,0.9398881793022156,615.9212036132812,188.5336761474609,973.8433837890624,578.3180541992188,794.8822937011719,578.3180541992188,357.92218017578125,389.7843780517578
142,8536,666,0,car,0.9348849058151244,616.0634765625,163.76824951171875,965.7838745117188,539.5421142578125,790.9236755371094,539.5421142578125,349.72039794921875,375.77386474609375
142,8537,666,0,car,0.9210688471794128,619.2293701171875,136.20120239257812,956.1627807617188,505.2173767089844,787.6960754394531,505.2173767089844,336.93341064453125,369.0161743164063
142,8538,666,0,car,0.9242995381355286,620.7855224609375,111.02350616455078,948.2963256835938,464.4639892578125,784.5409240722656,464.4639892578125,327.51080322265625,353.4404830932617
142,8539,666,0,car,0.936287522315979,624.1806640625,81.42803192138672,941.4442749023438,428.7467041015625,782.8124694824219,428.7467041015625,317.2636108398437,347.3186721801758
142,8540,666,0,car,0.929197371006012,624.3281860351562,59.87005615234375,934.5640869140624,392.3972473144531,779.4461364746094,392.3972473144531,310.23590087890625,332.5271911621094
142,8541,666,0,car,0.9337365627288818,626.8551635742188,37.02534103393555,928.8681640625,358.9514465332031,777.8616638183594,358.9514465332031,302.01300048828125,321.9261054992676
142,8542,666,0,car,0.9250742793083192,627.284423828125,10.36112117767334,921.189453125,332.40264892578125,774.2369384765625,332.40264892578125,293.905029296875,322.0415277481079
142,8543,666,0,car,0.932780623435974,628.3157958984375,2.505275249481201,916.2026977539062,308.75360107421875,772.2592468261719,308.75360107421875,287.88690185546875,306.24832582473755
142,8544,666,0,car,0.9274024367332458,627.4335327148438,0.0,907.5350341796876,280.9613342285156,767.4842834472656,280.9613342285156,280.1015014648437,280.9613342285156
142,8545,666,0,car,0.9274897575378418,628.6995849609375,0.0,900.509765625,255.7505798339844,764.6046752929688,255.7505798339844,271.8101806640625,255.7505798339844
142,8546,666,0,car,0.924255669116974,627.2665405273438,0.0,895.5980224609375,229.15969848632807,761.4322814941406,229.15969848632807,268.3314819335937,229.15969848632807
142,8547,666,0,car,0.9243190884590148,627.6867065429688,0.0,891.5785522460938,206.25506591796875,759.6326293945312,206.25506591796875,263.891845703125,206.25506591796875
142,8548,666,0,car,0.9367012977600098,628.64306640625,0.0,889.1166381835938,182.1558532714844,758.8798522949219,182.1558532714844,260.4735717773437,182.1558532714844
142,8549,666,0,car,0.9209169149398804,633.8495483398438,0.0,883.91552734375,162.51451110839844,758.8825378417969,162.51451110839844,250.06597900390625,162.51451110839844
142,8550,666,0,car,0.9126827120780944,634.4758911132812,0.0,877.9061279296875,142.38941955566406,756.1910095214844,142.38941955566406,243.43023681640625,142.38941955566406
142,8551,666,0,car,0.9176956415176392,636.2138671875,0.0,873.6109008789062,120.7987823486328,754.9123840332031,120.7987823486328,237.39703369140625,120.7987823486328
142,8552,666,0,car,0.8845627903938293,639.0980834960938,0.0,868.43505859375,101.65995025634766,753.7665710449219,101.65995025634766,229.33697509765625,101.65995025634766
142,8553,666,0,car,0.857440173625946,641.9529418945312,0.2597235739231109,865.0938720703125,82.55167388916016,753.5234069824219,82.55167388916016,223.14093017578125,82.29195031523705
142,8554,666,0,car,0.5227497816085815,644.7372436523438,0.0,858.4330444335938,55.63139343261719,751.5851440429688,55.63139343261719,213.69580078125,55.63139343261719
143,8549,668,0,car,0.9379462003707886,1225.6708984375,479.2398681640625,1834.7733154296875,1025.4556884765625,1530.2221069335938,1025.4556884765625,609.1024169921875,546.2158203125
143,8550,668,0,car,0.9355298280715942,1211.745361328125,440.9557495117188,1790.259033203125,962.1199951171876,1501.002197265625,962.1199951171876,578.513671875,521.1642456054688
143,8551,668,0,car,0.9410104155540466,1196.2696533203125,401.9131774902344,1747.0631103515625,898.6843872070312,1471.6663818359375,898.6843872070312,550.79345703125,496.7712097167969
143,8552,668,0,car,0.92901873588562,1183.0814208984375,365.9687194824219,1706.5458984375,841.8170166015625,1444.8136596679688,841.8170166015625,523.4644775390625,475.8482971191406
143,8553,668,0,car,0.9319047927856444,1167.03369140625,330.836669921875,1666.4385986328125,784.7303466796875,1416.7361450195312,784.7303466796875,499.4049072265625,453.8936767578125
143,8554,668,0,car,0.9400020241737366,1155.5096435546875,295.53961181640625,1633.423095703125,734.4292602539062,1394.4663696289062,734.4292602539062,477.9134521484375,438.8896484375
143,8555,668,0,car,0.9253140091896056,1141.5623779296875,265.9086303710937,1599.957275390625,683.5075073242188,1370.7598266601562,683.5075073242188,458.3948974609375,417.598876953125
143,8556,668,0,car,0.9280366897583008,1132.40283203125,232.8538818359375,1565.6983642578125,635.3373413085938,1349.0505981445312,635.3373413085938,433.2955322265625,402.48345947265625
143,8557,668,0,car,0.9308905005455016,1121.1510009765625,203.9649810791016,1537.0189208984375,588.0211791992188,1329.0849609375,588.0211791992188,415.867919921875,384.0561981201172
143,8558,668,0,car,0.8862841725349426,1108.8369140625,178.8740997314453,1512.068115234375,549.5139770507812,1310.4525146484375,549.5139770507812,403.231201171875,370.639877319336
143,8559,668,0,car,0.922149658203125,1098.211181640625,152.50987243652344,1488.85302734375,513.0601196289062,1293.5321044921875,513.0601196289062,390.641845703125,360.5502471923828
143,8560,668,0,car,0.9280616044998168,1086.0068359375,127.1916961669922,1465.9471435546875,475.2849731445313,1275.9769897460938,475.2849731445313,379.9403076171875,348.09327697753906
143,8561,668,0,car,0.9145168662071228,1077.1761474609375,102.69351196289062,1444.4747314453125,439.98187255859375,1260.825439453125,439.98187255859375,367.298583984375,337.2883605957031
143,8562,668,0,car,0.923218309879303,1067.9307861328125,81.9378662109375,1424.7264404296875,407.60357666015625,1246.32861328125,407.60357666015625,356.795654296875,325.66571044921875
143,8563,668,0,car,0.9288684129714966,1062.087158203125,58.07835006713867,1405.6702880859375,375.54248046875,1233.8787231445312,375.54248046875,343.5831298828125,317.4641304016113
143,8564,668,0,car,0.9202700853347778,1052.58349609375,33.73981857299805,1387.850830078125,347.504638671875,1220.2171630859375,347.504638671875,335.267333984375,313.7648200988769
143,8565,668,0,car,0.9280045628547668,1044.2484130859375,16.498796463012695,1370.21826171875,318.8300170898437,1207.2333374023438,318.8300170898437,325.9698486328125,302.33122062683105
143,8566,668,0,car,0.924630045890808,1038.656005859375,0.0,1352.4984130859375,289.3836364746094,1195.5772094726562,289.3836364746094,313.8424072265625,289.3836364746094
143,8567,668,0,car,0.9177477359771729,1029.94189453125,0.0,1335.1680908203125,271.4853515625,1182.5549926757812,271.4853515625,305.2261962890625,271.4853515625
143,8568,668,0,car,0.9274366497993468,1021.4775390625,0.0,1320.3878173828125,249.0876922607422,1170.9326782226562,249.0876922607422,298.9102783203125,249.0876922607422
143,8569,668,0,car,0.917384922504425,1016.1690063476562,0.0,1308.177490234375,225.89547729492188,1162.1732482910156,225.89547729492188,292.00848388671875,225.89547729492188
143,8570,668,0,car,0.907072365283966,1009.4244995117188,0.0,1293.448486328125,202.48927307128903,1151.436492919922,202.48927307128903,284.02398681640625,202.48927307128903
143,8571,668,0,car,0.918598473072052,1005.3351440429688,0.0,1279.7730712890625,177.99920654296875,1142.5541076660156,177.99920654296875,274.4379272460937,177.99920654296875
143,8572,668,0,car,0.9073668122291564,1001.33935546875,0.0,1266.307373046875,159.66062927246094,1133.8233642578125,159.66062927246094,264.968017578125,159.66062927246094
143,8573,668,0,car,0.9024229645729064,990.7847290039062,0.0,1257.1077880859375,142.66696166992188,1123.946258544922,142.66696166992188,266.32305908203125,142.66696166992188
143,8574,668,0,car,0.8934357762336731,983.3927001953124,0.0,1244.3118896484375,121.2983856201172,1113.852294921875,121.2983856201172,260.919189453125,121.2983856201172
143,8575,668,0,car,0.8842662572860718,980.4061889648438,0.0,1233.7979736328125,100.4393081665039,1107.102081298828,100.4393081665039,253.39178466796875,100.4393081665039
143,8576,668,0,car,0.8619861602783203,986.0709838867188,0.5930443406105042,1222.359619140625,87.49737548828125,1104.215301513672,87.49737548828125,236.28863525390625,86.90433114767075
143,8577,668,0,car,0.7865184545516968,988.8331909179688,0.4125267565250397,1207.676513671875,66.64759063720703,1098.254852294922,66.64759063720703,218.84332275390625,66.23506388068199
144,8552,669,0,car,0.9439012408256532,612.1737670898438,452.607666015625,1096.6529541015625,1035.305419921875,854.4133605957031,1035.305419921875,484.4791870117188,582.69775390625
144,8553,669,0,car,0.9367863535881042,614.0926513671875,416.0715637207031,1075.964111328125,974.921630859375,845.0283813476562,974.921630859375,461.8714599609375,558.8500671386719
144,8554,669,0,car,0.9387919902801514,613.9007568359375,377.41357421875,1060.296142578125,907.3182373046876,837.0984497070312,907.3182373046876,446.3953857421875,529.9046630859375
144,8555,669,0,car,0.9355745315551758,616.9767456054688,341.7274169921875,1049.1046142578125,848.1602783203125,833.0406799316406,848.1602783203125,432.12786865234375,506.432861328125
144,8556,669,0,car,0.9464690089225768,618.0513916015625,299.3691101074219,1033.8646240234375,786.7221069335938,825.9580078125,786.7221069335938,415.813232421875,487.3529968261719
144,8557,669,0,car,0.9373223781585692,617.5750732421875,273.6324768066406,1020.7030029296876,732.9324951171875,819.1390380859375,732.9324951171875,403.1279296875,459.3000183105469
144,8558,669,0,car,0.9331831336021424,618.8965454101562,243.1742706298828,1011.5591430664062,680.7391357421875,815.2278442382812,680.7391357421875,392.66259765625,437.5648651123047
144,8559,669,0,car,0.933312177658081,618.1155395507812,210.9702911376953,997.8673095703124,635.883544921875,807.9914245605469,635.883544921875,379.7517700195313,424.9132537841797
144,8560,669,0,car,0.9429848194122314,617.8345336914062,186.65701293945312,987.096923828125,587.3999633789062,802.4657287597656,587.3999633789062,369.2623901367188,400.7429504394531
144,8561,669,0,car,0.9116761088371276,618.1100463867188,159.877197265625,979.1908569335938,546.725830078125,798.6504516601562,546.725830078125,361.080810546875,386.8486328125
144,8562,669,0,car,0.9357270002365112,618.2269897460938,135.96730041503906,972.1951293945312,508.3248291015625,795.2110595703125,508.3248291015625,353.9681396484375,372.3575286865234
144,8563,669,0,car,0.9334793090820312,620.2943115234375,112.14319610595705,963.9891967773438,469.9393310546875,792.1417541503906,469.9393310546875,343.69488525390625,357.79613494873047
144,8564,669,0,car,0.9353598952293396,621.548095703125,91.38406372070312,956.1444091796876,434.5047912597656,788.8462524414062,434.5047912597656,334.5963134765625,343.1207275390625
144,8565,669,0,car,0.9240235090255736,623.4437255859375,65.0654296875,949.2753295898438,403.2326049804688,786.3595275878906,403.2326049804688,325.83160400390625,338.16717529296875
144,8566,669,0,car,0.9331863522529602,624.998779296875,39.93113327026367,940.71240234375,371.0210876464844,782.8555908203125,371.0210876464844,315.713623046875,331.0899543762207
144,8567,669,0,car,0.9257186651229858,624.586669921875,18.67335319519043,932.4164428710938,340.8077087402344,778.5015563964844,340.8077087402344,307.82977294921875,322.13435554504395
144,8568,669,0,car,0.9383103251457214,624.4548950195312,0.6523425579071045,926.2478637695312,315.502685546875,775.3513793945312,315.502685546875,301.79296875,314.8503429889679
144,8569,669,0,car,0.9334365725517272,626.3575439453125,0.0,920.5056762695312,293.9560852050781,773.4316101074219,293.9560852050781,294.14813232421875,293.9560852050781
144,8570,669,0,car,0.9254919290542604,627.5789184570312,0.0,917.1477661132812,269.8373413085937,772.3633422851562,269.8373413085937,289.56884765625,269.8373413085937
144,8571,669,0,car,0.9226388931274414,627.7979736328125,0.0,911.44482421875,243.50070190429688,769.6213989257812,243.50070190429688,283.6468505859375,243.50070190429688
144,8572,669,0,car,0.9238762855529784,627.9901733398438,0.0,904.3775024414062,220.7828369140625,766.183837890625,220.7828369140625,276.3873291015625,220.7828369140625
144,8573,669,0,car,0.9321408867836,627.699951171875,0.0,898.0205688476562,196.2449188232422,762.8602600097656,196.2449188232422,270.32061767578125,196.2449188232422
144,8574,669,0,car,0.9278774857521056,628.0560913085938,0.0,894.4317016601562,176.16278076171875,761.243896484375,176.16278076171875,266.3756103515625,176.16278076171875
144,8575,669,0,car,0.9208367466926576,629.5419311523438,0.0,888.9266967773438,159.92059326171875,759.2343139648438,159.92059326171875,259.384765625,159.92059326171875
144,8576,669,0,car,0.9125261902809144,630.7340698242188,0.0,883.4035034179688,141.56039428710938,757.0687866210938,141.56039428710938,252.66943359375,141.56039428710938
144,8577,669,0,car,0.9103336334228516,633.9224853515625,0.3677890002727508,878.5591430664062,123.39427185058594,756.2408142089844,123.39427185058594,244.6366577148437,123.0264828503132
144,8578,669,0,car,0.9011229872703552,635.3385620117188,0.0,875.5006713867188,104.95310974121094,755.4196166992188,104.95310974121094,240.162109375,104.95310974121094
144,8579,669,0,car,0.8677107691764832,638.962158203125,0.9993187189102172,873.2468872070312,90.95075225830078,756.1045227050781,90.95075225830078,234.28472900390625,89.95143353939056
144,8580,669,0,car,0.8440845608711243,641.4390869140625,0.0,870.1359252929688,67.31851959228516,755.7875061035156,67.31851959228516,228.69683837890625,67.31851959228516
144,8581,669,0,car,0.680923581123352,642.870849609375,0.0,865.5455932617188,52.39235305786133,754.2082214355469,52.39235305786133,222.6747436523437,52.39235305786133
145,8611,688,0,car,0.9464320540428162,627.149658203125,452.4856567382813,1091.7996826171875,1008.8186645507812,859.4746704101562,1008.8186645507812,464.6500244140625,556.3330078125
145,8612,688,0,car,0.948515236377716,623.8971557617188,413.1658020019531,1074.8878173828125,943.0138549804688,849.3924865722656,943.0138549804688,450.99066162109375,529.8480529785156
145,8613,688,0,car,0.943702757358551,625.5606079101562,371.8050842285156,1059.5755615234375,875.3359375,842.5680847167969,875.3359375,434.0149536132813,503.5308532714844
145,8614,688,0,car,0.9398912191390992,625.6940307617188,335.30377197265625,1046.2359619140625,813.0669555664062,835.9649963378906,813.0669555664062,420.54193115234375,477.76318359375
145,8615,688,0,car,0.9477949738502502,631.966064453125,298.0596923828125,1032.3775634765625,755.8982543945312,832.1718139648438,755.8982543945312,400.4114990234375,457.8385620117188
145,8616,688,0,car,0.9367220401763916,632.463134765625,269.4664611816406,1020.3411254882812,703.0335693359375,826.4021301269531,703.0335693359375,387.87799072265625,433.5671081542969
145,8617,688,0,car,0.9400210976600648,638.7852172851562,240.7554168701172,1008.0390014648438,653.2706909179688,823.412109375,653.2706909179688,369.2537841796875,412.5152740478516
145,8618,688,0,car,0.9195076823234558,639.894775390625,214.23074340820312,996.982421875,606.0463256835938,818.4385986328125,606.0463256835938,357.087646484375,391.8155822753906
145,8619,688,0,car,0.9338350892066956,641.5029296875,188.88070678710932,988.8076171875,562.0538940429688,815.1552734375,562.0538940429688,347.3046875,373.1731872558594
145,8620,688,0,car,0.936675786972046,644.4711303710938,163.1088409423828,978.4759521484376,518.453125,811.4735412597656,518.453125,334.0048217773437,355.3442840576172
145,8621,688,0,car,0.9308485388755798,645.101806640625,138.2977294921875,970.94189453125,485.5198669433594,808.0218505859375,485.5198669433594,325.840087890625,347.2221374511719
145,8622,688,0,car,0.919819951057434,642.9867553710938,113.48626708984376,964.3435668945312,450.08489990234375,803.6651611328125,450.08489990234375,321.3568115234375,336.5986328125
145,8623,688,0,car,0.9249029755592346,642.2130737304688,91.47144317626952,956.5393676757812,415.68939208984375,799.376220703125,415.68939208984375,314.3262939453125,324.2179489135742
145,8624,688,0,car,0.9236875772476196,646.0047607421875,66.2891845703125,949.9090576171876,380.53509521484375,797.9569091796875,380.53509521484375,303.904296875,314.24591064453125
145,8625,688,0,car,0.9300082921981812,649.06103515625,43.16389083862305,942.6978149414062,352.5432434082031,795.8794250488281,352.5432434082031,293.63677978515625,309.3793525695801
145,8626,688,0,car,0.9313623309135436,649.8583374023438,19.82173728942871,936.41845703125,322.5904235839844,793.1383972167969,322.5904235839844,286.56011962890625,302.76868629455566
145,8627,688,0,car,0.9389858841896056,649.096435546875,1.7865216732025146,929.952880859375,303.1488342285156,789.524658203125,303.1488342285156,280.8564453125,301.3623125553131
145,8628,688,0,car,0.9338412284851074,649.7854614257812,0.0,926.0289916992188,276.4189758300781,787.9072265625,276.4189758300781,276.2435302734375,276.4189758300781
145,8629,688,0,car,0.925767183303833,649.19482421875,0.0,922.0164794921876,252.426010131836,785.6056518554688,252.426010131836,272.8216552734375,252.426010131836
145,8630,688,0,car,0.9240626096725464,650.4048461914062,0.0,918.5979614257812,226.85580444335932,784.5014038085938,226.85580444335932,268.193115234375,226.85580444335932
145,8631,688,0,car,0.922671914100647,652.9594116210938,0.0,912.6842041015624,205.856185913086,782.8218078613281,205.856185913086,259.72479248046875,205.856185913086
145,8632,688,0,car,0.9317596554756165,653.5648803710938,0.0,907.8065185546876,179.81936645507812,780.6856994628906,179.81936645507812,254.2416381835937,179.81936645507812
145,8633,688,0,car,0.9126547574996948,655.0130615234375,0.0,904.4985961914062,162.9547576904297,779.7558288574219,162.9547576904297,249.48553466796875,162.9547576904297
145,8634,688,0,car,0.9047727584838868,656.9560546875,0.0,898.313720703125,143.75755310058594,777.6348876953125,143.75755310058594,241.357666015625,143.75755310058594
145,8635,688,0,car,0.896091878414154,658.0003051757812,0.0,892.9895629882812,124.19320678710938,775.4949340820312,124.19320678710938,234.9892578125,124.19320678710938
145,8636,688,0,car,0.893623948097229,659.0761108398438,0.0,887.3534545898438,105.88399505615234,773.2147827148438,105.88399505615234,228.27734375,105.88399505615234
145,8637,688,0,car,0.861413300037384,657.665771484375,0.4219910204410553,883.2527465820312,90.2005615234375,770.4592590332031,90.2005615234375,225.58697509765625,89.77857050299644
145,8638,688,0,car,0.8216201066970825,659.44384765625,0.0,879.8294067382812,73.82616424560547,769.6366271972656,73.82616424560547,220.38555908203125,73.82616424560547
145,8639,688,0,car,0.7413160800933838,660.3128662109375,0.0,876.267333984375,54.76725387573242,768.2901000976562,54.76725387573242,215.9544677734375,54.76725387573242
146,8636,691,0,car,0.9378367066383362,1290.2322998046875,478.1722106933594,1919.0855712890625,1038.4942626953125,1604.658935546875,1038.4942626953125,628.853271484375,560.3220520019531
146,8637,691,0,car,0.9328726530075072,1272.7265625,434.6695251464844,1911.0181884765625,987.3358764648438,1591.8723754882812,987.3358764648438,638.2916259765625,552.6663513183594
146,8638,691,0,car,0.9374964833259584,1256.041748046875,394.61572265625,1875.296875,929.415283203125,1565.6693115234375,929.415283203125,619.255126953125,534.799560546875
146,8639,691,0,car,0.9272527694702148,1240.438232421875,359.37353515625,1837.2529296875,870.1819458007812,1538.8455810546875,870.1819458007812,596.814697265625,510.8084106445313
146,8640,691,0,car,0.933685541152954,1227.38720703125,325.0015563964844,1795.77490234375,809.6182250976562,1511.5810546875,809.6182250976562,568.3876953125,484.6166687011719
146,8641,691,0,car,0.9401044249534608,1215.80859375,293.7684020996094,1759.3226318359375,760.7615966796875,1487.5656127929688,760.7615966796875,543.5140380859375,466.9931945800781
146,8642,691,0,car,0.931700885295868,1204.49169921875,266.3194580078125,1721.796875,714.7597045898438,1463.144287109375,714.7597045898438,517.30517578125,448.4402465820313
146,8643,691,0,car,0.9386104941368104,1192.0142822265625,236.66783142089844,1684.100341796875,669.6862182617188,1438.0573120117188,669.6862182617188,492.0860595703125,433.0183868408203
146,8644,691,0,car,0.9380290508270264,1177.43408203125,208.2072906494141,1652.26904296875,626.097900390625,1414.8515625,626.097900390625,474.8349609375,417.8906097412109
146,8645,691,0,car,0.9363248944282532,1166.4139404296875,183.084213256836,1622.15478515625,580.1416625976562,1394.2843627929688,580.1416625976562,455.7408447265625,397.0574493408203
146,8646,691,0,car,0.92586088180542,1156.6873779296875,158.68783569335938,1594.5338134765625,544.915771484375,1375.610595703125,544.915771484375,437.846435546875,386.2279357910156
146,8647,691,0,car,0.9259148240089417,1144.2733154296875,134.1479034423828,1564.056640625,508.7931213378906,1354.1649780273438,508.7931213378906,419.7833251953125,374.6452178955078
146,8648,691,0,car,0.9268620014190674,1133.6925048828125,108.75433349609376,1541.3438720703125,473.1254577636719,1337.5181884765625,473.1254577636719,407.6513671875,364.3711242675781
146,8649,691,0,car,0.9119593501091005,1123.378173828125,86.51594543457031,1522.25634765625,441.830810546875,1322.8172607421875,441.830810546875,398.878173828125,355.3148651123047
146,8650,691,0,car,0.9223963618278505,1114.0579833984375,65.27216339111328,1500.46533203125,413.0247802734375,1307.2616577148438,413.0247802734375,386.4073486328125,347.7526168823242
146,8651,691,0,car,0.919238030910492,1107.4296875,43.31076049804688,1480.82666015625,383.1647644042969,1294.128173828125,383.1647644042969,373.39697265625,339.85400390625
146,8652,691,0,car,0.9034616351127625,1100.312744140625,18.958953857421875,1461.0216064453125,353.58941650390625,1280.6671752929688,353.58941650390625,360.7088623046875,334.6304626464844
146,8653,691,0,car,0.9267054200172424,1091.14599609375,4.752801895141602,1442.400634765625,327.2549743652344,1266.7733154296875,327.2549743652344,351.254638671875,322.5021724700928
146,8654,691,0,car,0.927126407623291,1082.12939453125,0.0,1424.5321044921875,302.8336181640625,1253.3307495117188,302.8336181640625,342.4027099609375,302.8336181640625
146,8655,691,0,car,0.9234725832939148,1072.266845703125,0.0,1407.617431640625,280.44122314453125,1239.942138671875,280.44122314453125,335.3505859375,280.44122314453125
146,8656,691,0,car,0.9186084866523744,1065.9791259765625,0.0,1392.2388916015625,261.1150817871094,1229.1090087890625,261.1150817871094,326.259765625,261.1150817871094
146,8657,691,0,car,0.9162732362747192,1058.1201171875,0.0,1375.2720947265625,238.161361694336,1216.6961059570312,238.161361694336,317.1519775390625,238.161361694336
146,8658,691,0,car,0.9122507572174072,1051.1580810546875,0.0,1360.1558837890625,217.46844482421875,1205.656982421875,217.46844482421875,308.997802734375,217.46844482421875
146,8659,691,0,car,0.9051519632339478,1044.6744384765625,0.0,1343.3046875,192.41989135742188,1193.9895629882812,192.41989135742188,298.6302490234375,192.41989135742188
146,8660,691,0,car,0.9122034907341005,1037.2979736328125,0.0,1329.171142578125,169.70681762695312,1183.2345581054688,169.70681762695312,291.8731689453125,169.70681762695312
146,8661,691,0,car,0.9015405774116516,1029.966064453125,0.0,1316.617919921875,152.23068237304688,1173.2919921875,152.23068237304688,286.65185546875,152.23068237304688
146,8662,691,0,car,0.8936483263969421,1024.6263427734375,0.0,1305.4395751953125,138.45870971679688,1165.032958984375,138.45870971679688,280.813232421875,138.45870971679688
146,8663,691,0,car,0.893429696559906,1021.6514282226562,0.4093929231166839,1291.3387451171875,119.71929168701172,1156.495086669922,119.71929168701172,269.68731689453125,119.30989876389503
146,8664,691,0,car,0.8874101042747498,1024.16357421875,0.0,1279.3277587890625,100.48690795898438,1151.7456665039062,100.48690795898438,255.1641845703125,100.48690795898438
146,8665,691,0,car,0.8796001076698303,1024.32275390625,2.010437250137329,1267.99169921875,84.12992095947266,1146.1572265625,84.12992095947266,243.6689453125,82.11948370933533
146,8666,691,0,car,0.9042800068855286,1027.2264404296875,0.3272987902164459,1258.9388427734375,66.65763092041016,1143.0826416015625,66.65763092041016,231.71240234375,66.33033213019371
147,8661,697,0,car,0.8833987712860107,537.151123046875,430.3817138671875,962.9463500976562,999.3929443359376,750.0487365722656,999.3929443359376,425.7952270507813,569.01123046875
147,8662,697,0,car,0.9080066680908204,539.5659790039062,389.6927490234375,950.0562133789062,932.3922729492188,744.8110961914062,932.3922729492188,410.490234375,542.6995239257812
147,8663,697,0,car,0.9187377095222472,539.0213012695312,355.81268310546875,936.6563110351562,862.3486328125,737.8388061523438,862.3486328125,397.635009765625,506.5359497070313
147,8664,697,0,car,0.927674412727356,543.0913696289062,312.790283203125,923.826904296875,795.0942993164062,733.4591369628906,795.0942993164062,380.7355346679688,482.3040161132813
147,8665,697,0,car,0.8972607254981995,539.0211181640625,280.1937866210937,916.8912963867188,738.68896484375,727.9562072753906,738.68896484375,377.87017822265625,458.49517822265625
147,8666,697,0,car,0.894057035446167,541.0344848632812,249.670654296875,906.8501586914062,679.7237548828125,723.9423217773438,679.7237548828125,365.815673828125,430.0531005859375
147,8667,697,0,car,0.8946173787117004,543.6636962890625,219.07586669921875,897.7711791992188,632.5322265625,720.7174377441406,632.5322265625,354.10748291015625,413.4563598632813
147,8668,697,0,car,0.8893462419509888,542.4834594726562,191.896240234375,889.975830078125,582.111572265625,716.2296447753906,582.111572265625,347.49237060546875,390.21533203125
147,8669,697,0,car,0.90580552816391,547.7711181640625,160.4296875,882.6953125,538.571533203125,715.2332153320312,538.571533203125,334.9241943359375,378.141845703125
147,8670,697,0,car,0.9221594929695128,553.3557739257812,135.3773651123047,874.9241943359375,499.6384887695313,714.1399841308594,499.6384887695313,321.56842041015625,364.26112365722656
147,8671,697,0,car,0.916474461555481,556.9939575195312,111.20819091796876,869.7383422851562,457.8775634765625,713.3661499023438,457.8775634765625,312.744384765625,346.6693725585937
147,8672,697,0,car,0.9255553483963012,558.0742797851562,90.28263092041016,867.906982421875,422.2225341796875,712.9906311035156,422.2225341796875,309.83270263671875,331.93990325927734
147,8673,697,0,car,0.9173007607460022,560.6285400390625,67.74199676513672,859.8865356445312,389.8425903320313,710.2575378417969,389.8425903320313,299.25799560546875,322.10059356689453
147,8674,697,0,car,0.9230583310127258,562.294677734375,39.776649475097656,854.30859375,357.193359375,708.3016357421875,357.193359375,292.013916015625,317.41670989990234
147,8675,697,0,car,0.9224745631217957,567.9598999023438,19.47039794921875,850.183349609375,322.9140014648437,709.0716247558594,322.9140014648437,282.22344970703125,303.443603515625
147,8676,697,0,car,0.9222573041915894,571.4219970703125,2.615410566329956,844.78564453125,296.11376953125,708.1038208007812,296.11376953125,273.3636474609375,293.49835896492004
147,8677,697,0,car,0.9230703115463256,572.1209106445312,0.0,842.4015502929688,271.2281188964844,707.26123046875,271.2281188964844,270.2806396484375,271.2281188964844
147,8678,697,0,car,0.9272988438606262,574.6021118164062,0.0,837.3131713867188,247.07736206054688,705.9576416015625,247.07736206054688,262.7110595703125,247.07736206054688
147,8679,697,0,car,0.9275009632110596,576.295166015625,0.0,833.967041015625,218.83531188964844,705.131103515625,218.83531188964844,257.671875,218.83531188964844
147,8680,697,0,car,0.9211528301239014,576.86962890625,0.0,829.853271484375,196.1067047119141,703.3614501953125,196.1067047119141,252.983642578125,196.1067047119141
147,8681,697,0,car,0.9172042608261108,577.1688232421875,0.0,825.4152221679688,170.1177215576172,701.2920227050781,170.1177215576172,248.24639892578125,170.1177215576172
147,8682,697,0,car,0.9101626873016356,579.250244140625,0.0,818.1525268554688,152.8810577392578,698.7013854980469,152.8810577392578,238.9022827148437,152.8810577392578
147,8683,697,0,car,0.903331696987152,580.5079345703125,0.0,812.375244140625,134.32183837890625,696.4415893554688,134.32183837890625,231.8673095703125,134.32183837890625
147,8684,697,0,car,0.9002836346626282,583.3388671875,0.0,807.1453857421875,114.1055908203125,695.2421264648438,114.1055908203125,223.8065185546875,114.1055908203125
147,8685,697,0,car,0.8856855630874634,590.106201171875,0.7534938454627991,802.688232421875,98.0727996826172,696.397216796875,98.0727996826172,212.58203125,97.3193058371544
147,8686,697,0,car,0.9478128552436828,591.007568359375,0.2682178914546966,802.322998046875,77.37240600585938,696.665283203125,77.37240600585938,211.3154296875,77.10418811440468
147,8687,697,0,car,0.8974459171295166,593.3372802734375,0.2157506197690963,802.2960815429688,64.96636962890625,697.8166809082031,64.96636962890625,208.95880126953125,64.75061900913715
147,8688,697,0,car,0.7720790505409241,596.396728515625,0.0,795.498046875,56.61865234375,695.9473876953125,56.61865234375,199.101318359375,56.61865234375
148,8685,709,0,car,0.5720808506011963,1622.291015625,0.0,1919.408203125,1058.6142578125,1770.849609375,1058.6142578125,297.1171875,1058.6142578125
148,8686,709,0,car,0.8179560303688049,1569.2591552734375,0.0,1919.3731689453125,996.9558715820312,1744.316162109375,996.9558715820312,350.114013671875,996.9558715820312
148,8687,709,2,others,0.5369441509246826,1531.47216796875,0.0,1919.4173583984373,933.348876953125,1725.4447631835938,933.348876953125,387.9451904296875,933.348876953125
148,8688,709,2,others,0.594950258731842,1462.80859375,0.0,1919.5958251953125,871.3583374023438,1691.2022094726562,871.3583374023438,456.7872314453125,871.3583374023438
148,8689,709,2,others,0.8832521438598633,1443.3741455078125,0.0,1919.4361572265625,806.9728393554688,1681.4051513671875,806.9728393554688,476.06201171875,806.9728393554688
148,8690,709,2,others,0.9041324853897096,1420.620361328125,0.0,1919.744384765625,752.0206298828125,1670.182373046875,752.0206298828125,499.1240234375,752.0206298828125
148,8691,709,2,others,0.890535831451416,1374.1854248046875,0.0,1919.59814453125,697.6612548828125,1646.8917846679688,697.6612548828125,545.4127197265625,697.6612548828125
148,8692,709,2,others,0.9337071180343628,1350.40234375,0.0,1898.728271484375,651.2801513671875,1624.5653076171875,651.2801513671875,548.325927734375,651.2801513671875
148,8693,709,2,others,0.8843181133270264,1324.82275390625,0.0,1861.7301025390625,600.2545776367188,1593.2764282226562,600.2545776367188,536.9073486328125,600.2545776367188
148,8694,709,2,others,0.9118021726608276,1309.5750732421875,0.0,1831.60595703125,555.0917358398438,1570.5905151367188,555.0917358398438,522.0308837890625,555.0917358398438
148,8695,709,2,others,0.9124435186386108,1128.8233642578125,0.0,1783.3135986328125,514.625,1456.0684814453125,514.625,654.490234375,514.625
148,8696,709,2,others,0.9245388507843018,1181.7132568359375,0.0,1740.96044921875,476.1758117675781,1461.3368530273438,476.1758117675781,559.2471923828125,476.1758117675781
148,8697,709,2,others,0.9212660193443298,1219.8416748046875,0.0,1718.1571044921875,443.9208679199219,1468.9993896484375,443.9208679199219,498.3154296875,443.9208679199219
148,8698,709,2,others,0.9152963757514954,1224.048095703125,0.0,1679.1492919921875,405.4482421875,1451.5986938476562,405.4482421875,455.1011962890625,405.4482421875
148,8699,709,2,others,0.8937028646469116,1075.59326171875,0.0,1651.66357421875,371.7198791503906,1363.62841796875,371.7198791503906,576.0703125,371.7198791503906
148,8700,709,2,others,0.8887116312980652,1138.528076171875,0.0,1626.535888671875,342.6697998046875,1382.531982421875,342.6697998046875,488.0078125,342.6697998046875
148,8701,709,2,others,0.8969753980636597,1020.6378784179688,0.0,1591.89453125,314.8473205566406,1306.2662048339844,314.8473205566406,571.2566528320312,314.8473205566406
148,8702,709,2,others,0.8832730054855347,984.2692260742188,0.0,1561.7947998046875,292.038330078125,1273.0320129394531,292.038330078125,577.5255737304688,292.038330078125
148,8703,709,2,others,0.858292281627655,968.9642944335938,2.734948873519897,1533.707763671875,273.9037780761719,1251.3360290527344,273.9037780761719,564.7434692382812,271.168829202652
148,8704,709,2,others,0.7914702296257019,961.84521484375,3.877519845962525,1512.38671875,270.4320983886719,1237.115966796875,270.4320983886719,550.54150390625,266.5545785427093
148,8707,709,0,car,0.500713586807251,965.7286987304688,0.0,1439.962158203125,178.89913940429688,1202.8454284667969,178.89913940429688,474.23345947265625,178.89913940429688
148,8708,709,0,car,0.5652907490730286,982.0071411132812,0.0,1428.388916015625,155.26193237304688,1205.1980285644531,155.26193237304688,446.38177490234375,155.26193237304688
148,8709,709,0,car,0.8254346251487732,983.0814208984376,0.0,1409.6959228515625,132.92079162597656,1196.388671875,132.92079162597656,426.614501953125,132.92079162597656
148,8710,709,0,car,0.8714832067489624,982.052001953125,0.0,1388.0897216796875,110.3327865600586,1185.0708618164062,110.3327865600586,406.0377197265625,110.3327865600586
148,8711,709,0,car,0.8581846356391907,978.6970825195312,2.803661584854126,1371.850341796875,96.41162872314452,1175.2737121582031,96.41162872314452,393.15325927734375,93.6079671382904
148,8712,709,0,car,0.8309171199798584,975.2589721679688,3.2724862098693848,1355.642822265625,83.06522369384766,1165.4508972167969,83.06522369384766,380.38385009765625,79.79273748397827
148,8713,709,0,car,0.6942892074584961,974.3515014648438,1.9993646144866943,1338.613525390625,63.7090072631836,1156.4825134277344,63.7090072631836,364.2620239257813,61.7096426486969
149,8688,715,0,car,0.931283712387085,0.0,479.0823364257813,450.261962890625,1057.9337158203125,225.1309814453125,1057.9337158203125,450.261962890625,578.8513793945312
149,8689,715,0,car,0.8920277953147888,0.0,441.3036193847656,456.5329284667969,1000.82470703125,228.26646423339844,1000.82470703125,456.5329284667969,559.5210876464844
149,8690,715,0,car,0.9352990984916688,0.5381374359130859,400.1871032714844,465.1112976074219,939.524169921875,232.82471752166748,939.524169921875,464.5731601715088,539.3370666503906
149,8691,715,0,car,0.9419378042221068,0.0,360.8653259277344,475.6887512207031,882.922607421875,237.8443756103516,882.922607421875,475.6887512207031,522.0572814941406
149,8692,715,0,car,0.9106128215789796,0.6815270185470581,328.3507385253906,477.7318115234375,819.206298828125,239.20666927099228,819.206298828125,477.0502845048904,490.8555603027344
149,8693,715,0,car,0.878817081451416,15.66091537475586,296.1588439941406,483.2915954589844,763.1205444335938,249.4762554168701,763.1205444335938,467.6306800842285,466.9617004394531
149,8694,715,0,car,0.94137704372406,34.59736633300781,265.8543395996094,484.7586364746094,705.5570068359375,259.6780014038086,705.5570068359375,450.1612701416016,439.7026672363281
149,8695,715,0,car,0.9356405735015868,58.31167602539063,235.9384765625,495.7490539550781,661.5916137695312,277.0303649902344,661.5916137695312,437.4373779296875,425.6531372070313
149,8696,715,0,car,0.9403284192085266,79.86265563964844,209.80484008789065,500.3589782714844,615.825927734375,290.1108169555664,615.825927734375,420.496322631836,406.0210876464844
149,8697,715,0,car,0.9271256923675536,97.728271484375,181.8784027099609,504.281982421875,573.8925170898438,301.005126953125,573.8925170898438,406.5537109375,392.0141143798828
149,8698,715,0,car,0.914219856262207,118.39556884765624,153.35638427734375,509.8338317871094,529.7525024414062,314.1147003173828,529.7525024414062,391.4382629394531,376.3961181640625
149,8699,715,0,car,0.9162046909332277,134.96340942382812,130.0911102294922,509.9552917480469,494.78814697265625,322.4593505859375,494.78814697265625,374.9918823242188,364.69703674316406
149,8700,715,0,car,0.9250187873840332,149.66050720214844,107.53654479980467,508.2053527832031,459.1638488769531,328.9329299926758,459.1638488769531,358.5448455810547,351.62730407714844
149,8701,715,0,car,0.9298790097236632,163.93331909179688,84.8878402709961,508.5160827636719,425.5770568847656,336.2247009277344,425.5770568847656,344.582763671875,340.6892166137696
149,8702,715,0,car,0.9165027141571044,176.65826416015625,62.65520477294922,511.6824340820313,395.59417724609375,344.1703491210937,395.59417724609375,335.024169921875,332.93897247314453
149,8703,715,0,car,0.9208623766899108,189.37030029296875,42.92486572265625,515.9356079101562,364.91455078125,352.6529541015625,364.91455078125,326.5653076171875,321.9896850585937
149,8704,715,0,car,0.920573890209198,201.88710021972656,23.60172843933105,521.7734985351562,335.5969543457031,361.8302993774414,335.5969543457031,319.8863983154297,311.99522590637207
149,8705,715,0,car,0.9232856631278992,216.44322204589844,4.871246814727783,522.1266479492188,306.8833923339844,369.2849349975586,306.8833923339844,305.6834259033203,302.0121455192566
149,8706,715,0,car,0.9168860912322998,228.06512451171875,0.0,529.0260620117188,283.4736633300781,378.5455932617188,283.4736633300781,300.9609375,283.4736633300781
149,8707,715,0,car,0.9100857377052308,237.7836456298828,0.0,526.6343383789062,260.5272521972656,382.2089920043945,260.5272521972656,288.85069274902344,260.5272521972656
149,8708,715,0,car,0.919538140296936,246.25616455078125,0.0,534.1544799804688,236.1605834960937,390.205322265625,236.1605834960937,287.8983154296875,236.1605834960937
149,8709,715,0,car,0.9259965419769288,257.65142822265625,0.0,536.9407348632812,210.2858123779297,397.2960815429688,210.2858123779297,279.289306640625,210.2858123779297
149,8710,715,0,car,0.9316363334655762,266.5583801269531,0.0,552.981201171875,190.44454956054688,409.76979064941406,190.44454956054688,286.4228210449219,190.44454956054688
149,8711,715,0,car,0.9264551997184752,274.5400085449219,0.0,558.1211547851562,167.14813232421875,416.3305816650391,167.14813232421875,283.5811462402344,167.14813232421875
149,8712,715,0,car,0.8950273394584656,284.2816467285156,0.0,560.6444702148438,149.2447052001953,422.4630584716797,149.2447052001953,276.3628234863281,149.2447052001953
149,8713,715,0,car,0.9022350311279296,288.8578186035156,0.0,560.4417724609375,133.52297973632812,424.64979553222656,133.52297973632812,271.5839538574219,133.52297973632812
149,8714,715,0,car,0.902535080909729,299.0919494628906,0.0,560.8908081054688,114.44964599609376,429.9913787841797,114.44964599609376,261.7988586425781,114.44964599609376
149,8715,715,0,car,0.877835750579834,306.8199768066406,0.3191205859184265,561.7196044921875,100.71187591552734,434.26979064941406,100.71187591552734,254.89962768554688,100.39275532960892
149,8716,715,0,car,0.8477876782417297,313.97216796875,0.2481351643800735,558.2288208007812,70.23709106445312,436.1004943847656,70.23709106445312,244.25665283203125,69.98895590007305
150,8703,727,0,car,0.946182906627655,572.0875244140625,449.0343322753906,1077.237548828125,1058.0299072265625,824.6625366210938,1058.0299072265625,505.1500244140625,608.9955749511719
150,8704,727,0,car,0.9473546743392944,570.7343139648438,401.5726013183594,1060.642822265625,994.8042602539062,815.6885681152344,994.8042602539062,489.9085083007813,593.2316589355469
150,8705,727,0,car,0.9472083449363708,570.9776611328125,357.5184936523437,1045.651123046875,922.5648193359376,808.3143920898438,922.5648193359376,474.6734619140625,565.0463256835938
150,8706,727,0,car,0.9434158802032472,570.650634765625,319.97735595703125,1028.0811767578125,857.0181884765625,799.3659057617188,857.0181884765625,457.4305419921875,537.0408325195312
150,8707,727,0,car,0.9468273520469666,567.6484375,288.2287902832031,1007.2880859375,795.4851684570312,787.46826171875,795.4851684570312,439.6396484375,507.2563781738281
150,8708,727,0,car,0.9436453580856324,567.05615234375,255.42333984375,992.5598754882812,739.498291015625,779.8080139160156,739.498291015625,425.5037231445313,484.074951171875
150,8709,727,0,car,0.9416951537132264,568.60791015625,223.129135131836,979.975341796875,685.5220947265625,774.2916259765625,685.5220947265625,411.367431640625,462.39295959472656
150,8710,727,0,car,0.949701726436615,569.4419555664062,191.28591918945312,969.6004028320312,637.09033203125,769.5211791992188,637.09033203125,400.158447265625,445.8044128417969
150,8711,727,0,car,0.93705552816391,570.6924438476562,160.97999572753906,960.7296142578124,587.4713745117188,765.7110290527344,587.4713745117188,390.03717041015625,426.4913787841797
150,8712,727,0,car,0.9426547288894652,573.8431396484375,132.7490234375,951.2445068359376,545.7393798828125,762.5438232421875,545.7393798828125,377.4013671875,412.9903564453125
150,8713,727,0,car,0.948920726776123,576.9727783203125,106.97196197509766,943.5999145507812,508.0522155761719,760.2863464355469,508.0522155761719,366.6271362304688,401.0802536010742
150,8714,727,0,car,0.9492270350456238,579.1836547851562,82.49291229248047,937.3330078125,472.8911437988281,758.2583312988281,472.8911437988281,358.1493530273437,390.39823150634766
150,8715,727,0,car,0.9386319518089294,577.9853515625,57.64338684082031,932.1486206054688,438.4439086914063,755.0669860839844,438.4439086914063,354.16326904296875,380.80052185058594
150,8716,727,0,car,0.9376427531242372,581.3687133789062,35.22506332397461,927.0316772460938,406.7971801757813,754.2001953125,406.7971801757813,345.6629638671875,371.5721168518066
150,8717,727,0,car,0.9410322308540344,583.275146484375,12.57419490814209,922.2412109375,372.2173461914063,752.7581787109375,372.2173461914063,338.966064453125,359.64315128326416
150,8718,727,0,car,0.9237008690834044,586.0394897460938,1.5560293197631836,915.4046020507812,338.640380859375,750.7220458984375,338.640380859375,329.3651123046875,337.0843515396118
150,8719,727,0,car,0.9307753443717957,587.7139282226562,0.0,909.6931762695312,312.7930603027344,748.7035522460938,312.7930603027344,321.979248046875,312.7930603027344
150,8720,727,0,car,0.9289596676826476,590.0859985351562,0.0,902.149658203125,289.9052429199219,746.1178283691406,289.9052429199219,312.06365966796875,289.9052429199219
150,8721,727,0,car,0.926122784614563,593.4544067382812,0.0,896.25341796875,266.3882751464844,744.8539123535156,266.3882751464844,302.79901123046875,266.3882751464844
150,8722,727,0,car,0.9224470257759094,593.85888671875,0.0,891.1243286132812,240.7851409912109,742.4916076660156,240.7851409912109,297.26544189453125,240.7851409912109
150,8723,727,0,car,0.917872428894043,594.2922973632812,0.0,887.917724609375,215.2214813232422,741.1050109863281,215.2214813232422,293.6254272460937,215.2214813232422
150,8724,727,0,car,0.9170894622802734,595.2081298828125,0.0,882.8882446289062,192.379638671875,739.0481872558594,192.379638671875,287.6801147460937,192.379638671875
150,8725,727,0,car,0.9160581231117249,595.4420776367188,0.0,878.8863525390625,171.57313537597656,737.1642150878906,171.57313537597656,283.4442749023437,171.57313537597656
150,8726,727,0,car,0.9042856693267822,597.8302612304688,0.0,873.0791625976562,153.37355041503906,735.4547119140625,153.37355041503906,275.2489013671875,153.37355041503906
150,8727,727,0,car,0.9188127517700196,599.8840942382812,0.0,870.966796875,139.97325134277344,735.4254455566406,139.97325134277344,271.08270263671875,139.97325134277344
150,8728,727,0,car,0.8966759443283081,601.6434326171875,0.5396549105644226,867.143310546875,119.31999206542967,734.3933715820312,119.31999206542967,265.4998779296875,118.78033715486526
150,8729,727,0,car,0.8995903730392456,605.0369262695312,1.118936538696289,860.7383422851562,107.26384735107422,732.8876342773438,107.26384735107422,255.701416015625,106.14491081237792
150,8730,727,0,car,0.8821594715118408,607.0684204101562,1.0292612314224243,857.1734619140625,92.81129455566406,732.1209411621094,92.81129455566406,250.10504150390625,91.78203332424164
150,8731,727,0,car,0.8624188303947449,610.6661987304688,0.0,854.0681762695312,71.69075775146484,732.3671875,71.69075775146484,243.4019775390625,71.69075775146484
151,8724,730,0,car,0.9166642427444458,1256.338134765625,473.4700927734375,1889.506103515625,1034.3594970703125,1572.922119140625,1034.3594970703125,633.16796875,560.889404296875
151,8725,730,0,car,0.9264295101165771,1238.7724609375,434.9821166992188,1845.6107177734373,971.2549438476562,1542.1915893554688,971.2549438476562,606.8382568359375,536.2728271484375
151,8726,730,0,car,0.911270558834076,1224.04833984375,397.2153930664063,1797.056396484375,905.2738647460938,1510.5523681640625,905.2738647460938,573.008056640625,508.0584716796875
151,8727,730,0,car,0.931859254837036,1210.1552734375,363.8333740234375,1755.562255859375,847.307861328125,1482.8587646484375,847.307861328125,545.406982421875,483.4744873046875
151,8728,730,0,car,0.9299070835113524,1194.624267578125,333.0279541015625,1715.8807373046875,787.3531494140625,1455.2525024414062,787.3531494140625,521.2564697265625,454.3251953125
151,8729,730,0,car,0.910761296749115,1179.536865234375,294.9540710449219,1676.583251953125,731.6485595703125,1428.06005859375,731.6485595703125,497.04638671875,436.6944885253906
151,8730,730,0,car,0.916272222995758,1165.3724365234375,267.64166259765625,1639.7342529296875,678.7410278320312,1402.5533447265625,678.7410278320312,474.36181640625,411.099365234375
151,8731,730,0,car,0.9172593355178832,1153.64794921875,238.16278076171875,1608.7071533203125,635.9988403320312,1381.1775512695312,635.9988403320312,455.0592041015625,397.8360595703125
151,8732,730,0,car,0.91167414188385,1140.3924560546875,209.90342712402344,1576.2659912109375,590.1729736328125,1358.3292236328125,590.1729736328125,435.87353515625,380.26954650878906
151,8733,730,0,car,0.9438990354537964,1129.0172119140625,184.0985870361328,1546.025146484375,545.9180908203125,1337.5211791992188,545.9180908203125,417.0079345703125,361.8195037841797
151,8734,730,0,car,0.912786066532135,1118.039306640625,160.6725311279297,1525.75439453125,508.1024475097656,1321.8968505859375,508.1024475097656,407.715087890625,347.42991638183594
151,8735,730,0,car,0.921955943107605,1105.5228271484375,134.0733184814453,1500.4927978515625,473.3017883300781,1303.0078125,473.3017883300781,394.969970703125,339.2284698486328
151,8736,730,0,car,0.9182135462760924,1092.688232421875,108.65723419189452,1475.6490478515625,440.1878967285156,1284.1686401367188,440.1878967285156,382.9608154296875,331.5306625366211
151,8737,730,0,car,0.9171007871627808,1084.7899169921875,87.92129516601562,1453.7613525390625,408.8517761230469,1269.275634765625,408.8517761230469,368.971435546875,320.93048095703125
151,8738,730,0,car,0.9191237688064576,1076.0677490234375,63.67659378051758,1433.7607421875,377.0539245605469,1254.9142456054688,377.0539245605469,357.6929931640625,313.3773307800293
151,8739,730,0,car,0.9175904393196106,1068.35498046875,40.43336868286133,1414.91015625,350.2348327636719,1241.632568359375,350.2348327636719,346.55517578125,309.80146408081055
151,8740,730,0,car,0.9256672859191896,1060.11572265625,18.38612365722656,1396.934814453125,316.8330078125,1228.5252685546875,316.8330078125,336.819091796875,298.44688415527344
151,8741,730,0,car,0.9182892441749572,1053.55810546875,0.0,1379.247314453125,290.1590881347656,1216.4027099609375,290.1590881347656,325.689208984375,290.1590881347656
151,8742,730,0,car,0.912891447544098,1042.122314453125,0.0,1360.4058837890625,268.4725036621094,1201.2640991210938,268.4725036621094,318.2835693359375,268.4725036621094
151,8743,730,0,car,0.9124866127967834,1034.47802734375,0.0,1344.892822265625,249.2310028076172,1189.6854248046875,249.2310028076172,310.414794921875,249.2310028076172
151,8744,730,0,car,0.8993300199508667,1026.9593505859375,0.0,1327.5838623046875,224.4650115966797,1177.2716064453125,224.4650115966797,300.62451171875,224.4650115966797
151,8745,730,0,car,0.9093754887580872,1018.2181396484376,0.0,1312.0966796875,204.11602783203125,1165.1574096679688,204.11602783203125,293.8785400390625,204.11602783203125
151,8746,730,0,car,0.9193354845046996,1013.5830078125,0.0,1296.303466796875,175.53744506835938,1154.9432373046875,175.53744506835938,282.720458984375,175.53744506835938
151,8747,730,0,car,0.920275330543518,1008.7685546875,0.0,1282.2900390625,159.4910430908203,1145.529296875,159.4910430908203,273.521484375,159.4910430908203
151,8748,730,0,car,0.902442455291748,1003.3389892578124,0.0,1268.5755615234375,140.7998046875,1135.957275390625,140.7998046875,265.236572265625,140.7998046875
151,8749,730,0,car,0.8978885412216187,996.9381103515624,0.0,1255.2701416015625,120.26024627685548,1126.1041259765625,120.26024627685548,258.33203125,120.26024627685548
151,8750,730,0,car,0.8917605876922607,995.7798461914062,0.0,1242.504638671875,103.64264678955078,1119.1422424316406,103.64264678955078,246.72479248046875,103.64264678955078
151,8751,730,0,car,0.9378228783607484,1003.064697265625,0.0,1236.8482666015625,86.69404602050781,1119.9564819335938,86.69404602050781,233.7835693359375,86.69404602050781
151,8752,730,0,car,0.9341981410980223,1006.7800903320312,0.0,1226.8323974609375,70.20548248291016,1116.8062438964844,70.20548248291016,220.05230712890625,70.20548248291016
151,8753,730,0,car,0.8803048729896545,1006.580810546875,0.0,1209.9063720703125,52.224239349365234,1108.2435913085938,52.224239349365234,203.3255615234375,52.224239349365234
152,8765,731,0,car,0.9498010873794556,561.9279174804688,384.97509765625,994.4456787109376,992.1355590820312,778.1867980957031,992.1355590820312,432.5177612304688,607.1604614257812
152,8766,731,0,car,0.9279133677482604,562.099853515625,349.1160583496094,980.7958984375,913.4224243164062,771.4478759765625,913.4224243164062,418.696044921875,564.3063659667969
152,8767,731,0,car,0.9462007284164428,556.2050170898438,311.9593811035156,966.9819946289062,844.0155639648438,761.593505859375,844.0155639648438,410.7769775390625,532.0561828613281
152,8768,731,0,car,0.9444584250450134,558.3685913085938,281.9380798339844,960.5245971679688,781.2177124023438,759.4465942382812,781.2177124023438,402.156005859375,499.2796325683594
152,8769,731,0,car,0.941866099834442,558.3444213867188,253.2721099853516,946.4390869140624,716.7739868164062,752.3917541503906,716.7739868164062,388.09466552734375,463.5018768310547
152,8770,731,0,car,0.9471402168273926,561.0636596679688,218.71823120117188,937.2255859375,663.3079833984375,749.1446228027344,663.3079833984375,376.1619262695313,444.5897521972656
152,8771,731,0,car,0.9493876695632936,568.81103515625,189.78884887695312,931.054443359375,607.9714965820312,749.9327392578125,607.9714965820312,362.243408203125,418.1826477050781
152,8772,731,0,car,0.9422519207000732,573.97314453125,165.5569610595703,925.0626220703124,560.8943481445312,749.5178833007812,560.8943481445312,351.0894775390625,395.33738708496094
152,8773,731,0,car,0.9330987334251404,577.81640625,139.94947814941406,920.7208862304688,517.7098999023438,749.2686462402344,517.7098999023438,342.90447998046875,377.7604217529297
152,8774,731,0,car,0.9307337999343872,575.8006591796875,113.47178649902344,918.0436401367188,478.4861755371094,746.9221496582031,478.4861755371094,342.24298095703125,365.01438903808594
152,8775,731,0,car,0.924273669719696,575.3843383789062,87.27821350097656,908.2882080078124,436.9259948730469,741.8362731933594,436.9259948730469,332.90386962890625,349.6477813720703
152,8776,731,0,car,0.9241602420806884,579.1079711914062,62.14181137084961,900.4205322265625,398.8433532714844,739.7642517089844,398.8433532714844,321.31256103515625,336.7015419006348
152,8777,731,0,car,0.9262925386428832,582.5198364257812,35.57309341430664,895.2056274414062,367.8616638183594,738.8627319335938,367.8616638183594,312.685791015625,332.28857040405273
152,8778,731,0,car,0.9263470768928528,584.26025390625,14.156984329223633,890.9524536132812,334.5941467285156,737.6063537597656,334.5941467285156,306.69219970703125,320.437162399292
152,8779,731,0,car,0.9314802289009094,588.4287719726562,2.9550726413726807,884.8455200195312,308.7410888671875,736.6371459960938,308.7410888671875,296.416748046875,305.7860162258148
152,8780,731,0,car,0.9280250668525696,592.5236206054688,0.0,877.0645751953125,280.74249267578125,734.7940979003906,280.74249267578125,284.5409545898437,280.74249267578125
152,8781,731,0,car,0.9229049682617188,592.9663696289062,0.0,875.3051147460938,251.0755615234375,734.1357421875,251.0755615234375,282.3387451171875,251.0755615234375
152,8782,731,0,car,0.92378431558609,593.6053466796875,0.0,870.8760986328125,230.3451385498047,732.24072265625,230.3451385498047,277.270751953125,230.3451385498047
152,8783,731,0,car,0.920470118522644,592.8706665039062,0.0,864.3148803710938,202.18898010253903,728.5927734375,202.18898010253903,271.4442138671875,202.18898010253903
152,8784,731,0,car,0.9264932870864868,592.6760864257812,0.0,860.6431274414062,176.67324829101562,726.6596069335938,176.67324829101562,267.967041015625,176.67324829101562
152,8785,731,0,car,0.9227695465087892,593.8912353515625,0.0,856.883544921875,162.90716552734375,725.3873901367188,162.90716552734375,262.9923095703125,162.90716552734375
152,8786,731,0,car,0.9060611128807068,594.741455078125,0.0,852.57373046875,141.86643981933594,723.6575927734375,141.86643981933594,257.832275390625,141.86643981933594
152,8787,731,0,car,0.9016865491867064,596.1876831054688,0.7516887784004211,849.3350219726562,121.6333999633789,722.7613525390625,121.6333999633789,253.1473388671875,120.88171118497849
152,8788,731,0,car,0.8979079723358154,597.5863037109375,0.5144568085670471,843.2924194335938,106.67306518554688,720.4393615722656,106.67306518554688,245.70611572265625,106.15860837697984
152,8789,731,0,car,0.8840453028678894,600.2686157226562,1.070040941238403,837.30859375,82.71292877197266,718.7886047363281,82.71292877197266,237.0399780273437,81.64288783073425
152,8790,731,0,car,0.8545409440994263,602.0460815429688,0.0,832.5036010742188,63.540077209472656,717.2748413085938,63.540077209472656,230.45751953125,63.540077209472656
152,8791,731,0,car,0.6288780570030212,603.5565185546875,0.0,828.0195922851562,55.74958038330078,715.7880554199219,55.74958038330078,224.46307373046875,55.74958038330078
