gt_id,frame_idx,track_id,class_id,class_name,conf,x1,y1,x2,y2,cx,cy_bottom,bbox_w,bbox_h
1,71,5,0,car,0.9374070167541504,1232.6910400390625,414.134765625,1900.9046630859373,1007.916259765625,1566.7978515625,1007.916259765625,668.213623046875,593.781494140625
1,72,5,0,car,0.9230416417121888,1216.9874267578125,370.7755737304688,1839.294677734375,935.094482421875,1528.1410522460938,935.094482421875,622.3072509765625,564.3189086914062
1,73,5,0,car,0.933999478816986,1201.986328125,332.8270263671875,1797.893798828125,865.869384765625,1499.9400634765625,865.869384765625,595.907470703125,533.0423583984375
1,74,5,0,car,0.9408782720565796,1182.5052490234375,288.160400390625,1752.535400390625,799.6983032226562,1467.5203247070312,799.6983032226562,570.0301513671875,511.5379028320313
1,75,5,0,car,0.9270280003547668,1169.747314453125,261.9129638671875,1708.884033203125,741.2000732421875,1439.315673828125,741.2000732421875,539.13671875,479.287109375
1,76,5,0,car,0.9303753972053528,1151.9617919921875,231.266845703125,1664.0552978515625,681.9158935546875,1408.008544921875,681.9158935546875,512.093505859375,450.6490478515625
1,77,5,0,car,0.9363346695899964,1140.32470703125,199.3979034423828,1627.1229248046875,628.39892578125,1383.7238159179688,628.39892578125,486.7982177734375,429.0010223388672
1,78,5,0,car,0.9358274936676024,1125.86083984375,171.77935791015625,1591.83154296875,577.6902465820312,1358.84619140625,577.6902465820312,465.970703125,405.910888671875
1,79,5,0,car,0.9402206540107728,1114.6339111328125,144.79013061523438,1556.98974609375,531.2039184570312,1335.8118286132812,531.2039184570312,442.3558349609375,386.4137878417969
1,80,5,0,car,0.9382188320159912,1100.511962890625,115.6807632446289,1524.3668212890625,482.9696960449219,1312.4393920898438,482.9696960449219,423.8548583984375,367.28893280029297
1,81,5,0,car,0.9395377039909364,1087.7098388671875,91.30778503417967,1498.1134033203125,446.2669067382813,1292.91162109375,446.2669067382813,410.403564453125,354.9591217041016
1,82,5,0,car,0.9296042919158936,1076.345458984375,63.368350982666016,1473.0003662109375,406.5304870605469,1274.6729125976562,406.5304870605469,396.6549072265625,343.16213607788086
1,83,5,0,car,0.9337974786758424,1067.1246337890625,39.71596908569336,1449.046875,371.0885009765625,1258.0857543945312,371.0885009765625,381.9222412109375,331.37253189086914
1,84,5,0,car,0.9263318181037904,1058.89404296875,17.84089469909668,1426.6839599609375,336.5682067871094,1242.7890014648438,336.5682067871094,367.7899169921875,318.7273120880127
1,85,5,0,car,0.9323091506958008,1051.4609375,0.0,1404.6287841796875,302.6873474121094,1228.0448608398438,302.6873474121094,353.1678466796875,302.6873474121094
1,86,5,0,car,0.9146149754524232,1041.4580078125,0.0,1385.3350830078125,273.8603210449219,1213.3965454101562,273.8603210449219,343.8770751953125,273.8603210449219
1,87,5,0,car,0.9270203709602356,1035.4365234375,0.0,1363.5513916015625,247.0682983398437,1199.4939575195312,247.0682983398437,328.1148681640625,247.0682983398437
1,88,5,0,car,0.9212213754653932,1026.7142333984375,0.0,1344.869384765625,219.99620056152344,1185.7918090820312,219.99620056152344,318.1551513671875,219.99620056152344
1,89,5,0,car,0.914833128452301,1017.1361083984376,0.0,1327.6771240234375,192.5101928710937,1172.4066162109375,192.5101928710937,310.541015625,192.5101928710937
1,90,5,0,car,0.9123702049255372,1009.0048828125,0.0,1311.953369140625,164.314697265625,1160.4791259765625,164.314697265625,302.948486328125,164.314697265625
1,91,5,0,car,0.9027323722839355,1001.5491943359376,0.0,1298.2864990234375,143.56961059570312,1149.9178466796875,143.56961059570312,296.7373046875,143.56961059570312
1,92,5,0,car,0.8921148180961609,995.23681640625,0.0,1282.585693359375,121.27890014648438,1138.9112548828125,121.27890014648438,287.348876953125,121.27890014648438
1,93,5,0,car,0.8859848976135254,999.9383544921876,0.0,1266.3671875,100.93387603759766,1133.1527709960938,100.93387603759766,266.4288330078125,100.93387603759766
1,94,5,0,car,0.869621217250824,998.2382202148438,1.6308157444000244,1250.98193359375,85.12603759765625,1124.6100769042969,85.12603759765625,252.74371337890625,83.49522185325623
1,95,5,0,car,0.8630234003067017,999.4261474609376,1.8349703550338743,1237.7763671875,66.6717758178711,1118.6012573242188,66.6717758178711,238.3502197265625,64.83680546283722
2,106,6,0,car,0.9341880679130554,1236.4852294921875,507.6770324707031,1876.111328125,1055.2796630859375,1556.2982788085938,1055.2796630859375,639.6260986328125,547.6026306152344
2,107,6,0,car,0.9273669123649596,1219.93798828125,462.4049377441406,1828.4688720703125,995.8685302734376,1524.2034301757812,995.8685302734376,608.5308837890625,533.4635925292969
2,108,6,0,car,0.9379612803459167,1205.099609375,419.2535095214844,1776.2205810546875,927.1451416015624,1490.6600952148438,927.1451416015624,571.1209716796875,507.8916320800781
2,109,6,0,car,0.9404833912849426,1186.0411376953125,378.796142578125,1731.065673828125,862.203857421875,1458.5534057617188,862.203857421875,545.0245361328125,483.40771484375
2,110,6,0,car,0.9274019002914428,1170.212158203125,343.3440246582031,1684.87109375,799.1904296875,1427.5416259765625,799.1904296875,514.658935546875,455.8464050292969
2,111,6,0,car,0.9347968697547911,1158.69384765625,302.2983093261719,1645.4417724609375,745.3157348632812,1402.0678100585938,745.3157348632812,486.7479248046875,443.0174255371094
2,112,6,0,car,0.9366180896759032,1146.8411865234375,271.5223083496094,1611.18310546875,684.3733520507812,1379.0121459960938,684.3733520507812,464.3419189453125,412.8510437011719
2,113,6,0,car,0.9312321543693542,1132.623046875,237.18881225585932,1574.338134765625,639.5303344726562,1353.4805908203125,639.5303344726562,441.715087890625,402.3415222167969
2,114,6,0,car,0.9410445690155028,1122.2596435546875,205.0560760498047,1544.1888427734375,586.0900268554688,1333.2242431640625,586.0900268554688,421.92919921875,381.03395080566406
2,115,6,0,car,0.9328146576881408,1110.4285888671875,176.39077758789062,1515.5543212890625,541.8145751953125,1312.991455078125,541.8145751953125,405.125732421875,365.4237976074219
2,116,6,0,car,0.92439866065979,1097.6019287109375,148.0567626953125,1493.028076171875,499.001220703125,1295.3150024414062,499.001220703125,395.4261474609375,350.9444580078125
2,117,6,0,car,0.9276139736175536,1085.265869140625,121.49290466308594,1468.4296875,460.57373046875,1276.8477783203125,460.57373046875,383.163818359375,339.08082580566406
2,118,6,0,car,0.935904324054718,1076.22607421875,98.24563598632812,1447.8765869140625,421.2333984375,1262.0513305664062,421.2333984375,371.6505126953125,322.9877624511719
2,119,6,0,car,0.9255787134170532,1067.871826171875,71.79044342041016,1427.27490234375,385.9474487304688,1247.5733642578125,385.9474487304688,359.403076171875,314.1570053100586
2,120,6,0,car,0.9326634407043456,1059.4415283203125,47.39042663574219,1406.271728515625,352.21978759765625,1232.8566284179688,352.21978759765625,346.8302001953125,304.82936096191406
2,121,6,0,car,0.9269717931747437,1051.0262451171875,25.92345428466797,1388.896728515625,321.1058959960937,1219.9614868164062,321.1058959960937,337.8704833984375,295.1824417114258
2,122,6,0,car,0.92632395029068,1042.679443359375,4.2409186363220215,1368.85986328125,292.7654113769531,1205.7696533203125,292.7654113769531,326.180419921875,288.5244927406311
2,123,6,0,car,0.9260371923446656,1036.2435302734375,0.0,1351.4718017578125,264.55059814453125,1193.857666015625,264.55059814453125,315.228271484375,264.55059814453125
2,124,6,0,car,0.9196763634681702,1029.693603515625,0.0,1334.983642578125,241.11795043945312,1182.338623046875,241.11795043945312,305.2900390625,241.11795043945312
2,125,6,0,car,0.9239033460617064,1020.9944458007812,0.0,1317.937744140625,216.2594757080078,1169.4660949707031,216.2594757080078,296.9432983398437,216.2594757080078
2,126,6,0,car,0.9226568937301636,1011.7307739257812,0.0,1303.16064453125,191.364013671875,1157.4457092285156,191.364013671875,291.42987060546875,191.364013671875
2,127,6,0,car,0.9184141159057616,1007.5068359375,0.0,1287.90087890625,165.4514923095703,1147.703857421875,165.4514923095703,280.39404296875,165.4514923095703
2,128,6,0,car,0.8958991169929504,1002.9291381835938,0.0,1273.5390625,144.70501708984375,1138.2341003417969,144.70501708984375,270.60992431640625,144.70501708984375
2,129,6,0,car,0.89298015832901,997.1192016601562,0.0,1261.346435546875,124.06881713867188,1129.2328186035156,124.06881713867188,264.22723388671875,124.06881713867188
2,130,6,0,car,0.8875426054000854,988.4982299804688,0.0,1249.28466796875,101.863525390625,1118.8914489746094,101.863525390625,260.78643798828125,101.863525390625
2,131,6,0,car,0.8590701818466187,992.271484375,0.2453993707895279,1237.628662109375,86.03326416015625,1114.9500732421875,86.03326416015625,245.357177734375,85.78786478936672
2,132,6,0,car,0.8494338989257812,994.9754028320312,1.000481128692627,1226.4930419921875,67.80335235595703,1110.7342224121094,67.80335235595703,231.51763916015625,66.8028712272644
2,133,6,0,car,0.9080752730369568,1002.41162109375,1.2692681550979614,1215.2059326171875,50.71565246582031,1108.8087768554688,50.71565246582031,212.7943115234375,49.44638431072235
3,187,15,0,car,0.9418686628341676,685.1910400390625,464.3529357910156,1138.06689453125,1016.4803466796876,911.6289672851562,1016.4803466796876,452.8758544921875,552.1274108886719
3,188,15,0,car,0.9372955560684204,685.9161376953125,421.3113708496094,1118.74658203125,954.6224975585938,902.3313598632812,954.6224975585938,432.8304443359375,533.3111267089844
3,189,15,0,car,0.9401176571846008,682.9754028320312,379.9210815429688,1097.96337890625,890.6499633789062,890.4693908691406,890.6499633789062,414.9879760742188,510.7288818359375
3,190,15,0,car,0.9415038228034972,681.1177978515625,343.9180908203125,1080.9049072265625,824.78515625,881.0113525390625,824.78515625,399.787109375,480.8670654296875
3,191,15,0,car,0.9409026503562928,682.5726318359375,304.7969970703125,1064.4227294921875,764.4113159179688,873.4976806640625,764.4113159179688,381.85009765625,459.61431884765625
3,192,15,0,car,0.9500473141670228,685.2025756835938,273.99517822265625,1051.6556396484375,706.6207275390625,868.4291076660156,706.6207275390625,366.45306396484375,432.6255493164063
3,193,15,0,car,0.934758186340332,685.3214721679688,244.2157287597656,1038.50830078125,654.110595703125,861.9148864746094,654.110595703125,353.18682861328125,409.8948669433594
3,194,15,0,car,0.9356659054756165,681.1791381835938,212.84555053710932,1029.42626953125,606.593505859375,855.3027038574219,606.593505859375,348.24713134765625,393.7479553222656
3,195,15,0,car,0.924768567085266,678.6029052734375,180.1445159912109,1018.5650024414062,562.097900390625,848.5839538574219,562.097900390625,339.96209716796875,381.95338439941406
3,196,15,0,car,0.9239656925201416,675.8422241210938,153.03475952148438,1009.3645629882812,519.19580078125,842.6033935546875,519.19580078125,333.5223388671875,366.1610412597656
3,197,15,0,car,0.9281381368637084,676.2999267578125,125.11213684082033,998.9396362304688,479.221435546875,837.6197814941406,479.221435546875,322.63970947265625,354.1092987060547
3,198,15,0,car,0.9244611859321594,677.577880859375,100.29035949707033,988.8558959960938,438.6471252441406,833.2168884277344,438.6471252441406,311.27801513671875,338.3567657470703
3,199,15,0,car,0.9232139587402344,679.219970703125,74.56539154052734,977.6907348632812,400.4605102539063,828.4553527832031,400.4605102539063,298.47076416015625,325.8951187133789
3,200,15,0,car,0.9193385243415833,679.6659545898438,49.70518112182617,969.973388671875,363.4716796875,824.8196716308594,363.4716796875,290.30743408203125,313.7664985656738
3,201,15,0,car,0.9286438226699828,679.5429077148438,28.91149139404297,963.9681396484376,332.62799072265625,821.7555236816406,332.62799072265625,284.4252319335937,303.7164993286133
3,202,15,0,car,0.9333064556121826,679.612060546875,10.799341201782228,957.1235961914062,303.6889953613281,818.3678283691406,303.6889953613281,277.51153564453125,292.8896541595459
3,203,15,0,car,0.9288730621337892,679.2656860351562,0.0,948.8873901367188,272.8434753417969,814.0765380859375,272.8434753417969,269.6217041015625,272.8434753417969
3,204,15,0,car,0.9242010712623596,679.9586791992188,0.0,941.6021728515624,248.72140502929688,810.7804260253906,248.72140502929688,261.6434936523437,248.72140502929688
3,205,15,0,car,0.9225360155105592,681.3828125,0.0,935.6869506835938,223.68702697753903,808.5348815917969,223.68702697753903,254.3041381835937,223.68702697753903
3,206,15,0,car,0.9188829064369202,682.8746948242188,0.0,929.4867553710938,198.1743927001953,806.1807250976562,198.1743927001953,246.612060546875,198.1743927001953
3,207,15,0,car,0.9215999245643616,684.6201782226562,0.0,923.5048217773438,173.4232940673828,804.0625,173.4232940673828,238.8846435546875,173.4232940673828
3,208,15,0,car,0.8987680077552795,685.753662109375,0.0,919.9437255859376,152.84046936035156,802.8486938476562,152.84046936035156,234.1900634765625,152.84046936035156
3,209,15,0,car,0.8906751871109009,684.8861083984375,0.0,919.6373901367188,135.2151336669922,802.2617492675781,135.2151336669922,234.75128173828125,135.2151336669922
3,210,15,0,car,0.8938199877738953,688.514892578125,0.0,914.6488037109376,111.62128448486328,801.5818481445312,111.62128448486328,226.1339111328125,111.62128448486328
3,211,15,0,car,0.8669992685317993,688.7034301757812,0.0,909.5842895507812,93.94215393066406,799.1438598632812,93.94215393066406,220.880859375,93.94215393066406
3,212,15,0,car,0.8167096972465515,686.805419921875,1.209255933761597,906.114501953125,74.52552032470703,796.4599609375,74.52552032470703,219.30908203125,73.31626439094543
3,213,15,0,car,0.6903336644172668,691.7138671875,1.353609561920166,900.0270385742188,55.19829177856445,795.8704528808594,55.19829177856445,208.31317138671875,53.84468221664429
4,245,18,0,car,0.93673437833786,1326.760986328125,500.5540466308594,1919.7041015625,1038.2928466796875,1623.2325439453125,1038.2928466796875,592.943115234375,537.7388000488281
4,246,18,0,car,0.9354547262191772,1306.03759765625,461.0440368652344,1898.865478515625,981.7396240234376,1602.4515380859375,981.7396240234376,592.827880859375,520.6955871582031
4,247,18,0,car,0.939499855041504,1281.607421875,424.766357421875,1859.0286865234373,916.7691650390624,1570.3180541992188,916.7691650390624,577.4212646484375,492.0028076171875
4,248,18,0,car,0.929809272289276,1266.893798828125,384.3520812988281,1815.08642578125,856.7581176757812,1540.9901123046875,856.7581176757812,548.192626953125,472.4060363769531
4,249,18,0,car,0.9335793256759644,1248.5771484375,348.0244140625,1767.0262451171875,798.2060546875,1507.8016967773438,798.2060546875,518.4490966796875,450.181640625
4,250,18,0,car,0.9372382164001464,1230.334716796875,309.9042663574219,1727.7874755859375,746.068603515625,1479.0610961914062,746.068603515625,497.4527587890625,436.1643371582031
4,251,18,0,car,0.9411121606826782,1213.6632080078125,280.49224853515625,1688.01416015625,691.160400390625,1450.8386840820312,691.160400390625,474.3509521484375,410.6681518554688
4,252,18,0,car,0.939203441143036,1198.492431640625,253.5259704589844,1651.4912109375,644.97314453125,1424.9918212890625,644.97314453125,452.998779296875,391.4471740722656
4,253,18,0,car,0.9464438557624816,1182.637451171875,227.01583862304688,1618.510986328125,599.81494140625,1400.57421875,599.81494140625,435.87353515625,372.7991027832031
4,254,18,0,car,0.9401597380638124,1167.943603515625,198.1594390869141,1590.1907958984375,557.9130249023438,1379.0671997070312,557.9130249023438,422.2471923828125,359.7535858154297
4,255,18,0,car,0.9345250725746156,1155.2744140625,169.8666229248047,1560.219970703125,517.89404296875,1357.7471923828125,517.89404296875,404.945556640625,348.0274200439453
4,256,18,0,car,0.9362660050392152,1143.1573486328125,146.3596954345703,1533.543212890625,480.6922607421875,1338.3502807617188,480.6922607421875,390.3858642578125,334.3325653076172
4,257,18,0,car,0.926128387451172,1132.2132568359375,121.4899444580078,1507.726318359375,446.2028198242188,1319.9697875976562,446.2028198242188,375.5130615234375,324.71287536621094
4,258,18,0,car,0.9362682700157166,1123.7537841796875,99.7575912475586,1486.583740234375,411.5811462402344,1305.1687622070312,411.5811462402344,362.8299560546875,311.8235549926758
4,259,18,0,car,0.927156388759613,1115.7371826171875,74.57532501220703,1463.136474609375,379.6165771484375,1289.4368286132812,379.6165771484375,347.3992919921875,305.04125213623047
4,260,18,0,car,0.9238711595535278,1106.891357421875,54.20101547241211,1443.4268798828125,349.9051208496094,1275.1591186523438,349.9051208496094,336.5355224609375,295.70410537719727
4,261,18,0,car,0.9242213368415833,1094.991943359375,33.2657356262207,1425.58837890625,320.308837890625,1260.2901611328125,320.308837890625,330.596435546875,287.0431022644043
4,262,18,0,car,0.9319560527801514,1085.7347412109375,13.88918113708496,1405.7896728515625,294.77716064453125,1245.76220703125,294.77716064453125,320.054931640625,280.8879795074463
4,263,18,0,car,0.9227933883666992,1078.2998046875,0.0,1389.2412109375,268.4098205566406,1233.7705078125,268.4098205566406,310.94140625,268.4098205566406
4,264,18,0,car,0.9173781871795654,1070.3563232421875,0.0,1372.22021484375,245.2834625244141,1221.2882690429688,245.2834625244141,301.8638916015625,245.2834625244141
4,265,18,0,car,0.9249177575111388,1062.2562255859375,0.0,1356.8062744140625,221.48812866210932,1209.53125,221.48812866210932,294.550048828125,221.48812866210932
4,266,18,0,car,0.9191921353340148,1054.4866943359375,0.0,1342.5400390625,198.2523956298828,1198.5133666992188,198.2523956298828,288.0533447265625,198.2523956298828
4,267,18,0,car,0.9225167632102966,1048.659912109375,0.0,1326.2003173828125,174.43353271484375,1187.4301147460938,174.43353271484375,277.5404052734375,174.43353271484375
4,268,18,0,car,0.9153084754943848,1043.5283203125,0.0,1312.8524169921875,152.30111694335938,1178.1903686523438,152.30111694335938,269.3240966796875,152.30111694335938
4,269,18,0,car,0.8977954387664795,1035.0411376953125,0.0,1298.680908203125,134.35687255859375,1166.8610229492188,134.35687255859375,263.6397705078125,134.35687255859375
4,270,18,0,car,0.893146812915802,1024.7965087890625,0.0,1285.3636474609375,114.70992279052734,1155.080078125,114.70992279052734,260.567138671875,114.70992279052734
4,271,18,0,car,0.8804844617843628,1009.7880859375,0.0,1273.07421875,98.58658599853516,1141.43115234375,98.58658599853516,263.2861328125,98.58658599853516
4,272,18,0,car,0.8766443729400635,1010.6589965820312,1.514152765274048,1262.2503662109375,81.81712341308594,1136.4546813964844,81.81712341308594,251.59136962890625,80.30297064781189
4,273,18,0,car,0.8563452959060669,1026.0150146484375,2.369902849197388,1252.2353515625,63.59939193725586,1139.1251831054688,63.59939193725586,226.2203369140625,61.22948908805847
4,274,18,0,car,0.8743950724601746,1032.8662109375,2.924994707107544,1241.40869140625,50.47500991821289,1137.137451171875,50.47500991821289,208.54248046875,47.55001521110535
6,275,19,0,car,0.9393377304077148,1300.1719970703125,486.9346008300781,1893.8367919921875,1016.9808959960938,1597.00439453125,1016.9808959960938,593.664794921875,530.0462951660156
6,276,19,0,car,0.9435484409332277,1278.1356201171875,446.7314758300781,1853.5968017578125,958.6779174804688,1565.8662109375,958.6779174804688,575.461181640625,511.9464416503906
6,277,19,0,car,0.9324083924293518,1261.1478271484375,408.0126037597656,1810.4600830078125,896.9889526367188,1535.803955078125,896.9889526367188,549.312255859375,488.9763488769531
6,278,19,0,car,0.938027024269104,1243.7781982421875,374.5740356445313,1767.5853271484375,838.8841552734375,1505.6817626953125,838.8841552734375,523.80712890625,464.3101196289063
6,279,19,0,car,0.9393422603607178,1228.669677734375,340.2190856933594,1729.448486328125,784.918212890625,1479.05908203125,784.918212890625,500.77880859375,444.6991271972656
6,280,19,0,car,0.9412169456481934,1212.0035400390625,298.89947509765625,1689.935302734375,735.5785522460938,1450.9694213867188,735.5785522460938,477.9317626953125,436.6790771484375
6,281,19,0,car,0.949192225933075,1194.0001220703125,271.95916748046875,1652.425537109375,681.1315307617188,1423.2128295898438,681.1315307617188,458.4254150390625,409.17236328125
6,282,19,0,car,0.9351137280464172,1178.4747314453125,245.59182739257807,1620.7286376953125,638.0879516601562,1399.6016845703125,638.0879516601562,442.25390625,392.4961242675781
6,283,19,0,car,0.9400023221969604,1167.7813720703125,218.3964080810547,1590.69775390625,590.313232421875,1379.2395629882812,590.313232421875,422.9163818359375,371.9168243408203
6,284,19,0,car,0.9386889338493348,1156.7857666015625,192.8697052001953,1560.1165771484375,547.009521484375,1358.451171875,547.009521484375,403.330810546875,354.1398162841797
6,285,19,0,car,0.9320278167724608,1143.7777099609375,165.64785766601562,1534.5546875,513.9441528320312,1339.1661987304688,513.9441528320312,390.7769775390625,348.2962951660156
6,286,19,0,car,0.9438634514808656,1132.2513427734375,139.7409210205078,1511.665283203125,475.7501525878906,1321.9583129882812,475.7501525878906,379.4139404296875,336.0092315673828
6,287,19,0,car,0.9242572784423828,1124.3321533203125,114.12493133544922,1490.53515625,441.7997131347656,1307.4336547851562,441.7997131347656,366.2030029296875,327.6747817993164
6,288,19,0,car,0.9317225217819214,1115.317626953125,94.54928588867188,1469.2742919921875,408.53216552734375,1292.2959594726562,408.53216552734375,353.9566650390625,313.9828796386719
6,289,19,0,car,0.931009829044342,1106.6185302734375,71.54572296142578,1450.8038330078125,374.6903076171875,1278.711181640625,374.6903076171875,344.185302734375,303.1445846557617
6,290,19,0,car,0.9254157543182372,1095.953369140625,49.43632888793945,1430.72705078125,345.83599853515625,1263.3402099609375,345.83599853515625,334.773681640625,296.3996696472168
6,291,19,0,car,0.9282481074333192,1086.1805419921875,27.825014114379883,1409.7076416015625,315.8830261230469,1247.944091796875,315.8830261230469,323.527099609375,288.058012008667
6,292,19,0,car,0.9301642179489136,1079.5511474609375,8.130547523498535,1392.8157958984375,288.0256042480469,1236.1834716796875,288.0256042480469,313.2646484375,279.89505672454834
6,293,19,0,car,0.9274237155914308,1072.1370849609375,0.0,1376.974609375,264.4052124023437,1224.5558471679688,264.4052124023437,304.8375244140625,264.4052124023437
6,294,19,0,car,0.9265637397766112,1062.5286865234375,0.0,1359.829833984375,242.6361083984375,1211.1792602539062,242.6361083984375,297.3011474609375,242.6361083984375
6,295,19,0,car,0.9227063059806824,1056.5963134765625,0.0,1347.1751708984375,219.58990478515625,1201.8857421875,219.58990478515625,290.578857421875,219.58990478515625
6,296,19,0,car,0.9173586368560792,1049.2286376953125,0.0,1331.58056640625,196.4232177734375,1190.4046020507812,196.4232177734375,282.3519287109375,196.4232177734375
6,297,19,0,car,0.9197201132774352,1043.1602783203125,0.0,1314.5289306640625,171.54324340820312,1178.8446044921875,171.54324340820312,271.36865234375,171.54324340820312
6,298,19,0,car,0.914884090423584,1036.438232421875,0.0,1301.539794921875,150.76031494140625,1168.989013671875,150.76031494140625,265.1015625,150.76031494140625
6,299,19,0,car,0.8976693749427795,1028.160888671875,0.0,1291.280029296875,134.19439697265625,1159.720458984375,134.19439697265625,263.119140625,134.19439697265625
6,300,19,0,car,0.9042377471923828,1020.5040283203124,0.0,1279.625732421875,115.0277328491211,1150.0648803710938,115.0277328491211,259.1217041015625,115.0277328491211
6,301,19,0,car,0.8777654767036438,1017.210205078125,0.0,1268.84765625,97.6905746459961,1143.0289306640625,97.6905746459961,251.637451171875,97.6905746459961
6,302,19,0,car,0.8831297755241394,1026.991943359375,1.124547004699707,1258.226318359375,78.83570861816406,1142.609130859375,78.83570861816406,231.234375,77.71116161346436
6,303,19,0,car,0.8925846815109253,1033.2138671875,1.121538758277893,1250.25,61.77530670166016,1141.73193359375,61.77530670166016,217.0361328125,60.65376794338226
5,253,20,0,car,0.9435091614723206,657.2171630859375,435.7808532714844,1089.8319091796875,1012.3804931640624,873.5245361328125,1012.3804931640624,432.61474609375,576.5996398925781
5,254,20,0,car,0.953476071357727,656.7953491210938,397.043212890625,1072.2821044921875,949.2705078125,864.5387268066406,949.2705078125,415.48675537109375,552.227294921875
5,255,20,0,car,0.9509956240653992,653.5474853515625,359.3680114746094,1054.4906005859375,885.1510620117188,854.01904296875,885.1510620117188,400.943115234375,525.7830505371094
5,256,20,0,car,0.933529257774353,652.9676513671875,327.4842529296875,1037.908203125,818.1725463867188,845.4379272460938,818.1725463867188,384.9405517578125,490.6882934570313
5,257,20,0,car,0.9488802552223206,654.234130859375,295.9646911621094,1026.8917236328125,759.2667236328125,840.5629272460938,759.2667236328125,372.6575927734375,463.3020324707031
5,258,20,0,car,0.9391242265701294,653.99560546875,267.58319091796875,1012.7019653320312,706.2755126953125,833.3487854003906,706.2755126953125,358.70635986328125,438.69232177734375
5,259,20,0,car,0.9314615726470948,654.7767944335938,233.2323760986328,999.7815551757812,655.67333984375,827.2791748046875,655.67333984375,345.0047607421875,422.4409637451172
5,260,20,0,car,0.923415184020996,655.5430297851562,205.22039794921875,988.8445434570312,609.1068115234375,822.1937866210938,609.1068115234375,333.301513671875,403.8864135742188
5,261,20,0,car,0.9320427179336548,657.060546875,174.7131805419922,979.1152954101562,564.5503540039062,818.0879211425781,564.5503540039062,322.05474853515625,389.83717346191406
5,262,20,0,car,0.9273916482925416,657.0431518554688,148.4093475341797,970.0055541992188,522.5552978515625,813.5243530273438,522.5552978515625,312.96240234375,374.1459503173828
5,263,20,0,car,0.9262871146202089,658.3521728515625,120.98799896240234,962.8438110351562,480.2392578125,810.5979919433594,480.2392578125,304.4916381835937,359.25125885009766
5,264,20,0,car,0.9251927733421326,655.9920043945312,94.14646911621094,952.923095703125,441.6763610839844,804.4575500488281,441.6763610839844,296.9310913085937,347.52989196777344
5,265,20,0,car,0.915295958518982,655.7399291992188,70.33519744873047,944.3010864257812,406.0362548828125,800.0205078125,406.0362548828125,288.5611572265625,335.70105743408203
5,266,20,0,car,0.928781509399414,657.7696533203125,49.33016204833984,936.9109497070312,369.6412353515625,797.3403015136719,369.6412353515625,279.14129638671875,320.31107330322266
5,267,20,0,car,0.9381722211837769,658.9136962890625,27.88477325439453,929.3218383789062,337.9776916503906,794.1177673339844,337.9776916503906,270.4081420898437,310.0929183959961
5,268,20,0,car,0.9291319251060486,653.3862915039062,10.263927459716797,924.0069580078124,308.0258178710937,788.6966247558594,308.0258178710937,270.62066650390625,297.7618904113769
5,269,20,0,car,0.93101304769516,651.161376953125,0.0,919.3120727539062,279.083251953125,785.2367248535156,279.083251953125,268.15069580078125,279.083251953125
5,270,20,0,car,0.9143580794334412,651.3008422851562,0.0,914.8815307617188,253.3113250732422,783.0911865234375,253.3113250732422,263.5806884765625,253.3113250732422
5,271,20,0,car,0.9231623411178588,654.8001098632812,0.0,907.0972290039062,229.2777099609375,780.9486694335938,229.2777099609375,252.297119140625,229.2777099609375
5,272,20,0,car,0.91914165019989,657.6964111328125,0.0,902.4842529296876,204.1517639160156,780.09033203125,204.1517639160156,244.787841796875,204.1517639160156
5,273,20,0,car,0.9231151938438416,656.1184692382812,0.0,896.6892700195312,181.5714263916016,776.4038696289062,181.5714263916016,240.57080078125,181.5714263916016
5,274,20,0,car,0.920217514038086,657.7823486328125,0.0,892.8590087890625,159.2987823486328,775.3206787109375,159.2987823486328,235.07666015625,159.2987823486328
5,275,20,0,car,0.9022394418716432,659.7793579101562,3.136688470840454,887.8590698242188,139.03443908691406,773.8192138671875,139.03443908691406,228.0797119140625,135.8977506160736
5,276,20,0,car,0.9039725065231324,659.2677612304688,0.0,882.9189453125,117.8730926513672,771.0933532714844,117.8730926513672,223.65118408203125,117.8730926513672
5,277,20,0,car,0.8857293725013733,656.967529296875,0.6840102076530457,878.1417236328125,100.77620697021484,767.5546264648438,100.77620697021484,221.1741943359375,100.0921967625618
5,278,20,0,car,0.8575558662414551,651.0084838867188,1.3507802486419678,874.6538696289062,85.4075698852539,762.8311767578125,85.4075698852539,223.6453857421875,84.05678963661194
5,279,20,0,car,0.8482310175895691,652.0056762695312,1.7059255838394165,870.8582763671875,64.22024536132812,761.4319763183594,64.22024536132812,218.85260009765625,62.51431977748871
7,280,21,0,car,0.9464397430419922,0.8871936798095703,450.9058227539063,474.821044921875,1024.886962890625,237.85411930084229,1024.886962890625,473.93385124206543,573.9811401367188
7,281,21,0,car,0.9456496834754944,0.597069501876831,404.4324035644531,480.0848388671875,960.963623046875,240.34095418453217,960.963623046875,479.4877693653106,556.5312194824219
7,282,21,0,car,0.9443809986114502,4.454831600189209,353.29400634765625,484.5655822753906,891.0484619140625,244.51020693778992,891.0484619140625,480.1107506752014,537.7544555664062
7,283,21,0,car,0.9501874446868896,18.60271453857422,315.0768127441406,490.9884338378906,818.7274169921875,254.7955741882324,818.7274169921875,472.3857192993164,503.6506042480469
7,284,21,0,car,0.9393341541290284,40.745750427246094,281.6906433105469,494.94677734375,754.68798828125,267.84626388549805,754.68798828125,454.2010269165039,472.9973449707031
7,285,21,0,car,0.9336297512054444,65.29960632324219,246.8072967529297,502.9251403808594,690.0240478515625,284.1123733520508,690.0240478515625,437.6255340576172,443.2167510986328
7,286,21,0,car,0.9370245337486268,88.74150848388672,212.1013336181641,507.1686706542969,634.0799560546875,297.9550895690918,634.0799560546875,418.42716217041016,421.9786224365234
7,287,21,0,car,0.9392121434211732,115.03527069091795,178.06634521484375,513.32958984375,577.6387329101562,314.182430267334,577.6387329101562,398.294319152832,399.5723876953125
7,288,21,0,car,0.9216175675392152,133.78591918945312,149.41943359375,518.3983764648438,529.9405517578125,326.09214782714844,529.9405517578125,384.6124572753906,380.5211181640625
7,289,21,0,car,0.9409656524658204,153.93972778320312,118.26569366455078,523.8978881835938,482.54583740234375,338.91880798339844,482.54583740234375,369.9581604003906,364.28014373779297
7,290,21,0,car,0.9269739389419556,170.6658477783203,91.6601104736328,527.5867919921875,438.3901062011719,349.1263198852539,438.3901062011719,356.9209442138672,346.72999572753906
7,291,21,0,car,0.9272206425666808,187.1684417724609,61.96133041381836,530.72802734375,400.3353576660156,358.94823455810547,400.3353576660156,343.55958557128906,338.37402725219727
7,292,21,0,car,0.9375397562980652,201.6556854248047,36.721099853515625,534.527099609375,361.9804382324219,368.0913925170898,361.9804382324219,332.8714141845703,325.25933837890625
7,293,21,0,car,0.9336013793945312,218.30177307128903,15.387225151062012,539.2853393554688,326.4262084960937,378.7935562133789,326.4262084960937,320.9835662841797,311.03898334503174
7,294,21,0,car,0.924945056438446,231.7484436035156,0.0,543.8309326171875,289.9463806152344,387.7896881103516,289.9463806152344,312.0824890136719,289.9463806152344
7,295,21,0,car,0.9215290546417236,243.10829162597656,0.0,549.3212280273438,261.4610900878906,396.21475982666016,261.4610900878906,306.2129364013672,261.4610900878906
7,296,21,0,car,0.9293474555015564,254.99432373046875,0.0,551.6410522460938,231.3969268798828,403.3176879882813,231.3969268798828,296.646728515625,231.3969268798828
7,297,21,0,car,0.9379242658615112,265.9292907714844,0.0,552.5397338867188,201.31773376464844,409.2345123291016,201.31773376464844,286.6104431152344,201.31773376464844
7,298,21,0,car,0.922968089580536,275.937255859375,0.0,553.6494140625,172.77926635742188,414.7933349609375,172.77926635742188,277.712158203125,172.77926635742188
7,299,21,0,car,0.9029719829559326,288.9953308105469,0.0,553.791259765625,148.92529296875,421.39329528808594,148.92529296875,264.7959289550781,148.92529296875
7,300,21,0,car,0.9135038256645204,297.0162658691406,0.0,553.7662963867188,121.78443145751952,425.3912811279297,121.78443145751952,256.7500305175781,121.78443145751952
7,301,21,0,car,0.897722601890564,307.2477722167969,0.0,554.0597534179688,99.27207946777344,430.6537628173828,99.27207946777344,246.81198120117188,99.27207946777344
7,302,21,0,car,0.8701373934745789,314.3291015625,0.932742178440094,553.923828125,75.83787536621094,434.12646484375,75.83787536621094,239.5947265625,74.90513318777084
7,303,21,0,car,0.8487269878387451,323.035888671875,0.3587434589862823,554.341064453125,55.27000427246094,438.6884765625,55.27000427246094,231.30517578125,54.911260813474655
8,295,26,0,car,0.9532419443130492,638.0900268554688,396.1459045410156,1147.1953125,1034.2344970703125,892.6426696777344,1034.2344970703125,509.1052856445313,638.0885925292969
8,296,26,0,car,0.9367353320121764,637.5780639648438,358.2442626953125,1128.3885498046875,970.5267333984376,882.9833068847656,970.5267333984376,490.81048583984375,612.282470703125
8,297,26,0,car,0.9335669875144958,635.71337890625,324.7562255859375,1106.4913330078125,906.5120849609376,871.1023559570312,906.5120849609376,470.7779541015625,581.755859375
8,298,26,0,car,0.94295734167099,631.223388671875,291.2947692871094,1084.4969482421875,841.75439453125,857.8601684570312,841.75439453125,453.2735595703125,550.4596252441406
8,299,26,0,car,0.9502561092376708,627.5651245117188,263.5161437988281,1071.612548828125,784.0139770507812,849.5888366699219,784.0139770507812,444.0474243164063,520.4978332519531
8,300,26,0,car,0.9418087601661682,629.3109741210938,234.74819946289065,1058.0369873046875,730.7518920898438,843.6739807128906,730.7518920898438,428.72601318359375,496.0036926269531
8,301,26,0,car,0.9490720629692078,626.2401123046875,205.7876739501953,1045.8521728515625,678.17236328125,836.046142578125,678.17236328125,419.612060546875,472.3846893310547
8,302,26,0,car,0.9421842098236084,626.9124145507812,177.51345825195312,1034.74755859375,628.9685668945312,830.8299865722656,628.9685668945312,407.8351440429688,451.4551086425781
8,303,26,0,car,0.943343222141266,626.5820922851562,152.54025268554688,1023.024169921875,582.7463989257812,824.8031311035156,582.7463989257812,396.4420776367188,430.2061462402344
8,304,26,0,car,0.9387044310569764,629.4822998046875,125.39978790283205,1011.3279418945312,544.9896240234375,820.4051208496094,544.9896240234375,381.84564208984375,419.5898361206055
8,305,26,0,car,0.9337028861045836,628.09814453125,98.32711029052734,1001.1578979492188,507.6634521484375,814.6280212402344,507.6634521484375,373.0597534179688,409.33634185791016
8,306,26,0,car,0.922382116317749,631.8845825195312,74.45231628417969,993.35498046875,470.2254943847656,812.6197814941406,470.2254943847656,361.4703979492188,395.77317810058594
8,307,26,0,car,0.925544500350952,637.5150146484375,51.28153991699219,982.2737426757812,438.7114562988281,809.8943786621094,438.7114562988281,344.7587280273437,387.429916381836
8,308,26,0,car,0.9387656450271606,638.4061889648438,30.92842102050781,974.6444091796876,405.7532348632813,806.5252990722656,405.7532348632813,336.2382202148437,374.82481384277344
8,309,26,0,car,0.9350882172584534,636.9415893554688,8.193078994750977,967.3939819335938,372.1583862304688,802.1677856445312,372.1583862304688,330.452392578125,363.9653072357178
8,310,26,0,car,0.9269585609436036,635.9550170898438,0.0,960.1679077148438,343.7657470703125,798.0614624023438,343.7657470703125,324.212890625,343.7657470703125
8,311,26,0,car,0.9297621846199036,634.2783813476562,0.0,954.7197265625,313.101318359375,794.4990539550781,313.101318359375,320.4413452148437,313.101318359375
8,312,26,0,car,0.9283307194709778,633.87255859375,0.0,946.8151245117188,284.1976318359375,790.3438415527344,284.1976318359375,312.94256591796875,284.1976318359375
8,313,26,0,car,0.9264098405838012,636.7844848632812,0.0,940.4171142578124,260.6592712402344,788.6007995605469,260.6592712402344,303.63262939453125,260.6592712402344
8,314,26,0,car,0.931631565093994,636.8973999023438,0.0,933.3251953125,240.8101501464844,785.1112976074219,240.8101501464844,296.42779541015625,240.8101501464844
8,315,26,0,car,0.9361478090286256,637.3632202148438,0.0,927.0347290039062,217.86865234375,782.198974609375,217.86865234375,289.6715087890625,217.86865234375
8,316,26,0,car,0.9261549711227416,638.6901245117188,0.0,922.854248046875,196.6737060546875,780.7721862792969,196.6737060546875,284.16412353515625,196.6737060546875
8,317,26,0,car,0.923828661441803,639.5971069335938,0.0,918.0674438476562,172.77662658691406,778.832275390625,172.77662658691406,278.4703369140625,172.77662658691406
8,318,26,0,car,0.9068017601966858,641.6295776367188,0.0,915.5185546875,153.8345947265625,778.5740661621094,153.8345947265625,273.88897705078125,153.8345947265625
8,319,26,0,car,0.9060292840003968,642.6713256835938,0.0,910.9322509765624,135.8321990966797,776.8017883300781,135.8321990966797,268.26092529296875,135.8321990966797
8,320,26,0,car,0.9007688164711,643.7608642578125,0.6591011881828308,902.8045654296876,116.3644790649414,773.28271484375,116.3644790649414,259.043701171875,115.70537787675858
8,321,26,0,car,0.8908969163894653,645.2158813476562,1.4841216802597046,899.8363647460938,100.20012664794922,772.526123046875,100.20012664794922,254.6204833984375,98.71600496768951
8,322,26,0,car,0.8759627342224121,646.1394653320312,2.3970165252685547,895.35498046875,78.00102233886719,770.7472229003906,78.00102233886719,249.21551513671875,75.60400581359863
8,323,26,0,car,0.8579736948013306,646.6388549804688,1.1515713930130005,890.8474731445312,61.83781051635742,768.7431640625,61.83781051635742,244.2086181640625,60.68623912334442
9,313,30,0,car,0.9328998923301696,1331.7061767578125,509.4517211914063,1919.65234375,1059.5601806640625,1625.6792602539062,1059.5601806640625,587.9461669921875,550.1084594726562
9,314,30,0,car,0.9257428646087646,1307.978759765625,462.8994140625,1905.3717041015625,999.609619140625,1606.6752319335938,999.609619140625,597.3929443359375,536.710205078125
9,315,30,0,car,0.9269331693649292,1283.774169921875,420.621826171875,1877.1346435546875,935.6212158203124,1580.4544067382812,935.6212158203124,593.3604736328125,514.9993896484375
9,316,30,0,car,0.9243938326835632,1265.67041015625,376.2482299804688,1833.8101806640625,864.1054077148438,1549.7402954101562,864.1054077148438,568.1397705078125,487.857177734375
9,317,30,0,car,0.9304111003875732,1243.3165283203125,337.46551513671875,1779.8878173828125,796.858642578125,1511.6021728515625,796.858642578125,536.5712890625,459.3931274414063
9,318,30,0,car,0.93983256816864,1225.6534423828125,295.97772216796875,1734.642822265625,737.4349975585938,1480.1481323242188,737.4349975585938,508.9893798828125,441.457275390625
9,319,30,0,car,0.9211432337760924,1209.1578369140625,263.48516845703125,1691.68017578125,679.5036010742188,1450.4190063476562,679.5036010742188,482.5223388671875,416.0184326171875
9,320,30,0,car,0.930619180202484,1190.488037109375,230.5341644287109,1650.556884765625,623.968505859375,1420.5224609375,623.968505859375,460.06884765625,393.43434143066406
9,321,30,0,car,0.9439608454704284,1177.00146484375,196.49734497070312,1614.60302734375,575.4027099609375,1395.80224609375,575.4027099609375,437.6015625,378.9053649902344
9,322,30,0,car,0.9307972192764282,1162.9539794921875,165.98562622070312,1577.037109375,532.9928588867188,1369.9955444335938,532.9928588867188,414.0831298828125,367.0072326660156
9,323,30,0,car,0.926970362663269,1146.597900390625,135.53933715820312,1549.6597900390625,486.1854248046875,1348.1288452148438,486.1854248046875,403.0618896484375,350.6460876464844
9,324,30,0,car,0.9267644882202148,1132.4912109375,106.99810791015624,1519.605712890625,446.1217346191406,1326.0484619140625,446.1217346191406,387.114501953125,339.1236267089844
9,325,30,0,car,0.928608775138855,1121.823974609375,80.64653015136719,1492.906494140625,406.3097534179688,1307.365234375,406.3097534179688,371.08251953125,325.6632232666016
9,326,30,0,car,0.9315321445465088,1110.6104736328125,58.02927017211914,1467.075439453125,370.0103454589844,1288.8429565429688,370.0103454589844,356.4649658203125,311.98107528686523
9,327,30,0,car,0.9254319071769714,1097.562744140625,33.084716796875,1444.146728515625,335.6973571777344,1270.854736328125,335.6973571777344,346.583984375,302.6126403808594
9,328,30,0,car,0.9311147928237916,1088.1214599609375,10.796575546264648,1423.1290283203125,303.96270751953125,1255.625244140625,303.96270751953125,335.007568359375,293.1661319732666
9,329,30,0,car,0.927854597568512,1078.54833984375,0.0,1401.4342041015625,274.1607360839844,1239.9912719726562,274.1607360839844,322.8858642578125,274.1607360839844
9,330,30,0,car,0.9196877479553224,1067.5240478515625,0.0,1383.0098876953125,248.48684692382807,1225.2669677734375,248.48684692382807,315.48583984375,248.48684692382807
9,331,30,0,car,0.9244223833084106,1057.5966796875,0.0,1362.1806640625,222.2521209716797,1209.888671875,222.2521209716797,304.583984375,222.2521209716797
9,332,30,0,car,0.9177590608596802,1049.1395263671875,0.0,1344.943115234375,196.3120880126953,1197.0413208007812,196.3120880126953,295.8035888671875,196.3120880126953
9,333,30,0,car,0.9276909232139589,1040.9117431640625,0.0,1326.7646484375,170.83843994140625,1183.8381958007812,170.83843994140625,285.8529052734375,170.83843994140625
9,334,30,0,car,0.9096053838729858,1034.3759765625,0.0,1310.4957275390625,147.3500213623047,1172.4358520507812,147.3500213623047,276.1197509765625,147.3500213623047
9,335,30,0,car,0.8981746435165405,1023.4161376953124,0.0,1295.120849609375,126.2092056274414,1159.2684936523438,126.2092056274414,271.7047119140625,126.2092056274414
9,336,30,0,car,0.8922172784805298,1011.4778442382812,0.0,1280.19921875,104.7718734741211,1145.8385314941406,104.7718734741211,268.72137451171875,104.7718734741211
9,337,30,0,car,0.8706223368644714,1013.1052856445312,1.4366627931594849,1268.66552734375,85.18399810791016,1140.8854064941406,85.18399810791016,255.56024169921875,83.74733531475067
9,338,30,0,car,0.8632624745368958,1023.8060302734376,1.577771544456482,1255.99267578125,65.96742248535156,1139.8993530273438,65.96742248535156,232.1866455078125,64.38965094089508
9,339,30,0,car,0.9202550649642944,1028.37548828125,0.915604054927826,1246.5260009765625,50.92113876342773,1137.4507446289062,50.92113876342773,218.1505126953125,50.00553470849991
10,372,33,0,car,0.9390512704849244,1306.6370849609375,493.7589416503906,1919.7264404296875,1045.6865234375,1613.1817626953125,1045.6865234375,613.08935546875,551.9275817871094
10,373,33,0,car,0.9322766065597534,1285.4757080078125,454.2803039550781,1901.7772216796875,989.1477661132812,1593.62646484375,989.1477661132812,616.301513671875,534.8674621582031
10,374,33,0,car,0.931659996509552,1264.1717529296875,415.7212524414063,1861.23388671875,923.5386352539062,1562.7028198242188,923.5386352539062,597.0621337890625,507.8173828125
10,375,33,0,car,0.9288517832756042,1248.0467529296875,377.1554565429688,1815.8870849609373,862.0282592773438,1531.9669189453125,862.0282592773438,567.84033203125,484.872802734375
10,376,33,0,car,0.932434618473053,1230.4920654296875,344.6483764648437,1769.6170654296875,801.8590087890625,1500.0545654296875,801.8590087890625,539.125,457.2106323242188
10,377,33,0,car,0.936400830745697,1218.4913330078125,300.6007385253906,1726.7840576171875,747.7789306640625,1472.6376953125,747.7789306640625,508.292724609375,447.1781921386719
10,378,33,0,car,0.9305022358894348,1201.6875,273.037841796875,1691.509033203125,692.0931396484375,1446.5982666015625,692.0931396484375,489.821533203125,419.0552978515625
10,379,33,0,car,0.931791126728058,1184.06591796875,244.09295654296875,1652.5670166015625,644.9530029296875,1418.3164672851562,644.9530029296875,468.5010986328125,400.8600463867188
10,380,33,0,car,0.944916009902954,1169.7998046875,214.26760864257807,1618.807373046875,598.3114013671875,1394.3035888671875,598.3114013671875,449.007568359375,384.0437927246094
10,381,33,0,car,0.9355888962745668,1157.7191162109375,186.05186462402344,1587.858642578125,554.880126953125,1372.7888793945312,554.880126953125,430.1395263671875,368.8282623291016
10,382,33,0,car,0.9346737265586852,1146.4423828125,159.41676330566406,1557.4976806640625,514.8876953125,1351.9700317382812,514.8876953125,411.0552978515625,355.47093200683594
10,383,33,0,car,0.933754861354828,1133.652099609375,133.0640106201172,1534.3095703125,476.1560974121094,1333.9808349609375,476.1560974121094,400.657470703125,343.0920867919922
10,384,33,0,car,0.9291221499443054,1123.2021484375,107.50082397460938,1508.6141357421875,442.1598205566406,1315.9081420898438,442.1598205566406,385.4119873046875,334.65899658203125
10,385,33,0,car,0.9303374290466307,1114.467529296875,85.73194885253906,1487.95068359375,406.5691833496094,1301.2091064453125,406.5691833496094,373.483154296875,320.8372344970703
10,386,33,0,car,0.9312828183174132,1102.814453125,61.85309600830078,1464.28857421875,374.94830322265625,1283.551513671875,374.94830322265625,361.47412109375,313.09520721435547
10,387,33,0,car,0.9252288937568665,1093.95703125,38.86225128173828,1444.201904296875,342.8877868652344,1269.0794677734375,342.8877868652344,350.244873046875,304.0255355834961
10,388,33,0,car,0.9299332499504088,1084.2733154296875,19.12384605407715,1423.5452880859375,312.6780090332031,1253.9093017578125,312.6780090332031,339.27197265625,293.554162979126
10,389,33,0,car,0.9299077987670898,1077.4105224609375,0.0,1403.4976806640625,284.55377197265625,1240.4541015625,284.55377197265625,326.087158203125,284.55377197265625
10,390,33,0,car,0.9232457280158995,1069.140625,0.0,1386.9100341796875,258.5509033203125,1228.0253295898438,258.5509033203125,317.7694091796875,258.5509033203125
10,391,33,0,car,0.918096661567688,1060.487060546875,0.0,1367.75634765625,235.50582885742188,1214.1217041015625,235.50582885742188,307.269287109375,235.50582885742188
10,392,33,0,car,0.9228485226631165,1053.5374755859375,0.0,1353.3004150390625,209.9227600097656,1203.4189453125,209.9227600097656,299.762939453125,209.9227600097656
10,393,33,0,car,0.9288405776023864,1043.707275390625,0.0,1337.90625,184.7896423339844,1190.8067626953125,184.7896423339844,294.198974609375,184.7896423339844
10,394,33,0,car,0.922862946987152,1036.745361328125,0.0,1322.0838623046875,159.71304321289062,1179.4146118164062,159.71304321289062,285.3385009765625,159.71304321289062
10,395,33,0,car,0.905367076396942,1030.976318359375,0.0,1309.8828125,140.63168334960938,1170.4295654296875,140.63168334960938,278.906494140625,140.63168334960938
10,396,33,0,car,0.8968740105628967,1023.5281982421876,0.0,1296.18896484375,120.48165893554688,1159.8585815429688,120.48165893554688,272.6607666015625,120.48165893554688
10,397,33,0,car,0.893860399723053,1019.1375122070312,0.0,1281.82373046875,102.82876586914062,1150.4806213378906,102.82876586914062,262.68621826171875,102.82876586914062
10,398,33,0,car,0.8606398701667786,1021.2608642578124,1.3736844062805176,1270.4127197265625,85.87863159179688,1145.8367919921875,85.87863159179688,249.15185546875,84.50494718551636
10,399,33,0,car,0.8540093302726746,1028.2203369140625,1.9490801095962524,1261.4542236328125,66.0447998046875,1144.8372802734375,66.0447998046875,233.23388671875,64.09571969509125
11,384,34,0,car,0.9429648518562316,657.3820190429688,445.3695373535156,1115.8780517578125,1028.568359375,886.6300354003906,1028.568359375,458.49603271484375,583.1988220214844
11,385,34,0,car,0.9452496767044068,657.1478271484375,406.0953369140625,1095.5164794921875,971.0004272460938,876.3321533203125,971.0004272460938,438.36865234375,564.9050903320312
11,386,34,0,car,0.9457592964172364,656.7138061523438,365.9175109863281,1079.600830078125,906.240478515625,868.1573181152344,906.240478515625,422.8870239257813,540.3229675292969
11,387,34,0,car,0.9476490020751952,655.0738525390625,329.09326171875,1063.0029296875,846.4769897460938,859.0383911132812,846.4769897460938,407.9290771484375,517.3837280273438
11,388,34,0,car,0.9472113847732544,653.7294311523438,287.8209228515625,1050.7867431640625,787.9899291992188,852.2580871582031,787.9899291992188,397.0573120117188,500.16900634765625
11,389,34,0,car,0.9423540830612184,655.3760986328125,260.2862548828125,1037.462890625,734.4071044921875,846.4194946289062,734.4071044921875,382.0867919921875,474.120849609375
11,390,34,0,car,0.9487128257751464,653.144775390625,223.2152404785156,1025.032958984375,682.9824829101562,839.0888671875,682.9824829101562,371.88818359375,459.7672424316406
11,391,34,0,car,0.9428686499595642,654.88525390625,192.3986968994141,1015.8875732421876,636.5440063476562,835.3864135742188,636.5440063476562,361.0023193359375,444.1453094482422
11,392,34,0,car,0.9426374435424804,651.8269653320312,163.9479217529297,1005.6865234375,588.98876953125,828.7567443847656,588.98876953125,353.85955810546875,425.0408477783203
11,393,34,0,car,0.9256578683853148,651.236328125,136.78009033203125,997.1857299804688,548.6903686523438,824.2110290527344,548.6903686523438,345.94940185546875,411.9102783203125
11,394,34,0,car,0.928949773311615,653.1787719726562,112.3302764892578,987.4531860351562,509.7485961914063,820.3159790039062,509.7485961914063,334.2744140625,397.4183197021485
11,395,34,0,car,0.9328154921531676,652.9617919921875,90.47251892089844,979.3046264648438,472.3032531738281,816.1332092285156,472.3032531738281,326.34283447265625,381.8307342529297
11,396,34,0,car,0.9258562922477722,651.35693359375,65.79505157470703,970.8998413085938,436.5731201171875,811.1283874511719,436.5731201171875,319.5429077148437,370.77806854248047
11,397,34,0,car,0.9265897870063782,653.5911865234375,43.80869674682617,962.7274169921876,405.2789611816406,808.1593017578125,405.2789611816406,309.13623046875,361.47026443481445
11,398,34,0,car,0.9284414649009703,657.304443359375,24.51760673522949,958.409423828125,369.6703186035156,807.85693359375,369.6703186035156,301.10498046875,345.15271186828613
11,399,34,0,car,0.9226737022399902,656.5753784179688,5.574504375457764,950.3717041015624,339.8551940917969,803.4735412597656,339.8551940917969,293.7963256835937,334.2806897163391
11,400,34,0,car,0.9293134808540344,657.7025146484375,0.0,943.0802001953124,309.4933776855469,800.391357421875,309.4933776855469,285.377685546875,309.4933776855469
11,401,34,0,car,0.930920958518982,654.6154174804688,0.0,936.8927612304688,277.5971069335937,795.7540893554688,277.5971069335937,282.27734375,277.5971069335937
11,402,34,0,car,0.9065924286842346,654.2388916015625,0.0,930.416748046875,244.2657012939453,792.3278198242188,244.2657012939453,276.1778564453125,244.2657012939453
11,403,34,0,car,0.9041352272033693,653.7782592773438,0.0,923.3558959960938,203.9345550537109,788.5670776367188,203.9345550537109,269.57763671875,203.9345550537109
11,404,34,0,car,0.9023624658584596,655.7503051757812,0.0,916.8084716796876,164.54476928710938,786.2793884277344,164.54476928710938,261.05816650390625,164.54476928710938
11,405,34,0,car,0.8627487421035767,656.4026489257812,0.0,911.1583251953124,149.87301635742188,783.7804870605469,149.87301635742188,254.75567626953125,149.87301635742188
12,413,37,2,others,0.917573869228363,487.583251953125,0.0,1351.070556640625,1005.8583984375,919.326904296875,1005.8583984375,863.4873046875,1005.8583984375
12,414,37,2,others,0.9450159668922424,484.8992614746094,0.0,1325.55322265625,905.2166748046876,905.2262420654296,905.2166748046876,840.6539611816406,905.2166748046876
12,415,37,2,others,0.9184580445289612,492.4986572265625,0.0,1283.5831298828125,835.591552734375,888.0408935546875,835.591552734375,791.08447265625,835.591552734375
12,416,37,2,others,0.924429178237915,497.0082702636719,0.0,1255.5947265625,778.3306884765625,876.3014984130859,778.3306884765625,758.5864562988281,778.3306884765625
12,417,37,2,others,0.9069094657897948,499.4636840820313,0.0,1228.7906494140625,712.936279296875,864.1271667480469,712.936279296875,729.3269653320312,712.936279296875
12,418,37,2,others,0.9241963028907776,496.076904296875,0.0,1211.041748046875,667.36181640625,853.559326171875,667.36181640625,714.96484375,667.36181640625
12,419,37,2,others,0.9182006120681764,498.9076843261719,0.0,1188.3109130859375,620.9722900390625,843.6092987060547,620.9722900390625,689.4032287597656,620.9722900390625
12,420,37,2,others,0.8973270654678345,508.2985534667969,0.0,1174.7001953125,587.6223754882812,841.4993743896484,587.6223754882812,666.4016418457031,587.6223754882812
12,421,37,2,others,0.9069188237190248,512.973388671875,0.0,1158.7808837890625,560.1693725585938,835.8771362304688,560.1693725585938,645.8074951171875,560.1693725585938
12,422,37,2,others,0.9220731258392334,518.4378051757812,0.0,1146.388427734375,530.1124267578125,832.4131164550781,530.1124267578125,627.9506225585938,530.1124267578125
12,423,37,2,others,0.755843460559845,519.6723022460938,0.0,1135.16455078125,464.738525390625,827.4184265136719,464.738525390625,615.4922485351562,464.738525390625
12,424,37,2,others,0.8255777359008789,527.5333862304688,0.0,1117.3740234375,451.1453552246094,822.4537048339844,451.1453552246094,589.8406372070312,451.1453552246094
12,425,37,2,others,0.8233386278152466,539.4122924804688,0.0,1094.4710693359375,400.7628479003906,816.9416809082031,400.7628479003906,555.0587768554688,400.7628479003906
12,426,37,2,others,0.7650720477104187,547.0812377929688,0.0,1079.0804443359375,298.6997375488281,813.0808410644531,298.6997375488281,531.9992065429688,298.6997375488281
12,427,37,2,others,0.741439163684845,555.3915405273438,6.521459102630615,1069.6015625,270.9194641113281,812.4965515136719,270.9194641113281,514.2100219726562,264.3980050086975
12,428,37,2,others,0.714958906173706,558.7203979492188,5.787941932678223,1049.5377197265625,266.95703125,804.1290588378906,266.95703125,490.81732177734375,261.1690893173218
12,430,37,0,car,0.9134609699249268,580.1866455078125,3.2901501655578613,1036.1270751953125,281.195556640625,808.1568603515625,281.195556640625,455.9404296875,277.90540647506714
12,431,37,0,car,0.7680721282958984,583.1843872070312,0.4631170928478241,1027.24853515625,283.4058837890625,805.2164611816406,283.4058837890625,444.0641479492188,282.9427666962147
12,433,37,0,car,0.5258139967918396,579.6749877929688,2.134607315063477,1009.4660034179688,248.25572204589844,794.5704956054688,248.25572204589844,429.791015625,246.12111473083496
12,435,37,0,car,0.8124104738235474,579.7844848632812,6.211938381195068,991.3555297851562,179.8560791015625,785.5700073242188,179.8560791015625,411.571044921875,173.64414072036743
12,436,37,0,car,0.8604675531387329,582.6651611328125,3.923130989074707,983.337158203125,166.92379760742188,783.0011596679688,166.92379760742188,400.6719970703125,163.00066661834717
12,437,37,0,car,0.8275141716003418,588.6460571289062,3.4900221824646,975.061279296875,151.3869171142578,781.8536682128906,151.3869171142578,386.4152221679688,147.8968949317932
12,438,37,0,car,0.6144976019859314,592.7417602539062,1.8568832874298096,960.387451171875,123.25851440429688,776.5646057128906,123.25851440429688,367.6456909179688,121.40163111686708
12,440,37,0,car,0.7430760860443115,602.2229614257812,0.0,946.049560546875,104.54020690917967,774.1362609863281,104.54020690917967,343.8265991210937,104.54020690917967
13,435,44,0,car,0.9420141577720642,0.0067286952398717,480.2027587890625,439.100830078125,1044.5084228515625,219.55377938668244,1044.5084228515625,439.0941013828851,564.3056640625
13,436,44,0,car,0.9187766313552856,0.835092306137085,438.7128601074219,447.0849914550781,986.5579833984376,223.9600418806076,986.5579833984376,446.249899148941,547.8451232910156
13,437,44,0,car,0.9401206374168396,1.5230941772460938,398.2778015136719,457.0242614746094,922.3353271484376,229.2736778259277,922.3353271484376,455.5011672973633,524.0575256347656
13,438,44,0,car,0.9393266439437866,2.0096993446350098,358.4765930175781,463.2525634765625,860.5531616210938,232.63113141059875,860.5531616210938,461.2428641319275,502.0765686035156
13,439,44,0,car,0.9356568455696106,1.8338968753814693,322.12799072265625,467.87738037109375,796.1678466796875,234.8556386232376,796.1678466796875,466.0434834957123,474.0398559570313
13,440,44,0,car,0.9407939314842224,14.894253730773926,291.2201843261719,474.2716674804688,741.8832397460938,244.5829606056213,741.8832397460938,459.3774137496948,450.6630554199219
13,441,44,0,car,0.9350633025169371,33.19720458984375,255.9252319335937,477.9974365234375,685.1226196289062,255.59732055664065,685.1226196289062,444.80023193359375,429.1973876953125
13,442,44,0,car,0.91968834400177,56.047611236572266,222.6916046142578,483.3129577636719,638.8540649414062,269.68028450012207,638.8540649414062,427.2653465270996,416.1624603271485
13,443,44,0,car,0.9138753414154052,73.69977569580078,194.4115753173828,487.7818603515625,588.2211303710938,280.74081802368164,588.2211303710938,414.0820846557617,393.8095550537109
13,444,44,0,car,0.9193870425224304,92.71533966064452,165.75770568847656,493.3381042480469,546.0529174804688,293.0267219543457,546.0529174804688,400.6227645874024,380.2952117919922
13,445,44,0,car,0.8948763012886047,112.74705505371094,139.3429718017578,498.6006164550781,505.6285400390625,305.67383575439453,505.6285400390625,385.8535614013672,366.2855682373047
13,446,44,0,car,0.9123088717460632,131.79904174804688,111.77845001220705,502.9498291015625,466.0854187011719,317.3744354248047,466.0854187011719,371.1507873535156,354.30696868896484
13,447,44,0,car,0.9236854314804076,145.3727569580078,87.03422546386719,507.5552673339844,429.5672607421875,326.4640121459961,429.5672607421875,362.18251037597656,342.5330352783203
13,448,44,0,car,0.9157071113586426,160.37681579589844,60.880069732666016,507.9619140625,396.5082702636719,334.1693649291992,396.5082702636719,347.5850982666016,335.62820053100586
13,449,44,0,car,0.9247004389762878,173.21844482421875,40.73020553588867,511.2035217285156,361.6702880859375,342.2109832763672,361.6702880859375,337.9850769042969,320.9400825500488
13,450,44,0,car,0.9268779754638672,185.5070037841797,19.82305335998535,513.62548828125,332.313720703125,349.56624603271484,332.313720703125,328.1184844970703,312.49066734313965
13,451,44,0,car,0.920642912387848,196.2761383056641,2.277710199356079,516.1104736328125,299.9153137207031,356.1933059692383,299.9153137207031,319.83433532714844,297.63760352134705
13,452,44,0,car,0.9207909107208252,208.6937866210937,0.0,518.5667724609375,273.958984375,363.6302795410156,273.958984375,309.8729858398437,273.958984375
13,453,44,0,car,0.9250359535217284,219.40516662597656,0.0,517.955810546875,250.93316650390625,368.6804885864258,250.93316650390625,298.55064392089844,250.93316650390625
13,454,44,0,car,0.9225425124168396,231.5270538330078,0.0,518.0008544921875,224.86068725585932,374.76395416259766,224.86068725585932,286.4738006591797,224.86068725585932
13,455,44,0,car,0.9189533591270448,241.9906311035156,0.0,524.401611328125,201.3433837890625,383.1961212158203,201.3433837890625,282.4109802246094,201.3433837890625
13,456,44,0,car,0.919272005558014,249.488021850586,0.0,531.2369995117188,176.9955596923828,390.36251068115234,176.9955596923828,281.7489776611328,176.9955596923828
13,457,44,0,car,0.9060198068618774,259.00506591796875,0.3134014308452606,542.9951782226562,153.4939422607422,401.0001220703125,153.4939422607422,283.9901123046875,153.18054082989693
13,458,44,0,car,0.908902943134308,267.12957763671875,0.7309756278991699,547.392822265625,134.19656372070312,407.2611999511719,134.19656372070312,280.26324462890625,133.46558809280396
13,459,44,0,car,0.8923959732055664,274.76373291015625,0.5174493789672852,545.09716796875,112.9935302734375,409.9304504394531,112.9935302734375,270.3334350585937,112.4760808944702
13,460,44,0,car,0.8767995834350586,282.1383056640625,1.1312274932861328,534.9993896484375,95.00430297851562,408.56884765625,95.00430297851562,252.861083984375,93.87307548522948
13,461,44,0,car,0.863332211971283,292.2825622558594,0.9761529564857484,526.60205078125,75.54866027832031,409.4423065185547,75.54866027832031,234.31948852539065,74.57250732183456
13,462,44,0,car,0.8560368418693542,298.3810119628906,0.5860212445259094,531.1082153320312,55.46604537963867,414.74461364746094,55.46604537963867,232.72720336914065,54.88002413511276
14,478,49,0,car,0.940618634223938,704.4744262695312,444.430908203125,1136.734375,1010.3377685546876,920.6044006347656,1010.3377685546876,432.2599487304688,565.9068603515625
14,479,49,0,car,0.938526690006256,703.1204223632812,398.35784912109375,1113.4473876953125,939.4125366210938,908.2839050292968,939.4125366210938,410.3269653320313,541.0546875
14,480,49,0,car,0.9361556172370912,702.98046875,355.5584411621094,1092.432373046875,867.0191040039062,897.7064208984375,867.0191040039062,389.451904296875,511.4606628417969
14,481,49,0,car,0.9389303922653198,700.9537353515625,312.9609680175781,1075.3212890625,795.2616577148438,888.1375122070312,795.2616577148438,374.3675537109375,482.3006896972656
14,482,49,0,car,0.9386760592460632,703.1617431640625,275.3852844238281,1060.23828125,735.8998413085938,881.7000122070312,735.8998413085938,357.0765380859375,460.5145568847656
14,483,49,0,car,0.934699773788452,701.425048828125,243.3968811035156,1047.8822021484375,674.8460693359375,874.6536254882812,674.8460693359375,346.4571533203125,431.4491882324219
14,484,49,0,car,0.9508237242698668,697.2057495117188,206.0480194091797,1033.8414306640625,613.4525146484375,865.5235900878906,613.4525146484375,336.6356811523437,407.4044952392578
14,485,49,0,car,0.9450834393501282,695.1132202148438,173.05258178710938,1022.7987060546876,563.4564819335938,858.9559631347656,563.4564819335938,327.6854858398437,390.4039001464844
14,486,49,0,car,0.9342939853668212,693.221435546875,143.61317443847656,1012.5789794921876,515.6852416992188,852.9002075195312,515.6852416992188,319.3575439453125,372.0720672607422
14,487,49,0,car,0.9361405968666076,692.833984375,114.9439926147461,1001.7719116210938,469.0609436035156,847.3029479980469,469.0609436035156,308.9379272460937,354.1169509887696
14,488,49,0,car,0.9321331977844238,693.436767578125,87.03915405273438,990.9623413085938,424.9200439453125,842.1995544433594,424.9200439453125,297.52557373046875,337.8808898925781
14,489,49,0,car,0.938073754310608,693.8240356445312,60.86395263671875,980.3773803710938,385.3941345214844,837.1007080078125,385.3941345214844,286.5533447265625,324.5301818847656
14,490,49,0,car,0.9335944056510924,695.4468994140625,34.52483367919922,971.0570678710938,347.2920837402344,833.2519836425781,347.2920837402344,275.61016845703125,312.7672500610352
14,491,49,0,car,0.9385000467300416,694.5947265625,12.323006629943848,964.046630859375,312.50421142578125,829.3206787109375,312.50421142578125,269.451904296875,300.1812047958374
14,492,49,0,car,0.9321237802505492,695.472412109375,0.0,956.8955078125,276.4468078613281,826.1839599609375,276.4468078613281,261.423095703125,276.4468078613281
14,493,49,0,car,0.9275974631309508,697.945068359375,0.0,948.1157836914062,248.64556884765625,823.0304260253906,248.64556884765625,250.17071533203125,248.64556884765625
14,494,49,0,car,0.9312820434570312,695.7238159179688,0.0,940.96240234375,218.872802734375,818.3431091308594,218.872802734375,245.23858642578125,218.872802734375
14,495,49,0,car,0.9300320148468018,696.74853515625,0.0,933.9555053710938,191.0799560546875,815.3520202636719,191.0799560546875,237.2069702148437,191.0799560546875
14,496,49,0,car,0.9184467792510986,697.0322265625,0.0,926.875732421875,163.61439514160156,811.9539794921875,163.61439514160156,229.843505859375,163.61439514160156
14,497,49,0,car,0.9072340130805968,695.8486938476562,0.0,923.0652465820312,141.0195770263672,809.4569702148438,141.0195770263672,227.216552734375,141.0195770263672
14,498,49,0,car,0.9003411531448364,697.0968017578125,0.0,916.7321166992188,116.55394744873048,806.9144592285156,116.55394744873048,219.63531494140625,116.55394744873048
14,499,49,0,car,0.8850581049919128,693.995849609375,0.0,914.5521240234376,96.11451721191406,804.2739868164062,96.11451721191406,220.5562744140625,96.11451721191406
14,500,49,0,car,0.8547528982162476,695.8583374023438,0.171499416232109,907.7978515625,73.16834259033203,801.8280944824219,73.16834259033203,211.93951416015625,72.99684317409992
14,501,49,0,car,0.8434464335441589,697.1248779296875,0.2680801749229431,902.9683837890624,56.531341552734375,800.046630859375,56.531341552734375,205.843505859375,56.26326137781143
15,574,50,0,car,0.941316306591034,669.3477783203125,470.479248046875,1120.3514404296875,1025.782470703125,894.849609375,1025.782470703125,451.003662109375,555.30322265625
15,575,50,0,car,0.939244508743286,668.3441772460938,427.1838073730469,1098.7481689453125,964.6301879882812,883.5461730957031,964.6301879882812,430.4039916992188,537.4463806152344
15,576,50,0,car,0.9437841176986694,667.455078125,389.01312255859375,1079.5517578125,897.4678955078125,873.50341796875,897.4678955078125,412.0966796875,508.4547729492188
15,577,50,0,car,0.944822371006012,666.5857543945312,351.6280517578125,1061.8880615234375,836.0291748046875,864.2369079589844,836.0291748046875,395.3023071289063,484.401123046875
15,578,50,0,car,0.945949912071228,665.510498046875,312.5814819335937,1047.1614990234375,777.1642456054688,856.3359985351562,777.1642456054688,381.6510009765625,464.582763671875
15,579,50,0,car,0.944054126739502,660.998046875,280.2684020996094,1032.46728515625,723.1488037109375,846.732666015625,723.1488037109375,371.46923828125,442.8804016113281
15,580,50,0,car,0.947911024093628,660.7651977539062,250.60076904296875,1019.929443359375,670.6763305664062,840.3473205566406,670.6763305664062,359.16424560546875,420.0755615234375
15,581,50,0,car,0.947646141052246,660.269287109375,219.2367401123047,1010.455078125,620.0162963867188,835.3621826171875,620.0162963867188,350.185791015625,400.77955627441406
15,582,50,0,car,0.9296361207962036,658.967529296875,190.140625,999.4796752929688,572.657470703125,829.2236022949219,572.657470703125,340.5121459960937,382.516845703125
15,583,50,0,car,0.924510419368744,659.9150390625,160.74615478515625,987.218994140625,529.7416381835938,823.5670166015625,529.7416381835938,327.303955078125,368.9954833984375
15,584,50,0,car,0.9205516576766968,656.958251953125,133.65789794921875,975.8292236328124,486.8440551757813,816.3937377929688,486.8440551757813,318.8709716796875,353.1861572265625
15,585,50,0,car,0.9191405773162842,660.4183349609375,108.94640350341795,968.0228881835938,446.9158935546875,814.2206115722656,446.9158935546875,307.60455322265625,337.9694900512696
15,586,50,0,car,0.9232934713363647,661.4024047851562,83.67615509033203,960.1550903320312,408.6047668457031,810.7787475585938,408.6047668457031,298.752685546875,324.9286117553711
15,587,50,0,car,0.918505609035492,659.5545043945312,60.96826934814453,948.2978515625,372.27545166015625,803.9261779785156,372.27545166015625,288.74334716796875,311.3071823120117
15,588,50,0,car,0.9271944165229796,656.2197875976562,35.822940826416016,938.251953125,338.9278564453125,797.2358703613281,338.9278564453125,282.0321655273437,303.1049156188965
15,589,50,0,car,0.9342669248580932,653.8740844726562,14.584111213684082,929.4999389648438,308.17681884765625,791.68701171875,308.17681884765625,275.6258544921875,293.59270763397217
15,590,50,0,car,0.9277634620666504,651.4520874023438,0.0,922.365234375,276.100830078125,786.9086608886719,276.100830078125,270.91314697265625,276.100830078125
15,591,50,0,car,0.9213730692863464,653.9342651367188,0.0,916.6858520507812,251.769775390625,785.31005859375,251.769775390625,262.7515869140625,251.769775390625
15,592,50,0,car,0.9215987920761108,653.9263305664062,0.0,910.8947143554688,228.30435180664065,782.4105224609375,228.30435180664065,256.9683837890625,228.30435180664065
15,593,50,0,car,0.9187173843383788,655.6582641601562,0.0,904.0902709960938,201.6360626220703,779.874267578125,201.6360626220703,248.4320068359375,201.6360626220703
15,594,50,0,car,0.9300331473350524,654.6809692382812,0.0,896.973388671875,177.07809448242188,775.8271789550781,177.07809448242188,242.2924194335937,177.07809448242188
15,595,50,0,car,0.9097508788108826,654.624267578125,0.0,891.6692504882812,153.4282989501953,773.1467590332031,153.4282989501953,237.04498291015625,153.4282989501953
15,596,50,0,car,0.900299608707428,650.3026123046875,0.0,885.7503051757812,133.05360412597656,768.0264587402344,133.05360412597656,235.4476928710937,133.05360412597656
15,597,50,0,car,0.8988381028175354,649.0397338867188,0.0,882.192626953125,110.25767517089844,765.6161804199219,110.25767517089844,233.15289306640625,110.25767517089844
15,598,50,0,car,0.8649502992630005,645.4710693359375,0.3275922536849975,879.1038208007812,93.82091522216795,762.2874450683594,93.82091522216795,233.6327514648437,93.49332296848296
15,599,50,0,car,0.8425788283348083,645.0833129882812,1.7139785289764404,874.7470092773438,73.39674377441406,759.9151611328125,73.39674377441406,229.6636962890625,71.68276524543762
15,600,50,0,car,0.7979121208190918,650.0628051757812,1.0770405530929563,871.0960693359375,55.92654037475586,760.5794372558594,55.92654037475586,221.03326416015625,54.8494998216629
16,707,58,0,car,0.947283148765564,1395.4683837890625,458.4039916992188,1919.6678466796875,1012.7597045898438,1657.568115234375,1012.7597045898438,524.199462890625,554.355712890625
16,708,58,0,car,0.9445136189460754,1368.493408203125,420.7214050292969,1919.735595703125,953.5394897460938,1644.114501953125,953.5394897460938,551.2421875,532.8180847167969
16,709,58,0,car,0.9315021634101868,1342.2503662109375,381.42333984375,1918.7415771484373,890.369384765625,1630.4959716796875,890.369384765625,576.4912109375,508.946044921875
16,710,58,0,car,0.9297484755516052,1320.577880859375,348.4996643066406,1903.55859375,825.3655395507812,1612.0682373046875,825.3655395507812,582.980712890625,476.8658752441406
16,711,58,0,car,0.9386004209518432,1304.526611328125,303.85821533203125,1867.0189208984373,761.3561401367188,1585.7727661132812,761.3561401367188,562.4923095703125,457.4979248046875
16,712,58,0,car,0.9404965043067932,1281.220458984375,274.8170471191406,1826.185791015625,703.2174072265625,1553.703125,703.2174072265625,544.96533203125,428.4003601074219
16,713,58,0,car,0.932165026664734,1264.8922119140625,243.32521057128903,1781.027587890625,652.5297241210938,1522.9598999023438,652.5297241210938,516.1353759765625,409.2045135498047
16,714,58,0,car,0.9396371841430664,1248.779541015625,213.26161193847656,1742.075927734375,602.0648193359375,1495.427734375,602.0648193359375,493.29638671875,388.80320739746094
16,715,58,0,car,0.9435486793518066,1235.3330078125,185.87228393554688,1706.772216796875,556.8479614257812,1471.0526123046875,556.8479614257812,471.439208984375,370.9756774902344
16,716,58,0,car,0.9399401545524596,1221.177978515625,158.49192810058594,1669.271240234375,516.0584106445312,1445.224609375,516.0584106445312,448.09326171875,357.5664825439453
16,717,58,0,car,0.9405940175056458,1209.427490234375,133.48965454101562,1638.25537109375,474.1109008789063,1423.8414306640625,474.1109008789063,428.827880859375,340.6212463378906
16,718,58,0,car,0.9183677434921264,1195.292724609375,106.66463470458984,1608.5826416015625,437.0612487792969,1401.9376831054688,437.0612487792969,413.2899169921875,330.39661407470703
16,719,58,0,car,0.9234105944633484,1180.6207275390625,80.52702331542969,1582.4630126953125,401.2026977539063,1381.5418701171875,401.2026977539063,401.84228515625,320.67567443847656
16,720,58,0,car,0.928278923034668,1170.503173828125,59.71195983886719,1556.403076171875,366.1195373535156,1363.453125,366.1195373535156,385.89990234375,306.40757751464844
16,721,58,0,car,0.9279701709747314,1160.196044921875,33.823707580566406,1532.145751953125,334.2423400878906,1346.1708984375,334.2423400878906,371.94970703125,300.4186325073242
16,722,58,0,car,0.9378646016120912,1150.5455322265625,8.780374526977539,1507.711669921875,305.3615417480469,1329.1286010742188,305.3615417480469,357.1661376953125,296.58116722106934
16,723,58,0,car,0.923714518547058,1142.84765625,0.0,1486.3800048828125,275.3518371582031,1314.6138305664062,275.3518371582031,343.5323486328125,275.3518371582031
16,724,58,0,car,0.916947603225708,1131.5430908203125,0.0,1465.9404296875,248.71827697753903,1298.7417602539062,248.71827697753903,334.3973388671875,248.71827697753903
16,725,58,0,car,0.9243388772010804,1119.267578125,0.0,1446.7611083984375,226.62774658203125,1283.0143432617188,226.62774658203125,327.4935302734375,226.62774658203125
16,726,58,0,car,0.9102181792259216,1107.949951171875,0.0,1428.6519775390625,200.5121459960937,1268.3009643554688,200.5121459960937,320.7020263671875,200.5121459960937
16,727,58,0,car,0.9114468693733216,1095.3333740234375,0.0,1410.7718505859375,174.88119506835938,1253.0526123046875,174.88119506835938,315.4384765625,174.88119506835938
16,728,58,0,car,0.9009702801704408,1080.0594482421875,0.0,1396.733642578125,152.27903747558594,1238.3965454101562,152.27903747558594,316.6741943359375,152.27903747558594
16,729,58,0,car,0.8947769999504089,1070.8157958984375,0.0,1380.5133056640625,131.8767852783203,1225.66455078125,131.8767852783203,309.697509765625,131.8767852783203
16,730,58,0,car,0.8857102394104004,1068.6148681640625,0.0,1363.115234375,111.43830108642578,1215.8650512695312,111.43830108642578,294.5003662109375,111.43830108642578
16,731,58,0,car,0.8809577226638794,1068.7891845703125,0.4475733935832977,1349.5552978515625,97.5555191040039,1209.1722412109375,97.5555191040039,280.76611328125,97.1079457104206
16,732,58,0,car,0.8476558923721313,1073.1463623046875,1.4854780435562134,1335.6944580078125,78.6097412109375,1204.42041015625,78.6097412109375,262.548095703125,77.12426316738129
16,733,58,0,car,0.8275636434555054,1072.77734375,1.3287209272384644,1320.1019287109375,59.579872131347656,1196.4396362304688,59.579872131347656,247.3245849609375,58.25115120410919
17,748,60,0,car,0.9365438222885132,1309.654296875,517.0435180664062,1920.0,1058.15478515625,1614.8271484375,1058.15478515625,610.345703125,541.1112670898438
17,749,60,0,car,0.9330937266349792,1284.91748046875,468.2914733886719,1902.8863525390625,1000.9900512695312,1593.9019165039062,1000.9900512695312,617.9688720703125,532.6985778808594
17,750,60,0,car,0.9347074031829834,1262.280029296875,425.0361022949219,1859.675048828125,936.9815063476562,1560.9775390625,936.9815063476562,597.39501953125,511.9454040527344
17,751,60,0,car,0.9310268759727478,1242.873779296875,380.5698852539063,1812.21533203125,867.249267578125,1527.5445556640625,867.249267578125,569.341552734375,486.6793823242188
17,752,60,0,car,0.9348602890968324,1226.8460693359375,340.2176513671875,1763.038818359375,800.8876953125,1494.9424438476562,800.8876953125,536.1927490234375,460.6700439453125
17,753,60,0,car,0.9390182495117188,1213.6177978515625,297.27593994140625,1719.2001953125,742.68603515625,1466.4089965820312,742.68603515625,505.5823974609375,445.41009521484375
17,754,60,0,car,0.9409317374229432,1193.035400390625,265.6535949707031,1675.5582275390625,683.9842529296875,1434.2968139648438,683.9842529296875,482.5228271484375,418.3306579589844
17,755,60,0,car,0.937783658504486,1177.043701171875,230.9073944091797,1639.85302734375,632.391845703125,1408.4483642578125,632.391845703125,462.809326171875,401.4844512939453
17,756,60,0,car,0.9452986121177672,1164.8267822265625,197.7713928222656,1606.7935791015625,579.0211791992188,1385.8101806640625,579.0211791992188,441.966796875,381.2497863769531
17,757,60,0,car,0.932730197906494,1151.0426025390625,166.2588653564453,1570.146484375,537.88916015625,1360.5945434570312,537.88916015625,419.1038818359375,371.6302947998047
17,758,60,0,car,0.9316180944442748,1134.3118896484375,137.0273895263672,1541.765869140625,493.7257080078125,1338.0388793945312,493.7257080078125,407.4539794921875,356.6983184814453
17,759,60,0,car,0.9382539987564088,1122.612060546875,107.91545104980467,1515.735107421875,455.6142272949219,1319.173583984375,455.6142272949219,393.123046875,347.6987762451172
17,760,60,0,car,0.9254430532455444,1112.860595703125,84.30194091796875,1492.5220947265625,416.54638671875,1302.6913452148438,416.54638671875,379.6614990234375,332.24444580078125
17,761,60,0,car,0.9296247363090516,1099.993408203125,60.0855598449707,1468.608642578125,381.3716125488281,1284.301025390625,381.3716125488281,368.615234375,321.2860527038574
17,762,60,0,car,0.9291584491729736,1088.1365966796875,37.79850387573242,1447.713623046875,349.6033935546875,1267.9251098632812,349.6033935546875,359.5770263671875,311.8048896789551
17,763,60,0,car,0.9300256371498108,1079.1768798828125,17.004865646362305,1424.1685791015625,314.9818420410156,1251.6727294921875,314.9818420410156,344.99169921875,297.9769763946533
17,764,60,0,car,0.9315274953842164,1070.505615234375,0.0,1403.6094970703125,286.7168884277344,1237.0575561523438,286.7168884277344,333.1038818359375,286.7168884277344
17,765,60,0,car,0.9195769429206848,1062.9810791015625,0.0,1385.9439697265625,258.5946350097656,1224.4625244140625,258.5946350097656,322.962890625,258.5946350097656
17,766,60,0,car,0.9268109798431396,1053.049072265625,0.0,1365.287353515625,234.8859405517578,1209.168212890625,234.8859405517578,312.23828125,234.8859405517578
17,767,60,0,car,0.9232422709465028,1044.1451416015625,0.0,1348.8095703125,208.8702087402344,1196.4773559570312,208.8702087402344,304.6644287109375,208.8702087402344
17,768,60,0,car,0.9331099390983582,1035.501220703125,0.0,1329.9991455078125,184.6793212890625,1182.7501831054688,184.6793212890625,294.4979248046875,184.6793212890625
17,769,60,0,car,0.9089632034301758,1028.114013671875,0.0,1314.275146484375,158.6607208251953,1171.194580078125,158.6607208251953,286.1611328125,158.6607208251953
17,770,60,0,car,0.8951686024665833,1018.43994140625,0.0,1299.2813720703125,140.8673553466797,1158.8606567382812,140.8673553466797,280.8414306640625,140.8673553466797
17,771,60,0,car,0.8948681950569153,1010.4811401367188,0.0,1284.3336181640625,118.02438354492188,1147.4073791503906,118.02438354492188,273.8524780273437,118.02438354492188
17,772,60,0,car,0.8800742626190186,1009.3312377929688,0.0,1269.9813232421875,98.35401916503906,1139.656280517578,98.35401916503906,260.65008544921875,98.35401916503906
17,773,60,0,car,0.8771595358848572,1008.6967163085938,1.6522934436798096,1258.6822509765625,80.58600616455078,1133.689483642578,80.58600616455078,249.98553466796875,78.93371272087097
17,774,60,0,car,0.8538814187049866,1013.6427612304688,2.5525193214416504,1246.6802978515625,62.1552963256836,1130.1615295410156,62.1552963256836,233.0375366210937,59.60277700424194
18,756,61,0,car,0.931347906589508,1.148487567901611,453.4571533203125,464.1188049316406,1035.6719970703125,232.63364624977112,1035.6719970703125,462.970317363739,582.21484375
18,757,61,0,car,0.9349383115768432,0.5121209025382996,410.7183837890625,472.3234558105469,981.9885864257812,236.4177883565426,981.9885864257812,471.8113349080086,571.2702026367188
18,758,61,0,car,0.9262186884880066,0.930850386619568,362.3648376464844,477.9641418457031,913.7490234375,239.4474961161613,913.7490234375,477.0332914590836,551.3841857910156
18,759,61,0,car,0.9371586441993712,1.5914154052734375,316.7509765625,481.5758972167969,852.1585693359375,241.5836563110352,852.1585693359375,479.9844818115234,535.4075927734375
18,760,61,0,car,0.9285890460014344,19.194429397583008,282.6280212402344,485.2249145507813,791.2870483398438,252.20967197418213,791.2870483398438,466.03048515319824,508.6590270996094
18,761,61,0,car,0.901555597782135,41.92777633666992,250.5038299560547,484.1015319824219,735.7189331054688,263.0146541595459,735.7189331054688,442.173755645752,485.21510314941406
18,762,61,0,car,0.919415295124054,66.01360321044922,218.41973876953125,493.8275451660156,681.47119140625,279.9205741882324,681.47119140625,427.8139419555664,463.0514526367188
18,763,61,0,car,0.886247456073761,87.60730743408203,187.88250732421875,497.6995239257813,629.7929077148438,292.65341567993164,629.7929077148438,410.0922164916992,441.910400390625
18,764,61,0,car,0.8270937204360962,109.05184936523438,159.32559204101562,502.817138671875,584.306640625,305.9344940185547,584.306640625,393.7652893066406,424.9810485839844
18,765,61,0,car,0.8936275839805603,126.28581237792967,130.5946807861328,506.73779296875,543.406982421875,316.51180267333984,543.406982421875,380.4519805908203,412.8123016357422
18,766,61,0,car,0.7831838726997375,145.69219970703125,101.54762268066406,510.92376708984375,504.2862548828125,328.3079833984375,504.2862548828125,365.2315673828125,402.7386322021485
18,767,61,0,car,0.8247044086456299,161.51661682128906,76.87120819091797,514.397216796875,466.54248046875,337.95691680908203,466.54248046875,352.88059997558594,389.671272277832
18,768,61,0,car,0.8933947086334229,174.14474487304688,51.14987564086914,516.7437744140625,430.4642639160156,345.4442596435547,430.4642639160156,342.5990295410156,379.3143882751465
18,769,61,0,car,0.9126895070075988,186.408920288086,29.95430374145508,520.18896484375,398.2839965820313,353.298942565918,398.2839965820313,333.78004455566406,368.3296928405762
18,770,61,0,car,0.917063295841217,203.08676147460932,11.970677375793455,523.5580444335938,364.83013916015625,363.3224029541016,364.83013916015625,320.4712829589844,352.8594617843628
18,771,61,0,car,0.9196012616157532,215.16485595703125,0.0,528.6902465820312,334.01153564453125,371.9275512695313,334.01153564453125,313.525390625,334.01153564453125
18,772,61,0,car,0.9194929599761964,226.60772705078125,0.0,532.2451782226562,300.77349853515625,379.4264526367188,300.77349853515625,305.637451171875,300.77349853515625
18,773,61,0,car,0.9154794812202454,237.9087677001953,0.0,535.0567016601562,275.39892578125,386.4827346801758,275.39892578125,297.14793395996094,275.39892578125
18,774,61,0,car,0.9085805416107178,247.7246551513672,0.0,539.43701171875,252.509033203125,393.5808334350586,252.509033203125,291.7123565673828,252.509033203125
18,775,61,0,car,0.9187203049659728,258.9955749511719,0.0,542.9197387695312,227.7298583984375,400.9576568603516,227.7298583984375,283.9241638183594,227.7298583984375
18,776,61,0,car,0.9062811136245728,268.2142028808594,0.0,547.0565185546875,204.6391448974609,407.63536071777344,204.6391448974609,278.8423156738281,204.6391448974609
18,777,61,0,car,0.9080702662467957,281.5179748535156,0.0,549.7669677734375,181.3302001953125,415.64247131347656,181.3302001953125,268.2489929199219,181.3302001953125
18,778,61,0,car,0.8979588150978088,291.35577392578125,0.0,551.727783203125,158.47830200195312,421.5417785644531,158.47830200195312,260.3720092773437,158.47830200195312
18,779,61,0,car,0.906684935092926,300.272216796875,0.0,553.4557495117188,139.1114044189453,426.8639831542969,139.1114044189453,253.1835327148437,139.1114044189453
18,780,61,0,car,0.9041481614112854,308.745849609375,0.0,553.6088256835938,114.94208526611328,431.1773376464844,114.94208526611328,244.86297607421875,114.94208526611328
18,781,61,0,car,0.8885599970817566,315.84942626953125,0.7524266242980957,554.3818969726562,98.57855987548828,435.11566162109375,98.57855987548828,238.532470703125,97.8261332511902
18,782,61,0,car,0.8670597672462463,324.0771789550781,2.571640014648437,554.2481079101562,76.1735610961914,439.1626434326172,76.1735610961914,230.17092895507807,73.60192108154297
18,783,61,0,car,0.8489459156990051,331.94012451171875,1.5151368379592896,553.5723876953125,60.79286956787109,442.7562561035156,60.79286956787109,221.6322631835937,59.27773272991181
19,805,65,0,car,0.9357618689537048,0.7513229846954346,438.1708068847656,477.7770080566406,1011.0257568359376,239.26416552066803,1011.0257568359376,477.0256850719452,572.8549499511719
19,806,65,0,car,0.9296376705169678,1.9405275583267207,393.2140502929688,483.4551086425781,949.0626831054688,242.6978181004524,949.0626831054688,481.5145810842514,555.8486328125
19,807,65,0,car,0.9299298524856568,7.433087825775146,344.9015808105469,489.3074951171875,888.862548828125,248.37029147148127,888.862548828125,481.8744072914124,543.9609680175781
19,808,65,0,car,0.9429129362106324,25.057966232299805,307.0900573730469,491.6224060058594,829.3741455078125,258.3401861190796,829.3741455078125,466.5644397735596,522.2840881347656
19,809,65,0,car,0.9358316659927368,46.57506561279297,274.9305114746094,494.0943298339844,771.93994140625,270.3346977233887,771.93994140625,447.5192642211914,497.0094299316406
19,810,65,0,car,0.9321939945220948,68.39127349853516,242.70494079589844,500.5896606445313,717.3766479492188,284.4904670715332,717.3766479492188,432.1983871459961,474.6717071533203
19,811,65,0,car,0.939952790737152,85.9029312133789,213.37628173828125,502.4493713378906,668.5497436523438,294.1761512756348,668.5497436523438,416.5464401245117,455.1734619140625
19,812,65,0,car,0.9358388781547546,109.42572021484376,182.9085693359375,504.9395751953125,623.603271484375,307.1826477050781,623.603271484375,395.5138549804688,440.6947021484375
19,813,65,0,car,0.931143045425415,126.25763702392578,154.70449829101562,509.0848083496094,577.8810424804688,317.6712226867676,577.8810424804688,382.8271713256836,423.1765441894531
19,814,65,0,car,0.9085175395011902,141.43508911132812,130.29676818847656,511.9147033691406,538.0317993164062,326.6748962402344,538.0317993164062,370.4796142578125,407.7350311279297
19,815,65,0,car,0.914851188659668,157.6580352783203,103.3490982055664,514.1907348632812,496.3319396972656,335.9243850708008,496.3319396972656,356.53269958496094,392.9828414916992
19,816,65,0,car,0.9245904684066772,171.67422485351562,80.54682922363281,515.515869140625,457.3210754394531,343.5950469970703,457.3210754394531,343.8416442871094,376.7742462158203
19,817,65,0,car,0.9318962693214417,184.9144744873047,55.269657135009766,518.868408203125,422.1419982910156,351.89144134521484,422.1419982910156,333.9539337158203,366.87234115600586
19,818,65,0,car,0.9240203499794006,197.9183807373047,33.53410339355469,524.196044921875,389.1407470703125,361.0572128295898,389.1407470703125,326.2776641845703,355.6066436767578
19,819,65,0,car,0.9230052828788756,211.1937866210937,14.85545825958252,525.953369140625,357.6549987792969,368.5735778808594,357.6549987792969,314.75958251953125,342.7995405197144
19,820,65,0,car,0.92443186044693,222.6277618408203,0.0,528.7003784179688,328.8918762207031,375.6640701293945,328.8918762207031,306.07261657714844,328.8918762207031
19,821,65,0,car,0.9224687814712524,233.94874572753903,0.0,530.1906127929688,296.0311889648437,382.0696792602539,296.0311889648437,296.2418670654297,296.0311889648437
19,822,65,0,car,0.926186501979828,242.2042388916016,0.0,534.8017578125,270.5456848144531,388.5029983520508,270.5456848144531,292.59751892089844,270.5456848144531
19,823,65,0,car,0.9224136471748352,251.04296875,0.0,538.7157592773438,245.7568817138672,394.8793640136719,245.7568817138672,287.6727905273437,245.7568817138672
19,824,65,0,car,0.9205869436264038,260.5751953125,0.0,542.1038208007812,220.3419342041016,401.3395080566406,220.3419342041016,281.52862548828125,220.3419342041016
19,825,65,0,car,0.9187642335891724,270.2791442871094,0.0,546.3882446289062,195.76760864257807,408.3336944580078,195.76760864257807,276.1091003417969,195.76760864257807
19,826,65,0,car,0.9125597476959229,279.1723022460937,0.0,549.373046875,171.72035217285156,414.2726745605469,171.72035217285156,270.20074462890625,171.72035217285156
19,827,65,0,car,0.900848925113678,288.4223022460937,0.0,550.0567016601562,151.4950714111328,419.239501953125,151.4950714111328,261.6343994140625,151.4950714111328
19,828,65,0,car,0.9043259620666504,294.6108703613281,0.0,552.2506713867188,131.17347717285156,423.4307708740234,131.17347717285156,257.6398010253906,131.17347717285156
19,829,65,0,car,0.8911054134368896,304.3671875,0.0,551.686767578125,109.9553680419922,428.0269775390625,109.9553680419922,247.319580078125,109.9553680419922
19,830,65,0,car,0.8799393773078918,311.45819091796875,4.604270458221436,552.2061157226562,92.14250183105467,431.8321533203125,92.14250183105467,240.7479248046875,87.53823137283325
19,831,65,0,car,0.8754925727844238,318.42559814453125,2.96376371383667,553.9376831054688,71.46670532226562,436.181640625,71.46670532226562,235.5120849609375,68.50294160842896
19,832,65,0,car,0.8401029706001282,325.0738220214844,1.1451817750930786,554.4097290039062,54.29577255249024,439.7417755126953,54.29577255249024,229.33590698242188,53.15059077739716
20,867,69,0,car,0.9379051923751832,1386.4849853515625,514.3661499023438,1914.3258056640625,1019.5829467773438,1650.4053955078125,1019.5829467773438,527.8408203125,505.216796875
20,868,69,0,car,0.9142323136329652,1363.4708251953125,471.4306640625,1918.3863525390625,953.9432373046876,1640.9285888671875,953.9432373046876,554.91552734375,482.5125732421875
20,869,69,0,car,0.9366356134414672,1338.0872802734375,432.83099365234375,1916.964599609375,888.4241943359375,1627.5259399414062,888.4241943359375,578.8773193359375,455.59320068359375
20,870,69,0,car,0.934648334980011,1319.2255859375,391.33831787109375,1882.485595703125,828.6408081054688,1600.8555908203125,828.6408081054688,563.260009765625,437.302490234375
20,871,69,0,car,0.9362848997116088,1302.750732421875,351.0551147460937,1842.182373046875,769.7380981445312,1572.466552734375,769.7380981445312,539.431640625,418.6829833984375
20,872,69,0,car,0.9458083510398864,1279.7381591796875,309.0233764648437,1801.8612060546875,715.7921142578125,1540.7996826171875,715.7921142578125,522.123046875,406.7687377929688
20,873,69,0,car,0.9279940724372864,1261.8450927734375,276.63360595703125,1759.85791015625,662.1480102539062,1510.8515014648438,662.1480102539062,498.0128173828125,385.514404296875
20,874,69,0,car,0.9365858435630798,1248.5556640625,245.22366333007807,1722.5867919921875,615.3220825195312,1485.5712280273438,615.3220825195312,474.0311279296875,370.0984191894531
20,875,69,0,car,0.945215106010437,1232.5858154296875,211.06008911132807,1685.480712890625,572.5771484375,1459.0332641601562,572.5771484375,452.8948974609375,361.5170593261719
20,876,69,0,car,0.8859526515007019,1217.432861328125,181.7462615966797,1654.617919921875,526.0039672851562,1436.025390625,526.0039672851562,437.18505859375,344.25770568847656
20,877,69,0,car,0.932066023349762,1201.8443603515625,153.993408203125,1625.37353515625,488.2611083984375,1413.6089477539062,488.2611083984375,423.5291748046875,334.2677001953125
20,878,69,0,car,0.926822543144226,1187.3216552734375,129.81019592285156,1597.237548828125,451.6907043457031,1392.2796020507812,451.6907043457031,409.9158935546875,321.8805084228516
20,879,69,0,car,0.9279372096061708,1176.52978515625,104.22781372070312,1569.08740234375,415.4303588867188,1372.80859375,415.4303588867188,392.5576171875,311.2025451660156
20,880,69,0,car,0.920418918132782,1164.1507568359375,81.00943756103516,1544.114501953125,384.2732238769531,1354.1326293945312,384.2732238769531,379.9637451171875,303.263786315918
20,881,69,0,car,0.9285922646522522,1158.734375,59.45458984375,1518.8116455078125,352.6957702636719,1338.7730102539062,352.6957702636719,360.0772705078125,293.2411804199219
20,882,69,0,car,0.9346244931221008,1142.0694580078125,35.76044845581055,1498.62548828125,317.7645568847656,1320.3474731445312,317.7645568847656,356.5560302734375,282.0041084289551
20,883,69,0,car,0.938007652759552,1132.9864501953125,15.764716148376465,1476.780029296875,286.9698486328125,1304.8832397460938,286.9698486328125,343.7935791015625,271.20513248443604
20,884,69,0,car,0.9322033524513244,1124.00048828125,0.0,1456.0546875,261.9424133300781,1290.027587890625,261.9424133300781,332.05419921875,261.9424133300781
20,885,69,0,car,0.9215548634529114,1104.84423828125,0.0,1435.677734375,238.8456878662109,1270.260986328125,238.8456878662109,330.83349609375,238.8456878662109
20,886,69,0,car,0.9239593148231506,1096.3843994140625,0.0,1415.763427734375,216.8264312744141,1256.0739135742188,216.8264312744141,319.3790283203125,216.8264312744141
20,887,69,0,car,0.920904278755188,1089.1500244140625,0.0,1395.8253173828125,194.3472137451172,1242.4876708984375,194.3472137451172,306.67529296875,194.3472137451172
20,888,69,0,car,0.9185445308685304,1081.0770263671875,0.0,1378.8494873046875,169.8283233642578,1229.9632568359375,169.8283233642578,297.7724609375,169.8283233642578
20,889,69,0,car,0.9006922245025635,1072.1591796875,0.0,1363.1927490234375,147.78829956054688,1217.6759643554688,147.78829956054688,291.0335693359375,147.78829956054688
20,890,69,0,car,0.8972883820533752,1067.591064453125,0.0,1345.9051513671875,125.35472106933594,1206.7481079101562,125.35472106933594,278.3140869140625,125.35472106933594
20,891,69,0,car,0.8967565894126892,1062.4351806640625,0.0,1330.4278564453125,109.40177917480467,1196.4315185546875,109.40177917480467,267.99267578125,109.40177917480467
20,892,69,0,car,0.8581628799438477,1063.2489013671875,1.21919584274292,1316.46728515625,90.1877670288086,1189.8580932617188,90.1877670288086,253.2183837890625,88.96857118606567
20,893,69,0,car,0.8564260005950928,1066.5921630859375,1.412136197090149,1302.410400390625,69.5419921875,1184.5012817382812,69.5419921875,235.8182373046875,68.12985599040985
20,894,69,0,car,0.8147091269493103,1068.9306640625,0.2640922963619232,1288.8143310546875,52.654930114746094,1178.8724975585938,52.654930114746094,219.8836669921875,52.39083781838417
21,869,70,0,car,0.949465036392212,589.2503662109375,408.093505859375,1078.5382080078125,1017.5394287109376,833.894287109375,1017.5394287109376,489.287841796875,609.4459228515625
21,870,70,0,car,0.9477089643478394,589.0825805664062,368.1937255859375,1064.9610595703125,954.2574462890624,827.0218200683594,954.2574462890624,475.8784790039063,586.063720703125
21,871,70,0,car,0.9431487321853638,593.42822265625,336.0830078125,1050.8028564453125,890.3565063476562,822.1155395507812,890.3565063476562,457.3746337890625,554.2734985351562
21,872,70,0,car,0.9417849779129028,594.2145385742188,301.9656066894531,1037.0535888671875,828.4688720703125,815.6340637207031,828.4688720703125,442.8390502929688,526.5032653808594
21,873,70,0,car,0.9404265880584716,595.7953491210938,274.7728881835937,1024.99755859375,771.4169311523438,810.3964538574219,771.4169311523438,429.20220947265625,496.64404296875
21,874,70,0,car,0.9351298809051514,599.720947265625,243.19874572753903,1011.1297607421876,713.95703125,805.4253540039062,713.95703125,411.4088134765625,470.75828552246094
21,875,70,0,car,0.9356759190559388,600.9773559570312,210.91812133789065,996.6203002929688,666.7083129882812,798.798828125,666.7083129882812,395.6429443359375,455.7901916503906
21,876,70,0,car,0.9385644793510436,604.6534423828125,182.1854248046875,985.0867919921876,617.4235229492188,794.8701171875,617.4235229492188,380.433349609375,435.2380981445313
21,877,70,0,car,0.9346950650215148,605.6976928710938,154.05409240722656,977.0836791992188,572.6942749023438,791.3906860351562,572.6942749023438,371.385986328125,418.6401824951172
21,878,70,0,car,0.9222928881645204,606.101318359375,130.47117614746094,968.9157104492188,530.7601318359375,787.5085144042969,530.7601318359375,362.81439208984375,400.28895568847656
21,879,70,0,car,0.9406603574752808,606.4036865234375,104.5825424194336,959.0330200195312,488.919921875,782.7183532714844,488.919921875,352.6293334960937,384.3373794555664
21,880,70,0,car,0.9189470410346984,608.6542358398438,85.51038360595703,954.140625,454.6990966796875,781.3974304199219,454.6990966796875,345.48638916015625,369.18871307373047
21,881,70,0,car,0.9281532168388368,610.6834716796875,59.48939895629883,947.980224609375,418.01800537109375,779.3318481445312,418.01800537109375,337.2967529296875,358.5286064147949
21,882,70,0,car,0.9199484586715698,611.0010986328125,32.3695068359375,941.706787109375,386.1128540039063,776.3539428710938,386.1128540039063,330.7056884765625,353.74334716796875
21,883,70,0,car,0.9290710687637328,612.3765869140625,9.098788261413574,934.9891967773438,353.81866455078125,773.6828918457031,353.81866455078125,322.61260986328125,344.7198762893677
21,884,70,0,car,0.9327555298805236,614.8046875,0.0,927.7240600585938,324.7450866699219,771.2643737792969,324.7450866699219,312.9193725585937,324.7450866699219
21,885,70,0,car,0.93230539560318,615.3899536132812,0.0,921.4400024414062,296.3187255859375,768.4149780273438,296.3187255859375,306.050048828125,296.3187255859375
21,886,70,0,car,0.9316967129707336,615.1226196289062,0.0,917.2886962890624,268.7953796386719,766.2056579589844,268.7953796386719,302.16607666015625,268.7953796386719
21,887,70,0,car,0.9313825964927672,616.8224487304688,0.0,912.622802734375,248.36325073242188,764.7226257324219,248.36325073242188,295.80035400390625,248.36325073242188
21,888,70,0,car,0.929336428642273,619.2913208007812,0.0,906.2008056640624,222.9882659912109,762.7460632324219,222.9882659912109,286.90948486328125,222.9882659912109
21,889,70,0,car,0.9242866039276124,620.0707397460938,0.0,900.4469604492188,201.26568603515625,760.2588500976562,201.26568603515625,280.376220703125,201.26568603515625
21,890,70,0,car,0.9238607883453368,619.9205932617188,0.0,894.8663940429688,175.31527709960938,757.3934936523438,175.31527709960938,274.94580078125,175.31527709960938
21,891,70,0,car,0.9036097526550292,621.50390625,0.0,887.2384643554688,154.53541564941406,754.3711853027344,154.53541564941406,265.73455810546875,154.53541564941406
21,892,70,0,car,0.9129503965377808,620.2263793945312,0.0,882.3643798828125,137.43736267089844,751.2953796386719,137.43736267089844,262.13800048828125,137.43736267089844
21,893,70,0,car,0.9003559947013855,623.1380615234375,0.0,875.9801025390625,117.23420715332033,749.55908203125,117.23420715332033,252.842041015625,117.23420715332033
21,894,70,0,car,0.8837375044822693,624.6587524414062,0.643821656703949,871.4678955078125,99.77912139892578,748.0633239746094,99.77912139892578,246.80914306640625,99.13529974222185
21,895,70,0,car,0.8648824095726013,625.740234375,1.334282636642456,866.3901977539062,78.61470031738281,746.0652160644531,78.61470031738281,240.64996337890625,77.28041768074036
21,896,70,0,car,0.8397230505943298,627.9440307617188,1.3508573770523071,861.7819213867188,62.89273452758789,744.8629760742188,62.89273452758789,233.837890625,61.54187715053558
22,935,73,0,car,0.9367798566818236,1271.143798828125,470.1619262695313,1888.37890625,1015.405029296875,1579.7613525390625,1015.405029296875,617.235107421875,545.2431030273438
22,936,73,0,car,0.9303409457206726,1251.2735595703125,425.0626220703125,1845.9432373046875,950.7156372070312,1548.6083984375,950.7156372070312,594.669677734375,525.6530151367188
22,937,73,0,car,0.9406514167785645,1232.685791015625,380.9534301757813,1795.1766357421875,879.4537963867188,1513.9312133789062,879.4537963867188,562.4908447265625,498.5003662109375
22,938,73,0,car,0.9376090168952942,1218.56787109375,342.8103332519531,1747.05615234375,812.1889038085938,1482.81201171875,812.1889038085938,528.48828125,469.3785705566406
22,939,73,0,car,0.941381573677063,1200.5263671875,299.7738952636719,1706.45068359375,754.37939453125,1453.488525390625,754.37939453125,505.92431640625,454.6054992675781
22,940,73,0,car,0.9334421753883362,1180.0443115234375,267.44781494140625,1663.35595703125,693.7818603515625,1421.7001342773438,693.7818603515625,483.3116455078125,426.33404541015625
22,941,73,0,car,0.9358057975769044,1166.20068359375,235.8423614501953,1626.6773681640625,644.2623291015625,1396.4390258789062,644.2623291015625,460.4766845703125,408.4199676513672
22,942,73,0,car,0.9425356984138488,1153.5316162109375,205.5528259277344,1593.2042236328125,590.7306518554688,1373.367919921875,590.7306518554688,439.672607421875,385.1778259277344
22,943,73,0,car,0.9374118447303772,1141.8480224609375,175.40240478515625,1558.929931640625,546.3233032226562,1350.3889770507812,546.3233032226562,417.0819091796875,370.9208984375
22,944,73,0,car,0.9544132351875304,1128.79443359375,147.59613037109375,1531.0230712890625,501.0099792480469,1329.9087524414062,501.0099792480469,402.2286376953125,353.4138488769531
22,945,73,0,car,0.9322436451911926,1117.322509765625,120.22119140625,1505.6082763671875,459.3118591308594,1311.4653930664062,459.3118591308594,388.2857666015625,339.0906677246094
22,946,73,0,car,0.931938409805298,1105.5072021484375,93.1856460571289,1480.282958984375,423.3772277832031,1292.8950805664062,423.3772277832031,374.7757568359375,330.1915817260742
22,947,73,0,car,0.9239140152931212,1092.37060546875,66.13685607910156,1457.2742919921875,389.61859130859375,1274.8224487304688,389.61859130859375,364.9036865234375,323.4817352294922
22,948,73,0,car,0.928192675113678,1083.3665771484375,36.08256530761719,1436.990966796875,354.1449279785156,1260.1787719726562,354.1449279785156,353.6243896484375,318.06236267089844
22,949,73,0,car,0.9272592067718506,1074.1685791015625,17.69390869140625,1417.2236328125,321.982421875,1245.6961059570312,321.982421875,343.0550537109375,304.2885131835937
22,950,73,0,car,0.9318879246711732,1067.3138427734375,0.0,1397.7650146484375,294.8390808105469,1232.5394287109375,294.8390808105469,330.451171875,294.8390808105469
22,951,73,0,car,0.9178239703178406,1056.9415283203125,0.0,1381.081298828125,265.5087890625,1219.0114135742188,265.5087890625,324.1397705078125,265.5087890625
22,952,73,0,car,0.9229081273078918,1048.468017578125,0.0,1360.2557373046875,241.07098388671875,1204.3618774414062,241.07098388671875,311.7877197265625,241.07098388671875
22,953,73,0,car,0.9280043244361876,1039.560302734375,0.0,1342.7362060546875,217.12245178222656,1191.1482543945312,217.12245178222656,303.1759033203125,217.12245178222656
22,954,73,0,car,0.9226715564727784,1030.7398681640625,0.0,1326.8990478515625,192.23374938964844,1178.8194580078125,192.23374938964844,296.1591796875,192.23374938964844
22,955,73,0,car,0.916684865951538,1023.1647338867188,0.0,1311.058349609375,164.93548583984375,1167.1115417480469,164.93548583984375,287.89361572265625,164.93548583984375
22,956,73,0,car,0.9011107683181764,1017.1115112304688,0.0,1298.0225830078125,143.8063507080078,1157.5670471191406,143.8063507080078,280.9110717773437,143.8063507080078
22,957,73,0,car,0.8937942981719971,1008.24267578125,0.0,1280.8870849609375,123.9591064453125,1144.5648803710938,123.9591064453125,272.6444091796875,123.9591064453125
22,958,73,0,car,0.8900694251060486,1003.820068359375,0.0,1267.171142578125,102.04258728027344,1135.49560546875,102.04258728027344,263.35107421875,102.04258728027344
22,959,73,0,car,0.8715309500694275,999.8485717773438,1.518379807472229,1253.8885498046875,81.9039077758789,1126.8685607910156,81.9039077758789,254.0399780273437,80.38552796840668
22,960,73,0,car,0.8603196740150452,1008.0357666015624,1.7129082679748535,1242.1092529296875,63.74824142456055,1125.072509765625,63.74824142456055,234.073486328125,62.03533315658569
25,2152,94,0,car,0.947423815727234,0.763024628162384,453.444091796875,426.7901916503906,1059.451904296875,213.7766081392765,1059.451904296875,426.0271670222282,606.0078125
25,2153,94,0,car,0.9516761302947998,0.1563882082700729,448.65338134765625,427.8204956054688,1059.0330810546875,213.9884419068694,1059.0330810546875,427.6641073971987,610.3796997070312
25,2154,94,0,car,0.9487788081169128,0.2908961772918701,444.2936096191406,428.8546752929688,1057.4608154296875,214.5727857351303,1057.4608154296875,428.5637791156769,613.1672058105469
25,2155,94,0,car,0.9454814195632936,0.617867112159729,440.0411376953125,429.8384704589844,1056.187744140625,215.22816878557205,1056.187744140625,429.2206033468247,616.1466064453125
25,2156,94,0,car,0.9361262917518616,0.3711255490779876,439.6712341308594,430.8074340820313,1053.4871826171875,215.58927981555465,1053.4871826171875,430.43630853295326,613.8159484863281
25,2157,94,0,car,0.9452794194221495,1.1799263954162598,429.86517333984375,431.1121520996094,1046.015380859375,216.1460392475128,1046.015380859375,429.9322257041931,616.1502075195312
25,2158,94,0,car,0.944117546081543,0.4434315264225006,424.0323791503906,432.1675720214844,1041.4129638671875,216.30550177395344,1041.4129638671875,431.7241404950619,617.3805847167969
25,2159,94,0,car,0.9405596852302552,0.7071435451507568,416.6310424804688,432.6434631347656,1029.2587890625,216.6753033399582,1029.2587890625,431.93631958961487,612.6277465820312
25,2160,94,0,car,0.9416881799697876,0.929277241230011,405.6075134277344,433.5968933105469,1006.5064697265624,217.26308527588844,1006.5064697265624,432.66761606931686,600.8989562988281
25,2161,94,0,car,0.9431032538414,1.2882447242736816,399.40240478515625,435.5613403320313,988.1478271484376,218.42479252815247,988.1478271484376,434.2730956077576,588.7454223632812
25,2162,94,0,car,0.9421963691711426,0.9685001373291016,391.4501647949219,437.2584533691406,977.4544677734376,219.1134767532349,977.4544677734376,436.2899532318115,586.0043029785156
25,2163,94,0,car,0.942758560180664,0.3321136236190796,387.3963928222656,440.8553466796875,964.7772216796876,220.5937301516533,964.7772216796876,440.5232330560684,577.3808288574219
25,2164,94,0,car,0.9394859671592712,1.550158143043518,375.6286010742188,444.00189208984375,953.3784790039062,222.77602511644363,953.3784790039062,442.4517339468002,577.7498779296875
25,2165,94,0,car,0.9442523717880248,2.0382795333862305,369.2843933105469,446.5010681152344,938.2526245117188,224.2696738243103,938.2526245117188,444.46278858184814,568.9682312011719
25,2166,94,0,car,0.9428579211235046,1.6808178424835205,362.8433227539063,447.811767578125,920.6178588867188,224.74629271030423,920.6178588867188,446.1309497356415,557.7745361328125
25,2167,94,0,car,0.9427889585494996,2.049012422561645,353.1502990722656,449.1293029785156,900.394287109375,225.58915770053864,900.394287109375,447.080290555954,547.2439880371094
25,2168,94,0,car,0.9437455534934998,1.9233304262161253,343.6069641113281,450.335693359375,885.7962646484375,226.1295118927956,885.7962646484375,448.4123629331589,542.1893005371094
25,2169,94,0,car,0.9422202706336976,0.3645380437374115,337.2533874511719,452.1280212402344,875.1810302734375,226.2462796419859,875.1810302734375,451.76348319649696,537.9276428222656
25,2170,94,0,car,0.9415779113769532,1.31724214553833,327.94097900390625,454.0760498046875,861.8444213867188,227.6966459751129,861.8444213867188,452.7588076591492,533.9034423828125
25,2171,94,0,car,0.9398412108421326,1.3949817419052124,317.3280639648437,455.8582458496094,849.6795043945312,228.6266137957573,849.6795043945312,454.46326410770416,532.3514404296875
25,2172,94,0,car,0.9476220607757568,0.6778048276901245,309.3111877441406,457.15728759765625,834.4934692382812,228.9175462126732,834.4934692382812,456.4794827699661,525.1822814941406
25,2173,94,0,car,0.9396951794624328,1.2453521490097046,303.4642639160156,457.8186950683594,815.8246459960938,229.5320236086845,815.8246459960938,456.57334291934967,512.3603820800781
25,2174,94,0,car,0.9395565390586852,2.1804301738739014,297.5674133300781,457.7985534667969,796.2640991210938,229.9894918203354,796.2640991210938,455.618123292923,498.6966857910156
25,2175,94,0,car,0.9400326609611512,2.447351455688477,294.22381591796875,459.4258728027344,784.0416259765625,230.93661212921145,784.0416259765625,456.9785213470459,489.81781005859375
25,2176,94,0,car,0.9386582970619202,7.176497936248779,282.0227355957031,460.844482421875,768.1776733398438,234.0104901790619,768.1776733398438,453.6679844856262,486.1549377441406
25,2177,94,0,car,0.940941572189331,9.917447090148926,272.95867919921875,461.8707580566406,756.5778198242188,235.8941025733948,756.5778198242188,451.9533109664917,483.619140625
25,2178,94,0,car,0.9427295327186584,7.130621433258057,266.7460632324219,463.7147521972656,740.239013671875,235.42268681526184,740.239013671875,456.5841307640076,473.4929504394531
25,2179,94,0,car,0.9432562589645386,7.12638521194458,258.2027282714844,465.8527526855469,725.9954833984375,236.48956894874573,725.9954833984375,458.7263674736023,467.7927551269531
25,2180,94,0,car,0.939209520816803,11.070549011230469,249.75668334960932,467.3328247070313,710.386962890625,239.2016868591309,710.386962890625,456.2622756958008,460.6302795410156
25,2181,94,0,car,0.9421257972717284,17.341123580932617,241.61622619628903,466.9304504394531,693.9580688476562,242.13578701019287,693.9580688476562,449.5893268585205,452.3418426513672
25,2182,94,0,car,0.9442808628082277,23.21264266967773,232.3332061767578,468.23583984375,674.89599609375,245.72424125671387,674.89599609375,445.02319717407227,442.5627899169922
25,2183,94,0,car,0.9387792944908142,28.73564910888672,223.6265869140625,471.59710693359375,662.6744995117188,250.16637802124023,662.6744995117188,442.86145782470703,439.04791259765625
25,2184,94,0,car,0.9440231919288636,36.41042709350586,211.0334014892578,472.7742614746094,646.8880004882812,254.5923442840576,646.8880004882812,436.3638343811035,435.8545989990234
25,2185,94,0,car,0.9447843432426452,43.82242584228516,202.4915008544922,474.4346923828125,634.2217407226562,259.1285591125488,634.2217407226562,430.61226654052734,431.73023986816406
25,2186,94,0,car,0.9451332688331604,50.88872909545898,195.2586669921875,475.9197082519531,620.6729125976562,263.40421867370605,620.6729125976562,425.0309791564941,425.4142456054688
25,2187,94,0,car,0.9523372054100036,58.450225830078125,185.0659637451172,477.3432312011719,602.2103271484375,267.896728515625,602.2103271484375,418.89300537109375,417.1443634033203
25,2188,94,0,car,0.9384347200393676,65.59761810302734,176.79566955566406,478.5021362304688,581.8252563476562,272.04987716674805,581.8252563476562,412.9045181274414,405.0295867919922
25,2189,94,0,car,0.9352638721466064,71.86051940917969,168.50547790527344,480.9588623046875,569.5123291015625,276.4096908569336,569.5123291015625,409.0983428955078,401.00685119628906
25,2190,94,0,car,0.9384646415710448,78.14893341064453,159.33786010742188,483.48236083984375,555.4719848632812,280.81564712524414,555.4719848632812,405.3334274291992,396.1341247558594
25,2191,94,0,car,0.9411337971687316,83.49720001220703,155.42237854003906,485.3919372558594,544.6917114257812,284.4445686340332,544.6917114257812,401.89473724365234,389.2693328857422
25,2192,94,0,car,0.9353219270706176,91.45427703857422,143.7963104248047,486.3890686035156,526.2630615234375,288.9216728210449,526.2630615234375,394.9347915649414,382.4667510986328
25,2193,94,0,car,0.9334269165992736,96.14805603027344,133.77252197265625,490.4012145996094,516.25439453125,293.2746353149414,516.25439453125,394.253158569336,382.48187255859375
25,2194,94,0,car,0.9368693232536316,102.63775634765624,124.51980590820312,491.3230895996094,500.276611328125,296.9804229736328,500.276611328125,388.6853332519531,375.7568054199219
25,2195,94,0,car,0.9383668303489684,110.6286163330078,116.51011657714844,493.2164611816406,484.59075927734375,301.9225387573242,484.59075927734375,382.5878448486328,368.0806427001953
25,2196,94,0,car,0.9344330430030824,117.1366195678711,108.34196472167967,494.8341064453125,468.690673828125,305.9853630065918,468.690673828125,377.6974868774414,360.3487091064453
25,2197,94,0,car,0.9249671697616576,122.7635498046875,99.62503814697266,496.97308349609375,454.73248291015625,309.8683166503906,454.73248291015625,374.2095336914063,355.1074447631836
25,2198,94,0,car,0.9296783804893494,128.56640625,91.18881225585938,498.177978515625,441.4490966796875,313.3721923828125,441.4490966796875,369.611572265625,350.2602844238281
25,2199,94,0,car,0.923451840877533,132.56033325195312,85.28764343261719,499.5755920410156,431.6329345703125,316.0679626464844,431.6329345703125,367.0152587890625,346.3452911376953
25,2200,94,0,car,0.9248757362365724,141.03012084960938,72.58889770507812,501.4132995605469,415.1632080078125,321.2217102050781,415.1632080078125,360.3831787109375,342.5743103027344
25,2201,94,0,car,0.9193949103355408,143.71136474609375,65.68949890136719,502.5637817382813,405.34869384765625,323.1375732421875,405.34869384765625,358.8524169921875,339.65919494628906
25,2202,94,0,car,0.9216294884681702,148.52325439453125,54.73423767089844,503.9638977050781,391.9080200195313,326.2435760498047,391.9080200195313,355.4406433105469,337.1737823486328
25,2203,94,0,car,0.9365159869194032,154.90817260742188,48.041202545166016,507.1269226074219,376.3305969238281,331.0175476074219,376.3305969238281,352.21875,328.2893943786621
25,2204,94,0,car,0.9279164671897888,161.9486846923828,39.240699768066406,507.36572265625,363.9834899902344,334.6572036743164,363.9834899902344,345.4170379638672,324.742790222168
25,2205,94,0,car,0.92561674118042,167.46377563476562,30.65809631347656,509.0582885742188,351.0970458984375,338.2610321044922,351.0970458984375,341.5945129394531,320.43894958496094
25,2206,94,0,car,0.926317572593689,174.28236389160156,19.71853446960449,511.0968322753906,334.042236328125,342.6895980834961,334.042236328125,336.81446838378906,314.3237018585205
25,2207,94,0,car,0.9266380667686462,179.44061279296875,9.951916694641112,513.296630859375,321.9146423339844,346.3686218261719,321.9146423339844,333.85601806640625,311.96272563934326
25,2208,94,0,car,0.923614740371704,184.18035888671875,5.724849700927734,513.7254028320312,311.3648986816406,348.952880859375,311.3648986816406,329.5450439453125,305.6400489807129
25,2209,94,0,car,0.9239388704299928,190.9512939453125,0.0,516.1708984375,296.458984375,353.56109619140625,296.458984375,325.2196044921875,296.458984375
25,2210,94,0,car,0.9230570793151855,193.76535034179688,0.0,515.6000366210938,285.84033203125,354.6826934814453,285.84033203125,321.8346862792969,285.84033203125
25,2211,94,0,car,0.9271194338798524,200.1382751464844,0.0,518.3148193359375,274.16583251953125,359.22654724121094,274.16583251953125,318.1765441894531,274.16583251953125
25,2212,94,0,car,0.9230006337165833,207.19810485839844,0.0,518.6995239257812,263.6411437988281,362.9488143920898,263.6411437988281,311.5014190673828,263.6411437988281
25,2213,94,0,car,0.9304730296134948,212.7909240722656,0.479186475276947,518.8355712890625,254.78695678710932,365.81324768066406,254.78695678710932,306.0446472167969,254.30777031183243
25,2214,94,0,car,0.9225894808769226,217.9904937744141,0.0,520.37109375,237.3394775390625,369.18079376220703,237.3394775390625,302.38059997558594,237.3394775390625
25,2215,94,0,car,0.9245491027832032,221.00816345214844,1.7458409070968628,519.6830444335938,226.1190795898437,370.3456039428711,226.1190795898437,298.6748809814453,224.3732386827469
25,2216,94,0,car,0.9216991662979126,225.165267944336,2.300743103027344,518.5299072265625,216.06549072265625,371.8475875854492,216.06549072265625,293.36463928222656,213.7647476196289
25,2217,94,0,car,0.917052149772644,231.8141632080078,2.216096878051758,519.255859375,205.96163940429688,375.5350112915039,205.96163940429688,287.4416961669922,203.74554252624512
25,2218,94,0,car,0.9179404377937316,236.6910552978516,1.6633243560791016,521.026123046875,193.09571838378903,378.8585891723633,193.09571838378903,284.33506774902344,191.43239402771
25,2219,94,0,car,0.9076858162879944,241.36358642578125,1.4044160842895508,525.1967163085938,180.10935974121094,383.2801513671875,180.10935974121094,283.8331298828125,178.7049436569214
25,2220,94,0,car,0.9225659370422364,245.9519195556641,1.7246967554092407,521.5504150390625,168.54818725585938,383.7511672973633,168.54818725585938,275.59849548339844,166.8234905004501
25,2221,94,0,car,0.9161593914031982,251.5037384033203,2.8411662578582764,521.9524536132812,157.89044189453125,386.7280960083008,157.89044189453125,270.44871520996094,155.04927563667297
25,2222,94,0,car,0.8975229859352112,255.982421875,2.431387662887573,523.3988647460938,149.26075744628906,389.6906433105469,149.26075744628906,267.4164428710937,146.8293697834015
25,2223,94,0,car,0.9011495113372804,260.8141784667969,1.2923518419265747,524.283203125,138.50192260742188,392.5486907958984,138.50192260742188,263.4690246582031,137.2095707654953
25,2224,94,0,car,0.8986531496047974,264.35174560546875,0.4490447044372558,524.8514404296875,126.9939193725586,394.6015930175781,126.9939193725586,260.49969482421875,126.54487466812134
25,2225,94,0,car,0.8935887217521667,267.8023986816406,0.8162239193916321,525.6343383789062,114.8636245727539,396.71836853027344,114.8636245727539,257.8319396972656,114.04740065336227
25,2226,94,0,car,0.8900569677352905,271.61688232421875,0.9896368980407716,526.2962036132812,107.0472640991211,398.95654296875,107.0472640991211,254.6793212890625,106.05762720108032
25,2227,94,0,car,0.8881704211235046,274.7454528808594,2.103118658065796,531.1118774414062,97.24199676513672,402.9286651611328,97.24199676513672,256.3664245605469,95.13887810707092
25,2228,94,0,car,0.8727167844772339,279.20849609375,2.2811267375946045,535.40576171875,86.86222839355469,407.30712890625,86.86222839355469,256.197265625,84.58110165596008
25,2229,94,0,car,0.874255895614624,283.31182861328125,1.491585373878479,532.988525390625,73.02753448486328,408.1501770019531,73.02753448486328,249.6766967773437,71.5359491109848
25,2230,94,0,car,0.8457223176956177,288.2100524902344,1.6007040739059448,532.7963256835938,63.07381820678711,410.50318908691406,63.07381820678711,244.58627319335932,61.473114132881165
25,2231,94,0,car,0.8235056400299072,293.6906433105469,1.9285986423492432,536.69482421875,57.347747802734375,415.1927337646485,57.347747802734375,243.00418090820312,55.41914916038513
24,1842,107,0,car,0.5850383043289185,1581.38134765625,531.4177856445312,1918.6412353515625,1040.804931640625,1750.0112915039062,1040.804931640625,337.2598876953125,509.38714599609375
24,1843,107,0,car,0.6393969655036926,1570.8707275390625,532.9343872070312,1917.951416015625,1027.2974853515625,1744.4110717773438,1027.2974853515625,347.0806884765625,494.3630981445313
24,1844,107,0,car,0.6911622285842896,1563.734375,537.430908203125,1917.3118896484373,1013.5321044921876,1740.5231323242188,1013.5321044921876,353.5775146484375,476.1011962890625
24,1845,107,0,car,0.7207256555557251,1559.48828125,522.2747192382812,1916.0009765625,1001.7085571289062,1737.74462890625,1001.7085571289062,356.5126953125,479.433837890625
24,1856,107,0,car,0.5772000551223755,1508.1947021484375,383.362060546875,1845.4271240234373,894.4661254882812,1676.8109130859375,894.4661254882812,337.232421875,511.1040649414063
24,1857,107,0,car,0.5300205945968628,1504.1495361328125,377.3875732421875,1840.3175048828125,885.7410278320312,1672.2335205078125,885.7410278320312,336.16796875,508.35345458984375
24,1860,107,0,car,0.5622566342353821,1495.3660888671875,373.462646484375,1821.3828125,860.435302734375,1658.3744506835938,860.435302734375,326.0167236328125,486.97265625
24,1864,107,0,car,0.5546701550483704,1474.85595703125,410.7618103027344,1796.20361328125,834.6410522460938,1635.52978515625,834.6410522460938,321.34765625,423.8792419433594
24,1866,107,0,car,0.5429884791374207,1465.5062255859375,405.25201416015625,1786.9521484375,821.8782348632812,1626.2291870117188,821.8782348632812,321.4459228515625,416.626220703125
24,1867,107,0,car,0.5881280303001404,1461.498291015625,407.9712219238281,1780.3623046875,812.8591918945312,1620.9302978515625,812.8591918945312,318.864013671875,404.8879699707031
24,1868,107,0,car,0.5610291957855225,1458.928955078125,404.9914245605469,1775.7969970703125,805.6900024414062,1617.3629760742188,805.6900024414062,316.8680419921875,400.6985778808594
24,1872,107,0,car,0.802013635635376,1445.4190673828125,386.2927551269531,1754.9534912109375,782.4725952148438,1600.186279296875,782.4725952148438,309.534423828125,396.1798400878906
24,1873,107,0,car,0.8767367005348206,1442.3548583984375,372.983642578125,1751.2196044921875,778.1824951171875,1596.7872314453125,778.1824951171875,308.86474609375,405.1988525390625
24,1874,107,0,car,0.8804616332054138,1439.1392822265625,387.5286865234375,1748.25830078125,772.2788696289062,1593.6987915039062,772.2788696289062,309.1190185546875,384.7501831054688
24,1875,107,0,car,0.8734227418899536,1436.580322265625,396.7308654785156,1745.086181640625,765.5140991210938,1590.833251953125,765.5140991210938,308.505859375,368.7832336425781
24,1876,107,0,car,0.7801036834716797,1433.691162109375,381.5846862792969,1742.13671875,760.5308837890625,1587.9139404296875,760.5308837890625,308.445556640625,378.9461975097656
24,1877,107,0,car,0.8114845752716064,1431.3974609375,382.4131164550781,1738.5736083984375,754.3164672851562,1584.9855346679688,754.3164672851562,307.1761474609375,371.9033508300781
24,1878,107,0,car,0.757009744644165,1429.2608642578125,376.9660949707031,1734.84228515625,749.1427612304688,1582.0515747070312,749.1427612304688,305.5814208984375,372.1766662597656
24,1879,107,0,car,0.8328660130500793,1427.55126953125,380.68896484375,1730.734375,743.2037963867188,1579.142822265625,743.2037963867188,303.18310546875,362.5148315429688
24,1880,107,0,car,0.761982262134552,1425.4521484375,384.4275817871094,1728.0916748046875,738.5916748046875,1576.7719116210938,738.5916748046875,302.6395263671875,354.1640930175781
24,1881,107,0,car,0.8172191977500916,1423.2403564453125,388.7628784179688,1724.3984375,733.928955078125,1573.8193969726562,733.928955078125,301.1580810546875,345.16607666015625
24,1882,107,0,car,0.7823706865310669,1420.74072265625,405.7099609375,1720.3470458984375,732.39208984375,1570.5438842773438,732.39208984375,299.6063232421875,326.68212890625
24,1883,107,0,car,0.810987114906311,1417.6854248046875,406.4686279296875,1717.26904296875,730.0873413085938,1567.4772338867188,730.0873413085938,299.5836181640625,323.61871337890625
24,1884,107,0,car,0.5365720987319946,1416.4561767578125,410.3426208496094,1715.5657958984375,724.2191162109375,1566.010986328125,724.2191162109375,299.109619140625,313.8764953613281
24,1885,107,0,car,0.5830823183059692,1414.994140625,389.8768615722656,1713.052734375,719.38134765625,1564.0234375,719.38134765625,298.05859375,329.5044860839844
24,1886,107,0,car,0.6626067161560059,1414.0419921875,365.8628540039063,1708.5015869140625,715.3583984375,1561.2717895507812,715.3583984375,294.4595947265625,349.4955444335937
24,1887,107,0,car,0.6471050977706909,1411.3248291015625,356.8323974609375,1706.0784912109375,711.2974243164062,1558.70166015625,711.2974243164062,294.753662109375,354.46502685546875
24,1889,107,0,car,0.527631938457489,1405.8856201171875,339.7843017578125,1701.441162109375,704.9105224609375,1553.6633911132812,704.9105224609375,295.5555419921875,365.126220703125
24,1892,107,0,car,0.7775988578796387,1402.37646484375,333.817138671875,1697.2513427734375,694.5960083007812,1549.8139038085938,694.5960083007812,294.8748779296875,360.7788696289063
24,1893,107,0,car,0.7681902647018433,1401.410888671875,321.47076416015625,1695.3314208984375,692.136474609375,1548.3711547851562,692.136474609375,293.9205322265625,370.6657104492188
24,1894,107,0,car,0.517080545425415,1399.35791015625,310.6634521484375,1693.0928955078125,690.4765625,1546.2254028320312,690.4765625,293.7349853515625,379.8131103515625
24,1895,107,0,car,0.8190668225288391,1399.1783447265625,319.59356689453125,1691.688720703125,687.58935546875,1545.4335327148438,687.58935546875,292.5103759765625,367.9957885742188
24,1896,107,0,car,0.8053629398345947,1398.6495361328125,312.21246337890625,1690.138916015625,685.8739013671875,1544.3942260742188,685.8739013671875,291.4893798828125,373.6614379882813
24,1897,107,0,car,0.8466266393661499,1397.7557373046875,311.7550354003906,1689.1060791015625,685.4635620117188,1543.430908203125,685.4635620117188,291.350341796875,373.7085266113281
24,1898,107,0,car,0.8451937437057495,1397.1053466796875,311.1673278808594,1688.0457763671875,684.7542114257812,1542.5755615234375,684.7542114257812,290.9404296875,373.5868835449219
24,1899,107,0,car,0.8361059427261353,1396.23828125,316.2320556640625,1687.069580078125,682.832763671875,1541.6539306640625,682.832763671875,290.831298828125,366.6007080078125
24,1900,107,0,car,0.7639524340629578,1396.1136474609375,317.8448791503906,1686.033203125,679.309814453125,1541.0734252929688,679.309814453125,289.9195556640625,361.4649353027344
24,1904,107,0,car,0.5289724469184875,1391.833984375,290.4273681640625,1682.6298828125,676.4795532226562,1537.23193359375,676.4795532226562,290.7958984375,386.05218505859375
24,1905,107,0,car,0.7354830503463745,1392.7073974609375,316.6376647949219,1682.7760009765625,673.8753051757812,1537.74169921875,673.8753051757812,290.068603515625,357.2376403808594
24,1906,107,0,car,0.756158709526062,1392.21728515625,350.61590576171875,1682.7769775390625,674.4087524414062,1537.4971313476562,674.4087524414062,290.5596923828125,323.7928466796875
24,1907,107,0,car,0.7937118411064148,1391.9322509765625,344.66180419921875,1682.7772216796875,673.5067749023438,1537.354736328125,673.5067749023438,290.844970703125,328.844970703125
24,1908,107,0,car,0.8126251697540283,1391.7657470703125,341.0104064941406,1682.8660888671875,673.0472412109375,1537.31591796875,673.0472412109375,291.100341796875,332.0368347167969
24,1909,107,0,car,0.7701923251152039,1391.5391845703125,327.0915832519531,1682.643798828125,672.9517822265625,1537.0914916992188,672.9517822265625,291.1046142578125,345.8601989746094
24,1910,107,0,car,0.7538374066352844,1391.1068115234375,328.1121520996094,1682.0382080078125,672.3546752929688,1536.572509765625,672.3546752929688,290.931396484375,344.2425231933594
24,1911,107,0,car,0.7924731969833374,1390.871826171875,333.4969787597656,1681.62548828125,671.7294311523438,1536.2486572265625,671.7294311523438,290.753662109375,338.2324523925781
24,1912,107,0,car,0.8055143356323242,1390.73388671875,342.3898620605469,1681.44580078125,670.895751953125,1536.08984375,670.895751953125,290.7119140625,328.5058898925781
24,1913,107,0,car,0.8071959614753723,1390.705322265625,340.80938720703125,1681.07373046875,670.1160278320312,1535.8895263671875,670.1160278320312,290.368408203125,329.306640625
24,1914,107,0,car,0.7938673496246338,1390.6190185546875,330.006103515625,1680.6900634765625,669.67626953125,1535.654541015625,669.67626953125,290.071044921875,339.670166015625
24,1915,107,0,car,0.8194732666015625,1390.2955322265625,327.6728210449219,1680.216796875,669.7291870117188,1535.2561645507812,669.7291870117188,289.9212646484375,342.0563659667969
24,1916,107,0,car,0.8387060761451721,1389.9661865234375,335.4473571777344,1680.048583984375,669.5975341796875,1535.0073852539062,669.5975341796875,290.0823974609375,334.1501770019531
24,1917,107,0,car,0.8568055033683777,1389.621337890625,349.0445251464844,1679.2967529296875,669.6714477539062,1534.4590454101562,669.6714477539062,289.6754150390625,320.6269226074219
24,1918,107,0,car,0.8208011388778687,1389.177978515625,348.0595703125,1678.7510986328125,669.939697265625,1533.9645385742188,669.939697265625,289.5731201171875,321.880126953125
24,1919,107,0,car,0.825234055519104,1389.0755615234375,340.593994140625,1678.681884765625,670.1873779296875,1533.8787231445312,670.1873779296875,289.6063232421875,329.5933837890625
24,1920,107,0,car,0.8231947422027588,1388.8282470703125,344.29595947265625,1678.5035400390625,670.1854858398438,1533.6658935546875,670.1854858398438,289.67529296875,325.8895263671875
24,1921,107,0,car,0.8424975275993347,1388.6788330078125,348.04736328125,1678.2872314453125,670.0760498046875,1533.4830322265625,670.0760498046875,289.6083984375,322.0286865234375
24,1922,107,0,car,0.8641619682312012,1388.6173095703125,354.8469543457031,1677.86279296875,670.0560913085938,1533.2400512695312,670.0560913085938,289.2454833984375,315.2091369628906
24,1923,107,0,car,0.8634860515594482,1388.5328369140625,339.1962585449219,1677.644287109375,670.0972900390625,1533.0885620117188,670.0972900390625,289.1114501953125,330.9010314941406
24,1924,107,0,car,0.8722773194313049,1388.771728515625,337.3685302734375,1677.61279296875,670.2021484375,1533.1922607421875,670.2021484375,288.841064453125,332.8336181640625
24,1925,107,0,car,0.8688009977340698,1389.0709228515625,341.3052673339844,1677.8812255859375,670.5700073242188,1533.47607421875,670.5700073242188,288.810302734375,329.2647399902344
24,1926,107,0,car,0.8647831082344055,1389.4884033203125,348.2045593261719,1678.253662109375,670.8895874023438,1533.8710327148438,670.8895874023438,288.7652587890625,322.6850280761719
24,1927,107,0,car,0.8462411165237427,1389.854736328125,346.5030822753906,1678.7169189453125,671.1431884765625,1534.2858276367188,671.1431884765625,288.8621826171875,324.6401062011719
24,1928,107,0,car,0.8424413204193115,1390.168212890625,344.718994140625,1679.0167236328125,671.3177490234375,1534.5924682617188,671.3177490234375,288.8485107421875,326.5987548828125
24,1929,107,0,car,0.8338640332221985,1390.2864990234375,338.25616455078125,1679.269287109375,671.4599609375,1534.7778930664062,671.4599609375,288.9827880859375,333.20379638671875
24,1930,107,0,car,0.8201776742935181,1390.3070068359375,326.8812255859375,1679.384521484375,671.7685546875,1534.8457641601562,671.7685546875,289.0775146484375,344.8873291015625
24,1931,107,0,car,0.8144420981407166,1390.3485107421875,320.8616638183594,1679.585205078125,671.9762573242188,1534.9668579101562,671.9762573242188,289.2366943359375,351.1145935058594
24,1932,107,0,car,0.8155596256256104,1390.6033935546875,306.18115234375,1679.812255859375,672.20263671875,1535.2078247070312,672.20263671875,289.2088623046875,366.021484375
24,1933,107,0,car,0.8035711050033569,1390.8319091796875,304.0249938964844,1680.2274169921875,672.2667236328125,1535.5296630859375,672.2667236328125,289.3955078125,368.2417297363281
24,1934,107,0,car,0.7818849086761475,1391.0655517578125,295.4079284667969,1680.6112060546875,671.9231567382812,1535.83837890625,671.9231567382812,289.545654296875,376.5152282714844
24,1935,107,0,car,0.778357207775116,1391.247314453125,294.0862731933594,1680.87255859375,671.5082397460938,1536.0599365234375,671.5082397460938,289.625244140625,377.4219665527344
24,1936,107,0,car,0.7708277106285095,1391.2298583984375,307.6684875488281,1680.9625244140625,671.0639038085938,1536.09619140625,671.0639038085938,289.732666015625,363.3954162597656
24,1937,107,0,car,0.789547324180603,1391.18408203125,321.29888916015625,1680.8192138671875,671.3793334960938,1536.0016479492188,671.3793334960938,289.6351318359375,350.0804443359375
24,1938,107,0,car,0.8003862500190735,1391.0775146484375,321.7002258300781,1680.562744140625,671.3489990234375,1535.8201293945312,671.3489990234375,289.4852294921875,349.6487731933594
24,1939,107,0,car,0.8062376976013184,1391.052734375,326.1740417480469,1680.5081787109375,671.520263671875,1535.7804565429688,671.520263671875,289.4554443359375,345.3462219238281
24,1940,107,0,car,0.7921485304832458,1390.8907470703125,324.173828125,1680.60595703125,671.5432739257812,1535.7483520507812,671.5432739257812,289.7152099609375,347.36944580078125
24,1941,107,0,car,0.8171563148498535,1390.8143310546875,337.6202392578125,1680.5115966796875,671.6096801757812,1535.6629638671875,671.6096801757812,289.697265625,333.98944091796875
24,1942,107,0,car,0.835952877998352,1390.604736328125,341.5277709960937,1680.13427734375,671.9613647460938,1535.3695068359375,671.9613647460938,289.529541015625,330.43359375
24,1943,107,0,car,0.8302430510520935,1390.2840576171875,337.3412780761719,1679.635498046875,671.7183837890625,1534.9597778320312,671.7183837890625,289.3514404296875,334.3771057128906
24,1944,107,0,car,0.8276353478431702,1389.8724365234375,324.1571350097656,1679.2269287109375,671.430419921875,1534.5496826171875,671.430419921875,289.3544921875,347.2732849121094
24,1945,107,0,car,0.8245564699172974,1389.5833740234375,316.671875,1678.7647705078125,671.2103271484375,1534.174072265625,671.2103271484375,289.181396484375,354.5384521484375
24,1946,107,0,car,0.8278717994689941,1389.564697265625,319.00616455078125,1678.5751953125,671.4092407226562,1534.0699462890625,671.4092407226562,289.010498046875,352.403076171875
24,1947,107,0,car,0.8273389339447021,1389.452880859375,311.4563903808594,1678.464111328125,671.57861328125,1533.95849609375,671.57861328125,289.01123046875,360.1222229003906
24,1948,107,0,car,0.839789092540741,1389.392333984375,306.7118835449219,1678.1168212890625,672.1065673828125,1533.7545776367188,672.1065673828125,288.7244873046875,365.3946838378906
24,1949,107,0,car,0.8479709625244141,1389.2276611328125,300.4107971191406,1677.7440185546875,672.345703125,1533.48583984375,672.345703125,288.516357421875,371.9349060058594
24,1950,107,0,car,0.8446428775787354,1389.0943603515625,294.2716064453125,1677.4451904296875,672.2236938476562,1533.269775390625,672.2236938476562,288.350830078125,377.95208740234375
24,1951,107,0,car,0.842207670211792,1389.06298828125,293.0895690917969,1677.1473388671875,672.0609741210938,1533.1051635742188,672.0609741210938,288.0843505859375,378.9714050292969
24,1952,107,0,car,0.8360253572463989,1389.378173828125,294.5421447753906,1677.4815673828125,672.312255859375,1533.4298706054688,672.312255859375,288.1033935546875,377.7701110839844
24,1953,107,0,car,0.8420665264129639,1389.6630859375,300.607666015625,1677.8856201171875,672.36865234375,1533.7743530273438,672.36865234375,288.2225341796875,371.760986328125
24,1954,107,0,car,0.8128301501274109,1389.965087890625,303.9643859863281,1678.64990234375,672.5841674804688,1534.3074951171875,672.5841674804688,288.684814453125,368.6197814941406
24,1955,107,0,car,0.784020185470581,1390.0521240234375,304.0183410644531,1679.184814453125,672.7892456054688,1534.6184692382812,672.7892456054688,289.1326904296875,368.7709045410156
24,1956,107,0,car,0.7613446712493896,1390.100341796875,308.2024230957031,1679.402587890625,672.6925659179688,1534.75146484375,672.6925659179688,289.30224609375,364.4901428222656
24,1957,107,0,car,0.7750852108001709,1390.1719970703125,311.69091796875,1679.5323486328125,672.8685302734375,1534.8521728515625,672.8685302734375,289.3603515625,361.1776123046875
24,1958,107,0,car,0.7784789800643921,1390.1949462890625,315.2581481933594,1679.69921875,672.560546875,1534.9470825195312,672.560546875,289.5042724609375,357.3023986816406
24,1959,107,0,car,0.7585931420326233,1390.5015869140625,310.6709289550781,1680.110595703125,672.2911376953125,1535.3060913085938,672.2911376953125,289.6090087890625,361.6202087402344
24,1960,107,0,car,0.7089542746543884,1390.8670654296875,306.3281555175781,1680.2584228515625,672.1987915039062,1535.562744140625,672.1987915039062,289.391357421875,365.8706359863281
24,1961,107,0,car,0.6550548672676086,1390.976318359375,302.8550109863281,1680.7132568359375,671.8887329101562,1535.8447875976562,671.8887329101562,289.7369384765625,369.0337219238281
24,1962,107,0,car,0.6911755800247192,1391.140380859375,306.6657409667969,1681.02978515625,671.6068725585938,1536.0850830078125,671.6068725585938,289.889404296875,364.9411315917969
24,1963,107,0,car,0.6707596182823181,1391.0816650390625,311.59771728515625,1680.8427734375,671.6519165039062,1535.9622192382812,671.6519165039062,289.7611083984375,360.05419921875
24,1964,107,0,car,0.6986269354820251,1390.9713134765625,317.9657897949219,1680.578369140625,671.5345458984375,1535.7748413085938,671.5345458984375,289.6070556640625,353.5687561035156
24,1965,107,0,car,0.7440685033798218,1390.81982421875,327.7198791503906,1680.392822265625,671.3959350585938,1535.6063232421875,671.3959350585938,289.572998046875,343.6760559082031
24,1966,107,0,car,0.7687950730323792,1390.70458984375,336.2796936035156,1680.452880859375,671.5260009765625,1535.5787353515625,671.5260009765625,289.748291015625,335.2463073730469
24,1967,107,0,car,0.7410798072814941,1390.548583984375,326.3418884277344,1680.5103759765625,672.0564575195312,1535.5294799804688,672.0564575195312,289.9617919921875,345.7145690917969
24,1968,107,0,car,0.7848035097122192,1390.3717041015625,327.1478881835937,1680.2265625,672.2227783203125,1535.2991333007812,672.2227783203125,289.8548583984375,345.07489013671875
24,1969,107,0,car,0.7957659959793091,1390.181396484375,328.66168212890625,1680.0423583984375,672.3114624023438,1535.1118774414062,672.3114624023438,289.8609619140625,343.6497802734375
24,1970,107,0,car,0.7998053431510925,1389.924560546875,323.11163330078125,1679.5302734375,672.1272583007812,1534.7274169921875,672.1272583007812,289.605712890625,349.015625
24,1971,107,0,car,0.8268236517906189,1389.5426025390625,320.3455810546875,1678.769775390625,672.0560302734375,1534.1561889648438,672.0560302734375,289.2271728515625,351.71044921875
24,1972,107,0,car,0.8320368528366089,1389.35498046875,317.7686462402344,1678.19287109375,672.2589111328125,1533.77392578125,672.2589111328125,288.837890625,354.4902648925781
24,1973,107,0,car,0.8207789063453674,1389.2320556640625,309.0793762207031,1677.978759765625,672.1957397460938,1533.6054077148438,672.1957397460938,288.7467041015625,363.1163635253906
24,1974,107,0,car,0.8067635297775269,1389.152587890625,298.7237854003906,1677.8587646484375,672.3391723632812,1533.5056762695312,672.3391723632812,288.7061767578125,373.6153869628906
24,1975,107,0,car,0.7937463521957397,1389.002685546875,290.7977294921875,1677.6302490234375,672.6529541015625,1533.3164672851562,672.6529541015625,288.6275634765625,381.855224609375
24,1976,107,0,car,0.793479859828949,1388.9012451171875,285.9159545898437,1677.5521240234375,672.7838745117188,1533.2266845703125,672.7838745117188,288.65087890625,386.867919921875
24,1977,107,0,car,0.7881398797035217,1388.884033203125,286.0557861328125,1677.5986328125,672.7871704101562,1533.2413330078125,672.7871704101562,288.714599609375,386.73138427734375
24,1978,107,0,car,0.795660138130188,1388.895263671875,286.0674133300781,1677.5892333984375,672.79736328125,1533.2422485351562,672.79736328125,288.6939697265625,386.7299499511719
24,1979,107,0,car,0.7996165752410889,1389.0794677734375,291.9862670898437,1678.0128173828125,672.7059936523438,1533.546142578125,672.7059936523438,288.933349609375,380.7197265625
24,1980,107,0,car,0.7988917827606201,1389.4801025390625,293.50811767578125,1678.5709228515625,672.6318359375,1534.0255126953125,672.6318359375,289.0908203125,379.1237182617188
24,1981,107,0,car,0.779007613658905,1389.779296875,299.1096496582031,1679.0948486328125,672.4711303710938,1534.4370727539062,672.4711303710938,289.3155517578125,373.3614807128906
24,1982,107,0,car,0.7605792284011841,1390.154296875,302.0155944824219,1679.6656494140625,672.9904174804688,1534.9099731445312,672.9904174804688,289.5113525390625,370.9748229980469
24,1983,107,0,car,0.7675855755805969,1390.336669921875,300.9093017578125,1679.98681640625,673.1109619140625,1535.1617431640625,673.1109619140625,289.650146484375,372.20166015625
24,1984,107,0,car,0.7785032391548157,1390.38916015625,310.3763122558594,1680.279541015625,672.791015625,1535.3343505859375,672.791015625,289.890380859375,362.4147033691406
24,1985,107,0,car,0.778968870639801,1390.632568359375,314.3535461425781,1680.599853515625,672.8529663085938,1535.6162109375,672.8529663085938,289.96728515625,358.4994201660156
24,1986,107,0,car,0.7685182690620422,1390.83837890625,320.5444641113281,1680.6446533203125,672.3384399414062,1535.7415161132812,672.3384399414062,289.8062744140625,351.7939758300781
24,1987,107,0,car,0.763937771320343,1391.0740966796875,320.7930603027344,1680.5804443359375,671.7603759765625,1535.8272705078125,671.7603759765625,289.50634765625,350.9673156738281
24,1988,107,0,car,0.7581206560134888,1391.2056884765625,318.6523132324219,1680.679931640625,671.241455078125,1535.9428100585938,671.241455078125,289.4742431640625,352.5891418457031
24,1989,107,0,car,0.7717325091362,1391.27099609375,316.4319152832031,1680.4786376953125,670.8466186523438,1535.8748168945312,670.8466186523438,289.2076416015625,354.4147033691406
24,1990,107,0,car,0.7798171639442444,1391.292236328125,320.5446472167969,1680.46044921875,670.5587768554688,1535.8763427734375,670.5587768554688,289.168212890625,350.0141296386719
24,1991,107,0,car,0.8058041334152222,1391.1607666015625,329.5059509277344,1680.31591796875,670.3013305664062,1535.7383422851562,670.3013305664062,289.1551513671875,340.7953796386719
24,1992,107,0,car,0.8275473117828369,1390.9776611328125,344.594970703125,1680.304931640625,670.6328125,1535.6412963867188,670.6328125,289.3272705078125,326.037841796875
24,1993,107,0,car,0.8392259478569031,1390.763671875,354.9989013671875,1680.0440673828125,670.8539428710938,1535.4038696289062,670.8539428710938,289.2803955078125,315.85504150390625
24,1994,107,0,car,0.8378087878227234,1390.60302734375,356.2940673828125,1679.905029296875,671.1195068359375,1535.2540283203125,671.1195068359375,289.302001953125,314.825439453125
24,1995,107,0,car,0.8186746835708618,1390.4449462890625,352.3158874511719,1679.817138671875,671.1744995117188,1535.1310424804688,671.1744995117188,289.3721923828125,318.8586120605469
24,1996,107,0,car,0.8383157253265381,1390.2037353515625,343.1233215332031,1679.4410400390625,671.5884399414062,1534.8223876953125,671.5884399414062,289.2373046875,328.4651184082031
24,1997,107,0,car,0.8347481489181519,1389.9130859375,332.6404113769531,1679.0841064453125,671.540283203125,1534.4985961914062,671.540283203125,289.1710205078125,338.8998718261719
24,1998,107,0,car,0.8325338959693909,1389.6873779296875,321.9836730957031,1678.800537109375,671.7711181640625,1534.2439575195312,671.7711181640625,289.1131591796875,349.7874450683594
24,1999,107,0,car,0.8306472897529602,1389.494873046875,312.1549072265625,1678.2373046875,671.8375244140625,1533.8660888671875,671.8375244140625,288.742431640625,359.6826171875
24,2000,107,0,car,0.829592764377594,1389.367919921875,305.7811889648437,1677.887451171875,672.2093505859375,1533.627685546875,672.2093505859375,288.51953125,366.42816162109375
24,2001,107,0,car,0.833207905292511,1389.2890625,308.3406677246094,1677.9970703125,672.3659057617188,1533.64306640625,672.3659057617188,288.7080078125,364.0252380371094
24,2002,107,0,car,0.8251495957374573,1389.26318359375,298.4755249023437,1677.96337890625,672.3414916992188,1533.61328125,672.3414916992188,288.7001953125,373.865966796875
24,2003,107,0,car,0.8220366835594177,1389.35400390625,296.7239990234375,1678.2098388671875,672.301025390625,1533.7819213867188,672.301025390625,288.8558349609375,375.5770263671875
24,2004,107,0,car,0.8201601505279541,1389.4010009765625,297.7376708984375,1678.419677734375,672.4049072265625,1533.9103393554688,672.4049072265625,289.0186767578125,374.667236328125
24,2005,107,0,car,0.8189945220947266,1389.609619140625,313.1713562011719,1678.8519287109375,672.5429077148438,1534.2307739257812,672.5429077148438,289.2423095703125,359.3715515136719
24,2006,107,0,car,0.7785740494728088,1389.93505859375,320.567626953125,1679.4307861328125,672.5781860351562,1534.6829223632812,672.5781860351562,289.4957275390625,352.01055908203125
24,2007,107,0,car,0.7648369073867798,1390.3028564453125,329.9634704589844,1680.258056640625,672.2880249023438,1535.2804565429688,672.2880249023438,289.9552001953125,342.3245544433594
24,2008,107,0,car,0.742895245552063,1390.6044921875,332.00506591796875,1680.8516845703125,672.3331298828125,1535.7280883789062,672.3331298828125,290.2471923828125,340.3280639648437
24,2009,107,0,car,0.7413672804832458,1390.796142578125,336.8798522949219,1680.9981689453125,672.2058715820312,1535.8971557617188,672.2058715820312,290.2020263671875,335.3260192871094
24,2010,107,0,car,0.769878089427948,1390.9119873046875,336.3452453613281,1680.9368896484375,671.77001953125,1535.9244384765625,671.77001953125,290.02490234375,335.4247741699219
24,2011,107,0,car,0.7943404316902161,1390.98388671875,342.06988525390625,1680.77783203125,671.4949340820312,1535.880859375,671.4949340820312,289.7939453125,329.425048828125
24,2012,107,0,car,0.818107008934021,1391.0260009765625,353.3542175292969,1680.9024658203125,671.377197265625,1535.9642333984375,671.377197265625,289.87646484375,318.0229797363281
24,2013,107,0,car,0.8173354268074036,1391.2218017578125,342.452392578125,1680.7445068359375,671.0007934570312,1535.983154296875,671.0007934570312,289.522705078125,328.54840087890625
24,2014,107,0,car,0.8316650390625,1391.268798828125,333.0287780761719,1680.618408203125,670.8585205078125,1535.943603515625,670.8585205078125,289.349609375,337.8297424316406
24,2015,107,0,car,0.8265073299407959,1391.3240966796875,323.8434143066406,1680.806640625,670.6104125976562,1536.0653686523438,670.6104125976562,289.4825439453125,346.7669982910156
24,2016,107,0,car,0.8106664419174194,1391.188720703125,322.1556396484375,1680.467529296875,670.5361328125,1535.828125,670.5361328125,289.27880859375,348.3804931640625
24,2017,107,0,car,0.8332085013389587,1391.121826171875,331.9302062988281,1680.1846923828125,670.9391479492188,1535.6532592773438,670.9391479492188,289.0628662109375,339.0089416503906
24,2018,107,0,car,0.8313905000686646,1390.885498046875,340.87548828125,1679.9886474609375,671.32275390625,1535.4370727539062,671.32275390625,289.1031494140625,330.447265625
24,2019,107,0,car,0.8245915174484253,1390.6727294921875,344.9281005859375,1679.8009033203125,671.7562866210938,1535.23681640625,671.7562866210938,289.128173828125,326.82818603515625
24,2020,107,0,car,0.8035290837287903,1390.67626953125,342.923583984375,1679.78515625,671.7392578125,1535.230712890625,671.7392578125,289.10888671875,328.815673828125
24,2021,107,0,car,0.783837616443634,1390.7047119140625,339.3529052734375,1679.6851806640625,671.777099609375,1535.1949462890625,671.777099609375,288.98046875,332.4241943359375
24,2022,107,0,car,0.709062397480011,1390.482666015625,320.9906311035156,1679.43505859375,671.4390258789062,1534.9588623046875,671.4390258789062,288.952392578125,350.4483947753906
24,2023,107,0,car,0.7344278693199158,1389.9940185546875,314.0360412597656,1678.6666259765625,671.5054931640625,1534.330322265625,671.5054931640625,288.672607421875,357.4694519042969
24,2024,107,0,car,0.7482322454452515,1389.5831298828125,306.5228271484375,1678.351806640625,671.6864624023438,1533.9674682617188,671.6864624023438,288.7686767578125,365.1636352539063
24,2025,107,0,car,0.8001887798309326,1389.34619140625,309.44647216796875,1677.8717041015625,671.6725463867188,1533.6089477539062,671.6725463867188,288.5255126953125,362.22607421875
24,2026,107,0,car,0.7924190759658813,1389.345947265625,297.40118408203125,1677.7952880859375,671.94140625,1533.5706176757812,671.94140625,288.4493408203125,374.5402221679688
24,2027,107,0,car,0.7786993980407715,1389.338623046875,294.043212890625,1677.852294921875,672.2864379882812,1533.595458984375,672.2864379882812,288.513671875,378.24322509765625
24,2028,107,0,car,0.7717705965042114,1389.654541015625,287.514404296875,1678.25048828125,672.3338012695312,1533.9525146484375,672.3338012695312,288.595947265625,384.81939697265625
24,2029,107,0,car,0.7857664823532104,1389.8812255859375,286.6483459472656,1678.5107421875,672.5021362304688,1534.1959838867188,672.5021362304688,288.6295166015625,385.8537902832031
24,2030,107,0,car,0.8105960488319397,1389.9822998046875,289.6852111816406,1678.693603515625,671.5287475585938,1534.3379516601562,671.5287475585938,288.7113037109375,381.8435363769531
24,2031,107,0,car,0.819293200969696,1389.986083984375,296.83013916015625,1678.82958984375,670.96435546875,1534.4078369140625,670.96435546875,288.843505859375,374.13421630859375
24,2032,107,0,car,0.8564330339431763,1390.3026123046875,311.8994445800781,1678.7437744140625,670.5314331054688,1534.523193359375,670.5314331054688,288.441162109375,358.6319885253906
24,2033,107,0,car,0.8710964322090149,1390.7159423828125,319.2312927246094,1679.07373046875,670.3763427734375,1534.8948364257812,670.3763427734375,288.3577880859375,351.1450500488281
24,2034,107,0,car,0.8599470257759094,1391.15234375,317.2127685546875,1679.5760498046875,670.7191162109375,1535.3641967773438,670.7191162109375,288.4237060546875,353.50634765625
24,2035,107,0,car,0.8486977219581604,1391.4647216796875,309.7022399902344,1679.8507080078125,670.190673828125,1535.65771484375,670.190673828125,288.385986328125,360.4884338378906
24,2036,107,0,car,0.879662811756134,1391.5487060546875,306.917724609375,1679.775390625,669.0780029296875,1535.6620483398438,669.0780029296875,288.2266845703125,362.1602783203125
24,2037,107,0,car,0.8748279809951782,1391.4083251953125,305.44219970703125,1679.4364013671875,668.598388671875,1535.42236328125,668.598388671875,288.028076171875,363.15618896484375
24,2038,107,0,car,0.8870516419410706,1391.2647705078125,304.6465148925781,1679.074951171875,667.9943237304688,1535.1698608398438,667.9943237304688,287.8101806640625,363.3478088378906
24,2039,107,0,car,0.8974462747573853,1391.0828857421875,304.85321044921875,1678.4427490234375,668.1682739257812,1534.7628173828125,668.1682739257812,287.35986328125,363.3150634765625
24,2040,107,0,car,0.8941143155097961,1391.1407470703125,303.8203430175781,1678.0068359375,668.7994995117188,1534.5737915039062,668.7994995117188,286.8660888671875,364.9791564941406
24,2041,107,0,car,0.9009364247322084,1391.2296142578125,304.82586669921875,1677.812255859375,669.2056884765625,1534.5209350585938,669.2056884765625,286.5826416015625,364.37982177734375
24,2042,107,0,car,0.9007146954536438,1391.156005859375,305.4996337890625,1677.9573974609375,669.5615234375,1534.5567016601562,669.5615234375,286.8013916015625,364.0618896484375
24,2043,107,0,car,0.8982537984848022,1391.0594482421875,305.5874938964844,1678.0860595703125,669.7493286132812,1534.57275390625,669.7493286132812,287.026611328125,364.1618347167969
24,2044,107,0,car,0.8911677002906799,1390.6446533203125,303.9991760253906,1677.9925537109375,670.5011596679688,1534.318603515625,670.5011596679688,287.347900390625,366.5019836425781
24,2045,107,0,car,0.8965480327606201,1390.3179931640625,303.6959533691406,1677.38720703125,670.9173583984375,1533.8526000976562,670.9173583984375,287.0692138671875,367.2214050292969
24,2046,107,0,car,0.8991624116897583,1390.0089111328125,303.1527709960937,1676.93408203125,670.9332885742188,1533.4714965820312,670.9332885742188,286.9251708984375,367.780517578125
24,2047,107,0,car,0.8973499536514282,1389.99462890625,300.9600524902344,1676.7965087890625,670.5714721679688,1533.3955688476562,670.5714721679688,286.8018798828125,369.6114196777344
24,2048,107,0,car,0.8949378728866577,1390.128662109375,300.4003295898437,1677.123779296875,670.7416381835938,1533.626220703125,670.7416381835938,286.9951171875,370.34130859375
24,2049,107,0,car,0.8920765519142151,1390.121337890625,300.0965576171875,1677.1063232421875,670.9729614257812,1533.6138305664062,670.9729614257812,286.9849853515625,370.87640380859375
24,2050,107,0,car,0.89825838804245,1389.9500732421875,300.08843994140625,1676.881103515625,670.8467407226562,1533.4155883789062,670.8467407226562,286.9310302734375,370.75830078125
24,2051,107,0,car,0.902688443660736,1389.6016845703125,301.09869384765625,1676.44775390625,670.402587890625,1533.0247192382812,670.402587890625,286.8460693359375,369.3038940429688
24,2052,107,0,car,0.9018348455429076,1389.3309326171875,302.3423767089844,1675.6904296875,670.6502685546875,1532.5106811523438,670.6502685546875,286.3594970703125,368.3078918457031
24,2053,107,0,car,0.9002102017402649,1389.3564453125,303.2013244628906,1675.5777587890625,670.4586181640625,1532.4671020507812,670.4586181640625,286.2213134765625,367.2572937011719
24,2054,107,0,car,0.8970698714256287,1389.722900390625,303.2322998046875,1676.1561279296875,670.2955932617188,1532.9395141601562,670.2955932617188,286.4332275390625,367.0632934570313
24,2055,107,0,car,0.8975484371185303,1390.089111328125,302.89501953125,1676.61181640625,670.4439086914062,1533.3504638671875,670.4439086914062,286.522705078125,367.54888916015625
24,2056,107,0,car,0.8960762619972229,1390.3328857421875,303.0118713378906,1677.32763671875,670.5689086914062,1533.8302612304688,670.5689086914062,286.9947509765625,367.5570373535156
24,2057,107,0,car,0.8978050947189331,1390.455322265625,304.1167297363281,1677.38427734375,670.636474609375,1533.9197998046875,670.636474609375,286.928955078125,366.5197448730469
24,2058,107,0,car,0.903612494468689,1390.52294921875,304.8554382324219,1677.7064208984375,670.2738037109375,1534.1146850585938,670.2738037109375,287.1834716796875,365.4183654785156
24,2059,107,0,car,0.9002864360809326,1390.4913330078125,304.39404296875,1677.849853515625,669.91064453125,1534.1705932617188,669.91064453125,287.3585205078125,365.5166015625
24,2060,107,0,car,0.9006665349006653,1390.639404296875,304.7278137207031,1678.2498779296875,669.8286743164062,1534.4446411132812,669.8286743164062,287.6104736328125,365.1008605957031
24,2061,107,0,car,0.8945291638374329,1390.9674072265625,304.5359191894531,1678.4046630859375,669.8878173828125,1534.68603515625,669.8878173828125,287.437255859375,365.3518981933594
24,2062,107,0,car,0.8943038582801819,1391.3172607421875,305.39703369140625,1678.6861572265625,669.701904296875,1535.001708984375,669.701904296875,287.368896484375,364.3048706054688
24,2063,107,0,car,0.8897113800048828,1391.40185546875,305.9291076660156,1678.7996826171875,669.436279296875,1535.1007690429688,669.436279296875,287.3978271484375,363.5071716308594
24,2064,107,0,car,0.8886025547981262,1391.278564453125,305.9904479980469,1678.739013671875,669.3295288085938,1535.0087890625,669.3295288085938,287.46044921875,363.3390808105469
24,2065,107,0,car,0.8902896046638489,1391.104736328125,305.9174499511719,1678.5391845703125,669.3026123046875,1534.8219604492188,669.3026123046875,287.4344482421875,363.3851623535156
24,2066,107,0,car,0.8909611701965332,1391.02685546875,305.49151611328125,1678.21875,669.5790405273438,1534.622802734375,669.5790405273438,287.19189453125,364.0875244140625
24,2067,107,0,car,0.8946312069892883,1391.0875244140625,305.2528686523437,1678.094970703125,669.7510986328125,1534.5912475585938,669.7510986328125,287.0074462890625,364.4982299804688
24,2068,107,0,car,0.8902891278266907,1391.1826171875,305.3609619140625,1678.0413818359375,669.9669799804688,1534.6119995117188,669.9669799804688,286.8587646484375,364.6060180664063
24,2069,107,0,car,0.8842733502388,1391.23828125,305.0883483886719,1677.6588134765625,670.0104370117188,1534.4485473632812,670.0104370117188,286.4205322265625,364.9220886230469
24,2070,107,0,car,0.8968530297279358,1391.1029052734375,304.38165283203125,1677.408203125,670.037841796875,1534.2555541992188,670.037841796875,286.3052978515625,365.65618896484375
24,2071,107,0,car,0.8986972570419312,1390.847900390625,304.2723083496094,1676.855712890625,670.4321899414062,1533.851806640625,670.4321899414062,286.0078125,366.1598815917969
24,2072,107,0,car,0.9003141522407532,1390.3865966796875,304.3301086425781,1675.9666748046875,670.306396484375,1533.1766357421875,670.306396484375,285.580078125,365.9762878417969
24,2073,107,0,car,0.8987930417060852,1389.921630859375,303.8398742675781,1675.103271484375,670.6808471679688,1532.512451171875,670.6808471679688,285.181640625,366.8409729003906
24,2074,107,0,car,0.8996564149856567,1389.9066162109375,303.90740966796875,1674.815185546875,670.6864624023438,1532.3609008789062,670.6864624023438,284.9085693359375,366.779052734375
24,2075,107,0,car,0.8996944427490234,1390.0106201171875,304.39556884765625,1675.1888427734375,670.583740234375,1532.5997314453125,670.583740234375,285.17822265625,366.1881713867188
24,2076,107,0,car,0.8983465433120728,1390.136474609375,304.27508544921875,1675.2725830078125,670.7369995117188,1532.7045288085938,670.7369995117188,285.1361083984375,366.4619140625
24,2077,107,0,car,0.894400954246521,1390.1383056640625,303.8764038085937,1675.2738037109375,670.7572631835938,1532.7060546875,670.7572631835938,285.135498046875,366.880859375
24,2078,107,0,car,0.8964074850082397,1389.8885498046875,303.285888671875,1675.2666015625,670.5147705078125,1532.5775756835938,670.5147705078125,285.3780517578125,367.2288818359375
24,2079,107,0,car,0.8979743719100952,1389.6143798828125,304.0973815917969,1674.8974609375,670.3312377929688,1532.2559204101562,670.3312377929688,285.2830810546875,366.2338562011719
24,2080,107,0,car,0.8995471000671387,1389.6058349609375,304.3836975097656,1674.8310546875,670.1944580078125,1532.2184448242188,670.1944580078125,285.2252197265625,365.8107604980469
24,2081,107,0,car,0.8906943798065186,1389.95263671875,304.0645446777344,1675.157958984375,670.371826171875,1532.5552978515625,670.371826171875,285.205322265625,366.3072814941406
24,2082,107,0,car,0.8885185122489929,1390.56689453125,303.1590881347656,1676.2061767578125,670.75341796875,1533.3865356445312,670.75341796875,285.6392822265625,367.5943298339844
24,2083,107,0,car,0.8884108662605286,1391.0792236328125,303.8080749511719,1677.178466796875,670.6376953125,1534.1288452148438,670.6376953125,286.0992431640625,366.8296203613281
24,2084,107,0,car,0.8904069066047668,1391.1947021484375,304.65887451171875,1677.7567138671875,670.4193115234375,1534.4757080078125,670.4193115234375,286.56201171875,365.7604370117188
24,2085,107,0,car,0.8879852890968323,1391.1298828125,304.5164794921875,1677.76708984375,670.18017578125,1534.448486328125,670.18017578125,286.63720703125,365.6636962890625
24,2086,107,0,car,0.8924175500869751,1391.1533203125,304.6787109375,1677.992431640625,669.8605346679688,1534.5728759765625,669.8605346679688,286.839111328125,365.1818237304688
24,2087,107,0,car,0.8932787179946899,1391.1807861328125,304.2905578613281,1678.2613525390625,669.8843994140625,1534.7210693359375,669.8843994140625,287.08056640625,365.5938415527344
24,2088,107,0,car,0.8965439200401306,1391.4359130859375,304.8935852050781,1678.675048828125,669.521484375,1535.0554809570312,669.521484375,287.2391357421875,364.6278991699219
24,2089,107,0,car,0.8914346098899841,1391.548828125,305.800537109375,1678.676025390625,669.074462890625,1535.1124267578125,669.074462890625,287.127197265625,363.27392578125
24,2090,107,0,car,0.8856610655784607,1391.477783203125,306.06854248046875,1678.5133056640625,668.9522094726562,1534.9955444335938,668.9522094726562,287.0355224609375,362.8836669921875
24,2091,107,0,car,0.8914179801940918,1391.4085693359375,305.7631530761719,1678.4522705078125,669.0064086914062,1534.930419921875,669.0064086914062,287.043701171875,363.2432556152344
24,2092,107,0,car,0.889975368976593,1391.2713623046875,305.0589599609375,1678.2645263671875,669.0337524414062,1534.7679443359375,669.0337524414062,286.9931640625,363.9747924804688
24,2093,107,0,car,0.8881846070289612,1391.1636962890625,304.1329650878906,1678.170166015625,669.06689453125,1534.6669311523438,669.06689453125,287.0064697265625,364.9339294433594
24,2094,107,0,car,0.8885538578033447,1391.245361328125,303.9422912597656,1678.104248046875,669.002197265625,1534.6748046875,669.002197265625,286.85888671875,365.0599060058594
24,2095,107,0,car,0.8855995535850525,1391.2799072265625,303.47625732421875,1678.1966552734375,668.7392578125,1534.73828125,668.7392578125,286.916748046875,365.2630004882813
24,2096,107,0,car,0.8830989599227905,1391.3125,301.8944091796875,1678.13134765625,668.7982788085938,1534.721923828125,668.7982788085938,286.81884765625,366.9038696289063
24,2097,107,0,car,0.882271945476532,1391.1761474609375,300.63922119140625,1677.8482666015625,669.0254516601562,1534.51220703125,669.0254516601562,286.672119140625,368.38623046875
24,2098,107,0,car,0.895089328289032,1390.741455078125,302.4767761230469,1676.971923828125,668.9893798828125,1533.856689453125,668.9893798828125,286.23046875,366.5126037597656
24,2099,107,0,car,0.8955677151679993,1390.3172607421875,303.1355285644531,1675.652587890625,668.806640625,1532.9849243164062,668.806640625,285.3353271484375,365.6711120605469
24,2100,107,0,car,0.9043490290641784,1390.11962890625,303.6910400390625,1675.5230712890625,668.6881713867188,1532.8213500976562,668.6881713867188,285.4034423828125,364.99713134765625
24,2101,107,0,car,0.9001032114028931,1390.113525390625,303.7730407714844,1675.7747802734375,668.9255981445312,1532.9441528320312,668.9255981445312,285.6612548828125,365.1525573730469
24,2102,107,0,car,0.901168704032898,1390.4375,304.0718688964844,1676.0927734375,669.296142578125,1533.26513671875,669.296142578125,285.6552734375,365.2242736816406
24,2103,107,0,car,0.8990030288696289,1390.53515625,304.2120056152344,1676.5762939453125,669.2025756835938,1533.5557250976562,669.2025756835938,286.0411376953125,364.9905700683594
24,2104,107,0,car,0.8992289304733276,1390.4654541015625,304.2763671875,1676.2977294921875,669.185546875,1533.381591796875,669.185546875,285.832275390625,364.9091796875
24,2105,107,0,car,0.9025225639343262,1390.061767578125,304.6866149902344,1675.5802001953125,669.1104125976562,1532.8209838867188,669.1104125976562,285.5184326171875,364.4237976074219
24,2106,107,0,car,0.904648780822754,1389.9005126953125,304.8612976074219,1675.349365234375,668.8076782226562,1532.6249389648438,668.8076782226562,285.4488525390625,363.9463806152344
24,2107,107,0,car,0.9090791940689088,1389.9337158203125,304.5740661621094,1675.4920654296875,668.8518676757812,1532.712890625,668.8518676757812,285.558349609375,364.2778015136719
24,2108,107,0,car,0.9027463793754578,1390.358154296875,304.2641906738281,1675.9862060546875,668.9973754882812,1533.1721801757812,668.9973754882812,285.6280517578125,364.7331848144531
24,2109,107,0,car,0.8927631378173828,1391.0047607421875,303.847900390625,1677.0869140625,669.106689453125,1534.0458374023438,669.106689453125,286.0821533203125,365.2587890625
24,2110,107,0,car,0.896618664264679,1391.314453125,304.4126892089844,1677.8289794921875,669.127685546875,1534.5717163085938,669.127685546875,286.5145263671875,364.7149963378906
24,2111,107,0,car,0.8911517262458801,1391.3038330078125,304.3434753417969,1677.73291015625,669.3724975585938,1534.5183715820312,669.3724975585938,286.4290771484375,365.0290222167969
24,2112,107,0,car,0.8898093104362488,1391.1817626953125,304.34844970703125,1677.637939453125,669.1846923828125,1534.4098510742188,669.1846923828125,286.4561767578125,364.8362426757813
24,2113,107,0,car,0.8938363790512085,1391.031982421875,304.2749938964844,1677.77099609375,669.1056518554688,1534.4014892578125,669.1056518554688,286.739013671875,364.8306579589844
24,2114,107,0,car,0.8926181197166443,1391.05615234375,305.1239318847656,1677.7158203125,669.1383056640625,1534.385986328125,669.1383056640625,286.65966796875,364.0143737792969
24,2115,107,0,car,0.8930313587188721,1391.2169189453125,305.7417907714844,1677.5965576171875,669.5250244140625,1534.40673828125,669.5250244140625,286.379638671875,363.7832336425781
24,2116,107,0,car,0.8948737978935242,1391.4013671875,306.5338134765625,1677.375,669.3521118164062,1534.38818359375,669.3521118164062,285.9736328125,362.81829833984375
24,2117,107,0,car,0.8908625841140747,1391.35302734375,306.388916015625,1677.078857421875,669.485107421875,1534.2159423828125,669.485107421875,285.725830078125,363.09619140625
24,2118,107,0,car,0.8919693827629089,1391.131591796875,305.829833984375,1676.8052978515625,669.7250366210938,1533.9684448242188,669.7250366210938,285.6737060546875,363.8952026367188
24,2119,107,0,car,0.8990865349769592,1390.8729248046875,305.7522277832031,1677.0792236328125,670.1399536132812,1533.97607421875,670.1399536132812,286.206298828125,364.3877258300781
24,2120,107,0,car,0.905471920967102,1390.5589599609375,305.6529235839844,1676.9896240234375,670.242431640625,1533.7742919921875,670.242431640625,286.4306640625,364.5895080566406
24,2121,107,0,car,0.9037333130836488,1390.520751953125,304.96844482421875,1677.364501953125,670.0863647460938,1533.942626953125,670.0863647460938,286.84375,365.117919921875
24,2122,107,0,car,0.9007052779197693,1390.656005859375,304.9575500488281,1677.4716796875,669.9566650390625,1534.0638427734375,669.9566650390625,286.815673828125,364.9991149902344
24,2123,107,0,car,0.9036927223205566,1390.7037353515625,304.4934387207031,1677.424560546875,669.8898315429688,1534.0641479492188,669.8898315429688,286.7208251953125,365.3963928222656
24,2124,107,0,car,0.904394507408142,1390.652587890625,303.3831481933594,1676.5562744140625,669.5958251953125,1533.6044311523438,669.5958251953125,285.9036865234375,366.2126770019531
24,2125,107,0,car,0.9061620235443116,1390.0712890625,302.239013671875,1675.3323974609375,669.192626953125,1532.7018432617188,669.192626953125,285.2611083984375,366.95361328125
24,2126,107,0,car,0.9107640981674194,1389.4183349609375,303.30108642578125,1674.4288330078125,668.9049682617188,1531.923583984375,668.9049682617188,285.010498046875,365.6038818359375
24,2127,107,0,car,0.9107149243354796,1388.9971923828125,304.4538879394531,1673.720703125,668.567138671875,1531.3589477539062,668.567138671875,284.7235107421875,364.1132507324219
24,2128,107,0,car,0.9067135453224182,1388.8233642578125,304.1846618652344,1673.337158203125,668.3818969726562,1531.0802612304688,668.3818969726562,284.5137939453125,364.1972351074219
24,2129,107,0,car,0.9060039520263672,1388.800048828125,303.62469482421875,1673.3189697265625,668.4185180664062,1531.0595092773438,668.4185180664062,284.5189208984375,364.7938232421875
24,2130,107,0,car,0.9018217325210572,1388.7017822265625,304.3589782714844,1673.0738525390625,668.0873413085938,1530.8878173828125,668.0873413085938,284.3720703125,363.7283630371094
24,2131,107,0,car,0.8981110453605652,1388.3521728515625,304.8253479003906,1673.126708984375,667.1995239257812,1530.7394409179688,667.1995239257812,284.7745361328125,362.3741760253906
24,2132,107,0,car,0.8967466950416565,1387.80078125,304.2172546386719,1672.5657958984375,666.3993530273438,1530.1832885742188,666.3993530273438,284.7650146484375,362.1820983886719
24,2133,107,0,car,0.8973450064659119,1387.4979248046875,303.8457946777344,1672.054443359375,665.5900268554688,1529.7761840820312,665.5900268554688,284.5565185546875,361.7442321777344
24,2134,107,0,car,0.8987835049629211,1386.5198974609375,298.08721923828125,1671.80859375,664.9297485351562,1529.1642456054688,664.9297485351562,285.2886962890625,366.842529296875
24,2135,107,0,car,0.9047145247459412,1385.7757568359375,294.8475646972656,1671.318359375,663.6099853515625,1528.5470581054688,663.6099853515625,285.5426025390625,368.7624206542969
24,2136,107,0,car,0.9098641276359558,1385.3641357421875,295.5242919921875,1670.9476318359375,662.4337158203125,1528.1558837890625,662.4337158203125,285.58349609375,366.909423828125
24,2137,107,0,car,0.905945897102356,1385.1082763671875,296.1085510253906,1670.9599609375,661.2591552734375,1528.0341186523438,661.2591552734375,285.8516845703125,365.1506042480469
24,2138,107,0,car,0.905055284500122,1384.1392822265625,296.26287841796875,1670.033447265625,660.1100463867188,1527.0863647460938,660.1100463867188,285.8941650390625,363.84716796875
24,2139,107,0,car,0.9117888808250428,1383.15869140625,298.1504211425781,1668.842529296875,658.21630859375,1526.0006103515625,658.21630859375,285.683837890625,360.0658874511719
24,2140,107,0,car,0.8864709138870239,1381.5601806640625,293.04248046875,1667.7977294921875,657.2437744140625,1524.678955078125,657.2437744140625,286.237548828125,364.2012939453125
24,2141,107,0,car,0.8930174112319946,1380.1165771484375,286.17999267578125,1665.81396484375,655.5077514648438,1522.9652709960938,655.5077514648438,285.6973876953125,369.3277587890625
24,2142,107,0,car,0.7658534049987793,1378.6351318359375,287.7968139648437,1663.693359375,654.1268920898438,1521.1642456054688,654.1268920898438,285.0582275390625,366.330078125
24,2143,107,0,car,0.7953477501869202,1377.8001708984375,285.21929931640625,1660.777099609375,651.3344116210938,1519.2886352539062,651.3344116210938,282.9769287109375,366.1151123046875
24,2144,107,0,car,0.8757004737854004,1376.8778076171875,285.5825500488281,1657.0897216796875,647.9627685546875,1516.9837646484375,647.9627685546875,280.2119140625,362.3802185058594
24,2145,107,0,car,0.7833517789840698,1375.096923828125,281.8161315917969,1654.5186767578125,646.7343139648438,1514.8078002929688,646.7343139648438,279.4217529296875,364.9181823730469
24,2146,107,0,car,0.7556963562965393,1374.0555419921875,274.6081848144531,1651.0462646484375,642.62744140625,1512.5509033203125,642.62744140625,276.99072265625,368.0192565917969
24,2147,107,0,car,0.507794976234436,1370.80908203125,274.5833435058594,1648.3681640625,641.1375122070312,1509.588623046875,641.1375122070312,277.55908203125,366.5541687011719
24,2148,107,0,car,0.6198487877845764,1238.4583740234375,261.1483459472656,1645.2742919921875,636.0775756835938,1441.8663330078125,636.0775756835938,406.81591796875,374.9292297363281
24,2149,107,0,car,0.5421955585479736,1195.547607421875,257.5141296386719,1643.7628173828125,629.8441772460938,1419.6552124023438,629.8441772460938,448.2152099609375,372.3300476074219
24,2150,107,0,car,0.8996047973632812,1288.720703125,264.0130615234375,1642.08349609375,626.1505737304688,1465.402099609375,626.1505737304688,353.36279296875,362.1375122070313
24,2151,107,0,car,0.8804545402526855,1333.17578125,265.6962280273437,1639.0128173828125,620.7186889648438,1486.0942993164062,620.7186889648438,305.8370361328125,355.0224609375
24,2152,107,0,car,0.8869625329971313,1347.9708251953125,264.9206848144531,1636.1937255859375,615.2355346679688,1492.082275390625,615.2355346679688,288.222900390625,350.3148498535156
24,2153,107,0,car,0.8668714165687561,1351.7579345703125,247.0128173828125,1632.7352294921875,610.353759765625,1492.24658203125,610.353759765625,280.977294921875,363.3409423828125
24,2154,107,0,car,0.7428653836250305,1349.484130859375,248.73133850097656,1627.2491455078125,604.9677124023438,1488.3666381835938,604.9677124023438,277.7650146484375,356.2363739013672
24,2155,107,0,car,0.5524719953536987,1345.841796875,249.97366333007807,1623.1322021484375,599.5823974609375,1484.4869995117188,599.5823974609375,277.2904052734375,349.6087341308594
24,2156,107,0,car,0.6599909663200378,1344.0098876953125,249.6270751953125,1619.59228515625,593.521728515625,1481.8010864257812,593.521728515625,275.5823974609375,343.8946533203125
24,2159,107,0,car,0.5273148417472839,1338.239990234375,220.32290649414065,1602.8017578125,577.4421997070312,1470.5208740234375,577.4421997070312,264.561767578125,357.1192932128906
24,2160,107,0,car,0.7043046355247498,1332.6456298828125,221.91311645507807,1599.94140625,570.149169921875,1466.2935180664062,570.149169921875,267.2957763671875,348.2360534667969
24,2161,107,0,car,0.8374943733215332,1332.03173828125,210.02731323242188,1595.9320068359375,561.3189086914062,1463.9818725585938,561.3189086914062,263.9002685546875,351.2915954589844
24,2162,107,0,car,0.8292747139930725,1214.6234130859375,183.3412628173828,1552.0450439453125,553.5313720703125,1383.334228515625,553.5313720703125,337.421630859375,370.1901092529297
24,2166,107,0,car,0.5416721105575562,1205.9779052734375,168.793212890625,1564.287109375,523.2589111328125,1385.1325073242188,523.2589111328125,358.3092041015625,354.4656982421875
24,2168,107,0,car,0.6031262874603271,1151.884033203125,148.98094177246094,1556.4442138671875,507.8516540527344,1354.1641235351562,507.8516540527344,404.5601806640625,358.87071228027344
24,2169,107,0,car,0.5025840401649475,1140.515869140625,142.446044921875,1552.6944580078125,501.8977966308594,1346.6051635742188,501.8977966308594,412.1785888671875,359.4517517089844
24,2170,107,0,car,0.7021666169166565,1136.2342529296875,137.52078247070312,1548.239990234375,493.6997985839844,1342.2371215820312,493.6997985839844,412.0057373046875,356.17901611328125
24,2171,107,0,car,0.7494931817054749,1134.6475830078125,133.3203125,1519.10400390625,484.2378234863281,1326.8757934570312,484.2378234863281,384.4564208984375,350.9175109863281
24,2172,107,0,car,0.876829981803894,1133.395263671875,127.60982513427734,1499.8885498046875,476.9672546386719,1316.6419067382812,476.9672546386719,366.4932861328125,349.35742950439453
24,2173,107,0,car,0.8974987864494324,1132.4959716796875,121.40435791015624,1472.0894775390625,470.1831359863281,1302.292724609375,470.1831359863281,339.593505859375,348.7787780761719
24,2174,107,0,car,0.9002646803855896,1131.10888671875,117.11366271972656,1504.82373046875,461.8020935058594,1317.96630859375,461.8020935058594,373.71484375,344.6884307861328
24,2175,107,0,car,0.878711998462677,1128.3214111328125,112.55975341796876,1515.984130859375,453.5628662109375,1322.1527709960938,453.5628662109375,387.6627197265625,341.00311279296875
24,2176,107,0,car,0.8910767436027527,1126.780517578125,105.97444915771484,1478.1771240234375,445.8821411132813,1302.4788208007812,445.8821411132813,351.3966064453125,339.9076919555664
24,2177,107,0,car,0.91590416431427,1124.8272705078125,101.5259246826172,1497.6800537109375,436.3777770996094,1311.253662109375,436.3777770996094,372.852783203125,334.8518524169922
24,2178,107,0,car,0.9110504388809204,1122.7630615234375,96.44416046142578,1501.773193359375,428.2751159667969,1312.2681274414062,428.2751159667969,379.0101318359375,331.8309555053711
24,2179,107,0,car,0.9212054014205932,1120.818115234375,91.42323303222656,1501.6824951171875,417.3997192382813,1311.2503051757812,417.3997192382813,380.8643798828125,325.9764862060547
24,2180,107,0,car,0.909065842628479,1119.118896484375,84.61640167236328,1497.78466796875,410.6898193359375,1308.4517822265625,410.6898193359375,378.665771484375,326.0734176635742
24,2181,107,0,car,0.8974934220314026,1116.4810791015625,77.50016784667969,1492.1611328125,404.6638793945313,1304.3211059570312,404.6638793945313,375.6800537109375,327.1637115478516
24,2182,107,0,car,0.9060732126235962,1115.3245849609375,70.19032287597656,1414.7752685546875,395.7794494628906,1265.0499267578125,395.7794494628906,299.45068359375,325.58912658691406
24,2183,107,0,car,0.9135786294937134,1112.9876708984375,66.93389129638672,1460.219970703125,386.73974609375,1286.6038208007812,386.73974609375,347.2322998046875,319.8058547973633
24,2184,107,0,car,0.9234486222267152,1111.0343017578125,63.82003784179688,1469.7467041015625,377.8106994628906,1290.3905029296875,377.8106994628906,358.71240234375,313.9906616210937
24,2185,107,0,car,0.9243338704109192,1108.068115234375,57.76393127441406,1468.81298828125,368.1850280761719,1288.4405517578125,368.1850280761719,360.744873046875,310.4210968017578
24,2186,107,0,car,0.9162017703056335,1107.3206787109375,50.13365173339844,1464.2655029296875,360.0431823730469,1285.7930908203125,360.0431823730469,356.94482421875,309.90953063964844
24,2187,107,0,car,0.9176365733146667,1105.7254638671875,41.270015716552734,1458.731689453125,351.6057434082031,1282.2285766601562,351.6057434082031,353.0062255859375,310.3357276916504
24,2188,107,0,car,0.9183997511863708,1101.9332275390625,30.29951858520508,1454.997802734375,341.2039489746094,1278.4655151367188,341.2039489746094,353.0645751953125,310.9044303894043
24,2189,107,0,car,0.9232487082481384,1098.2786865234375,24.364490509033203,1450.3973388671875,331.7719421386719,1274.3380126953125,331.7719421386719,352.11865234375,307.4074516296387
24,2190,107,0,car,0.920773446559906,1096.3843994140625,19.564054489135746,1446.6473388671875,322.3109741210937,1271.515869140625,322.3109741210937,350.262939453125,302.746919631958
24,2191,107,0,car,0.9238206148147584,1093.3934326171875,14.994321823120115,1443.12353515625,312.347900390625,1268.2584838867188,312.347900390625,349.7301025390625,297.3535785675049
24,2192,107,0,car,0.9262580871582032,1091.4681396484375,10.573431968688965,1437.242919921875,305.5145874023437,1264.3555297851562,305.5145874023437,345.7747802734375,294.9411554336548
24,2193,107,0,car,0.921458899974823,1090.0484619140625,6.800634384155273,1430.807373046875,294.9618530273437,1260.4279174804688,294.9618530273437,340.7589111328125,288.1612186431885
24,2194,107,0,car,0.9254836440086364,1086.636474609375,2.688161611557007,1424.2841796875,283.3268737792969,1255.4603271484375,283.3268737792969,337.647705078125,280.63871216773987
24,2195,107,0,car,0.9251345992088318,1084.327880859375,0.0,1417.8397216796875,274.439208984375,1251.0838012695312,274.439208984375,333.5118408203125,274.439208984375
24,2196,107,0,car,0.9206432104110718,1082.3758544921875,0.0,1411.9739990234375,266.247802734375,1247.1749267578125,266.247802734375,329.59814453125,266.247802734375
24,2197,107,0,car,0.9187358617782592,1081.1929931640625,0.0,1407.544677734375,257.7017822265625,1244.3688354492188,257.7017822265625,326.3516845703125,257.7017822265625
24,2198,107,0,car,0.9196608066558838,1078.44189453125,0.0,1401.8568115234375,251.60238647460932,1240.1493530273438,251.60238647460932,323.4149169921875,251.60238647460932
24,2199,107,0,car,0.9191597104072572,1075.696044921875,0.0,1396.4910888671875,246.7924652099609,1236.0935668945312,246.7924652099609,320.7950439453125,246.7924652099609
24,2200,107,0,car,0.9188187718391418,1074.3321533203125,0.0,1390.0421142578125,237.2386016845703,1232.1871337890625,237.2386016845703,315.7099609375,237.2386016845703
24,2201,107,0,car,0.9186850786209106,1071.3258056640625,1.0700528621673584,1385.594970703125,229.42166137695312,1228.4603881835938,229.42166137695312,314.2691650390625,228.35160851478577
24,2202,107,0,car,0.9243385195732116,1067.187255859375,2.004280805587769,1378.7142333984375,220.0447540283203,1222.9507446289062,220.0447540283203,311.5269775390625,218.0404732227325
24,2203,107,0,car,0.9214748740196228,1064.1126708984375,1.80897068977356,1373.1951904296875,210.1045379638672,1218.6539306640625,210.1045379638672,309.08251953125,208.29556727409363
24,2204,107,0,car,0.9182324409484864,1062.4525146484375,2.303084135055542,1366.620849609375,201.0836639404297,1214.5366821289062,201.0836639404297,304.1683349609375,198.7805798053741
24,2205,107,0,car,0.9292063117027284,1059.5455322265625,2.0941011905670166,1361.21826171875,193.23464965820312,1210.3818969726562,193.23464965820312,301.6727294921875,191.1405484676361
24,2206,107,0,car,0.924330472946167,1058.255859375,0.8121399879455566,1356.8524169921875,183.97393798828125,1207.5541381835938,183.97393798828125,298.5965576171875,183.1617980003357
24,2207,107,0,car,0.9248296618461608,1059.1661376953125,0.8899384140968323,1351.836181640625,174.59210205078125,1205.5011596679688,174.59210205078125,292.6700439453125,173.70216363668442
24,2208,107,0,car,0.9232458472251892,1056.89599609375,2.4316422939300537,1346.2833251953125,166.98809814453125,1201.5896606445312,166.98809814453125,289.3873291015625,164.5564558506012
24,2209,107,0,car,0.9161396622657776,1055.830810546875,0.665152907371521,1342.1192626953125,158.38397216796875,1198.9750366210938,158.38397216796875,286.2884521484375,157.71881926059723
24,2210,107,0,car,0.90913987159729,1053.7745361328125,0.970425546169281,1337.0726318359375,152.3201904296875,1195.423583984375,152.3201904296875,283.298095703125,151.34976488351822
24,2211,107,0,car,0.9023367762565612,1048.5308837890625,2.09583067893982,1334.376220703125,147.52183532714844,1191.4535522460938,147.52183532714844,285.8453369140625,145.42600464820862
24,2212,107,0,car,0.8992865681648254,1044.731201171875,2.376798629760742,1328.314208984375,139.75477600097656,1186.522705078125,139.75477600097656,283.5830078125,137.37797737121582
24,2213,107,0,car,0.8952486515045166,1043.0445556640625,3.29053258895874,1326.2987060546875,131.90892028808594,1184.671630859375,131.90892028808594,283.254150390625,128.6183876991272
24,2214,107,0,car,0.8960770964622498,1042.2115478515625,1.390453219413757,1321.05322265625,122.28536224365234,1181.6323852539062,122.28536224365234,278.8416748046875,120.8949090242386
24,2215,107,0,car,0.892869234085083,1039.812255859375,1.900240659713745,1316.1104736328125,113.83856964111328,1177.9613647460938,113.83856964111328,276.2982177734375,111.93832898139954
24,2216,107,0,car,0.8914976716041565,1040.3917236328125,2.817840576171875,1313.7064208984375,109.01337432861328,1177.049072265625,109.01337432861328,273.314697265625,106.1955337524414
24,2217,107,0,car,0.8841818571090698,1043.0882568359375,2.8622705936431885,1310.8797607421875,103.59925842285156,1176.9840087890625,103.59925842285156,267.79150390625,100.73698782920836
24,2218,107,0,car,0.872948408126831,1048.571533203125,2.539198160171509,1308.7354736328125,98.70516204833984,1178.6535034179688,98.70516204833984,260.1639404296875,96.16596388816832
24,2219,107,0,car,0.8685232996940613,1050.779296875,3.2038705348968506,1304.294677734375,93.53050994873048,1177.5369873046875,93.53050994873048,253.515380859375,90.32663941383362
24,2220,107,0,car,0.8658553957939148,1052.01953125,3.2827723026275635,1296.924560546875,85.16641998291016,1174.4720458984375,85.16641998291016,244.905029296875,81.88364768028259
24,2221,107,0,car,0.8627783060073853,1052.61181640625,2.844008445739746,1292.0440673828125,77.2555923461914,1172.3279418945312,77.2555923461914,239.4322509765625,74.41158390045166
24,2222,107,0,car,0.8563278317451477,1054.5687255859375,2.776261568069458,1287.320556640625,70.41777038574219,1170.9446411132812,70.41777038574219,232.7518310546875,67.64150881767273
24,2223,107,0,car,0.8448694944381714,1054.6402587890625,2.371999263763428,1283.658935546875,63.94126892089844,1169.1495971679688,63.94126892089844,229.0186767578125,61.56926965713501
24,2224,107,0,car,0.8344919681549072,1052.2288818359375,2.563973903656006,1279.639404296875,58.658199310302734,1165.9341430664062,58.658199310302734,227.4105224609375,56.09422540664673
24,2225,107,0,car,0.8866029381752014,1053.7548828125,2.286545991897583,1278.43505859375,54.500244140625,1166.094970703125,54.500244140625,224.68017578125,52.21369814872742
26,2159,109,0,car,0.94731867313385,666.4379272460938,458.9279479980469,1114.212158203125,1058.9149169921875,890.3250427246094,1058.9149169921875,447.7742309570313,599.9869689941406
26,2160,109,0,car,0.9451960921287536,665.334716796875,451.721435546875,1111.0347900390625,1053.50390625,888.1847534179688,1053.50390625,445.7000732421875,601.782470703125
26,2161,109,0,car,0.951997935771942,664.7691650390625,448.6866149902344,1108.1771240234375,1044.172119140625,886.47314453125,1044.172119140625,443.407958984375,595.4855041503906
26,2162,109,0,car,0.9479999542236328,662.547607421875,444.1576843261719,1103.7197265625,1036.8707275390625,883.1336669921875,1036.8707275390625,441.172119140625,592.7130432128906
26,2163,109,0,car,0.943233847618103,664.9876708984375,440.7535705566406,1102.848876953125,1028.608642578125,883.9182739257812,1028.608642578125,437.8612060546875,587.8550720214844
26,2164,109,0,car,0.9415832757949828,665.3232421875,434.4463806152344,1100.02392578125,1017.221435546875,882.673583984375,1017.221435546875,434.70068359375,582.7750549316406
26,2165,109,0,car,0.9403799772262572,665.9627685546875,428.1412048339844,1098.58251953125,1005.3104858398438,882.2726440429688,1005.3104858398438,432.6197509765625,577.1692810058594
26,2166,109,0,car,0.9403921961784364,662.93798828125,423.4485168457031,1095.8055419921875,992.6849365234376,879.3717651367188,992.6849365234376,432.8675537109375,569.2364196777344
26,2167,109,0,car,0.9433478713035583,661.3712768554688,418.5283203125,1092.0709228515625,983.1331176757812,876.7210998535156,983.1331176757812,430.69964599609375,564.6047973632812
26,2168,109,0,car,0.9426634907722472,661.213134765625,412.9158630371094,1089.97705078125,970.0477294921876,875.5950927734375,970.0477294921876,428.763916015625,557.1318664550781
26,2169,109,0,car,0.9438285231590272,661.734130859375,408.9482116699219,1089.6951904296875,961.6358642578124,875.7146606445312,961.6358642578124,427.9610595703125,552.6876525878906
26,2170,109,0,car,0.9458284974098206,662.4793090820312,402.695068359375,1086.458984375,951.4893798828124,874.4691467285156,951.4893798828124,423.9796752929688,548.7943115234375
26,2171,109,0,car,0.9487975835800172,663.2093505859375,397.6025085449219,1084.3316650390625,941.922119140625,873.7705078125,941.922119140625,421.122314453125,544.3196105957031
26,2172,109,0,car,0.9499871730804444,663.8887939453125,391.8488159179688,1082.23681640625,926.3230590820312,873.0628051757812,926.3230590820312,418.3480224609375,534.4742431640625
26,2173,109,0,car,0.9480617642402648,664.4349365234375,384.9792175292969,1079.196044921875,911.6226806640624,871.8154907226562,911.6226806640624,414.7611083984375,526.6434631347656
26,2174,109,0,car,0.946725070476532,663.719970703125,377.7541198730469,1073.7677001953125,898.3651123046875,868.7438354492188,898.3651123046875,410.0477294921875,520.6109924316406
26,2175,109,0,car,0.946893274784088,662.9942016601562,372.1770935058594,1071.689208984375,887.7884521484375,867.3417053222656,887.7884521484375,408.6950073242188,515.6113586425781
26,2176,109,0,car,0.9454333782196044,661.91943359375,363.7674865722656,1065.790283203125,872.1846313476562,863.8548583984375,872.1846313476562,403.870849609375,508.4171447753906
26,2177,109,0,car,0.9440178871154784,661.3648071289062,356.9082336425781,1062.4515380859375,860.7022094726562,861.9081726074219,860.7022094726562,401.0867309570313,503.7939758300781
26,2178,109,0,car,0.945927917957306,662.5330200195312,350.6283569335937,1059.5107421875,851.7947387695312,861.0218811035156,851.7947387695312,396.9777221679688,501.1663818359375
26,2179,109,0,car,0.947163462638855,662.6864013671875,344.2489013671875,1056.554931640625,836.2677001953125,859.6206665039062,836.2677001953125,393.8685302734375,492.018798828125
26,2180,109,0,car,0.9461769461631776,661.35009765625,336.7737731933594,1054.134765625,825.24951171875,857.742431640625,825.24951171875,392.78466796875,488.4757385253906
26,2181,109,0,car,0.9500493407249452,661.1625366210938,328.40069580078125,1050.96337890625,812.3453369140625,856.0629577636719,812.3453369140625,389.80084228515625,483.9446411132813
26,2182,109,0,car,0.9488840103149414,660.8513793945312,316.3931884765625,1047.0738525390625,800.3930053710938,853.9626159667969,800.3930053710938,386.2224731445313,483.9998168945313
26,2183,109,0,car,0.9502604007720948,660.1621704101562,307.00299072265625,1043.854736328125,781.8267822265625,852.0084533691406,781.8267822265625,383.6925659179688,474.8237915039063
26,2184,109,0,car,0.9505162239074708,661.7327880859375,296.5687866210937,1041.6142578125,769.2626953125,851.6735229492188,769.2626953125,379.8814697265625,472.6939086914063
26,2185,109,0,car,0.9510939717292786,661.7742919921875,287.6664733886719,1039.857177734375,758.5525512695312,850.8157348632812,758.5525512695312,378.0828857421875,470.8860778808594
26,2186,109,0,car,0.953597128391266,661.4602661132812,278.19439697265625,1037.2578125,745.9274291992188,849.3590393066406,745.9274291992188,375.7975463867188,467.7330322265625
26,2187,109,0,car,0.9482599496841432,661.85009765625,272.11309814453125,1035.060302734375,731.8172607421875,848.4552001953125,731.8172607421875,373.210205078125,459.70416259765625
26,2188,109,0,car,0.9454980492591858,662.5835571289062,269.87164306640625,1032.748291015625,717.234375,847.6659240722656,717.234375,370.1647338867188,447.36273193359375
26,2189,109,0,car,0.943113386631012,662.6328125,264.9311218261719,1029.6173095703125,705.4369506835938,846.1250610351562,705.4369506835938,366.9844970703125,440.5058288574219
26,2190,109,0,car,0.94629168510437,661.4296264648438,255.83644104003903,1025.9425048828125,691.157470703125,843.6860656738281,691.157470703125,364.5128784179688,435.32102966308594
26,2191,109,0,car,0.9461072683334352,658.8087158203125,248.01333618164065,1023.009521484375,679.5007934570312,840.9091186523438,679.5007934570312,364.2008056640625,431.4874572753906
26,2192,109,0,car,0.9471189379692078,659.5029296875,234.8525848388672,1019.7373657226562,665.5580444335938,839.6201477050781,665.5580444335938,360.23443603515625,430.70545959472656
26,2193,109,0,car,0.9514464139938354,660.9696655273438,223.04188537597656,1017.2074584960938,656.5592651367188,839.0885620117188,656.5592651367188,356.23779296875,433.5173797607422
26,2194,109,0,car,0.9505287408828736,661.4172973632812,213.45469665527344,1014.7880249023438,643.6326293945312,838.1026611328125,643.6326293945312,353.3707275390625,430.1779327392578
26,2195,109,0,car,0.93815815448761,662.3375244140625,205.15399169921875,1010.8016357421876,628.5895385742188,836.569580078125,628.5895385742188,348.464111328125,423.435546875
26,2196,109,0,car,0.9219926595687866,663.39453125,196.95407104492188,1007.5449829101562,614.1521606445312,835.4697570800781,614.1521606445312,344.15045166015625,417.1980895996094
26,2197,109,0,car,0.9196656346321106,664.8939819335938,189.00848388671875,1005.3568725585938,599.3642578125,835.1254272460938,599.3642578125,340.462890625,410.3557739257813
26,2198,109,0,car,0.9074859023094176,663.022705078125,182.33660888671875,1001.7396850585938,585.3892211914062,832.3811950683594,585.3892211914062,338.71697998046875,403.0526123046875
26,2199,109,0,car,0.9172301292419434,660.2017822265625,175.86143493652344,998.3894653320312,573.9009399414062,829.2956237792969,573.9009399414062,338.18768310546875,398.0395050048828
26,2200,109,0,car,0.9315922260284424,660.7188720703125,163.73191833496094,994.680419921875,561.4696655273438,827.6996459960938,561.4696655273438,333.9615478515625,397.7377471923828
26,2201,109,0,car,0.916188895702362,659.3783569335938,158.07638549804688,991.8626708984376,552.0197143554688,825.6205139160156,552.0197143554688,332.4843139648437,393.9433288574219
26,2202,109,0,car,0.914358377456665,659.224853515625,149.0767822265625,988.5592041015624,538.3441772460938,823.8920288085938,538.3441772460938,329.3343505859375,389.2673950195313
26,2203,109,0,car,0.9411017298698424,659.6170654296875,138.93051147460938,985.8461303710938,523.7005004882812,822.7315979003906,523.7005004882812,326.22906494140625,384.7699890136719
26,2204,109,0,car,0.9372998476028442,659.4854736328125,129.53375244140625,982.1864013671876,512.5047607421875,820.8359375,512.5047607421875,322.700927734375,382.9710083007813
26,2205,109,0,car,0.9267851114273072,661.137939453125,121.04033660888672,979.906005859375,499.98919677734375,820.52197265625,499.98919677734375,318.76806640625,378.948860168457
26,2206,109,0,car,0.9309398531913756,662.1869506835938,110.78738403320312,978.0465087890624,484.3751220703125,820.1167297363281,484.3751220703125,315.85955810546875,373.5877380371094
26,2207,109,0,car,0.9349321126937866,663.00732421875,98.1606674194336,975.7772827148438,469.7161865234375,819.3923034667969,469.7161865234375,312.7699584960937,371.5555191040039
26,2208,109,0,car,0.9292150735855104,660.6494750976562,90.44849395751952,972.4715576171876,457.5928039550781,816.5605163574219,457.5928039550781,311.82208251953125,367.1443099975586
26,2209,109,0,car,0.9319215416908264,662.697265625,82.41140747070312,969.7659912109376,444.291259765625,816.2316284179688,444.291259765625,307.0687255859375,361.8798522949219
26,2210,109,0,car,0.9280260801315308,660.8851928710938,77.04563903808594,966.1112670898438,432.567626953125,813.4982299804688,432.567626953125,305.22607421875,355.52198791503906
26,2211,109,0,car,0.923879086971283,660.0892944335938,68.32205200195312,961.635009765625,421.2032470703125,810.8621520996094,421.2032470703125,301.54571533203125,352.8811950683594
26,2212,109,0,car,0.9284968376159668,661.8385009765625,60.18109893798828,958.3964233398438,408.9802856445313,810.1174621582031,408.9802856445313,296.55792236328125,348.79918670654297
26,2213,109,0,car,0.9307904243469238,661.2180786132812,47.32516860961914,955.3399047851562,397.7659912109375,808.2789916992188,397.7659912109375,294.121826171875,350.4408226013184
26,2214,109,0,car,0.9284887313842772,664.6696166992188,34.48417282104492,954.1328125,381.4246215820313,809.4012145996094,381.4246215820313,289.46319580078125,346.9404487609863
26,2215,109,0,car,0.9345415234565736,665.589111328125,31.22977638244629,950.92431640625,368.6480102539063,808.2567138671875,368.6480102539063,285.335205078125,337.41823387146
26,2216,109,0,car,0.9282546043395996,664.5004272460938,25.449338912963867,948.8690185546876,358.7763366699219,806.6847229003906,358.7763366699219,284.3685913085937,333.326997756958
26,2217,109,0,car,0.9272985458374025,664.8807983398438,21.556121826171875,946.4374389648438,348.69537353515625,805.6591186523438,348.69537353515625,281.556640625,327.1392517089844
26,2218,109,0,car,0.9280012845993042,663.5505981445312,15.53439712524414,945.081787109375,338.96551513671875,804.3161926269531,338.96551513671875,281.5311889648437,323.4311180114746
26,2219,109,0,car,0.9302284717559814,662.9412231445312,10.408618927001951,942.4808959960938,328.0433349609375,802.7110595703125,328.0433349609375,279.5396728515625,317.63471603393555
26,2220,109,0,car,0.9344351887702942,661.67236328125,4.891770362854004,939.9641723632812,316.6041564941406,800.8182678222656,316.6041564941406,278.29180908203125,311.7123861312866
26,2221,109,0,car,0.9301475286483764,661.06494140625,1.5777006149291992,937.4769287109376,305.7463684082031,799.2709350585938,305.7463684082031,276.4119873046875,304.1686677932739
26,2222,109,0,car,0.9329818487167358,662.0680541992188,0.0,935.0503540039062,296.4052734375,798.5592041015625,296.4052734375,272.9822998046875,296.4052734375
26,2223,109,0,car,0.9301031827926636,661.9588623046875,0.0,932.2926025390624,285.5531005859375,797.125732421875,285.5531005859375,270.333740234375,285.5531005859375
26,2224,109,0,car,0.9270054697990416,661.9261474609375,0.0,930.6262817382812,276.476806640625,796.2762145996094,276.476806640625,268.7001342773437,276.476806640625
26,2225,109,0,car,0.9305517673492432,663.2239990234375,0.0,929.3906860351562,268.5058288574219,796.3073425292969,268.5058288574219,266.16668701171875,268.5058288574219
26,2226,109,0,car,0.9297645092010498,661.56640625,0.0,927.142822265625,260.02655029296875,794.3546142578125,260.02655029296875,265.576416015625,260.02655029296875
26,2227,109,0,car,0.9231245517730712,663.4561767578125,0.0,925.0100708007812,251.9543914794922,794.2331237792969,251.9543914794922,261.55389404296875,251.9543914794922
26,2228,109,0,car,0.9196105003356934,663.6727294921875,0.0,922.3513793945312,244.66244506835932,793.0120544433594,244.66244506835932,258.6786499023437,244.66244506835932
26,2229,109,0,car,0.922692894935608,662.9717407226562,0.0,921.20654296875,236.60565185546875,792.0891418457031,236.60565185546875,258.2348022460937,236.60565185546875
26,2230,109,0,car,0.9270609021186828,661.310546875,1.087799310684204,919.1012573242188,226.2914428710937,790.2059020996094,226.2914428710937,257.79071044921875,225.20364356040955
26,2231,109,0,car,0.9243398904800416,660.6016235351562,0.8040936589241028,917.4816284179688,218.12716674804688,789.0416259765625,218.12716674804688,256.8800048828125,217.3230730891228
26,2232,109,0,car,0.9222912788391112,662.8318481445312,0.0,916.9124145507812,207.49630737304688,789.8721313476562,207.49630737304688,254.08056640625,207.49630737304688
26,2233,109,0,car,0.9190497994422911,663.505615234375,0.027838097885251,914.2910766601562,200.7849273681641,788.8983459472656,200.7849273681641,250.78546142578125,200.7570892702788
26,2234,109,0,car,0.9237008690834044,664.0728149414062,1.3070271015167236,911.685791015625,193.09625244140625,787.8793029785156,193.09625244140625,247.61297607421875,191.78922533988955
26,2235,109,0,car,0.9168614149093628,665.5138549804688,1.506645917892456,909.8592529296876,184.3743438720703,787.6865539550781,184.3743438720703,244.34539794921875,182.86769795417783
26,2236,109,0,car,0.9171138405799866,666.3955688476562,1.924267053604126,907.4769287109376,173.89305114746094,786.9362487792969,173.89305114746094,241.08135986328125,171.9687840938568
26,2237,109,0,car,0.9136300086975098,669.592529296875,3.1219968795776367,906.8968505859376,165.60987854003906,788.2446899414062,165.60987854003906,237.3043212890625,162.48788166046145
26,2238,109,0,car,0.9062772989273072,670.7026977539062,2.8542051315307617,904.1815795898438,157.2947998046875,787.442138671875,157.2947998046875,233.4788818359375,154.44059467315674
26,2239,109,0,car,0.8973519802093506,670.314208984375,2.5442333221435547,902.6029052734376,149.17359924316406,786.4585571289062,149.17359924316406,232.2886962890625,146.6293659210205
26,2240,109,0,car,0.892540693283081,672.4312133789062,2.598804473876953,901.4940795898438,144.8655548095703,786.962646484375,144.8655548095703,229.0628662109375,142.26675033569336
26,2241,109,0,car,0.9005498886108398,670.7437133789062,1.0165985822677612,900.1182250976562,137.35845947265625,785.4309692382812,137.35845947265625,229.37451171875,136.3418608903885
26,2242,109,0,car,0.8968205451965332,671.0171508789062,2.288395643234253,898.3018188476562,127.7054214477539,784.6594848632812,127.7054214477539,227.28466796875,125.41702580451964
26,2243,109,0,car,0.9004097580909729,671.0978393554688,2.5475409030914307,896.87939453125,118.53087615966795,783.9886169433594,118.53087615966795,225.78155517578125,115.98333525657654
26,2244,109,0,car,0.9029595255851746,671.1119995117188,1.655506610870361,895.720458984375,111.45037841796876,783.4162292480469,111.45037841796876,224.60845947265625,109.7948718070984
26,2245,109,0,car,0.8962749242782593,671.0330810546875,1.0658056735992432,894.1836547851562,104.56349182128906,782.6083679199219,104.56349182128906,223.15057373046875,103.49768614768982
26,2246,109,0,car,0.8900530934333801,672.0811157226562,1.3248339891433716,893.165771484375,99.01036834716795,782.6234436035156,99.01036834716795,221.08465576171875,97.6855343580246
26,2247,109,0,car,0.868206799030304,670.92578125,3.1512601375579834,890.793701171875,92.1959457397461,780.8597412109375,92.1959457397461,219.867919921875,89.04468560218811
26,2248,109,0,car,0.8540399074554443,670.2120971679688,2.64609169960022,889.4302368164062,86.05242156982422,779.8211669921875,86.05242156982422,219.2181396484375,83.406329870224
26,2249,109,0,car,0.8574171662330627,670.2756958007812,1.960682034492493,887.48583984375,75.75727081298828,778.8807678222656,75.75727081298828,217.21014404296875,73.79658877849579
26,2250,109,0,car,0.8570554852485657,670.2745971679688,1.5299664735794067,888.63330078125,68.03375244140625,779.4539489746094,68.03375244140625,218.35870361328125,66.50378596782684
26,2251,109,0,car,0.8084077835083008,673.1824951171875,2.388122081756592,885.9547119140625,62.552711486816406,779.568603515625,62.552711486816406,212.772216796875,60.16458940505981
26,2252,109,0,car,0.837160050868988,672.7584838867188,1.9051809310913088,885.9232177734375,57.31918716430664,779.3408508300781,57.31918716430664,213.16473388671875,55.41400623321533
26,2253,109,0,car,0.7717138528823853,673.7991333007812,3.0295867919921875,885.972900390625,51.980743408203125,779.8860168457031,51.980743408203125,212.1737670898437,48.95115661621094
23,2105,112,0,car,0.6891566514968872,418.1308898925781,597.6156005859375,594.82177734375,1053.391357421875,506.47633361816406,1053.391357421875,176.69088745117188,455.7757568359375
23,2106,112,1,motorcycle,0.5385976433753967,420.1957702636719,623.6890258789062,594.8330078125,1056.5565185546875,507.51438903808594,1056.5565185546875,174.63723754882812,432.8674926757813
23,2108,112,1,motorcycle,0.5517349243164062,429.6832580566406,617.8668212890625,596.3117065429688,1041.5355224609375,512.9974822998047,1041.5355224609375,166.62844848632812,423.668701171875
23,2112,112,1,motorcycle,0.679377555847168,436.0331726074219,566.2921142578125,597.5706176757812,956.2495727539062,516.8018951416016,956.2495727539062,161.53744506835938,389.95745849609375
23,2119,112,0,car,0.5135328769683838,444.697509765625,489.3160095214844,619.353759765625,834.9071044921875,532.025634765625,834.9071044921875,174.65625,345.5910949707031
23,2120,112,0,car,0.6336604952812195,444.7027893066406,488.0916137695313,621.1364135742188,825.4559326171875,532.9196014404297,825.4559326171875,176.43362426757812,337.36431884765625
23,2121,112,0,car,0.607795000076294,446.39263916015625,437.61761474609375,623.8983764648438,813.8988647460938,535.1455078125,813.8988647460938,177.5057373046875,376.28125
23,2122,112,0,car,0.6765801310539246,449.3852844238281,452.2726440429688,626.1594848632812,801.311279296875,537.7723846435547,801.311279296875,176.77420043945312,349.03863525390625
23,2123,112,0,car,0.5627828240394592,451.1104431152344,456.6487731933594,628.5552978515625,792.5093994140625,539.8328704833984,792.5093994140625,177.44485473632812,335.8606262207031
23,2124,112,0,car,0.7808875441551208,454.1268615722656,449.4297180175781,629.7745361328125,774.4147338867188,541.9506988525391,774.4147338867188,175.64767456054688,324.9850158691406
23,2125,112,0,car,0.8614416718482971,456.7861022949219,439.9305725097656,631.2813720703125,761.3362426757812,544.0337371826172,761.3362426757812,174.49526977539062,321.4056701660156
23,2126,112,0,car,0.8197923302650452,457.5265197753906,430.7574157714844,635.6449584960938,749.3688354492188,546.5857391357422,749.3688354492188,178.11843872070312,318.6114196777344
23,2127,112,0,car,0.8915361166000366,461.4601745605469,410.8881530761719,640.74853515625,737.6416015625,551.1043548583984,737.6416015625,179.28836059570312,326.7534484863281
23,2128,112,0,car,0.9031619429588318,466.0220031738281,407.5997924804688,643.9488525390625,728.5404052734375,554.9854278564453,728.5404052734375,177.92684936523438,320.94061279296875
23,2129,112,0,car,0.6643642783164978,471.1824035644531,398.9122009277344,647.7481689453125,719.0728759765625,559.4652862548828,719.0728759765625,176.56576538085938,320.1606750488281
23,2130,112,1,motorcycle,0.6071678400039673,476.8390808105469,390.4010620117188,650.5394287109375,706.3240966796875,563.6892547607422,706.3240966796875,173.70034790039062,315.92303466796875
23,2131,112,0,car,0.542557954788208,479.5572814941406,361.5079345703125,652.5836181640625,690.337890625,566.0704498291016,690.337890625,173.02633666992188,328.8299560546875
23,2132,112,1,motorcycle,0.595458984375,487.0379943847656,330.6637878417969,656.1056518554688,679.36279296875,571.5718231201172,679.36279296875,169.06765747070312,348.6990051269531
23,2134,112,1,motorcycle,0.6368572115898132,500.8921203613281,336.45025634765625,661.1761474609375,651.0711669921875,581.0341339111328,651.0711669921875,160.28402709960938,314.62091064453125
23,2135,112,1,motorcycle,0.7566431760787964,507.130615234375,333.6780090332031,664.0015258789062,640.1632080078125,585.5660705566406,640.1632080078125,156.87091064453125,306.4851989746094
23,2136,112,1,motorcycle,0.6355207562446594,511.6454162597656,298.356689453125,670.3602905273438,630.3889770507812,591.0028533935547,630.3889770507812,158.71487426757812,332.03228759765625
23,2137,112,0,car,0.6915934085845947,512.8612670898438,303.4885559082031,673.650634765625,618.9030151367188,593.2559509277344,618.9030151367188,160.78936767578125,315.4144592285156
23,2138,112,0,car,0.7709334492683411,516.1361083984375,274.6343994140625,676.048583984375,607.102783203125,596.0923461914062,607.102783203125,159.9124755859375,332.4683837890625
23,2139,112,0,car,0.5760625004768372,519.4219970703125,276.8636169433594,679.8347778320312,592.5408935546875,599.6283874511719,592.5408935546875,160.41278076171875,315.6772766113281
23,2140,112,0,car,0.6527318358421326,524.4545288085938,282.11993408203125,683.3236694335938,577.6760864257812,603.8890991210938,577.6760864257812,158.869140625,295.55615234375
23,2141,112,1,motorcycle,0.9099107384681702,535.4927368164062,241.7307586669922,687.5223388671875,564.3175048828125,611.5075378417969,564.3175048828125,152.02960205078125,322.5867462158203
23,2142,112,1,motorcycle,0.8387211561203003,541.0825805664062,222.252670288086,691.69677734375,553.023193359375,616.3896789550781,553.023193359375,150.61419677734375,330.77052307128906
23,2143,112,1,motorcycle,0.8530429005622864,543.8992309570312,205.2263336181641,696.3312377929688,539.2276611328125,620.115234375,539.2276611328125,152.4320068359375,334.00132751464844
23,2144,112,1,motorcycle,0.8068532347679138,548.4263305664062,195.8535003662109,700.9480590820312,526.7730102539062,624.6871948242188,526.7730102539062,152.521728515625,330.9195098876953
23,2145,112,1,motorcycle,0.8283615708351135,552.743896484375,188.55856323242188,704.2803344726562,513.2598876953125,628.5121154785156,513.2598876953125,151.53643798828125,324.7013244628906
23,2146,112,1,motorcycle,0.716657280921936,557.5142822265625,193.3450927734375,708.09619140625,502.06005859375,632.8052368164062,502.06005859375,150.5819091796875,308.7149658203125
23,2147,112,1,motorcycle,0.5898255109786987,561.2037963867188,170.55914306640625,713.5643310546875,488.9224548339844,637.3840637207031,488.9224548339844,152.36053466796875,318.3633117675781
23,2148,112,1,motorcycle,0.5943540334701538,561.901123046875,161.46624755859375,717.9683837890625,473.4605102539063,639.9347534179688,473.4605102539063,156.0672607421875,311.9942626953125
23,2149,112,1,motorcycle,0.6941524744033813,569.3021850585938,150.27281188964844,722.8273315429688,462.8837585449219,646.0647583007812,462.8837585449219,153.525146484375,312.61094665527344
23,2150,112,1,motorcycle,0.8341078162193298,577.03564453125,141.1741485595703,727.5751342773438,451.4785461425781,652.3053894042969,451.4785461425781,150.53948974609375,310.3043975830078
23,2151,112,1,motorcycle,0.7832452654838562,584.0709228515625,128.33966064453125,732.2373657226562,437.1879577636719,658.1541442871094,437.1879577636719,148.16644287109375,308.8482971191406
23,2152,112,1,motorcycle,0.6818317174911499,588.17529296875,116.24954986572266,734.4507446289062,423.7437438964844,661.3130187988281,423.7437438964844,146.27545166015625,307.4941940307617
23,2153,112,1,motorcycle,0.5494461059570312,591.5431518554688,107.27544403076172,734.833740234375,335.835205078125,663.1884460449219,335.835205078125,143.29058837890625,228.55976104736328
23,2154,112,1,motorcycle,0.627263605594635,596.8643188476562,99.46866607666016,735.0957641601562,296.0899353027344,665.9800415039062,296.0899353027344,138.2314453125,196.62126922607425
23,2155,112,0,car,0.6676743626594543,601.1429443359375,121.58121490478516,737.8464965820312,279.4051208496094,669.4947204589844,279.4051208496094,136.70355224609375,157.82390594482422
23,2156,112,1,motorcycle,0.7952656745910645,605.9340209960938,87.22591400146484,741.3165893554688,273.73681640625,673.6253051757812,273.73681640625,135.382568359375,186.5109024047852
23,2157,112,1,motorcycle,0.6841795444488525,610.3048706054688,101.96747589111328,746.8560180664062,269.4727478027344,678.5804443359375,269.4727478027344,136.5511474609375,167.5052719116211
23,2158,112,1,motorcycle,0.8209855556488037,614.7320556640625,107.4549560546875,750.8097534179688,328.57794189453125,682.7709045410156,328.57794189453125,136.07769775390625,221.1229858398437
23,2159,112,1,motorcycle,0.820443332195282,616.7021484375,103.01333618164062,755.7923583984375,313.8512268066406,686.2472534179688,313.8512268066406,139.0902099609375,210.837890625
23,2160,112,1,motorcycle,0.8961726427078247,621.7081909179688,55.29113006591797,760.3319702148438,324.796142578125,691.0200805664062,324.796142578125,138.623779296875,269.50501251220703
23,2161,112,1,motorcycle,0.90177321434021,626.5810546875,53.24573516845703,764.9356079101562,320.5350341796875,695.7583312988281,320.5350341796875,138.35455322265625,267.28929901123047
23,2162,112,1,motorcycle,0.8966060876846313,631.3864135742188,56.04133605957031,764.0146484375,312.85186767578125,697.7005310058594,312.85186767578125,132.62823486328125,256.81053161621094
23,2163,112,1,motorcycle,0.885607123374939,632.9280395507812,55.05598068237305,761.8323364257812,308.03643798828125,697.3801879882812,308.03643798828125,128.904296875,252.9804573059082
23,2164,112,1,motorcycle,0.9044500589370728,635.60302734375,29.979799270629883,761.3607177734375,296.232421875,698.4818725585938,296.232421875,125.7576904296875,266.2526226043701
23,2165,112,1,motorcycle,0.9024073481559752,638.615234375,12.347929954528809,765.0344848632812,287.6429443359375,701.8248596191406,287.6429443359375,126.41925048828124,275.2950143814087
23,2166,112,1,motorcycle,0.9116865992546082,640.7470703125,17.029125213623047,765.6124877929688,280.6215209960937,703.1797790527344,280.6215209960937,124.86541748046876,263.5923957824707
23,2167,112,1,motorcycle,0.9048774838447572,650.8285522460938,27.124237060546875,766.879150390625,270.9952697753906,708.8538513183594,270.9952697753906,116.05059814453124,243.8710327148437
23,2168,112,1,motorcycle,0.907480001449585,656.826171875,12.596412658691406,767.1149291992188,260.9688415527344,711.9705505371094,260.9688415527344,110.28875732421876,248.37242889404297
23,2169,112,1,motorcycle,0.881043016910553,658.8651123046875,9.64903450012207,765.9480590820312,251.5928192138672,712.4065856933594,251.5928192138672,107.08294677734376,241.94378471374512
23,2170,112,1,motorcycle,0.8944044709205627,658.2778930664062,7.17790412902832,767.1397705078125,239.49871826171875,712.7088317871094,239.49871826171875,108.86187744140624,232.32081413269043
23,2171,112,1,motorcycle,0.8656163811683655,662.4935302734375,4.220049381256104,764.1716918945312,229.25100708007807,713.3326110839844,229.25100708007807,101.67816162109376,225.030957698822
23,2172,112,1,motorcycle,0.9112557768821716,666.1854248046875,1.939996838569641,763.854248046875,219.87245178222656,715.0198364257812,219.87245178222656,97.6688232421875,217.9324549436569
23,2173,112,1,motorcycle,0.8646465539932251,664.6126098632812,0.0,762.427734375,211.88751220703125,713.5201721191406,211.88751220703125,97.81512451171876,211.88751220703125
23,2174,112,1,motorcycle,0.8055636286735535,671.553955078125,0.0,760.3391723632812,203.59361267089844,715.9465637207031,203.59361267089844,88.78521728515625,203.59361267089844
23,2175,112,1,motorcycle,0.8210745453834534,663.4795532226562,0.0,758.78369140625,192.31842041015625,711.1316223144531,192.31842041015625,95.30413818359376,192.31842041015625
23,2176,112,1,motorcycle,0.7307267785072327,666.9618530273438,0.0,757.5010986328125,181.5948181152344,712.2314758300781,181.5948181152344,90.53924560546876,181.5948181152344
23,2177,112,1,motorcycle,0.6017771363258362,665.2826538085938,0.0,757.575927734375,171.4727325439453,711.4292907714844,171.4727325439453,92.29327392578124,171.4727325439453
23,2180,112,1,motorcycle,0.5649558305740356,688.3402709960938,0.0,753.9784545898438,145.5613250732422,721.1593627929688,145.5613250732422,65.63818359375,145.5613250732422
23,2185,112,1,motorcycle,0.755535900592804,692.9732055664062,0.0,747.7481079101562,103.08679962158205,720.3606567382812,103.08679962158205,54.77490234375,103.08679962158205
27,2220,117,0,car,0.9233748316764832,1209.4395751953125,406.3500061035156,1919.0445556640625,1038.8543701171875,1564.2420654296875,1038.8543701171875,709.60498046875,632.5043640136719
27,2221,117,0,car,0.9443865418434144,1203.6806640625,392.7469177246094,1914.733154296875,1010.663818359375,1559.2069091796875,1010.663818359375,711.052490234375,617.9169006347656
27,2222,117,0,car,0.9401995539665222,1195.132080078125,384.6756286621094,1907.092041015625,985.1889038085938,1551.112060546875,985.1889038085938,711.9599609375,600.5132751464844
27,2223,117,0,car,0.9284241199493408,1189.9632568359375,369.2940673828125,1888.2005615234373,961.0911254882812,1539.0819091796875,961.0911254882812,698.2373046875,591.7970581054688
27,2224,117,0,car,0.9341443777084352,1184.07275390625,352.5187683105469,1870.0869140625,932.58154296875,1527.079833984375,932.58154296875,686.01416015625,580.0627746582031
27,2225,117,0,car,0.9333528876304626,1176.2589111328125,342.15252685546875,1852.3634033203125,905.1800537109376,1514.3111572265625,905.1800537109376,676.1044921875,563.0275268554688
27,2226,117,0,car,0.9342288374900818,1168.780517578125,329.3721008300781,1836.80908203125,884.4497680664062,1502.7947998046875,884.4497680664062,668.028564453125,555.0776672363281
27,2227,117,0,car,0.9384605288505554,1160.422607421875,310.9025573730469,1816.86328125,861.618408203125,1488.6429443359375,861.618408203125,656.440673828125,550.7158508300781
27,2228,117,0,car,0.9382418394088744,1154.392578125,296.5747985839844,1795.0579833984375,836.6426391601562,1474.7252807617188,836.6426391601562,640.6654052734375,540.0678405761719
27,2229,117,0,car,0.9304082989692688,1150.6214599609375,289.4113464355469,1775.39990234375,814.3682250976562,1463.0106811523438,814.3682250976562,624.7784423828125,524.9568786621094
27,2230,117,0,car,0.920922875404358,1146.711181640625,278.9892272949219,1755.16259765625,792.7266235351562,1450.9368896484375,792.7266235351562,608.451416015625,513.7373962402344
27,2231,117,0,car,0.928862690925598,1143.460693359375,267.0948181152344,1744.00830078125,772.4320678710938,1443.7344970703125,772.4320678710938,600.547607421875,505.3372497558594
27,2232,117,0,car,0.9321777820587158,1139.212158203125,251.69874572753903,1726.8907470703125,753.9555053710938,1433.0514526367188,753.9555053710938,587.6785888671875,502.2567596435547
27,2233,117,0,car,0.934580147266388,1135.47607421875,243.1213836669922,1710.38427734375,734.0277099609375,1422.93017578125,734.0277099609375,574.908203125,490.9063262939453
27,2234,117,0,car,0.9359116554260254,1132.34521484375,230.74009704589844,1691.129150390625,711.2269897460938,1411.7371826171875,711.2269897460938,558.783935546875,480.4868927001953
27,2235,117,0,car,0.9412114024162292,1127.94970703125,216.5625,1672.7108154296875,692.1171264648438,1400.3302612304688,692.1171264648438,544.7611083984375,475.55462646484375
27,2236,117,0,car,0.9476556777954102,1124.8707275390625,205.4227905273437,1658.3067626953125,673.10693359375,1391.5887451171875,673.10693359375,533.43603515625,467.6841430664063
27,2237,117,0,car,0.949278712272644,1120.2984619140625,197.296630859375,1647.791748046875,657.6888427734375,1384.0451049804688,657.6888427734375,527.4932861328125,460.3922119140625
27,2238,117,0,car,0.9479712247848512,1116.0821533203125,185.80776977539065,1633.3160400390625,639.1541137695312,1374.6990966796875,639.1541137695312,517.23388671875,453.3463439941406
27,2239,117,0,car,0.9441727995872498,1111.15283203125,174.6801300048828,1621.7391357421875,620.57275390625,1366.4459838867188,620.57275390625,510.5863037109375,445.8926239013672
27,2240,117,0,car,0.9428939819335938,1107.447021484375,163.45010375976562,1608.9532470703125,604.1014404296875,1358.2001342773438,604.1014404296875,501.5062255859375,440.6513366699219
27,2241,117,0,car,0.9390565156936646,1102.2169189453125,152.63145446777344,1596.275390625,583.0431518554688,1349.2461547851562,583.0431518554688,494.0584716796875,430.4116973876953
27,2242,117,0,car,0.9418558478355408,1095.217529296875,142.6902313232422,1584.64990234375,567.5736083984375,1339.9337158203125,567.5736083984375,489.432373046875,424.8833770751953
27,2243,117,0,car,0.9364348649978638,1090.1636962890625,131.3502197265625,1569.1463623046875,550.9249267578125,1329.655029296875,550.9249267578125,478.982666015625,419.57470703125
27,2244,117,0,car,0.9389620423316956,1086.8157958984375,118.3805923461914,1556.6556396484375,537.0665893554688,1321.7357177734375,537.0665893554688,469.83984375,418.6859970092773
27,2245,117,0,car,0.9427416920661926,1084.390380859375,108.1783676147461,1546.052978515625,521.240478515625,1315.2216796875,521.240478515625,461.66259765625,413.0621109008789
27,2246,117,0,car,0.9468145966529846,1083.4281005859375,99.499755859375,1535.665283203125,507.7081604003906,1309.5466918945312,507.7081604003906,452.2371826171875,408.2084045410156
27,2247,117,0,car,0.9392417073249816,1079.8599853515625,88.29975891113281,1526.7718505859375,488.6287536621094,1303.31591796875,488.6287536621094,446.911865234375,400.32899475097656
27,2248,117,0,car,0.939399242401123,1073.8619384765625,80.7856216430664,1514.650390625,472.3585205078125,1294.2561645507812,472.3585205078125,440.7884521484375,391.5728988647461
27,2249,117,0,car,0.93210631608963,1070.171142578125,70.73387908935547,1503.3701171875,464.440185546875,1286.7706298828125,464.440185546875,433.198974609375,393.70630645751953
27,2250,117,0,car,0.9209654927253724,1066.3680419921875,58.3143310546875,1492.571533203125,452.8162231445313,1279.4697875976562,452.8162231445313,426.2034912109375,394.50189208984375
27,2251,117,0,car,0.9100338220596312,1065.427490234375,49.22869491577149,1484.4583740234375,440.3746643066406,1274.9429321289062,440.3746643066406,419.0308837890625,391.14596939086914
27,2252,117,0,car,0.9204119443893432,1058.9110107421875,40.64814758300781,1472.4307861328125,427.4013366699219,1265.6708984375,427.4013366699219,413.519775390625,386.75318908691406
27,2253,117,0,car,0.918413519859314,1055.1473388671875,32.433345794677734,1464.02685546875,418.80023193359375,1259.5870971679688,418.80023193359375,408.8795166015625,386.366886138916
27,2254,117,0,car,0.9315424561500548,1051.992431640625,21.1707706451416,1455.920166015625,404.6285400390625,1253.956298828125,404.6285400390625,403.927734375,383.4577693939209
27,2255,117,0,car,0.9297530651092528,1048.72119140625,14.147282600402832,1447.442138671875,386.7117614746094,1248.0816650390625,386.7117614746094,398.720947265625,372.56447887420654
27,2256,117,0,car,0.9243736863136292,1042.6895751953125,5.098140716552734,1438.0772705078125,371.4083862304688,1240.3834228515625,371.4083862304688,395.3876953125,366.310245513916
27,2257,117,0,car,0.937946915626526,1039.132080078125,1.6882823705673218,1434.0731201171875,362.5533447265625,1236.6026000976562,362.5533447265625,394.9410400390625,360.8650623559952
27,2258,117,0,car,0.9296777844429016,1035.6463623046875,0.0,1426.46728515625,349.6551818847656,1231.0568237304688,349.6551818847656,390.8209228515625,349.6551818847656
27,2259,117,0,car,0.9317280054092408,1033.8839111328125,0.0,1418.85986328125,338.80157470703125,1226.3718872070312,338.80157470703125,384.9759521484375,338.80157470703125
27,2260,117,0,car,0.930753529071808,1029.3531494140625,0.0,1410.81884765625,324.6008605957031,1220.0859985351562,324.6008605957031,381.4656982421875,324.6008605957031
27,2261,117,0,car,0.929682731628418,1028.1820068359375,0.5925564169883728,1404.594970703125,315.363037109375,1216.3884887695312,315.363037109375,376.4129638671875,314.7704806923866
27,2262,117,0,car,0.9246330857276917,1024.5406494140625,0.6544287204742432,1396.9261474609375,305.1957397460937,1210.7333984375,305.1957397460937,372.385498046875,304.5413110256195
27,2263,117,0,car,0.92417711019516,1022.9852294921876,0.0,1390.368408203125,287.83447265625,1206.6768188476562,287.83447265625,367.3831787109375,287.83447265625
27,2264,117,0,car,0.9220404624938964,1021.140625,0.6984825134277344,1384.4930419921875,276.0373229980469,1202.8168334960938,276.0373229980469,363.3524169921875,275.33884048461914
27,2265,117,0,car,0.9228093028068542,1017.460693359375,0.0,1377.53076171875,263.1611022949219,1197.4957275390625,263.1611022949219,360.070068359375,263.1611022949219
27,2266,117,0,car,0.9265003204345704,1016.4835815429688,0.103018432855606,1371.3927001953125,256.0594787597656,1193.9381408691406,256.0594787597656,354.9091186523437,255.95646032691
27,2267,117,0,car,0.9250110387802124,1014.3197631835938,0.2119172364473343,1363.8873291015625,249.0436553955078,1189.103546142578,249.0436553955078,349.56756591796875,248.83173815906048
27,2268,117,0,car,0.9235153794288636,1011.9962158203124,0.0224911030381917,1357.0443115234375,240.41661071777344,1184.520263671875,240.41661071777344,345.048095703125,240.39411961473525
27,2269,117,0,car,0.9286782741546632,1009.3515625,2.2557895183563232,1350.7886962890625,230.36329650878903,1180.0701293945312,230.36329650878903,341.4371337890625,228.1075069904328
27,2270,117,0,car,0.9190524220466614,1006.7056884765624,5.279157638549805,1344.37158203125,220.9471740722656,1175.5386352539062,220.9471740722656,337.6658935546875,215.66801643371585
27,2271,117,0,car,0.9131497144699096,1002.677001953125,3.362910747528076,1337.8941650390625,212.3541412353516,1170.2855834960938,212.3541412353516,335.2171630859375,208.9912304878235
27,2272,117,0,car,0.9177384972572328,999.7542114257812,2.549642324447632,1333.39892578125,200.68019104003903,1166.5765686035156,200.68019104003903,333.64471435546875,198.13054871559143
27,2273,117,0,car,0.919026255607605,996.9061889648438,2.185528039932251,1326.720703125,188.3594970703125,1161.813446044922,188.3594970703125,329.81451416015625,186.17396903038025
27,2274,117,0,car,0.9232422709465028,993.4689331054688,2.6157126426696777,1318.404296875,175.11573791503906,1155.9366149902344,175.11573791503906,324.93536376953125,172.50002527236938
27,2275,117,0,car,0.9121659994125366,991.0138549804688,2.2914867401123047,1311.6678466796875,164.36045837402344,1151.340850830078,164.36045837402344,320.65399169921875,162.06897163391113
27,2276,117,0,car,0.904929220676422,991.0689697265624,1.785817265510559,1304.1170654296875,155.5623016357422,1147.593017578125,155.5623016357422,313.048095703125,153.77648437023163
27,2277,117,0,car,0.8981320261955261,988.6384887695312,0.0,1293.6456298828125,144.23118591308594,1141.142059326172,144.23118591308594,305.00714111328125,144.23118591308594
27,2278,117,0,car,0.90089613199234,986.7012329101562,1.7693614959716797,1289.2926025390625,138.51837158203125,1137.9969177246094,138.51837158203125,302.59136962890625,136.74901008605957
27,2279,117,0,car,0.9008827805519104,983.7172241210938,0.8912429809570312,1281.4744873046875,125.84223175048828,1132.5958557128906,125.84223175048828,297.7572631835937,124.95098876953124
27,2280,117,0,car,0.8972527384757996,982.46533203125,0.2231790870428085,1275.5936279296875,115.44011688232422,1129.0294799804688,115.44011688232422,293.1282958984375,115.2169377952814
27,2281,117,0,car,0.8951143622398376,983.365478515625,0.3171970248222351,1270.37939453125,106.98277282714844,1126.8724365234375,106.98277282714844,287.013916015625,106.6655758023262
27,2282,117,0,car,0.8917444348335266,994.9132080078124,2.162489414215088,1267.5968017578125,103.27835083007812,1131.2550048828125,103.27835083007812,272.68359375,101.11586141586304
27,2283,117,0,car,0.8860049247741699,995.1251831054688,0.4560832977294922,1261.8076171875,96.39802551269533,1128.4664001464844,96.39802551269533,266.68243408203125,95.94194221496582
27,2284,117,0,car,0.8874587416648865,994.34375,3.6536805629730233,1257.908935546875,90.38094329833984,1126.1263427734375,90.38094329833984,263.565185546875,86.72726273536682
27,2285,117,0,car,0.8895142078399658,994.0467529296876,4.715076923370361,1251.2349853515625,82.10108184814453,1122.640869140625,82.10108184814453,257.188232421875,77.38600492477417
27,2286,117,0,car,0.8700534105300903,992.8878784179688,4.186117172241211,1245.940673828125,73.5964126586914,1119.4142761230469,73.5964126586914,253.05279541015625,69.4102954864502
27,2287,117,0,car,0.8582525849342346,990.2783813476562,3.056051254272461,1241.1063232421875,66.0973129272461,1115.692352294922,66.0973129272461,250.82794189453125,63.04126167297363
27,2288,117,0,car,0.8230770826339722,988.113525390625,2.015664577484131,1235.942138671875,56.35075759887695,1112.02783203125,56.35075759887695,247.82861328125,54.33509302139282
29,2262,123,0,car,0.951752245426178,0.1195408329367637,468.0227355957031,387.7506103515625,1054.433837890625,193.93507559224963,1054.433837890625,387.63106951862574,586.4111022949219
29,2263,123,0,car,0.9490086436271667,0.6287543773651123,457.527587890625,394.0408935546875,1039.715087890625,197.3348239660263,1039.715087890625,393.4121391773224,582.1875
29,2264,123,0,car,0.948082447052002,0.183066040277481,443.52978515625,399.1324462890625,1011.0521240234376,199.65775616467,1011.0521240234376,398.949380248785,567.5223388671875
29,2265,123,0,car,0.9450569152832032,0.0525939539074897,428.9600524902344,404.5916137695313,986.0892944335938,202.32210386171937,986.0892944335938,404.53901981562376,557.1292419433594
29,2266,123,0,car,0.9434022307395936,0.0,414.5145568847656,408.060302734375,963.7196655273438,204.0301513671875,963.7196655273438,408.060302734375,549.2051086425781
29,2267,123,0,car,0.9472865462303162,0.0,397.2523193359375,412.2192077636719,937.6615600585938,206.109603881836,937.6615600585938,412.2192077636719,540.4092407226562
29,2268,123,0,car,0.9466293454170228,0.6155083775520325,385.5670776367188,416.6872253417969,912.2394409179688,208.65136685967445,912.2394409179688,416.0717169642448,526.67236328125
29,2269,123,0,car,0.9379227757453918,1.3370115756988523,371.5093994140625,419.75439453125,889.30224609375,210.54570305347443,889.30224609375,418.4173829555512,517.7928466796875
29,2270,123,0,car,0.9386714100837708,1.793100357055664,354.8785400390625,423.6980895996094,867.4512329101562,212.7455949783325,867.4512329101562,421.9049892425537,512.5726928710938
29,2271,123,0,car,0.9362228512763976,1.0932217836380005,339.6370849609375,427.7818298339844,846.9000854492188,214.4375258088112,846.9000854492188,426.6886080503464,507.2630004882813
29,2272,123,0,car,0.9375793933868408,0.8164963722229004,327.6709289550781,430.9582214355469,824.6339721679688,215.8873589038849,824.6339721679688,430.141725063324,496.9630432128906
29,2273,123,0,car,0.9326398968696594,0.3921175301074981,318.24615478515625,436.34814453125,800.6358032226562,218.37013103067875,800.6358032226562,435.9560270011425,482.3896484375
29,2274,123,0,car,0.9390491843223572,0.7675292491912842,301.60662841796875,441.818115234375,777.5348510742188,221.2928222417832,777.5348510742188,441.0505859851837,475.92822265625
29,2275,123,0,car,0.9363219738006592,0.8040646910667419,292.5519714355469,445.7483215332031,760.8017578125,223.27619311213493,760.8017578125,444.9442568421364,468.2497863769531
29,2276,123,0,car,0.941823184490204,1.494027853012085,280.46929931640625,450.3365173339844,747.344482421875,225.91527259349823,747.344482421875,448.8424894809723,466.8751831054688
29,2277,123,0,car,0.9425312280654908,5.53533935546875,265.9963684082031,455.67291259765625,723.4796752929688,230.6041259765625,723.4796752929688,450.1375732421875,457.4833068847656
29,2278,123,0,car,0.9422565698623656,4.206848621368408,256.46600341796875,457.220703125,712.9171752929688,230.7137758731842,712.9171752929688,453.0138545036316,456.451171875
29,2279,123,0,car,0.9327866435050964,6.724156856536865,244.25753784179688,459.1735229492188,687.614501953125,232.9488399028778,687.614501953125,452.4493660926819,443.3569641113281
29,2280,123,0,car,0.9314134120941162,6.9791998863220215,231.3262176513672,462.0006713867188,667.8772583007812,234.4899356365204,667.8772583007812,455.02147150039673,436.55104064941406
29,2281,123,0,car,0.9392945170402528,7.090608596801758,221.1789703369141,464.48431396484375,650.6897583007812,235.78746128082275,650.6897583007812,457.393705368042,429.5107879638672
29,2282,123,0,car,0.9428113102912904,2.7240545749664307,215.1324615478516,466.2126770019531,639.9190673828125,234.46836578845972,639.9190673828125,463.4886224269867,424.78660583496094
29,2283,123,0,car,0.9408603310585022,11.176692008972168,202.78131103515625,471.3031005859375,624.6123657226562,241.23989629745483,624.6123657226562,460.1264085769653,421.8310546875
29,2284,123,0,car,0.9503628611564636,17.842554092407227,194.94821166992188,472.4251098632813,614.3680419921875,245.13383197784424,614.3680419921875,454.582555770874,419.4198303222656
29,2285,123,0,car,0.9506268501281738,26.956039428710938,184.6237945556641,474.4942321777344,599.70458984375,250.72513580322263,599.70458984375,447.5381927490234,415.08079528808594
29,2286,123,0,car,0.9408810138702391,32.084693908691406,175.9846954345703,475.98333740234375,582.1859741210938,254.0340156555176,582.1859741210938,443.89864349365234,406.2012786865234
29,2287,123,0,car,0.9385727047920228,41.91356658935547,165.6691436767578,478.5694580078125,568.413818359375,260.241512298584,568.413818359375,436.655891418457,402.7446746826172
29,2288,123,0,car,0.9271577596664428,53.67913055419922,156.0789031982422,481.3056640625,555.1461181640625,267.4923973083496,555.1461181640625,427.6265335083008,399.0672149658203
29,2289,123,0,car,0.9023355841636658,69.17996215820312,146.4035186767578,486.5393371582031,534.6742553710938,277.8596496582031,534.6742553710938,417.359375,388.270736694336
29,2290,123,0,car,0.8779058456420898,72.51023864746094,138.861083984375,489.6995239257813,526.7302856445312,281.1048812866211,526.7302856445312,417.1892852783203,387.86920166015625
29,2291,123,0,car,0.9033488631248474,83.35216522216797,126.05204010009766,490.9441833496094,507.9703369140625,287.1481742858887,507.9703369140625,407.5920181274414,381.9182968139648
29,2292,123,0,car,0.8954620361328125,88.7297592163086,118.20291137695312,492.4599609375,498.2999572753906,290.5948600769043,498.2999572753906,403.7302017211914,380.0970458984375
29,2293,123,0,car,0.8208099603652954,93.67144012451172,109.32965850830078,494.5719909667969,487.548583984375,294.1217155456543,487.548583984375,400.9005508422852,378.2189254760742
29,2294,123,0,car,0.8918782472610474,101.01971435546876,100.93254089355467,495.2856750488281,474.9362487792969,298.15269470214844,474.9362487792969,394.2659606933594,374.0037078857422
29,2295,123,0,car,0.8999536037445068,109.89671325683594,91.6750259399414,497.5954895019531,462.1775207519531,303.74610137939453,462.1775207519531,387.6987762451172,370.5024948120117
29,2296,123,0,car,0.8936206102371216,120.77410888671876,80.87579345703125,501.4720764160156,446.3665466308594,311.1230926513672,446.3665466308594,380.6979675292969,365.4907531738281
29,2297,123,0,car,0.8854528665542603,126.19698333740234,70.71896362304688,501.5699157714844,436.197998046875,313.88344955444336,436.197998046875,375.372932434082,365.4790344238281
29,2298,123,0,car,0.8887297511100769,132.74407958984375,63.53567123413086,501.664794921875,425.40869140625,317.2044372558594,425.40869140625,368.9207153320313,361.8730201721192
29,2299,123,0,car,0.8891319632530212,140.42593383789062,55.1678466796875,503.5460205078125,413.1310729980469,321.9859771728516,413.1310729980469,363.1200866699219,357.9632263183594
29,2300,123,0,car,0.908504068851471,145.5213165283203,44.79487609863281,505.3518371582031,400.2769470214844,325.4365768432617,400.2769470214844,359.8305206298828,355.4820709228516
29,2301,123,0,car,0.915264129638672,153.54273986816406,39.85564041137695,509.0556335449219,386.9115905761719,331.29918670654297,386.9115905761719,355.5128936767578,347.0559501647949
29,2302,123,0,car,0.9143244028091432,156.90939331054688,33.094749450683594,511.2528991699219,373.95452880859375,334.0811462402344,373.95452880859375,354.343505859375,340.85977935791016
29,2303,123,0,car,0.9229503273963928,163.09178161621094,25.85540008544922,513.6900634765625,363.4119262695313,338.3909225463867,363.4119262695313,350.5982818603516,337.55652618408203
29,2304,123,0,car,0.920238196849823,168.88076782226562,19.76052665710449,515.4178466796875,352.56707763671875,342.14930725097656,352.56707763671875,346.5370788574219,332.80655097961426
29,2305,123,0,car,0.9215160012245178,173.8042755126953,12.571843147277832,517.164306640625,341.05487060546875,345.48429107666016,341.05487060546875,343.3600311279297,328.4830274581909
29,2306,123,0,car,0.9274380803108216,177.4626007080078,5.627346038818359,518.59375,324.2652587890625,348.0281753540039,324.2652587890625,341.1311492919922,318.63791275024414
29,2307,123,0,car,0.9159857034683228,183.06092834472656,3.552382230758667,521.1142578125,311.4226379394531,352.0875930786133,311.4226379394531,338.05332946777344,307.87025570869446
29,2308,123,0,car,0.9130318760871888,188.0214385986328,1.011819839477539,522.7926025390625,299.73126220703125,355.40702056884766,299.73126220703125,334.7711639404297,298.7194423675537
29,2309,123,0,car,0.9200099110603333,193.70176696777344,1.0914106369018557,525.3440551757812,290.9869689941406,359.52291107177734,290.9869689941406,331.6422882080078,289.8955583572388
29,2310,123,0,car,0.918798565864563,198.6805725097656,1.2052001953125,527.2210083007812,282.16265869140625,362.95079040527344,282.16265869140625,328.5404357910156,280.9574584960937
29,2311,123,0,car,0.9221699237823486,204.94989013671875,1.0652053356170654,532.6580810546875,273.6649475097656,368.8039855957031,273.6649475097656,327.70819091796875,272.59974217414856
29,2312,123,0,car,0.9259076118469238,210.1806030273437,2.5700199604034424,536.9003295898438,266.3616638183594,373.54046630859375,266.3616638183594,326.7197265625,263.79164385795593
29,2313,123,0,car,0.9259341955184937,215.59434509277344,2.9177186489105225,540.4150390625,258.0925598144531,378.0046920776367,258.0925598144531,324.82069396972656,255.1748411655426
29,2314,123,0,car,0.9242770075798036,220.61849975585932,3.177965879440308,538.9534301757812,246.68719482421875,379.7859649658203,246.68719482421875,318.3349304199219,243.50922894477844
29,2315,123,0,car,0.9235926866531372,225.3251190185547,2.352355718612671,536.4462890625,235.63853454589844,380.88570404052734,235.63853454589844,311.1211700439453,233.28617882728577
29,2316,123,0,car,0.9279629588127136,229.4276428222656,3.4004580974578857,538.75830078125,225.708236694336,384.0929718017578,225.708236694336,309.3306579589844,222.30777859687805
29,2317,123,0,car,0.917527675628662,234.7919921875,4.818985939025879,541.1995239257812,216.92713928222656,387.9957580566406,216.92713928222656,306.40753173828125,212.10815334320068
29,2318,123,0,car,0.9112133383750916,240.2167816162109,2.7116341590881348,546.547607421875,205.4766540527344,393.38219451904297,205.4766540527344,306.33082580566406,202.76501989364624
29,2319,123,0,car,0.9167278409004213,244.15740966796875,0.958666205406189,549.1742553710938,195.4266815185547,396.6658325195313,195.4266815185547,305.016845703125,194.4680153131485
29,2320,123,0,car,0.9172676205635072,248.54920959472656,0.3118122518062591,551.7078857421875,183.2683868408203,400.128547668457,183.2683868408203,303.15867614746094,182.95657458901405
29,2321,123,0,car,0.9187167882919312,253.91368103027344,0.2220082581043243,550.9846801757812,173.4970245361328,402.44918060302734,173.4970245361328,297.0709991455078,173.2750162780285
29,2322,123,0,car,0.9215023517608644,258.63720703125,0.8284013867378235,552.1377563476562,164.26011657714844,405.3874816894531,164.26011657714844,293.50054931640625,163.4317151904106
29,2323,123,0,car,0.9115091562271118,261.8424072265625,1.184537410736084,553.3895263671875,154.61134338378906,407.615966796875,154.61134338378906,291.547119140625,153.42680597305298
29,2324,123,0,car,0.899222195148468,268.5952453613281,1.0016849040985107,553.9904174804688,147.76939392089844,411.2928314208984,147.76939392089844,285.3951721191406,146.76770901679993
29,2325,123,0,car,0.9174479246139526,272.2830810546875,1.0055526494979858,558.4035034179688,140.41737365722656,415.3432922363281,140.41737365722656,286.12042236328125,139.41182100772858
29,2326,123,0,car,0.9039488434791564,274.2636413574219,1.514744520187378,555.8084106445312,129.4446258544922,415.03602600097656,129.4446258544922,281.5447692871094,127.9298813343048
29,2327,123,0,car,0.9004727602005005,279.74127197265625,1.7541626691818235,553.4773559570312,118.94873046875,416.60931396484375,118.94873046875,273.736083984375,117.19456779956818
29,2328,123,0,car,0.896221399307251,283.8609619140625,1.96589469909668,550.7801513671875,109.92222595214844,417.320556640625,109.92222595214844,266.919189453125,107.95633125305176
29,2329,123,0,car,0.8824215531349182,288.5378112792969,2.4008007049560547,545.2679443359375,101.20684814453124,416.9028778076172,101.20684814453124,256.7301330566406,98.8060474395752
29,2330,123,0,car,0.875531017780304,294.3707580566406,1.7179080247879028,542.297119140625,94.54811096191406,418.3339385986328,94.54811096191406,247.9263610839844,92.83020293712616
29,2331,123,0,car,0.8620985746383667,299.16455078125,2.74318265914917,543.844970703125,85.5069808959961,421.5047607421875,85.5069808959961,244.680419921875,82.76379823684692
29,2332,123,0,car,0.8728907704353333,303.6651611328125,2.603834867477417,544.2059936523438,74.37874603271484,423.9355773925781,74.37874603271484,240.54083251953125,71.77491116523743
29,2333,123,0,car,0.8553285002708435,307.5467224121094,2.212562561035156,543.34814453125,64.12640380859375,425.4474334716797,64.12640380859375,235.80142211914065,61.913841247558594
29,2334,123,0,car,0.8296012282371521,310.65985107421875,0.8866201043128967,543.22900390625,56.35691452026367,426.9444274902344,56.35691452026367,232.56915283203125,55.470294415950775
28,2263,124,0,car,0.9442485570907592,659.14208984375,463.5638427734375,1125.8375244140625,1047.2169189453125,892.4898071289062,1047.2169189453125,466.6954345703125,583.653076171875
28,2264,124,0,car,0.937638819217682,656.77197265625,447.3684387207031,1115.6162109375,1016.4566650390624,886.194091796875,1016.4566650390624,458.84423828125,569.0882263183594
28,2265,124,0,car,0.9363677501678468,656.0734252929688,428.8677062988281,1107.3739013671875,980.5680541992188,881.7236633300781,980.5680541992188,451.3004760742188,551.7003479003906
28,2266,124,0,car,0.9184122085571288,659.2791137695312,412.0694274902344,1098.3797607421875,954.3978271484376,878.8294372558594,954.3978271484376,439.10064697265625,542.3283996582031
28,2267,124,0,car,0.920206606388092,660.987060546875,394.6956787109375,1090.493408203125,923.8689575195312,875.740234375,923.8689575195312,429.50634765625,529.1732788085938
28,2268,124,0,car,0.9326809644699096,658.688720703125,379.4897155761719,1083.2847900390625,890.78369140625,870.9867553710938,890.78369140625,424.5960693359375,511.2939758300781
28,2269,124,0,car,0.946280598640442,655.4935913085938,363.4488830566406,1075.335693359375,862.6437377929688,865.4146423339844,862.6437377929688,419.8421020507813,499.1948547363281
28,2270,124,0,car,0.9504665732383728,654.6520385742188,348.5872497558594,1066.1883544921875,834.131103515625,860.4201965332031,834.131103515625,411.5363159179688,485.5438537597656
28,2271,124,0,car,0.9423850774765016,654.8568115234375,333.9107971191406,1061.085205078125,805.262451171875,857.9710083007812,805.262451171875,406.2283935546875,471.3516540527344
28,2272,124,0,car,0.951568365097046,653.8402709960938,311.6220092773437,1056.6129150390625,776.3284301757812,855.2265930175781,776.3284301757812,402.7726440429688,464.7064208984375
28,2273,124,0,car,0.9507462382316588,654.3294677734375,298.2396545410156,1050.1954345703125,754.2720336914062,852.262451171875,754.2720336914062,395.865966796875,456.0323791503906
28,2274,124,0,car,0.9456239342689514,656.6998901367188,288.3248596191406,1043.6258544921875,729.6458129882812,850.1628723144531,729.6458129882812,386.9259643554688,441.3209533691406
28,2275,124,0,car,0.9450566172599792,656.9564819335938,286.3870849609375,1036.9786376953125,705.4137573242188,846.9675598144531,705.4137573242188,380.0221557617188,419.0266723632813
28,2276,124,0,car,0.9466831684112548,656.1029052734375,267.0618896484375,1030.4796142578125,681.6556396484375,843.291259765625,681.6556396484375,374.376708984375,414.59375
28,2277,124,0,car,0.9455388784408568,656.2236938476562,243.3254547119141,1023.8666381835938,654.3086547851562,840.045166015625,654.3086547851562,367.6429443359375,410.9832000732422
28,2278,124,0,car,0.9457930326461792,657.2392578125,231.0214385986328,1020.1575317382812,638.693603515625,838.6983947753906,638.693603515625,362.9182739257813,407.6721649169922
28,2279,124,0,car,0.9400384426116944,657.40234375,208.5282745361328,1012.0673828125,615.5989379882812,834.73486328125,615.5989379882812,354.6650390625,407.0706634521485
28,2280,124,0,car,0.9316558837890624,655.8312377929688,193.9030303955078,1008.2775268554688,597.1307983398438,832.0543823242188,597.1307983398438,352.4462890625,403.227767944336
28,2281,124,0,car,0.9106201529502868,656.767333984375,182.65045166015625,1002.9476318359376,575.5631103515625,829.8574829101562,575.5631103515625,346.1802978515625,392.9126586914063
28,2282,124,0,car,0.934748649597168,656.64013671875,171.29208374023438,1000.4760131835938,563.7638549804688,828.5580749511719,563.7638549804688,343.8358764648437,392.4717712402344
28,2283,124,0,car,0.9217133522033693,656.0717163085938,157.9930877685547,995.5027465820312,544.5221557617188,825.7872314453125,544.5221557617188,339.4310302734375,386.52906799316406
28,2284,124,0,car,0.9281138777732848,655.0263671875,151.12696838378906,991.4962158203124,530.8814086914062,823.2612915039062,530.8814086914062,336.4698486328125,379.7544403076172
28,2285,124,0,car,0.9272125959396362,655.6494140625,142.451904296875,987.453369140625,515.3449096679688,821.5513916015625,515.3449096679688,331.803955078125,372.89300537109375
28,2286,124,0,car,0.926500141620636,655.7760620117188,128.167724609375,982.9990844726562,500.8805541992188,819.3875732421875,500.8805541992188,327.2230224609375,372.71282958984375
28,2287,124,0,car,0.9218667149543762,655.6798095703125,118.90081024169922,979.6326293945312,483.2452697753906,817.6562194824219,483.2452697753906,323.95281982421875,364.3444595336914
28,2288,124,0,car,0.9287418127059937,654.6404418945312,106.41012573242188,974.7489624023438,465.3710632324219,814.6947021484375,465.3710632324219,320.1085205078125,358.9609375
28,2289,124,0,car,0.9323583245277404,655.7118530273438,92.37627410888672,967.7711181640624,445.2408447265625,811.7414855957031,445.2408447265625,312.05926513671875,352.8645706176758
28,2290,124,0,car,0.9287060499191284,655.1434326171875,86.11482238769531,965.8026733398438,434.43072509765625,810.4730529785156,434.43072509765625,310.65924072265625,348.31590270996094
28,2291,124,0,car,0.9299342036247252,655.112060546875,70.69182586669922,960.7605590820312,413.2286682128906,807.9363098144531,413.2286682128906,305.64849853515625,342.5368423461914
28,2292,124,0,car,0.9234644770622252,656.8397827148438,66.39607238769531,958.8010864257812,403.329345703125,807.8204345703125,403.329345703125,301.9613037109375,336.9332733154297
28,2293,124,0,car,0.917963445186615,656.8575439453125,54.42870330810547,954.8941040039062,391.31781005859375,805.8758239746094,391.31781005859375,298.0365600585937,336.8891067504883
28,2294,124,0,car,0.9256746172904968,656.9696655273438,46.5463752746582,951.6171875,377.0880126953125,804.2934265136719,377.0880126953125,294.64752197265625,330.5416374206543
28,2295,124,0,car,0.9274414777755736,657.1107177734375,34.782230377197266,946.8593139648438,359.8927917480469,801.9850158691406,359.8927917480469,289.74859619140625,325.1105613708496
28,2296,124,0,car,0.9392660856246948,655.6546020507812,22.458053588867188,941.1513061523438,334.93096923828125,798.4029541015625,334.93096923828125,285.4967041015625,312.47291564941406
28,2297,124,0,car,0.9374911785125732,655.3038330078125,21.861690521240234,939.9610595703124,331.0020751953125,797.6324462890625,331.0020751953125,284.6572265625,309.14038467407227
28,2298,124,0,car,0.9376331567764282,652.5966796875,14.325858116149902,938.27783203125,321.1436767578125,795.437255859375,321.1436767578125,285.68115234375,306.8178186416626
28,2299,124,0,car,0.9402641654014589,651.4034423828125,14.17686939239502,936.2888793945312,311.1553649902344,793.8461608886719,311.1553649902344,284.88543701171875,296.97849559783936
28,2300,124,0,car,0.935820698738098,652.5733642578125,11.763129234313965,932.5150146484376,295.6543273925781,792.544189453125,295.6543273925781,279.941650390625,283.89119815826416
28,2301,124,0,car,0.9352762699127196,652.167724609375,7.39405345916748,928.8560791015624,283.5143127441406,790.5119018554688,283.5143127441406,276.6883544921875,276.12025928497314
28,2302,124,0,car,0.9334895610809326,652.7095947265625,3.263652801513672,926.255615234375,273.9541015625,789.4826049804688,273.9541015625,273.5460205078125,270.6904487609863
28,2303,124,0,car,0.9312967658042908,651.3963012695312,1.0681447982788086,923.4771118164062,263.3819885253906,787.4367065429688,263.3819885253906,272.080810546875,262.3138437271118
28,2304,124,0,car,0.9262758493423462,651.6446533203125,0.0,920.4043579101562,251.5830078125,786.0245056152344,251.5830078125,268.7597045898437,251.5830078125
28,2305,124,0,car,0.9275499582290648,651.4418334960938,0.0,916.2093505859376,240.5645294189453,783.8255920410156,240.5645294189453,264.7675170898437,240.5645294189453
28,2306,124,0,car,0.92567241191864,650.0494995117188,0.0,914.8078002929688,228.3799285888672,782.4286499023438,228.3799285888672,264.75830078125,228.3799285888672
28,2307,124,0,car,0.928755521774292,652.0623168945312,0.0565101131796836,914.0313720703124,218.2982635498047,783.0468444824219,218.2982635498047,261.96905517578125,218.241753436625
28,2308,124,0,car,0.9235738515853882,653.0209350585938,0.7174816727638245,911.360107421875,206.1632537841797,782.1905212402344,206.1632537841797,258.33917236328125,205.44577211141583
28,2309,124,0,car,0.9312520027160645,651.9154663085938,1.163044810295105,906.4193115234376,194.7383270263672,779.1673889160156,194.7383270263672,254.5038452148437,193.57528221607208
28,2310,124,0,car,0.9254626035690308,649.3450317382812,0.7103164792060852,902.1923828125,180.7571563720703,775.7687072753906,180.7571563720703,252.84735107421875,180.04683989286423
28,2311,124,0,car,0.9233706593513488,649.2747802734375,0.7603935599327087,899.4943237304688,169.97122192382812,774.3845520019531,169.97122192382812,250.21954345703125,169.21082836389542
28,2312,124,0,car,0.9176469445228576,647.8986206054688,2.045076370239258,898.2326049804688,159.1576385498047,773.0656127929688,159.1576385498047,250.333984375,157.11256217956543
28,2313,124,0,car,0.9043630957603456,650.816650390625,1.8030775785446167,896.4254760742188,148.7053985595703,773.6210632324219,148.7053985595703,245.6088256835937,146.9023209810257
28,2314,124,0,car,0.9084287285804749,655.2723999023438,2.320196390151977,893.4347534179688,138.95350646972656,774.3535766601562,138.95350646972656,238.162353515625,136.63331007957458
28,2315,124,0,car,0.9074620008468628,655.3115234375,2.5879604816436768,890.7227172851562,126.52754974365234,773.0171203613281,126.52754974365234,235.41119384765625,123.93958926200868
28,2316,124,0,car,0.9097912311553956,651.5449829101562,1.399170994758606,888.0948486328125,115.9322738647461,769.8199157714844,115.9322738647461,236.54986572265625,114.53310286998747
28,2317,124,0,car,0.896836519241333,648.2459716796875,0.0906372815370559,885.3448486328125,105.05156707763672,766.79541015625,105.05156707763672,237.098876953125,104.96092979609966
28,2318,124,0,car,0.8864116668701172,650.353759765625,0.0,883.7529296875,97.09799194335938,767.0533447265625,97.09799194335938,233.399169921875,97.09799194335938
28,2319,124,0,car,0.8631986975669861,651.16552734375,1.4431105852127075,882.2174682617188,89.59173583984375,766.6914978027344,89.59173583984375,231.05194091796875,88.14862525463104
28,2320,124,0,car,0.8423563838005066,650.9218139648438,1.3906675577163696,880.4674072265625,77.83348846435547,765.6946105957031,77.83348846435547,229.54559326171875,76.4428209066391
28,2321,124,0,car,0.7991127967834473,654.5255126953125,1.6739354133605957,878.9366455078125,68.38834381103516,766.7310791015625,68.38834381103516,224.4111328125,66.71440839767456
28,2322,124,0,car,0.7604502439498901,660.8237915039062,1.844532251358032,877.4786987304688,57.91908645629883,769.1512451171875,57.91908645629883,216.6549072265625,56.0745542049408
30,2286,129,0,car,0.932395339012146,1307.6629638671875,465.921630859375,1920.0,1056.6898193359375,1613.8314819335938,1056.6898193359375,612.3370361328125,590.7681884765625
30,2287,129,0,car,0.922033965587616,1299.1893310546875,443.3694458007813,1910.2734375,1024.4678955078125,1604.7313842773438,1024.4678955078125,611.0841064453125,581.0984497070312
30,2288,129,0,car,0.9294998645782472,1288.903076171875,426.9996643066406,1917.651611328125,987.577880859375,1603.27734375,987.577880859375,628.74853515625,560.5782165527344
30,2289,129,0,car,0.9367055892944336,1271.156982421875,399.1085815429688,1894.0758056640625,938.603515625,1582.6163940429688,938.603515625,622.9188232421875,539.4949340820312
30,2290,129,0,car,0.9411171078681946,1264.625732421875,383.922607421875,1874.067626953125,911.36083984375,1569.3466796875,911.36083984375,609.44189453125,527.438232421875
30,2291,129,0,car,0.9269911646842957,1255.7392578125,360.4185791015625,1845.59033203125,869.3985595703125,1550.664794921875,869.3985595703125,589.85107421875,508.97998046875
30,2292,129,0,car,0.9302343726158142,1249.6258544921875,348.1278686523437,1830.4439697265625,847.203857421875,1540.034912109375,847.203857421875,580.818115234375,499.0759887695313
30,2293,129,0,car,0.931906759738922,1239.9732666015625,334.5387268066406,1809.1448974609373,820.6369018554688,1524.55908203125,820.6369018554688,569.171630859375,486.0981750488281
30,2294,129,0,car,0.9398075938224792,1232.0526123046875,318.1186218261719,1784.095703125,790.4478759765625,1508.0741577148438,790.4478759765625,552.0430908203125,472.3292541503906
30,2295,129,0,car,0.9463524222373962,1225.053466796875,297.7877197265625,1761.781982421875,762.9594116210938,1493.417724609375,762.9594116210938,536.728515625,465.1716918945313
30,2296,129,0,car,0.9427959322929382,1214.28076171875,277.1654968261719,1733.341552734375,728.1925048828125,1473.8111572265625,728.1925048828125,519.060791015625,451.0270080566406
30,2297,129,0,car,0.9408156871795654,1209.034912109375,271.8711853027344,1719.0286865234375,709.78466796875,1464.0317993164062,709.78466796875,509.9937744140625,437.9134826660156
30,2298,129,0,car,0.9326547980308532,1200.9671630859375,258.0924377441406,1699.43310546875,681.2303466796875,1450.2001342773438,681.2303466796875,498.4659423828125,423.1379089355469
30,2299,129,0,car,0.9411166906356812,1192.18017578125,243.19468688964844,1680.9779052734375,658.95361328125,1436.5790405273438,658.95361328125,488.7977294921875,415.7589263916016
30,2300,129,0,car,0.9318436980247498,1181.812255859375,230.3850860595703,1659.5548095703125,634.1270141601562,1420.6835327148438,634.1270141601562,477.7425537109375,403.74192810058594
30,2301,129,0,car,0.9385759830474854,1175.7388916015625,212.1527404785156,1642.05029296875,609.0328369140625,1408.8945922851562,609.0328369140625,466.3114013671875,396.8800964355469
30,2302,129,0,car,0.9444745779037476,1169.9454345703125,197.43795776367188,1626.124755859375,582.1399536132812,1398.0350952148438,582.1399536132812,456.1793212890625,384.7019958496094
30,2303,129,0,car,0.9383097887039183,1161.361083984375,186.0140991210937,1609.2581787109375,560.5045776367188,1385.3096313476562,560.5045776367188,447.8970947265625,374.490478515625
30,2304,129,0,car,0.9292765259742736,1151.8057861328125,171.7841339111328,1592.110107421875,542.2498779296875,1371.9579467773438,542.2498779296875,440.3043212890625,370.4657440185547
30,2305,129,0,car,0.9313079118728638,1142.74560546875,155.8978729248047,1572.171630859375,521.4999389648438,1357.4586181640625,521.4999389648438,429.426025390625,365.6020660400391
30,2306,129,0,car,0.942158818244934,1134.267578125,144.13526916503906,1557.5517578125,499.7149658203125,1345.90966796875,499.7149658203125,423.2841796875,355.57969665527344
30,2307,129,0,car,0.940065860748291,1129.6416015625,133.53761291503906,1545.538818359375,479.55322265625,1337.5902099609375,479.55322265625,415.897216796875,346.01560974121094
30,2308,129,0,car,0.920593559741974,1125.0404052734375,118.03958129882812,1531.1793212890625,461.4161682128906,1328.10986328125,461.4161682128906,406.138916015625,343.3765869140625
30,2309,129,0,car,0.9334240555763244,1116.58203125,104.28166961669922,1521.1116943359375,442.9987182617188,1318.8468627929688,442.9987182617188,404.5296630859375,338.7170486450196
30,2310,129,0,car,0.934152603149414,1109.487548828125,91.4751968383789,1505.5352783203125,421.4899597167969,1307.5114135742188,421.4899597167969,396.0477294921875,330.014762878418
30,2311,129,0,car,0.9281880259513856,1103.8797607421875,79.80500793457031,1493.734619140625,403.71478271484375,1298.8071899414062,403.71478271484375,389.8548583984375,323.90977478027344
30,2312,129,0,car,0.9289721250534058,1095.5577392578125,67.93156433105469,1479.9439697265625,384.516845703125,1287.7508544921875,384.516845703125,384.38623046875,316.5852813720703
30,2313,129,0,car,0.929157853126526,1091.763671875,56.93360900878906,1469.7947998046875,367.59124755859375,1280.7792358398438,367.59124755859375,378.0311279296875,310.6576385498047
30,2314,129,0,car,0.9327386021614076,1086.6995849609375,45.09561920166016,1458.0726318359375,353.2534484863281,1272.3861083984375,353.2534484863281,371.373046875,308.157829284668
30,2315,129,0,car,0.9272902607917786,1081.9383544921875,31.78591537475586,1446.083251953125,336.4981384277344,1264.0108032226562,336.4981384277344,364.1448974609375,304.7122230529785
30,2316,129,0,car,0.932799994945526,1077.0615234375,21.90937614440918,1436.1728515625,318.7928771972656,1256.6171875,318.7928771972656,359.111328125,296.88350105285645
30,2317,129,0,car,0.9374153017997742,1072.3251953125,8.08193302154541,1423.6195068359375,302.9981689453125,1247.9723510742188,302.9981689453125,351.2943115234375,294.9162359237671
30,2318,129,0,car,0.9340885281562804,1070.09765625,0.0,1413.09375,289.6732788085937,1241.595703125,289.6732788085937,342.99609375,289.6732788085937
30,2319,129,0,car,0.9265413284301758,1063.3582763671875,0.0,1403.4888916015625,274.8838806152344,1233.423583984375,274.8838806152344,340.130615234375,274.8838806152344
30,2320,129,0,car,0.9201177954673768,1057.8551025390625,0.0,1393.775390625,264.13934326171875,1225.8152465820312,264.13934326171875,335.9202880859375,264.13934326171875
30,2321,129,0,car,0.9167553186416626,1053.3846435546875,0.0,1384.8458251953125,251.47935485839844,1219.115234375,251.47935485839844,331.461181640625,251.47935485839844
30,2322,129,0,car,0.9247549176216124,1048.598388671875,0.0,1372.5810546875,241.3852386474609,1210.5897216796875,241.3852386474609,323.982666015625,241.3852386474609
30,2323,129,0,car,0.9237070679664612,1043.408935546875,0.0,1362.4754638671875,226.34190368652344,1202.9421997070312,226.34190368652344,319.0665283203125,226.34190368652344
30,2324,129,0,car,0.9244046807289124,1039.257080078125,0.0,1354.74560546875,215.7152099609375,1197.0013427734375,215.7152099609375,315.488525390625,215.7152099609375
30,2325,129,0,car,0.912755250930786,1033.8763427734375,0.0,1346.09375,200.04006958007807,1189.9850463867188,200.04006958007807,312.2174072265625,200.04006958007807
30,2326,129,0,car,0.9265173077583312,1031.0706787109375,0.0,1335.770751953125,187.45904541015625,1183.4207153320312,187.45904541015625,304.7000732421875,187.45904541015625
30,2327,129,0,car,0.924402117729187,1026.844970703125,0.0,1326.68310546875,172.41238403320312,1176.7640380859375,172.41238403320312,299.838134765625,172.41238403320312
30,2328,129,0,car,0.9096757769584656,1023.2235717773438,0.6398345232009888,1319.6954345703125,158.27133178710938,1171.459503173828,158.27133178710938,296.47186279296875,157.6314972639084
30,2329,129,0,car,0.8965966105461121,1018.6171264648438,0.8872237205505371,1311.79248046875,147.74644470214844,1165.2048034667969,147.74644470214844,293.17535400390625,146.8592209815979
30,2330,129,0,car,0.8996065258979797,1013.3680419921876,1.0446414947509766,1306.0814208984375,138.94509887695312,1159.7247314453125,138.94509887695312,292.71337890625,137.90045738220215
30,2331,129,0,car,0.890446126461029,1010.3758544921876,1.7718846797943115,1296.195068359375,125.87361907958984,1153.2854614257812,125.87361907958984,285.8192138671875,124.10173439979552
30,2332,129,0,car,0.8921700119972229,1009.0021362304688,1.6817690134048462,1287.5765380859375,114.6815414428711,1148.2893371582031,114.6815414428711,278.57440185546875,112.99977242946623
30,2333,129,0,car,0.8916692733764648,1008.1817016601562,0.9972996115684508,1280.4212646484375,104.7929458618164,1144.3014831542969,104.7929458618164,272.23956298828125,103.79564625024796
30,2334,129,0,car,0.8783125877380371,1014.5025634765624,0.3583728075027466,1274.3360595703125,96.35910034179688,1144.4193115234375,96.35910034179688,259.83349609375,96.00072753429411
30,2335,129,0,car,0.8709756135940552,1017.6129150390624,2.190514326095581,1268.0045166015625,85.82343292236328,1142.8087158203125,85.82343292236328,250.3916015625,83.6329185962677
30,2336,129,0,car,0.8637011647224426,1020.9427490234376,2.603455066680908,1260.1903076171875,74.98358154296875,1140.5665283203125,74.98358154296875,239.24755859375,72.38012647628784
30,2337,129,0,car,0.8603918552398682,1019.6329345703124,2.629512310028076,1252.829345703125,66.122314453125,1136.2311401367188,66.122314453125,233.1964111328125,63.49280214309693
30,2338,129,0,car,0.92429119348526,1017.0762329101562,1.3385246992111206,1248.8841552734375,58.76103591918945,1132.9801940917969,58.76103591918945,231.80792236328125,57.42251121997833
31,2318,134,0,car,0.8766494989395142,671.4615478515625,436.7199096679688,1149.37841796875,1053.43310546875,910.4199829101562,1053.43310546875,477.9168701171875,616.7131958007812
31,2319,134,0,car,0.9267920255661012,671.5153198242188,417.8337707519531,1136.2003173828125,1025.9296875,903.8578186035156,1025.9296875,464.68499755859375,608.0959167480469
31,2320,134,0,car,0.9051885604858398,671.1683349609375,398.0162353515625,1126.53271484375,980.4866943359376,898.8505249023438,980.4866943359376,455.3643798828125,582.470458984375
31,2321,134,0,car,0.8931289911270142,671.130859375,378.4567260742188,1115.2601318359375,945.5711059570312,893.1954956054688,945.5711059570312,444.1292724609375,567.1143798828125
31,2322,134,0,car,0.7403658032417297,669.1989135742188,360.7581176757813,1098.24951171875,907.13818359375,883.7242126464844,907.13818359375,429.0505981445313,546.3800659179688
31,2323,134,0,car,0.8146659731864929,669.3384399414062,342.614013671875,1089.83740234375,869.7344360351562,879.5879211425781,869.7344360351562,420.49896240234375,527.1204223632812
31,2324,134,0,car,0.9071448445320128,668.5146484375,324.3614501953125,1076.6400146484375,828.5507202148438,872.5773315429688,828.5507202148438,408.1253662109375,504.1892700195313
31,2325,134,0,car,0.8557025790214539,668.18310546875,302.72802734375,1071.3792724609375,801.4838256835938,869.7811889648438,801.4838256835938,403.1961669921875,498.75579833984375
31,2326,134,0,car,0.7097816467285156,666.50830078125,290.7767639160156,1063.76513671875,770.5491333007812,865.13671875,770.5491333007812,397.2568359375,479.7723693847656
31,2327,134,0,car,0.8524780869483948,665.191162109375,288.83941650390625,1055.81982421875,739.4400634765625,860.5054931640625,739.4400634765625,390.628662109375,450.60064697265625
31,2328,134,0,car,0.9384750723838806,664.5419311523438,265.0301513671875,1048.7742919921875,715.985595703125,856.6581115722656,715.985595703125,384.23236083984375,450.9554443359375
31,2329,134,0,car,0.9504730701446532,662.3370361328125,246.7970428466797,1040.3558349609375,681.244873046875,851.346435546875,681.244873046875,378.018798828125,434.4478302001953
31,2330,134,0,car,0.950226068496704,660.500244140625,230.9496459960937,1032.82373046875,655.4882202148438,846.6619873046875,655.4882202148438,372.323486328125,424.53857421875
31,2331,134,0,car,0.9463246464729308,661.7229614257812,211.1939849853516,1026.685791015625,629.0540161132812,844.2043762207031,629.0540161132812,364.96282958984375,417.8600311279297
31,2332,134,0,car,0.9421198964118958,662.0260009765625,198.7533721923828,1022.1885986328124,605.9681396484375,842.1072998046875,605.9681396484375,360.16259765625,407.2147674560547
31,2333,134,0,car,0.9429755806922911,661.0078735351562,184.25254821777344,1017.0418090820312,581.6195068359375,839.0248413085938,581.6195068359375,356.033935546875,397.36695861816406
31,2334,134,0,car,0.9310077428817748,661.2277221679688,170.0367889404297,1011.3167724609376,558.200927734375,836.2722473144531,558.200927734375,350.08905029296875,388.1641387939453
31,2335,134,0,car,0.9288806915283204,659.7193603515625,159.7518310546875,1004.7153930664062,533.6585083007812,832.2173767089844,533.6585083007812,344.9960327148437,373.90667724609375
31,2336,134,0,car,0.9267477989196776,658.454345703125,147.58709716796875,998.3328247070312,511.1145324707031,828.3935852050781,511.1145324707031,339.87847900390625,363.5274353027344
31,2337,134,0,car,0.9242678880691528,662.5782470703125,133.1553955078125,992.522216796875,489.9295043945313,827.5502319335938,489.9295043945313,329.9439697265625,356.77410888671875
31,2338,134,0,car,0.9303695559501648,663.6410522460938,118.4874038696289,987.0855712890624,468.6958312988281,825.3633117675781,468.6958312988281,323.44451904296875,350.2084274291992
31,2339,134,0,car,0.9248436093330384,660.8775024414062,104.23931121826172,980.12255859375,449.3286437988281,820.5000305175781,449.3286437988281,319.2450561523437,345.0893325805664
31,2340,134,0,car,0.9247003793716432,661.6231689453125,88.05691528320312,975.9440307617188,427.2866821289063,818.7835998535156,427.2866821289063,314.32086181640625,339.2297668457031
31,2341,134,0,car,0.9255377650260924,659.33642578125,70.17212677001953,971.6928100585938,410.3464965820313,815.5146179199219,410.3464965820313,312.3563842773437,340.1743698120117
31,2342,134,0,car,0.929252862930298,660.486083984375,58.802734375,966.4962768554688,393.3932189941406,813.4911804199219,393.3932189941406,306.0101928710937,334.5904846191406
31,2343,134,0,car,0.929624617099762,660.087890625,46.01266098022461,961.9816284179688,374.9100036621094,811.0347595214844,374.9100036621094,301.89373779296875,328.8973426818848
31,2344,134,0,car,0.9303600192070008,663.039794921875,32.088905334472656,958.4165649414062,355.79425048828125,810.7281799316406,355.79425048828125,295.37677001953125,323.7053451538086
31,2345,134,0,car,0.9284444451332092,660.4561767578125,17.84363555908203,953.8279418945312,338.5914611816406,807.1420593261719,338.5914611816406,293.37176513671875,320.7478256225586
31,2346,134,0,car,0.9313424825668336,659.553955078125,10.192060470581056,949.199951171875,319.5971984863281,804.376953125,319.5971984863281,289.64599609375,309.40513801574707
31,2347,134,0,car,0.926915168762207,659.7076416015625,7.379024028778076,946.2069702148438,303.02886962890625,802.9573059082031,303.02886962890625,286.49932861328125,295.6498456001282
31,2348,134,0,car,0.926109790802002,659.79736328125,3.494757652282715,942.0816040039062,283.8055114746094,800.9394836425781,283.8055114746094,282.28424072265625,280.31075382232666
31,2349,134,0,car,0.9307287335395812,657.284423828125,0.0,938.2149047851562,268.6343688964844,797.7496643066406,268.6343688964844,280.93048095703125,268.6343688964844
31,2350,134,0,car,0.93083655834198,661.4677124023438,0.0,933.7858276367188,255.1697540283203,797.6267700195312,255.1697540283203,272.318115234375,255.1697540283203
31,2351,134,0,car,0.923161804676056,665.0253295898438,0.0,928.0175170898438,244.2154541015625,796.5214233398438,244.2154541015625,262.9921875,244.2154541015625
31,2352,134,0,car,0.9299930334091188,663.1771240234375,0.0,923.7124633789062,230.9549102783203,793.4447937011719,230.9549102783203,260.53533935546875,230.9549102783203
31,2353,134,0,car,0.9324073791503906,663.4096069335938,1.03865385055542,919.4913940429688,216.1799774169922,791.4505004882812,216.1799774169922,256.081787109375,215.1413235664368
31,2354,134,0,car,0.9225021600723268,659.580322265625,0.2695371806621551,917.3316040039062,201.44107055664065,788.4559631347656,201.44107055664065,257.75128173828125,201.17153337597847
31,2355,134,0,car,0.9256224632263184,658.3999633789062,0.3223523497581482,913.938232421875,187.3768310546875,786.1690979003906,187.3768310546875,255.53826904296875,187.05447870492927
31,2356,134,0,car,0.92548805475235,658.3106079101562,1.2866746187210083,910.5809936523438,172.0442352294922,784.44580078125,172.0442352294922,252.2703857421875,170.75756061077118
31,2357,134,0,car,0.9159361720085144,659.542236328125,1.6183444261550903,906.9509887695312,160.43185424804688,783.2466125488281,160.43185424804688,247.40875244140625,158.81350982189178
31,2358,134,0,car,0.9156272411346436,657.4000244140625,0.7191088199615479,903.135986328125,148.10272216796875,780.2680053710938,148.10272216796875,245.7359619140625,147.3836133480072
31,2359,134,0,car,0.9071513414382936,659.0032348632812,1.3582520484924316,899.62353515625,136.5650177001953,779.3133850097656,136.5650177001953,240.62030029296875,135.20676565170288
31,2360,134,0,car,0.9113107323646544,659.5264282226562,1.574246525764465,896.672119140625,122.68650817871094,778.0992736816406,122.68650817871094,237.14569091796875,121.11226165294649
31,2361,134,0,car,0.9072074294090272,658.2181396484375,1.3358420133590698,892.642578125,111.2442626953125,775.4303588867188,111.2442626953125,234.4244384765625,109.90842068195344
31,2362,134,0,car,0.8966231346130371,655.2593383789062,0.880100667476654,889.5704956054688,99.92648315429688,772.4149169921875,99.92648315429688,234.3111572265625,99.04638248682022
31,2363,134,0,car,0.8657123446464539,653.3405151367188,2.381852149963379,887.091796875,88.4846420288086,770.2161560058594,88.4846420288086,233.75128173828125,86.10278987884521
31,2364,134,0,car,0.8643914461135864,653.1705932617188,2.099951982498169,882.7705078125,75.07901000976562,767.9705505371094,75.07901000976562,229.59991455078125,72.97905802726746
31,2365,134,0,car,0.9053940176963806,658.824951171875,0.6137916445732117,881.6150512695312,66.09082794189453,770.2200012207031,66.09082794189453,222.79010009765625,65.47703629732132
31,2366,134,0,car,0.8322228193283081,659.7301635742188,0.0,879.5203857421875,58.34906768798828,769.6252746582031,58.34906768798828,219.79022216796875,58.34906768798828
33,2333,140,0,car,0.9482694864273072,0.0725525096058845,480.0899658203125,455.55078125,1055.911865234375,227.8116668798029,1055.911865234375,455.4782287403941,575.8218994140625
33,2334,140,0,car,0.944973886013031,0.8919680118560791,464.9020080566406,458.0332336425781,1030.6392822265625,229.4626008272171,1030.6392822265625,457.1412656307221,565.7372741699219
33,2335,140,0,car,0.944750964641571,1.7738293409347534,450.92864990234375,459.6125183105469,999.9310913085938,230.6931738257408,999.9310913085938,457.8386889696121,549.00244140625
33,2336,140,0,car,0.943370282649994,1.4240851402282717,436.6790161132813,461.8984680175781,970.4070434570312,231.6612765789032,970.4070434570312,460.47438287734985,533.72802734375
33,2337,140,0,car,0.94472074508667,1.218759298324585,423.19140625,464.9456176757813,944.052490234375,233.0821884870529,944.052490234375,463.7268583774567,520.861083984375
33,2338,140,0,car,0.9431641697883606,1.0863702297210691,406.812255859375,467.0763244628906,917.760009765625,234.08134734630585,917.760009765625,465.9899542331696,510.94775390625
33,2339,140,0,car,0.944312870502472,1.906562089920044,392.6666564941406,470.3787841796875,888.7749633789062,236.14267313480377,888.7749633789062,468.47222208976746,496.1083068847656
33,2340,140,0,car,0.9385713338851928,4.933838367462158,376.7554626464844,474.1891174316406,865.711181640625,239.5614778995514,865.711181640625,469.25527906417847,488.9557189941406
33,2341,140,0,car,0.941431760787964,14.597983360290527,363.4386596679688,476.3433532714844,841.014892578125,245.47066831588745,841.014892578125,461.74536991119385,477.57623291015625
33,2342,140,0,car,0.9404998421669006,23.99995231628418,350.6603698730469,478.3684387207031,820.454833984375,251.18419551849365,820.454833984375,454.36848640441895,469.7944641113281
33,2343,140,0,car,0.9466851949691772,30.708654403686523,335.7897644042969,479.2734069824219,795.6196899414062,254.9910306930542,795.6196899414062,448.56475257873535,459.8299255371094
33,2344,140,0,car,0.9370543360710144,39.58185577392578,318.7445678710937,481.8184814453125,770.6233520507812,260.70016860961914,770.6233520507812,442.2366256713867,451.8787841796875
33,2345,140,0,car,0.9426766633987428,49.82358551025391,302.27752685546875,483.5657958984375,750.9185791015625,266.6946907043457,750.9185791015625,433.7422103881836,448.64105224609375
33,2346,140,0,car,0.9453185200691224,60.49239730834961,294.7498474121094,484.5880432128906,732.0658569335938,272.5402202606201,732.0658569335938,424.095645904541,437.3160095214844
33,2347,140,0,car,0.9467180967330932,68.0564193725586,285.3371276855469,486.5324401855469,714.3451538085938,277.29442977905273,714.3451538085938,418.4760208129883,429.0080261230469
33,2348,140,0,car,0.946936011314392,75.7385482788086,274.1395874023437,489.092041015625,689.5374755859375,282.4152946472168,689.5374755859375,413.3534927368164,415.39788818359375
33,2349,140,0,car,0.9366875886917114,84.18852996826172,261.2577819824219,493.0840759277344,668.5852661132812,288.63630294799805,668.5852661132812,408.8955459594727,407.3274841308594
33,2350,140,0,car,0.9361479878425598,91.38666534423828,247.9232788085937,496.1129150390625,649.6744384765625,293.7497901916504,649.6744384765625,404.7262496948242,401.7511596679688
33,2351,140,0,car,0.9361201524734496,102.28996276855467,233.8322296142578,497.0821228027344,632.5481567382812,299.68604278564453,632.5481567382812,394.7921600341797,398.7159271240234
33,2352,140,0,car,0.9418028593063354,111.75293731689452,222.89913940429688,497.9696960449219,616.660400390625,304.8613166809082,616.660400390625,386.21675872802734,393.7612609863281
33,2353,140,0,car,0.9421249628067015,119.02741241455078,214.0956573486328,500.8380432128906,596.4279174804688,309.9327278137207,596.4279174804688,381.81063079833984,382.332260131836
33,2354,140,0,car,0.928123652935028,125.991943359375,203.8798675537109,503.8968811035156,576.290771484375,314.9444122314453,576.290771484375,377.9049377441406,372.41090393066406
33,2355,140,0,car,0.9423280358314514,134.04478454589844,192.443115234375,507.5591735839844,558.9815063476562,320.8019790649414,558.9815063476562,373.51438903808594,366.5383911132813
33,2356,140,0,car,0.940545618534088,140.80995178222656,181.1171112060547,511.16796875,543.1243896484375,325.9889602661133,543.1243896484375,370.35801696777344,362.0072784423828
33,2357,140,0,car,0.932264804840088,147.06163024902344,170.57420349121094,513.288330078125,525.8640747070312,330.1749801635742,525.8640747070312,366.2266998291016,355.2898712158203
33,2358,140,0,car,0.9315009713172911,155.3558807373047,158.849609375,513.7662353515625,509.9923706054688,334.5610580444336,509.9923706054688,358.4103546142578,351.14276123046875
33,2359,140,0,car,0.9271637797355652,162.69631958007812,147.63372802734375,514.5239868164062,495.3542785644531,338.6101531982422,495.3542785644531,351.8276672363281,347.7205505371094
33,2360,140,0,car,0.9322778582572936,169.23822021484375,136.87208557128906,514.8021240234375,478.2018127441406,342.0201721191406,478.2018127441406,345.5639038085937,341.3297271728516
33,2361,140,0,car,0.9345752000808716,174.9439239501953,125.03710174560548,515.9639892578125,462.4183654785156,345.4539566040039,462.4183654785156,341.0200653076172,337.38126373291016
33,2362,140,0,car,0.9318151473999025,180.4423675537109,114.12496948242188,517.8490600585938,448.0107116699219,349.14571380615234,448.0107116699219,337.4066925048828,333.8857421875
33,2363,140,0,car,0.9273271560668944,185.31739807128903,103.54685974121094,520.5451049804688,432.7437133789063,352.9312515258789,432.7437133789063,335.2277069091797,329.1968536376953
33,2364,140,0,car,0.9320299625396729,191.112533569336,92.4391860961914,522.4837036132812,419.9146423339844,356.7981185913086,419.9146423339844,331.3711700439453,327.47545623779297
33,2365,140,0,car,0.9301463961601256,197.5914001464844,81.13003540039062,522.883544921875,406.002197265625,360.2374725341797,406.002197265625,325.2921447753906,324.8721618652344
33,2366,140,0,car,0.929589867591858,204.62506103515625,71.88185119628906,523.2880859375,391.0292663574219,363.9565734863281,391.0292663574219,318.6630249023437,319.1474151611328
33,2367,140,0,car,0.9301756024360656,212.49395751953125,63.90761947631836,525.8015747070312,376.3525390625,369.1477661132813,376.3525390625,313.3076171875,312.44491958618164
33,2368,140,0,car,0.931802213191986,217.73155212402344,54.75661849975586,526.6477661132812,361.5992126464844,372.18965911865234,361.5992126464844,308.9162139892578,306.8425941467285
33,2369,140,0,car,0.933599591255188,223.8788452148437,45.47946166992188,527.6131591796875,348.0120544433594,375.7460021972656,348.0120544433594,303.7343139648437,302.5325927734375
33,2370,140,0,car,0.9333289861679076,229.9748077392578,34.2931022644043,529.49658203125,334.4753112792969,379.7356948852539,334.4753112792969,299.5217742919922,300.1822090148926
33,2371,140,0,car,0.931666910648346,234.9849548339844,26.6781063079834,532.44384765625,319.9674377441406,383.7144012451172,319.9674377441406,297.4588928222656,293.2893314361572
33,2372,140,0,car,0.9346161484718324,238.4385528564453,18.62664794921875,535.0791625976562,304.357666015625,386.7588577270508,304.357666015625,296.64060974121094,285.73101806640625
33,2373,140,0,car,0.929923176765442,241.83612060546875,8.728702545166016,537.6875,292.0364074707031,389.7618103027344,292.0364074707031,295.85137939453125,283.3077049255371
33,2374,140,0,car,0.922575294971466,245.72183227539065,0.0,539.0426025390625,281.2596435546875,392.38221740722656,281.2596435546875,293.3207702636719,281.2596435546875
33,2375,140,0,car,0.9265964031219482,250.10302734375,0.0,541.1600341796875,270.94537353515625,395.6315307617188,270.94537353515625,291.0570068359375,270.94537353515625
33,2376,140,0,car,0.9283517003059388,255.4415435791016,0.0,541.9359741210938,262.2159729003906,398.68875885009766,262.2159729003906,286.4944305419922,262.2159729003906
33,2377,140,0,car,0.9279567003250122,259.56109619140625,0.0,544.3314819335938,251.26644897460932,401.9462890625,251.26644897460932,284.7703857421875,251.26644897460932
33,2378,140,0,car,0.9256870746612548,263.8879699707031,0.0,543.6972045898438,239.9154510498047,403.79258728027344,239.9154510498047,279.8092346191406,239.9154510498047
33,2379,140,0,car,0.9310505390167236,268.2816772460937,0.0,546.0773315429688,227.2481231689453,407.1795043945313,227.2481231689453,277.795654296875,227.2481231689453
33,2380,140,0,car,0.9351438879966736,273.16119384765625,0.0,546.2269897460938,216.409912109375,409.694091796875,216.409912109375,273.0657958984375,216.409912109375
33,2381,140,0,car,0.9269371628761292,278.2476806640625,0.0,546.77294921875,204.2266998291016,412.5103149414063,204.2266998291016,268.5252685546875,204.2266998291016
33,2382,140,0,car,0.9238359928131104,283.24871826171875,0.0,547.7218627929688,192.7007751464844,415.48529052734375,192.7007751464844,264.47314453125,192.7007751464844
33,2383,140,0,car,0.9181804060935974,286.54400634765625,0.0,548.6751708984375,180.07327270507812,417.6095886230469,180.07327270507812,262.13116455078125,180.07327270507812
33,2384,140,0,car,0.9191400408744812,289.3526306152344,0.0,548.9072265625,168.3695831298828,419.1299285888672,168.3695831298828,259.5545959472656,168.3695831298828
33,2385,140,0,car,0.912214696407318,293.0551452636719,0.0,549.2919311523438,159.0952606201172,421.1735382080078,159.0952606201172,256.2367858886719,159.0952606201172
33,2386,140,0,car,0.898949146270752,298.0738220214844,0.8224617838859558,550.8054809570312,149.48162841796875,424.4396514892578,149.48162841796875,252.73165893554688,148.6591666340828
33,2387,140,0,car,0.8977192044258118,303.3685302734375,3.288637399673462,552.3701171875,141.19798278808594,427.8693237304688,141.19798278808594,249.0015869140625,137.90934538841248
33,2388,140,0,car,0.9034165740013124,306.9174499511719,3.6455023288726807,552.5153198242188,129.9531707763672,429.7163848876953,129.9531707763672,245.59786987304688,126.3076684474945
33,2389,140,0,car,0.9078992009162904,309.7186279296875,2.212137460708618,552.0509033203125,118.58331298828124,430.884765625,118.58331298828124,242.332275390625,116.37117552757265
33,2390,140,0,car,0.901598334312439,312.1427917480469,0.8603236079216003,551.5181274414062,108.7630844116211,431.83045959472656,108.7630844116211,239.37533569335932,107.9027608036995
33,2391,140,0,car,0.8973963260650635,315.8321533203125,0.6801013946533203,552.6341552734375,101.38753509521484,434.233154296875,101.38753509521484,236.802001953125,100.70743370056152
33,2392,140,0,car,0.878951370716095,318.5557556152344,1.8120476007461548,551.9286499023438,91.42848205566406,435.24220275878906,91.42848205566406,233.37289428710932,89.61643445491791
33,2393,140,0,car,0.8760094046592712,322.9364929199219,2.743673086166382,552.3987426757812,79.2568130493164,437.6676177978516,79.2568130493164,229.46224975585932,76.51313996315002
33,2394,140,0,car,0.8618744611740112,326.8541259765625,2.618337631225586,552.197265625,69.69853210449219,439.5256958007813,69.69853210449219,225.3431396484375,67.0801944732666
33,2395,140,0,car,0.8441282510757446,330.9686584472656,1.834666013717652,551.9827270507812,62.30426406860352,441.4756927490234,62.30426406860352,221.0140686035156,60.46959805488586
33,2396,140,0,car,0.8067247867584229,335.5457458496094,1.4527037143707275,552.021728515625,53.70745086669922,443.7837371826172,53.70745086669922,216.4759826660156,52.25474715232849
32,2331,141,0,car,0.9386938214302064,1259.17236328125,491.468017578125,1882.4010009765625,1041.81298828125,1570.7866821289062,1041.81298828125,623.2286376953125,550.344970703125
32,2332,141,0,car,0.9267884492874146,1250.8284912109375,468.0032348632813,1853.5133056640625,1004.6282958984376,1552.1708984375,1004.6282958984376,602.684814453125,536.6250610351562
32,2333,141,0,car,0.9299120306968688,1240.3248291015625,446.3777465820313,1827.951416015625,965.3063354492188,1534.1381225585938,965.3063354492188,587.6265869140625,518.9285888671875
32,2334,141,0,car,0.9298607110977172,1229.8670654296875,427.0501098632813,1794.9898681640625,925.1239624023438,1512.428466796875,925.1239624023438,565.122802734375,498.0738525390625
32,2335,141,0,car,0.942365288734436,1222.0546875,404.2799072265625,1766.3734130859375,886.4149169921875,1494.2140502929688,886.4149169921875,544.3187255859375,482.135009765625
32,2336,141,0,car,0.9425369501113892,1213.8011474609375,384.0268859863281,1743.1102294921875,849.4962158203125,1478.4556884765625,849.4962158203125,529.30908203125,465.4693298339844
32,2337,141,0,car,0.9298974871635436,1204.8271484375,365.1138305664063,1721.65087890625,818.0814208984375,1463.239013671875,818.0814208984375,516.82373046875,452.9675903320313
32,2338,141,0,car,0.935985267162323,1193.2786865234375,345.251708984375,1696.7711181640625,783.0567626953125,1445.02490234375,783.0567626953125,503.492431640625,437.8050537109375
32,2339,141,0,car,0.9349390864372252,1184.3775634765625,316.33074951171875,1672.7481689453125,753.9666748046875,1428.5628662109375,753.9666748046875,488.37060546875,437.6359252929688
32,2340,141,0,car,0.9373063445091248,1175.2274169921875,295.390625,1649.7276611328125,724.1520385742188,1412.4775390625,724.1520385742188,474.500244140625,428.7614135742188
32,2341,141,0,car,0.9428616166114808,1166.638916015625,281.639892578125,1629.859375,691.4776611328125,1398.2491455078125,691.4776611328125,463.220458984375,409.8377685546875
32,2342,141,0,car,0.9391871094703674,1160.05126953125,269.3369445800781,1611.5980224609375,661.2827758789062,1385.8246459960938,661.2827758789062,451.5467529296875,391.9458312988281
32,2343,141,0,car,0.9272770285606384,1152.9849853515625,251.26626586914065,1594.6583251953125,637.9804077148438,1373.8216552734375,637.9804077148438,441.67333984375,386.7141418457031
32,2344,141,0,car,0.9270154237747192,1143.8642578125,230.5044708251953,1575.129150390625,614.3527221679688,1359.4967041015625,614.3527221679688,431.264892578125,383.84825134277344
32,2345,141,0,car,0.9454715847969056,1134.9581298828125,215.81710815429688,1556.9482421875,585.8486328125,1345.9531860351562,585.8486328125,421.9901123046875,370.0315246582031
32,2346,141,0,car,0.9462097883224488,1129.53662109375,200.5756072998047,1540.1016845703125,560.0960083007812,1334.8191528320312,560.0960083007812,410.5650634765625,359.52040100097656
32,2347,141,0,car,0.9257445931434632,1123.5797119140625,184.26950073242188,1525.4552001953125,537.8661499023438,1324.5174560546875,537.8661499023438,401.87548828125,353.5966491699219
32,2348,141,0,car,0.9392794370651244,1116.8072509765625,169.51132202148438,1510.4468994140625,519.7604370117188,1313.6270751953125,519.7604370117188,393.6396484375,350.2491149902344
32,2349,141,0,car,0.9157848954200744,1109.55859375,153.82774353027344,1498.06201171875,496.577880859375,1303.810302734375,496.577880859375,388.50341796875,342.7501373291016
32,2350,141,0,car,0.9301328659057616,1101.3741455078125,140.92901611328125,1483.4443359375,474.1061401367188,1292.4092407226562,474.1061401367188,382.0701904296875,333.1771240234375
32,2351,141,0,car,0.9221248030662536,1094.001953125,122.93060302734376,1468.7166748046875,453.9873352050781,1281.3593139648438,453.9873352050781,374.7147216796875,331.0567321777344
32,2352,141,0,car,0.9278650283813475,1086.935546875,106.19294738769533,1454.9532470703125,435.894775390625,1270.9443969726562,435.894775390625,368.0177001953125,329.7018280029297
32,2353,141,0,car,0.9265031814575196,1081.7626953125,99.2350845336914,1443.3594970703125,414.40673828125,1262.5610961914062,414.40673828125,361.5968017578125,315.1716537475586
32,2354,141,0,car,0.9227213859558104,1075.3546142578125,81.85111236572266,1432.1663818359375,396.1536254882813,1253.760498046875,396.1536254882813,356.811767578125,314.3025131225586
32,2355,141,0,car,0.924480438232422,1070.2222900390625,62.79207992553711,1418.2730712890625,376.1173706054688,1244.2476806640625,376.1173706054688,348.05078125,313.32529067993164
32,2356,141,0,car,0.92853581905365,1066.110595703125,53.64705657958984,1406.168701171875,358.7748107910156,1236.1396484375,358.7748107910156,340.05810546875,305.1277542114258
32,2357,141,0,car,0.921694278717041,1059.399169921875,25.44927406311035,1394.4476318359375,341.7244873046875,1226.9234008789062,341.7244873046875,335.0484619140625,316.27521324157715
32,2358,141,0,car,0.9287968277931212,1053.28515625,18.94353675842285,1384.628662109375,321.0653991699219,1218.9569091796875,321.0653991699219,331.343505859375,302.121862411499
32,2359,141,0,car,0.936899483203888,1047.7401123046875,10.297789573669434,1373.3941650390625,305.3531799316406,1210.567138671875,305.3531799316406,325.654052734375,295.0553903579712
32,2360,141,0,car,0.9300560355186462,1042.365234375,1.3778847455978394,1362.6627197265625,286.6961669921875,1202.5139770507812,286.6961669921875,320.2974853515625,285.31828224658966
32,2361,141,0,car,0.9369504451751708,1038.4610595703125,0.0,1353.3094482421875,268.61358642578125,1195.88525390625,268.61358642578125,314.848388671875,268.61358642578125
32,2362,141,0,car,0.929498016834259,1035.0570068359375,0.0,1343.16064453125,256.5128173828125,1189.1088256835938,256.5128173828125,308.1036376953125,256.5128173828125
32,2363,141,0,car,0.9256740212440492,1030.2392578125,0.0,1332.724365234375,245.00668334960932,1181.4818115234375,245.00668334960932,302.485107421875,245.00668334960932
32,2364,141,0,car,0.9260982275009156,1024.451416015625,0.0,1322.1298828125,229.8916778564453,1173.2906494140625,229.8916778564453,297.678466796875,229.8916778564453
32,2365,141,0,car,0.9264824390411376,1018.286865234375,0.0,1312.8665771484375,216.32229614257807,1165.5767211914062,216.32229614257807,294.5797119140625,216.32229614257807
32,2366,141,0,car,0.9230722188949584,1013.6334228515624,0.0,1304.8492431640625,201.27066040039065,1159.2413330078125,201.27066040039065,291.2158203125,201.27066040039065
32,2367,141,0,car,0.9287278652191162,1006.9737548828124,1.0596483945846558,1295.58544921875,185.22283935546875,1151.2796020507812,185.22283935546875,288.6116943359375,184.1631909608841
32,2368,141,0,car,0.9237669110298156,1004.5982055664062,0.5550371408462524,1285.82958984375,170.06332397460938,1145.213897705078,170.06332397460938,281.2313842773437,169.50828683376312
32,2369,141,0,car,0.9214658737182616,998.8221435546876,0.5994187593460083,1276.9422607421875,157.16525268554688,1137.8822021484375,157.16525268554688,278.1201171875,156.56583392620087
32,2370,141,0,car,0.9117564558982848,995.8076782226562,0.1142699122428894,1268.897705078125,145.9735870361328,1132.3526916503906,145.9735870361328,273.09002685546875,145.85931712388992
32,2371,141,0,car,0.8946367502212524,986.86865234375,0.8843159079551697,1261.31787109375,135.06838989257812,1124.09326171875,135.06838989257812,274.44921875,134.18407398462296
32,2372,141,0,car,0.8958703279495239,981.477294921875,1.636759877204895,1252.2396240234375,121.07645416259766,1116.8584594726562,121.07645416259766,270.7623291015625,119.43969428539276
32,2373,141,0,car,0.8911011815071106,979.3942260742188,0.9510749578475952,1243.0491943359375,107.54440307617188,1111.221710205078,107.54440307617188,263.65496826171875,106.59332811832428
32,2374,141,0,car,0.8874688744544983,980.06982421875,1.1465717554092407,1236.5103759765625,96.49402618408205,1108.2901000976562,96.49402618408205,256.4405517578125,95.3474544286728
32,2375,141,0,car,0.8685814142227173,984.2232666015624,3.1036784648895264,1229.7960205078125,85.23814392089844,1107.0096435546875,85.23814392089844,245.57275390625,82.13446545600891
32,2376,141,0,car,0.8693283200263977,986.2744140625,3.048435688018799,1222.6883544921875,73.22382354736328,1104.4813842773438,73.22382354736328,236.4139404296875,70.17538785934448
32,2377,141,0,car,0.8670867085456848,987.5842895507812,2.416757345199585,1215.4268798828125,65.17045593261719,1101.5055847167969,65.17045593261719,227.84259033203125,62.7536985874176
32,2378,141,0,car,0.8389479517936707,987.5266723632812,1.172332525253296,1208.1412353515625,52.96899032592773,1097.833953857422,52.96899032592773,220.61456298828125,51.79665780067444
34,2389,148,0,car,0.9325132966041564,1218.33447265625,420.0748901367188,1901.421630859375,1046.4783935546875,1559.8780517578125,1046.4783935546875,683.087158203125,626.4035034179688
34,2390,148,0,car,0.9392547607421876,1212.136962890625,393.8115539550781,1873.934814453125,1000.05859375,1543.035888671875,1000.05859375,661.7978515625,606.2470397949219
34,2391,148,0,car,0.933259665966034,1201.7451171875,369.8262939453125,1839.077880859375,950.7391357421876,1520.4114990234375,950.7391357421876,637.332763671875,580.912841796875
34,2392,148,0,car,0.9356080293655396,1190.6068115234375,346.3255310058594,1805.95654296875,899.6278076171875,1498.2816772460938,899.6278076171875,615.3497314453125,553.3022766113281
34,2393,148,0,car,0.9395096302032472,1179.6541748046875,319.1063842773437,1770.147705078125,853.1673583984375,1474.9009399414062,853.1673583984375,590.4935302734375,534.0609741210938
34,2394,148,0,car,0.9311244487762452,1168.5772705078125,295.13720703125,1741.2947998046875,810.2276611328125,1454.93603515625,810.2276611328125,572.717529296875,515.0904541015625
34,2395,148,0,car,0.9311711192131042,1160.3623046875,278.41455078125,1715.3065185546875,772.6532592773438,1437.8344116210938,772.6532592773438,554.9442138671875,494.23870849609375
34,2396,148,0,car,0.9262073636054992,1152.9573974609375,263.9866638183594,1680.136474609375,733.9384765625,1416.5469360351562,733.9384765625,527.1790771484375,469.9518127441406
34,2397,148,0,car,0.9351511597633362,1143.9056396484375,241.1488342285156,1654.3153076171875,690.815673828125,1399.1104736328125,690.815673828125,510.40966796875,449.6668395996094
34,2398,148,0,car,0.9382100105285645,1135.044921875,221.58897399902344,1632.4151611328125,657.1625366210938,1383.7300415039062,657.1625366210938,497.3702392578125,435.5735626220703
34,2399,148,0,car,0.9404293298721312,1126.3131103515625,201.7571258544922,1610.6611328125,628.836181640625,1368.4871215820312,628.836181640625,484.3480224609375,427.0790557861328
34,2400,148,0,car,0.9310447573661804,1115.02490234375,184.84695434570312,1586.7742919921875,591.6278686523438,1350.8995971679688,591.6278686523438,471.7493896484375,406.7809143066406
34,2401,148,0,car,0.9297687411308287,1107.152099609375,169.67242431640625,1561.036865234375,563.7059326171875,1334.094482421875,563.7059326171875,453.884765625,394.0335083007813
34,2402,148,0,car,0.9340646862983704,1098.3326416015625,151.73745727539062,1541.4298095703125,537.53857421875,1319.8812255859375,537.53857421875,443.09716796875,385.8011169433594
34,2403,148,0,car,0.93699049949646,1088.5306396484375,136.6593017578125,1523.924072265625,511.9637451171875,1306.2273559570312,511.9637451171875,435.3934326171875,375.304443359375
34,2404,148,0,car,0.9378812909126282,1081.8067626953125,118.6144561767578,1506.926513671875,482.2184753417969,1294.3666381835938,482.2184753417969,425.1197509765625,363.6040191650391
34,2405,148,0,car,0.943246841430664,1076.526123046875,101.2837905883789,1491.2474365234375,460.1600036621094,1283.8867797851562,460.1600036621094,414.7213134765625,358.87621307373047
34,2406,148,0,car,0.8889108300209045,1066.774658203125,86.079345703125,1476.9263916015625,433.1302795410156,1271.8505249023438,433.1302795410156,410.1517333984375,347.0509338378906
34,2407,148,0,car,0.9239488244056702,1061.900390625,69.94979858398438,1456.008056640625,408.68853759765625,1258.9542236328125,408.68853759765625,394.107666015625,338.7387390136719
34,2408,148,0,car,0.9182098507881165,1053.286376953125,55.48013687133789,1443.6595458984375,386.9494323730469,1248.4729614257812,386.9494323730469,390.3731689453125,331.469295501709
34,2409,148,0,car,0.9298551082611084,1045.9776611328125,40.08439636230469,1430.5091552734375,365.84814453125,1238.243408203125,365.84814453125,384.531494140625,325.7637481689453
34,2410,148,0,car,0.9256628155708312,1038.7471923828125,23.95865058898925,1414.56787109375,345.9608764648437,1226.6575317382812,345.9608764648437,375.8206787109375,322.0022258758545
34,2411,148,0,car,0.9329580068588256,1035.0875244140625,11.31593418121338,1402.3468017578125,321.7748107910156,1218.7171630859375,321.7748107910156,367.25927734375,310.45887660980225
34,2412,148,0,car,0.927062451839447,1031.4302978515625,0.6840916275978088,1389.4000244140625,300.86334228515625,1210.4151611328125,300.86334228515625,357.9697265625,300.17925065755844
34,2413,148,0,car,0.9290453791618348,1026.68896484375,0.0,1375.614013671875,285.9052124023437,1201.1514892578125,285.9052124023437,348.925048828125,285.9052124023437
34,2414,148,0,car,0.9228596687316896,1019.1026000976562,0.0,1360.7469482421875,266.776611328125,1189.924774169922,266.776611328125,341.64434814453125,266.776611328125
34,2415,148,0,car,0.9225099682807922,1012.3763427734376,0.0,1349.619140625,250.5488128662109,1180.9977416992188,250.5488128662109,337.2427978515625,250.5488128662109
34,2416,148,0,car,0.9148017168045044,1004.7738647460938,0.0,1341.374267578125,231.94384765625,1173.0740661621094,231.94384765625,336.60040283203125,231.94384765625
34,2417,148,0,car,0.914651095867157,999.6973266601562,0.0,1328.61474609375,214.00619506835932,1164.1560363769531,214.00619506835932,328.9174194335937,214.00619506835932
34,2418,148,0,car,0.912600576877594,994.3600463867188,0.0,1317.0789794921875,196.51547241210932,1155.7195129394531,196.51547241210932,322.71893310546875,196.51547241210932
34,2419,148,0,car,0.9138821959495544,990.8869018554688,0.0,1305.8590087890625,175.58883666992188,1148.3729553222656,175.58883666992188,314.9721069335937,175.58883666992188
34,2420,148,0,car,0.9124855399131776,989.1370849609376,4.323792934417725,1295.5057373046875,158.03118896484375,1142.3214111328125,158.03118896484375,306.36865234375,153.70739603042605
34,2421,148,0,car,0.8996688723564148,988.21875,4.762482643127441,1284.393798828125,147.1582794189453,1136.3062744140625,147.1582794189453,296.175048828125,142.39579677581787
34,2422,148,0,car,0.9077067375183104,983.1648559570312,1.9627776145935056,1277.25146484375,134.1703643798828,1130.2081604003906,134.1703643798828,294.08660888671875,132.2075867652893
34,2423,148,0,car,0.8894562721252441,979.7955322265624,1.3813096284866333,1266.424072265625,117.3938217163086,1123.1098022460938,117.3938217163086,286.6285400390625,116.01251208782196
34,2424,148,0,car,0.8948104381561279,980.3241577148438,1.3406511545181274,1258.58447265625,104.2022705078125,1119.4543151855469,104.2022705078125,278.26031494140625,102.86161935329436
34,2425,148,0,car,0.8804340958595276,981.2484741210938,1.9355000257492063,1246.6077880859375,91.8298110961914,1113.9281311035156,91.8298110961914,265.3593139648437,89.8943110704422
34,2426,148,0,car,0.8686323165893555,981.0892944335938,2.946540117263794,1239.1534423828125,79.8630599975586,1110.1213684082031,79.8630599975586,258.06414794921875,76.9165198802948
34,2427,148,0,car,0.8566270470619202,979.96923828125,2.94640851020813,1231.587890625,65.98595428466797,1105.778564453125,65.98595428466797,251.61865234375,63.03954577445984
34,2428,148,0,car,0.8335605263710022,979.5764770507812,2.919504165649414,1220.0936279296875,56.42197036743164,1099.8350524902344,56.42197036743164,240.51715087890625,53.50246620178223
35,2400,149,0,car,0.9459403157234192,0.0,417.3786926269531,449.62200927734375,1054.08935546875,224.81100463867188,1054.08935546875,449.62200927734375,636.7106628417969
35,2401,149,0,car,0.9530777335166932,0.0,393.9246215820313,454.7112121582031,1041.998291015625,227.3556060791016,1041.998291015625,454.7112121582031,648.0736694335938
35,2402,149,0,car,0.950131356716156,0.072380855679512,367.9875183105469,458.39892578125,1011.0087890625,229.2356533184648,1011.0087890625,458.3265449255705,643.0212707519531
35,2403,149,0,car,0.952355682849884,0.0180826503783464,345.5094909667969,460.1828308105469,968.8685302734376,230.1004567304626,968.8685302734376,460.1647481601685,623.3590393066406
35,2404,149,0,car,0.9472325444221495,0.1019968092441558,324.35614013671875,463.4687805175781,927.8497314453124,231.7853886634112,927.8497314453124,463.366783708334,603.4935913085938
35,2405,149,0,car,0.9503331780433656,0.0178892165422439,304.6513061523437,467.2895202636719,892.4738159179688,233.65370474010703,892.4738159179688,467.2716310471296,587.822509765625
35,2406,149,0,car,0.948622703552246,0.2001573592424392,286.3872985839844,471.9930725097656,858.5838012695312,236.09661493450403,858.5838012695312,471.7929151505232,572.1965026855469
35,2407,149,0,car,0.9433505535125732,0.9447604417800904,267.17340087890625,474.318115234375,819.169921875,237.6314378380776,819.169921875,473.3733547925949,551.9965209960938
35,2408,149,0,car,0.944029986858368,1.180946707725525,249.3515625,477.6500244140625,788.3175659179688,239.415485560894,788.3175659179688,476.469077706337,538.9660034179688
35,2409,149,0,car,0.9413290023803712,1.1636606454849243,231.5703582763672,480.1638793945313,762.6911010742188,240.6637700200081,762.6911010742188,479.0002187490463,531.1207427978516
35,2410,149,0,car,0.9440740942955016,1.173031210899353,215.31179809570312,481.6438293457031,735.2994995117188,241.40843027830124,735.2994995117188,480.4707981348038,519.9877014160156
35,2411,149,0,car,0.944786787033081,2.3252360820770264,198.7354278564453,484.1597595214844,704.015380859375,243.2424978017807,704.015380859375,481.83452343940735,505.2799530029297
35,2412,149,0,car,0.9408735036849976,4.271492004394531,179.7642364501953,485.7954406738281,675.3355712890625,245.03346633911133,675.3355712890625,481.5239486694336,495.5713348388672
35,2413,149,0,car,0.9427112936973572,12.979514122009276,166.50042724609375,487.2969970703125,648.6793212890625,250.1382555961609,648.6793212890625,474.3174829483032,482.1788940429688
35,2414,149,0,car,0.9486302137374878,25.999027252197266,153.2189483642578,490.7820129394531,626.4662475585938,258.3905200958252,626.4662475585938,464.7829856872559,473.247299194336
35,2415,149,0,car,0.926830530166626,40.02578353881836,142.04078674316406,494.13873291015625,599.6532592773438,267.0822582244873,599.6532592773438,454.1129493713379,457.6124725341797
35,2416,149,0,car,0.9303211569786072,56.74657440185547,126.958984375,496.4324645996094,575.3676147460938,276.5895195007324,575.3676147460938,439.6858901977539,448.40863037109375
35,2417,149,0,car,0.9169955253601074,69.86697387695312,112.4927978515625,499.7477111816406,550.3990478515625,284.8073425292969,550.3990478515625,429.8807373046875,437.90625
35,2418,149,0,car,0.9104057550430298,80.8603286743164,98.81673431396484,501.7650146484375,530.3306884765625,291.3126716613769,530.3306884765625,420.9046859741211,431.51395416259766
35,2419,149,0,car,0.7977011799812317,90.0813217163086,85.3191909790039,503.0415954589844,512.52392578125,296.5614585876465,512.52392578125,412.9602737426758,427.2047348022461
35,2420,149,2,others,0.8063796758651733,99.74353790283205,72.86670684814453,503.9234313964844,488.606689453125,301.8334846496582,488.606689453125,404.17989349365234,415.73998260498047
35,2421,149,0,car,0.8221348524093628,110.8202896118164,53.68601989746094,506.1539916992188,467.9719543457031,308.4871406555176,467.9719543457031,395.3337020874024,414.2859344482422
35,2422,149,0,car,0.8787536025047302,121.1225128173828,42.26823806762695,508.2850646972656,448.2330627441406,314.7037887573242,448.2330627441406,387.1625518798828,405.9648246765137
35,2423,149,0,car,0.8996323347091675,130.410400390625,29.15756797790528,510.0750122070313,433.1249084472656,320.2427062988281,433.1249084472656,379.6646118164063,403.9673404693604
35,2424,149,0,car,0.8874031901359558,136.71900939941406,18.29215240478516,512.4362182617188,415.123779296875,324.5776138305664,415.123779296875,375.7172088623047,396.8316268920898
35,2425,149,0,car,0.7426071763038635,143.79415893554688,7.507054805755615,513.1637573242188,393.4012451171875,328.4789581298828,393.4012451171875,369.3695983886719,385.8941903114319
35,2426,149,0,car,0.748184859752655,153.47486877441406,0.1300370991230011,518.6665649414062,373.7579650878906,336.07071685791016,373.7579650878906,365.1916961669922,373.6279279887676
35,2427,149,0,car,0.9033476114273072,160.0511016845703,0.0,522.275634765625,356.94512939453125,341.16336822509766,356.94512939453125,362.2245330810547,356.94512939453125
35,2428,149,0,car,0.9134998321533204,168.69924926757812,0.0,524.139892578125,339.6430969238281,346.4195709228516,339.6430969238281,355.4406433105469,339.6430969238281
35,2429,149,0,car,0.925655722618103,175.02365112304688,0.0,526.6099243164062,323.35748291015625,350.81678771972656,323.35748291015625,351.5862731933594,323.35748291015625
35,2430,149,0,car,0.9216251373291016,182.5587615966797,0.0,527.0347900390625,306.9403686523437,354.7967758178711,306.9403686523437,344.4760284423828,306.9403686523437
35,2431,149,0,car,0.9184846878051758,191.783920288086,0.0,529.4032592773438,293.39666748046875,360.5935897827149,293.39666748046875,337.6193389892578,293.39666748046875
35,2432,149,0,car,0.9236904978752136,200.52310180664065,0.0,531.4398193359375,278.93524169921875,365.98146057128906,278.93524169921875,330.9167175292969,278.93524169921875
35,2433,149,0,car,0.924802303314209,208.8065185546875,0.7862038612365723,531.0453491210938,265.6181945800781,369.9259338378906,265.6181945800781,322.23883056640625,264.83199071884155
35,2434,149,0,car,0.9279312491416932,215.23594665527344,1.3044171333312988,531.9822387695312,253.391342163086,373.6090927124024,253.391342163086,316.7462921142578,252.08692502975464
35,2435,149,0,car,0.9185212254524232,220.68698120117188,1.7952080965042114,535.1604614257812,236.43223571777344,377.92372131347656,236.43223571777344,314.4734802246094,234.63702762126923
35,2436,149,0,car,0.9211318492889404,227.24989318847656,1.6603846549987793,541.5488891601562,222.4451446533203,384.3993911743164,222.4451446533203,314.2989959716797,220.7847599983216
35,2437,149,0,car,0.920878767967224,235.2578125,1.856494784355164,547.5527954101562,209.3731842041016,391.4053039550781,209.3731842041016,312.29498291015625,207.5166894197464
35,2438,149,0,car,0.9256026148796082,240.6488494873047,1.2238117456436155,550.5654907226562,193.7154998779297,395.60717010498047,193.7154998779297,309.9166412353516,192.49168813228607
35,2439,149,0,car,0.9274041652679444,246.05145263671875,0.6300038695335388,552.05712890625,179.38241577148438,399.0542907714844,179.38241577148438,306.00567626953125,178.75241190195084
35,2440,149,0,car,0.929581344127655,253.1898651123047,0.7739146947860718,553.3427734375,165.52638244628906,403.2663192749024,165.52638244628906,300.1529083251953,164.752467751503
35,2441,149,0,car,0.920481264591217,259.1556396484375,0.7992598414421082,555.30615234375,154.93572998046875,407.23089599609375,154.93572998046875,296.1505126953125,154.13647013902664
35,2442,149,0,car,0.905463933944702,264.90997314453125,0.9288438558578492,555.1058349609375,142.87948608398438,410.0079040527344,142.87948608398438,290.19586181640625,141.95064222812653
35,2443,149,0,car,0.9046146273612976,269.94049072265625,1.885486721992493,554.8084716796875,131.15591430664062,412.3744812011719,131.15591430664062,284.86798095703125,129.27042758464813
35,2444,149,0,car,0.9031280279159546,277.71728515625,2.3933329582214355,557.2598876953125,117.46607208251952,417.4885864257813,117.46607208251952,279.5426025390625,115.0727391242981
35,2445,149,0,car,0.8949676752090454,283.82672119140625,2.29019832611084,555.609130859375,107.06330871582033,419.7179260253906,107.06330871582033,271.78240966796875,104.77311038970949
35,2446,149,0,car,0.8866589069366455,291.00897216796875,2.876015901565552,555.6256713867188,96.7525405883789,423.31732177734375,96.7525405883789,264.61669921875,93.87652468681335
35,2447,149,0,car,0.8544917702674866,297.80816650390625,3.25609827041626,552.5590209960938,86.99417114257812,425.18359375,86.99417114257812,254.7508544921875,83.73807287216187
35,2448,149,0,car,0.8669936060905457,302.70831298828125,2.855644702911377,550.307861328125,71.15811920166016,426.5080871582031,71.15811920166016,247.5995483398437,68.30247449874878
35,2449,149,0,car,0.8462831974029541,307.3522644042969,2.48065185546875,548.8657836914062,59.54426193237305,428.1090240478516,59.54426193237305,241.51351928710932,57.0636100769043
36,2461,151,0,car,0.9509058594703674,0.540795087814331,469.78363037109375,464.0325622558594,1051.9688720703125,232.28667867183685,1051.9688720703125,463.491767168045,582.1852416992188
36,2462,151,0,car,0.9463109970092772,0.815578818321228,455.4367065429688,467.91741943359375,1017.4088134765624,234.3664991259575,1017.4088134765624,467.1018406152725,561.9721069335938
36,2463,151,0,car,0.9403275847434998,0.8165727853775024,437.3575744628906,472.1339111328125,981.8607788085938,236.475241959095,981.8607788085938,471.317338347435,544.5032043457031
36,2464,151,0,car,0.940595805644989,0.9191474318504332,418.6064758300781,476.5460205078125,948.4752197265624,238.73258396983147,948.4752197265624,475.62687307596207,529.8687438964844
36,2465,151,0,car,0.9354997873306274,1.3351325988769531,396.1004943847656,479.2893371582031,911.0338745117188,240.31223487854004,911.0338745117188,477.9542045593262,514.9333801269531
36,2466,151,0,car,0.933965265750885,0.827810525894165,376.90826416015625,482.353271484375,877.654052734375,241.59054100513453,877.654052734375,481.5254609584808,500.7457885742188
36,2467,151,0,car,0.9378105998039246,2.709352970123291,359.8332824707031,484.51702880859375,849.3497924804688,243.6131908893585,849.3497924804688,481.80767583847046,489.5165100097656
36,2468,151,0,car,0.93724125623703,3.697000741958618,343.5790405273437,487.5940551757813,819.6621704101562,245.64552795887,819.6621704101562,483.8970544338226,476.0831298828125
36,2469,151,0,car,0.9427918195724488,13.653312683105469,322.72979736328125,491.7840881347656,790.1983642578125,252.71870040893555,790.1983642578125,478.13077545166016,467.4685668945313
36,2470,151,0,car,0.9385660886764526,22.280797958374023,308.7968139648437,494.5714111328125,766.3004150390625,258.42610454559326,766.3004150390625,472.2906131744385,457.5036010742188
36,2471,151,0,car,0.922903537750244,32.83400344848633,294.2072448730469,498.42919921875,740.9960327148438,265.63160133361816,740.9960327148438,465.5951957702637,446.7887878417969
36,2472,151,0,car,0.923934280872345,44.85040283203125,281.0831298828125,499.0524597167969,718.0767822265625,271.95143127441406,718.0767822265625,454.2020568847656,436.99365234375
36,2473,151,0,car,0.922225534915924,59.09602355957031,267.52392578125,501.0421447753906,690.8775024414062,280.06908416748047,690.8775024414062,441.9461212158203,423.35357666015625
36,2474,151,0,car,0.921203315258026,69.8494644165039,251.5747528076172,503.4996032714844,665.28759765625,286.67453384399414,665.28759765625,433.65013885498047,413.7128448486328
36,2475,151,0,car,0.9196734428405762,79.41867065429688,235.3836975097656,504.9954223632813,641.0428466796875,292.20704650878906,641.0428466796875,425.5767517089844,405.6591491699219
36,2476,151,0,car,0.932019293308258,89.99624633789062,221.36996459960932,506.5032348632813,619.4722290039062,298.24974060058594,619.4722290039062,416.5069885253906,398.1022644042969
36,2477,151,0,car,0.9332594275474548,99.07310485839844,208.3731689453125,507.5833435058594,599.5597534179688,303.3282241821289,599.5597534179688,408.51023864746094,391.18658447265625
36,2478,151,0,car,0.8808494806289673,109.6753921508789,198.1269378662109,507.2467041015625,577.8905639648438,308.4610481262207,577.8905639648438,397.5713119506836,379.7636260986328
36,2479,151,0,car,0.8866469860076904,118.36125946044922,183.8151397705078,510.3581237792969,558.2304077148438,314.35969161987305,558.2304077148438,391.99686431884766,374.415267944336
36,2480,151,0,car,0.8917455673217773,125.56195068359376,170.0410614013672,515.7069091796875,541.3908081054688,320.6344299316406,541.3908081054688,390.14495849609375,371.3497467041016
36,2481,151,0,car,0.8913801908493042,133.3479766845703,158.7383270263672,517.214111328125,523.55078125,325.28104400634766,523.55078125,383.8661346435547,364.8124542236328
36,2482,151,0,car,0.8503379821777344,141.63014221191406,146.766357421875,517.0230102539062,506.7732849121094,329.32657623291016,506.7732849121094,375.3928680419922,360.0069274902344
36,2483,151,0,car,0.8847683072090149,147.85838317871094,133.34217834472656,517.1969604492188,489.7727661132813,332.52767181396484,489.7727661132813,369.3385772705078,356.4305877685547
36,2484,151,0,car,0.929635226726532,155.6200714111328,120.46356201171876,518.9627685546875,470.4070739746094,337.29141998291016,470.4070739746094,363.3426971435547,349.9435119628906
36,2485,151,0,car,0.9215834140777588,163.72137451171875,110.47847747802734,519.56201171875,454.7350769042969,341.6416931152344,454.7350769042969,355.84063720703125,344.2565994262696
36,2486,151,0,car,0.918721079826355,170.6658935546875,100.81551361083984,520.5185546875,438.1512145996094,345.5922241210937,438.1512145996094,349.8526611328125,337.3357009887696
36,2487,151,0,car,0.9280604720115662,176.7986297607422,89.46001434326172,523.8602294921875,420.9410095214844,350.32942962646484,420.9410095214844,347.0615997314453,331.48099517822266
36,2488,151,0,car,0.9174602627754213,182.5691375732422,77.51262664794922,523.8765258789062,405.2883911132813,353.2228317260742,405.2883911132813,341.30738830566406,327.77576446533203
36,2489,151,0,car,0.9194908738136292,189.5348052978516,65.99111938476562,525.5458984375,390.4088439941406,357.5403518676758,390.4088439941406,336.01109313964844,324.417724609375
36,2490,151,0,car,0.9193604588508606,194.3614196777344,57.13812255859375,527.6945190429688,374.6720581054688,361.0279693603516,374.6720581054688,333.3330993652344,317.533935546875
36,2491,151,0,car,0.9255078434944152,200.79498291015625,48.07621383666992,530.484619140625,359.6506042480469,365.6398010253906,359.6506042480469,329.68963623046875,311.5743904113769
36,2492,151,0,car,0.9232133030891418,208.53456115722656,36.63708114624024,531.7925415039062,346.47369384765625,370.1635513305664,346.47369384765625,323.2579803466797,309.836612701416
36,2493,151,0,car,0.9206599593162536,214.65928649902344,26.29510498046875,532.2293701171875,333.35125732421875,373.4443283081055,333.35125732421875,317.57008361816406,307.05615234375
36,2494,151,0,car,0.922834575176239,219.2520751953125,16.730649948120117,533.167236328125,314.7568054199219,376.2096557617188,314.7568054199219,313.9151611328125,298.02615547180176
36,2495,151,0,car,0.925507128238678,224.5903167724609,7.875908374786377,533.49853515625,299.3139343261719,379.0444259643554,299.3139343261719,308.90821838378906,291.4380259513855
36,2496,151,0,car,0.918775737285614,228.3134765625,2.210987329483032,536.497802734375,287.61749267578125,382.4056396484375,287.61749267578125,308.184326171875,285.4065053462982
36,2497,151,0,car,0.9189627170562744,233.2887420654297,0.0,539.3875122070312,275.82342529296875,386.33812713623047,275.82342529296875,306.0987701416016,275.82342529296875
36,2498,151,0,car,0.9220096468925476,238.6006774902344,0.0,536.9891357421875,265.3970642089844,387.7949066162109,265.3970642089844,298.3884582519531,265.3970642089844
36,2499,151,0,car,0.914065420627594,243.18359375,0.0,541.7911376953125,252.58621215820312,392.48736572265625,252.58621215820312,298.6075439453125,252.58621215820312
36,2500,151,0,car,0.9233570098876952,248.4243011474609,0.0,544.2739868164062,239.3954467773437,396.3491439819336,239.3954467773437,295.8496856689453,239.3954467773437
36,2501,151,0,car,0.92853581905365,254.366928100586,0.0,543.6071166992188,226.15347290039065,398.9870223999024,226.15347290039065,289.2401885986328,226.15347290039065
36,2502,151,0,car,0.9228686094284058,259.68896484375,1.5247057676315308,545.5726928710938,214.4780731201172,402.6308288574219,214.4780731201172,285.8837280273437,212.95336735248569
36,2503,151,0,car,0.9209172129631042,263.590087890625,0.2042766064405441,547.95556640625,200.752182006836,405.7728271484375,200.752182006836,284.365478515625,200.5479054003954
36,2504,151,0,car,0.9131200909614564,267.2736511230469,0.0,549.5397338867188,188.500717163086,408.4066925048828,188.500717163086,282.2660827636719,188.500717163086
36,2505,151,0,car,0.9197791218757628,271.4801025390625,0.7429518103599548,550.9090576171875,175.29541015625,411.194580078125,175.29541015625,279.428955078125,174.55245834589005
36,2506,151,0,car,0.9118005633354188,277.5223388671875,4.275373458862305,550.9141845703125,163.33444213867188,414.21826171875,163.33444213867188,273.391845703125,159.05906867980957
36,2507,151,0,car,0.9026137590408324,283.75787353515625,3.0695509910583496,551.6527099609375,151.62197875976562,417.7052917480469,151.62197875976562,267.89483642578125,148.55242776870728
36,2508,151,0,car,0.9031882286071776,285.6790466308594,3.5035111904144287,554.6781616210938,141.5937957763672,420.17860412597656,141.5937957763672,268.9991149902344,138.09028458595276
36,2509,151,0,car,0.9069694876670836,287.5323181152344,2.8825037479400635,551.0699462890625,128.10096740722656,419.3011322021485,128.10096740722656,263.5376281738281,125.2184636592865
36,2510,151,0,car,0.9067618250846864,291.7871398925781,2.165290355682373,548.8972778320312,115.73773956298828,420.3422088623047,115.73773956298828,257.1101379394531,113.57244920730592
36,2511,151,0,car,0.8991261720657349,296.7640380859375,1.514193058013916,547.8643188476562,105.05706787109376,422.3141784667969,105.05706787109376,251.10028076171875,103.54287481307983
36,2512,151,0,car,0.8884640336036682,302.4902648925781,0.4391237199306488,548.2091064453125,95.4453125,425.3496856689453,95.4453125,245.7188415527344,95.00618878006937
36,2513,151,0,car,0.8836591243743896,306.4649658203125,2.36892318725586,548.3338012695312,84.22708129882812,427.3993835449219,84.22708129882812,241.86883544921875,81.85815811157227
36,2514,151,0,car,0.8751915097236633,310.07861328125,2.634481430053711,547.9144287109375,71.20552825927734,428.99652099609375,71.20552825927734,237.8358154296875,68.57104682922363
36,2515,151,0,car,0.8846473097801208,311.1799621582031,1.1472070217132568,549.3012084960938,62.07427597045898,430.2405853271485,62.07427597045898,238.12124633789065,60.92706894874573
37,2505,152,0,car,0.9406534433364868,704.6383056640625,379.9742431640625,1188.8797607421875,996.7982177734376,946.759033203125,996.7982177734376,484.241455078125,616.823974609375
37,2506,152,0,car,0.9378880858421326,702.9312133789062,337.326416015625,1164.5380859375,921.7474975585938,933.7346496582032,921.7474975585938,461.60687255859375,584.4210815429688
37,2507,152,0,car,0.9418845176696776,703.2434692382812,301.1238708496094,1148.2978515625,848.1340942382812,925.7706604003906,848.1340942382812,445.0543823242188,547.0102233886719
37,2508,152,0,car,0.9371827244758606,703.8192749023438,266.6881103515625,1129.2266845703125,773.532470703125,916.522979736328,773.532470703125,425.4074096679688,506.8443603515625
37,2509,152,0,car,0.9306929111480712,703.2528686523438,227.76043701171875,1109.46875,704.468017578125,906.360809326172,704.468017578125,406.21588134765625,476.7075805664063
37,2510,152,0,car,0.93884015083313,703.1500244140625,196.7000274658203,1092.0528564453125,648.2448120117188,897.6014404296875,648.2448120117188,388.90283203125,451.5447845458984
37,2511,152,0,car,0.934157371520996,702.0458984375,167.9788360595703,1079.04931640625,587.833984375,890.547607421875,587.833984375,377.00341796875,419.8551483154297
37,2512,152,0,car,0.937076985836029,697.966552734375,137.52989196777344,1066.80029296875,540.8544311523438,882.3834228515625,540.8544311523438,368.833740234375,403.3245391845703
37,2513,152,0,car,0.946008801460266,698.7571411132812,106.41178131103516,1055.2139892578125,489.9949340820313,876.9855651855469,489.9949340820313,356.45684814453125,383.5831527709961
37,2514,152,0,car,0.931973397731781,700.0861206054688,84.78221893310547,1046.920166015625,448.0823364257813,873.5031433105469,448.0823364257813,346.83404541015625,363.3001174926758
37,2515,152,0,car,0.9253407120704652,702.0860595703125,62.10149383544922,1035.560546875,409.9734191894531,868.8233032226562,409.9734191894531,333.4744873046875,347.8719253540039
37,2516,152,0,car,0.9240649342536926,703.0675659179688,41.80144119262695,1025.3160400390625,369.2083740234375,864.1918029785156,369.2083740234375,322.2484741210937,327.40693283081055
37,2517,152,0,car,0.9299624562263488,703.5287475585938,14.714366912841797,1015.41796875,334.5842590332031,859.4733581542969,334.5842590332031,311.88922119140625,319.8698921203613
37,2518,152,0,car,0.9320363998413086,704.6389770507812,1.5876131057739258,1011.7944946289062,299.4669189453125,858.2167358398438,299.4669189453125,307.155517578125,297.8793058395386
37,2519,152,0,car,0.9289804697036744,702.0388793945312,0.0,1005.3230590820312,266.1869812011719,853.6809692382812,266.1869812011719,303.2841796875,266.1869812011719
37,2520,152,0,car,0.9335147142410278,702.952392578125,0.0,994.2543334960938,238.642822265625,848.6033630371094,238.642822265625,291.30194091796875,238.642822265625
37,2521,152,0,car,0.9310805201530457,704.5162353515625,0.0,986.4033813476562,213.0722503662109,845.4598083496094,213.0722503662109,281.8871459960937,213.0722503662109
37,2522,152,0,car,0.9197094440460204,706.5745849609375,0.0,979.8566284179688,186.7032928466797,843.2156066894531,186.7032928466797,273.28204345703125,186.7032928466797
37,2523,152,0,car,0.9137688279151917,704.342529296875,0.0,973.2522583007812,160.73345947265625,838.7973937988281,160.73345947265625,268.90972900390625,160.73345947265625
37,2524,152,0,car,0.9199615716934204,702.5535278320312,0.0,968.74755859375,138.4327850341797,835.6505432128906,138.4327850341797,266.19403076171875,138.4327850341797
37,2525,152,0,car,0.8985437154769897,702.884765625,0.0,962.8834838867188,113.09471893310548,832.8841247558594,113.09471893310548,259.99871826171875,113.09471893310548
37,2526,152,0,car,0.8788476586341858,704.7529296875,1.4486759901046753,956.34375,94.8057861328125,830.54833984375,94.8057861328125,251.5908203125,93.35711014270782
37,2527,152,0,car,0.8656325936317444,705.4094848632812,2.2981503009796143,949.5961303710938,71.44696807861328,827.5028076171875,71.44696807861328,244.1866455078125,69.14881777763367
37,2528,152,0,car,0.903407871723175,707.6316528320312,0.0,945.3941040039062,53.49494552612305,826.5128784179688,53.49494552612305,237.762451171875,53.49494552612305
38,2535,155,0,car,0.8821966052055359,0.031306080520153,489.1070861816406,401.5023498535156,1059.763671875,200.7668279670179,1059.763671875,401.4710437729955,570.6565856933594
38,2536,155,0,car,0.9357488751411438,0.3503461480140686,469.3727111816406,405.8856201171875,1039.9544677734375,203.1179831326008,1039.9544677734375,405.53527396917343,570.5817565917969
38,2537,155,0,car,0.9251253008842468,0.7577288746833801,445.8357849121094,408.3562622070313,1003.8963012695312,204.5569955408573,1003.8963012695312,407.5985333323479,558.0605163574219
38,2538,155,0,car,0.941561222076416,0.2566148936748504,425.9918823242188,411.79638671875,968.6864624023438,206.02650080621245,968.6864624023438,411.5397718250752,542.694580078125
38,2539,155,0,car,0.9354729056358336,0.0689769610762596,408.4056396484375,414.237060546875,930.2432861328124,207.15301875397563,930.2432861328124,414.16808358579874,521.837646484375
38,2540,155,0,car,0.9090267419815063,0.3961331248283386,389.1834716796875,417.3782958984375,895.7833862304688,208.8872145116329,895.7833862304688,416.9821627736092,506.5999145507813
38,2541,155,0,car,0.9224354028701782,0.595828115940094,369.1380004882813,421.4810791015625,863.3115234375,211.0384536087513,863.3115234375,420.8852509856224,494.1735229492188
38,2542,155,0,car,0.9265718460083008,1.9083962440490725,350.135498046875,427.8837585449219,830.10693359375,214.89607739448547,830.10693359375,425.9753623008728,479.971435546875
38,2543,155,0,car,0.8935062885284424,1.1673985719680786,328.1750793457031,430.4999084472656,802.1674194335938,215.83365350961685,802.1674194335938,429.3325098752976,473.9923400878906
38,2544,155,0,car,0.9302546977996826,1.070126175880432,313.4066162109375,435.08441162109375,774.1578369140625,218.0772688984871,774.1578369140625,434.0142854452133,460.751220703125
38,2545,155,0,car,0.9366764426231384,2.5882699489593506,298.34295654296875,438.97650146484375,746.8342895507812,220.78238570690155,746.8342895507812,436.3882315158844,448.4913330078125
38,2546,155,0,car,0.9383085370063782,12.799424171447754,288.55645751953125,443.4542236328125,721.5233154296875,228.12682390213013,721.5233154296875,430.6547994613648,432.96685791015625
38,2547,155,0,car,0.9497902393341064,21.30572891235352,271.8345031738281,446.4759826660156,692.5280151367188,233.89085578918457,692.5280151367188,425.1702537536621,420.6935119628906
38,2548,155,0,car,0.9433375000953674,32.17201614379883,255.6421356201172,449.6669616699219,664.4072265625,240.91948890686035,664.4072265625,417.4949455261231,408.7650909423828
38,2549,155,0,car,0.9420343041419984,41.84264373779297,241.34130859375,451.8751831054688,640.9813232421875,246.8589134216309,640.9813232421875,410.0325393676758,399.6400146484375
38,2550,155,0,car,0.9100574851036072,52.02690887451172,227.3939514160156,454.6153564453125,619.51513671875,253.3211326599121,619.51513671875,402.5884475708008,392.1211853027344
38,2551,155,0,car,0.9461970925331116,64.29077911376953,211.0785980224609,457.33984375,595.2637939453125,260.8153114318848,595.2637939453125,393.04906463623047,384.1851959228516
38,2552,155,0,car,0.9247182011604308,73.6188735961914,198.5672149658203,459.2619018554688,572.8739624023438,266.4403877258301,572.8739624023438,385.6430282592773,374.3067474365234
38,2553,155,0,car,0.9016088247299194,84.6298828125,184.7068328857422,464.5646667480469,552.77587890625,274.59727478027344,552.77587890625,379.9347839355469,368.0690460205078
38,2554,155,0,car,0.9115317463874816,94.60636901855467,171.42149353027344,466.8001098632813,532.4823608398438,280.703239440918,532.4823608398438,372.19374084472656,361.0608673095703
38,2555,155,0,car,0.9249762892723083,103.57765197753906,160.26100158691406,469.1965026855469,512.6417846679688,286.38707733154297,512.6417846679688,365.6188507080078,352.3807830810547
38,2556,155,0,car,0.9172056913375854,112.82598114013672,149.59812927246094,471.8945007324219,496.2229614257813,292.3602409362793,496.2229614257813,359.0685195922852,346.6248321533203
38,2557,155,0,car,0.9299691319465636,120.17811584472656,136.72833251953125,473.200439453125,476.5662841796875,296.6892776489258,476.5662841796875,353.02232360839844,339.83795166015625
38,2558,155,0,car,0.9265378713607788,127.0682601928711,121.6166763305664,473.7586975097656,459.4052429199219,300.4134788513184,459.4052429199219,346.69043731689453,337.78856658935547
38,2559,155,0,car,0.9222716093063354,136.3952178955078,109.50863647460938,475.9993591308594,442.7000427246094,306.1972885131836,442.7000427246094,339.6041412353516,333.19140625
38,2560,155,0,car,0.926034927368164,142.87686157226562,99.0414047241211,478.1729736328125,425.5140075683594,310.52491760253906,425.5140075683594,335.2961120605469,326.4726028442383
38,2561,155,0,car,0.9289185404777528,149.19091796875,86.99237060546875,479.7874450683594,408.4412231445313,314.4891815185547,408.4412231445313,330.5965270996094,321.4488525390625
38,2562,155,0,car,0.9288643002510072,155.70889282226562,73.2454833984375,480.7745971679688,394.8931884765625,318.2417449951172,394.8931884765625,325.0657043457031,321.647705078125
38,2563,155,0,car,0.9298221468925476,161.2518310546875,61.46445083618164,482.15863037109375,378.6286010742188,321.7052307128906,378.6286010742188,320.90679931640625,317.1641502380371
38,2564,155,0,car,0.9268350601196288,166.90650939941406,50.48288345336914,482.8601989746094,362.5280151367188,324.8833541870117,362.5280151367188,315.9536895751953,312.0451316833496
38,2565,155,0,car,0.9342780709266664,173.67919921875,41.43645095825195,483.5766906738281,348.7441711425781,328.62794494628906,348.7441711425781,309.8974914550781,307.3077201843262
38,2566,155,0,car,0.9274585247039796,179.83555603027344,31.651710510253903,486.5193786621094,332.5682067871094,333.1774673461914,332.5682067871094,306.68382263183594,300.91649627685547
38,2567,155,0,car,0.9223602414131165,185.5248107910156,24.46717071533203,488.8311767578125,313.13385009765625,337.17799377441406,313.13385009765625,303.3063659667969,288.6666793823242
38,2568,155,0,car,0.9301382303237916,190.9002685546875,14.737075805664062,490.17523193359375,298.7897033691406,340.5377502441406,298.7897033691406,299.27496337890625,284.05262756347656
38,2569,155,0,car,0.9289898872375488,196.436767578125,5.456491470336914,491.7664489746094,288.6354064941406,344.1016082763672,288.6354064941406,295.3296813964844,283.1789150238037
38,2570,155,0,car,0.930461585521698,202.84117126464844,0.0,494.8093566894531,278.490234375,348.8252639770508,278.490234375,291.9681854248047,278.490234375
38,2571,155,0,car,0.9220784902572632,208.5111541748047,0.0,497.141357421875,268.343505859375,352.82625579833984,268.343505859375,288.6302032470703,268.343505859375
38,2572,155,0,car,0.9247334003448486,213.4456329345703,0.0,498.586181640625,257.2466735839844,356.01590728759766,257.2466735839844,285.1405487060547,257.2466735839844
38,2573,155,0,car,0.9244171977043152,218.1138458251953,0.0,496.4763488769531,245.19174194335932,357.2950973510742,245.19174194335932,278.3625030517578,245.19174194335932
38,2574,155,0,car,0.9319363832473756,223.66455078125,0.0,494.9445495605469,231.1219024658203,359.30455017089844,231.1219024658203,271.2799987792969,231.1219024658203
38,2575,155,0,car,0.9298234581947328,228.96334838867188,0.0,495.5638732910156,220.14456176757807,362.26361083984375,220.14456176757807,266.6005249023437,220.14456176757807
38,2576,155,0,car,0.9246944785118104,236.43441772460932,0.0,496.1913757324219,207.3999938964844,366.3128967285156,207.3999938964844,259.7569580078125,207.3999938964844
38,2577,155,0,car,0.9162594079971312,240.7813873291016,0.0,497.7245178222656,195.0567779541016,369.2529525756836,195.0567779541016,256.94313049316406,195.0567779541016
38,2578,155,0,car,0.9237371683120728,251.51583862304688,0.0,502.2507629394531,173.47560119628906,376.88330078125,173.47560119628906,250.73492431640625,173.47560119628906
38,2579,155,0,car,0.9227203130722046,249.220458984375,0.0,499.411376953125,167.16778564453125,374.31591796875,167.16778564453125,250.19091796875,167.16778564453125
38,2580,155,0,car,0.9164024591445924,254.62966918945312,0.1310499012470245,498.53424072265625,156.33047485351562,376.5819549560547,156.33047485351562,243.90457153320312,156.1994249522686
38,2581,155,0,car,0.906071960926056,259.5198059082031,0.9292072653770448,497.5001220703125,146.92684936523438,378.5099639892578,146.92684936523438,237.98031616210932,145.99764209985733
38,2582,155,0,car,0.9054152369499208,261.5370788574219,2.177884578704834,498.0898132324219,135.0437469482422,379.8134460449219,135.0437469482422,236.552734375,132.86586236953735
38,2583,155,0,car,0.9051426649093628,264.7302551269531,2.9320969581604004,498.9071960449219,122.50245666503906,381.8187255859375,122.50245666503906,234.17694091796875,119.57035970687866
38,2584,155,0,car,0.9049910306930542,269.0484924316406,3.070186853408813,500.8997497558594,111.32598114013672,384.97412109375,111.32598114013672,231.85125732421875,108.2557942867279
38,2585,155,0,car,0.8995969295501709,273.8084411621094,2.7028849124908447,502.193359375,103.05453491210938,388.0009002685547,103.05453491210938,228.38491821289065,100.35164999961852
38,2586,155,0,car,0.8921523690223694,277.7330017089844,1.5282671451568604,502.8155212402344,95.08943939208984,390.2742614746094,95.08943939208984,225.08251953125,93.56117224693298
38,2587,155,0,car,0.9512157440185548,280.78668212890625,0.5215185284614563,503.0683898925781,84.50798797607422,391.9275360107422,84.50798797607422,222.28170776367188,83.98646944761276
38,2588,155,0,car,0.8817366361618042,284.6329650878906,0.4681061804294586,504.9154968261719,75.56880187988281,394.7742309570313,75.56880187988281,220.28253173828125,75.10069569945335
38,2589,155,0,car,0.951258659362793,290.5167541503906,0.7546057105064392,507.7959289550781,64.6209487915039,399.1563415527344,64.6209487915039,217.2791748046875,63.86634308099747
38,2590,155,0,car,0.9616860151290894,296.12530517578125,0.9534657597541808,507.8695373535156,54.78646087646485,401.9974212646485,54.78646087646485,211.7442321777344,53.83299511671066
39,2568,159,2,others,0.8340444564819336,742.9972534179688,384.6594848632813,1231.4630126953125,1048.1939697265625,987.2301330566406,1048.1939697265625,488.46575927734375,663.5344848632812
39,2569,159,2,others,0.6372228264808655,740.9580688476562,345.13800048828125,1205.4248046875,988.2897338867188,973.191436767578,988.2897338867188,464.46673583984375,643.1517333984375
39,2570,159,2,others,0.8004468083381653,739.1041870117188,305.2547912597656,1177.898681640625,917.752197265625,958.501434326172,917.752197265625,438.7944946289063,612.4974060058594
39,2571,159,2,others,0.805442214012146,735.9793701171875,276.7621459960937,1159.199462890625,855.2054443359375,947.5894165039062,855.2054443359375,423.2200927734375,578.4432983398438
39,2572,159,2,others,0.6498509645462036,734.6177368164062,248.8842010498047,1142.114501953125,789.8955688476562,938.3661193847656,789.8955688476562,407.4967651367188,541.0113677978516
39,2573,159,2,others,0.6800571084022522,734.550048828125,217.43101501464844,1129.5283203125,730.4931030273438,932.0391845703124,730.4931030273438,394.978271484375,513.0620880126953
39,2574,159,2,others,0.6512671709060669,722.4614868164062,189.1571655273437,1119.5777587890625,678.3289794921875,921.0196228027344,678.3289794921875,397.11627197265625,489.17181396484375
39,2575,159,0,car,0.8790875673294067,720.9139404296875,160.2161407470703,1077.95849609375,412.3226623535156,899.4362182617188,412.3226623535156,357.0445556640625,252.1065216064453
39,2576,159,0,car,0.8616357445716858,722.5926513671875,136.68228149414062,1058.0751953125,324.9419250488281,890.3339233398438,324.9419250488281,335.4825439453125,188.2596435546875
39,2577,159,0,car,0.8053143620491028,721.30126953125,110.74713134765624,1053.818359375,287.6062316894531,887.559814453125,287.6062316894531,332.51708984375,176.85910034179688
39,2579,159,0,car,0.7212021946907043,715.3778076171875,58.678619384765625,1036.27880859375,245.9736175537109,875.8283081054688,245.9736175537109,320.9010009765625,187.2949981689453
39,2580,159,0,car,0.9214534163475036,715.2024536132812,37.7633056640625,1037.6461181640625,255.5110626220703,876.4242858886719,255.5110626220703,322.44366455078125,217.7477569580078
39,2581,159,0,car,0.8761793971061707,717.7197265625,16.81290626525879,1037.8123779296875,330.0399780273437,877.7660522460938,330.0399780273437,320.0926513671875,313.22707176208496
39,2582,159,0,car,0.9361674785614014,719.2240600585938,0.0,1032.3154296875,343.2796630859375,875.7697448730469,343.2796630859375,313.09136962890625,343.2796630859375
39,2583,159,0,car,0.7865476608276367,721.2501831054688,0.0,1025.2913818359375,328.4877319335937,873.2707824707031,328.4877319335937,304.04119873046875,328.4877319335937
39,2584,159,0,car,0.9302210807800292,722.4210205078125,0.0,1018.7418823242188,304.50714111328125,870.5814514160156,304.50714111328125,296.32086181640625,304.50714111328125
39,2585,159,0,car,0.9144604206085204,723.7776489257812,0.6602752804756165,1014.582275390625,281.30010986328125,869.1799621582031,281.30010986328125,290.8046264648437,280.63983458280563
39,2586,159,0,car,0.9088481068611144,723.4401245117188,0.5262084007263184,1004.9329833984376,259.2007141113281,864.1865539550781,259.2007141113281,281.49285888671875,258.6745057106018
39,2587,159,0,car,0.9232275485992432,723.4219360351562,0.0,995.6649169921876,230.61813354492188,859.5434265136719,230.61813354492188,272.24298095703125,230.61813354492188
39,2588,159,0,car,0.9136337041854858,724.2453002929688,0.1455715298652649,988.3878173828124,204.5684356689453,856.3165588378906,204.5684356689453,264.1425170898437,204.42286413908005
39,2589,159,0,car,0.911929488182068,725.0343017578125,0.0,980.6633911132812,177.17015075683594,852.8488464355469,177.17015075683594,255.62908935546875,177.17015075683594
39,2590,159,0,car,0.9022788405418396,725.349365234375,0.0,973.1551513671876,154.21226501464844,849.2522583007812,154.21226501464844,247.8057861328125,154.21226501464844
39,2591,159,0,car,0.884083092212677,724.59814453125,0.0,968.909423828125,134.26531982421875,846.7537841796875,134.26531982421875,244.311279296875,134.26531982421875
39,2592,159,0,car,0.863141655921936,725.5751342773438,3.208905935287476,963.8878173828124,113.28312683105467,844.7314758300781,113.28312683105467,238.31268310546875,110.0742208957672
39,2593,159,0,car,0.8676027655601501,726.8049926757812,1.4298676252365112,956.8483276367188,99.08905029296876,841.82666015625,99.08905029296876,230.0433349609375,97.65918266773224
39,2594,159,0,car,0.8587044477462769,728.53515625,1.5709131956100464,951.26513671875,79.54331970214844,839.900146484375,79.54331970214844,222.72998046875,77.97240650653839
39,2595,159,0,car,0.8992664813995361,724.4266357421875,2.078915596008301,943.94921875,61.95469284057617,834.1879272460938,61.95469284057617,219.5225830078125,59.87577724456787
40,2578,163,0,car,0.9413729310035706,1267.9931640625,479.70556640625,1876.11181640625,1007.681396484375,1572.052490234375,1007.681396484375,608.11865234375,527.975830078125
40,2579,163,0,car,0.9294957518577576,1256.3255615234375,450.2270202636719,1849.8060302734373,963.1396484375,1553.0657958984375,963.1396484375,593.48046875,512.9126281738281
40,2580,163,0,car,0.9360342621803284,1238.04150390625,412.494873046875,1808.0501708984373,904.7266845703124,1523.0458374023438,904.7266845703124,570.0086669921875,492.2318115234375
40,2581,163,0,car,0.93963223695755,1223.5673828125,376.9440612792969,1764.5855712890625,848.4722290039062,1494.0764770507812,848.4722290039062,541.0181884765625,471.5281677246094
40,2582,163,0,car,0.9359635710716248,1209.8375244140625,340.7618103027344,1723.903076171875,790.2481079101562,1466.8703002929688,790.2481079101562,514.0655517578125,449.4862976074219
40,2583,163,0,car,0.9475122094154358,1191.2896728515625,300.9703063964844,1679.6971435546875,735.48193359375,1435.493408203125,735.48193359375,488.407470703125,434.5116271972656
40,2584,163,0,car,0.9399927258491516,1175.604248046875,270.5477600097656,1642.86669921875,681.6151123046875,1409.2354736328125,681.6151123046875,467.262451171875,411.0673522949219
40,2585,163,0,car,0.9401666522026062,1163.706787109375,238.7952423095703,1612.723876953125,635.9302978515625,1388.21533203125,635.9302978515625,449.01708984375,397.1350555419922
40,2586,163,0,car,0.9427292943000792,1150.16650390625,207.6185760498047,1578.0233154296875,590.4323120117188,1364.0949096679688,590.4323120117188,427.8568115234375,382.81373596191406
40,2587,163,0,car,0.9238751530647278,1137.190673828125,180.1088104248047,1549.7034912109375,548.1607666015625,1343.4470825195312,548.1607666015625,412.5128173828125,368.0519561767578
40,2588,163,0,car,0.950504720211029,1126.099365234375,152.12203979492188,1526.279541015625,511.2431945800781,1326.189453125,511.2431945800781,400.18017578125,359.12115478515625
40,2589,163,0,car,0.941386103630066,1115.364990234375,128.41307067871094,1501.66650390625,474.4608154296875,1308.5157470703125,474.4608154296875,386.301513671875,346.04774475097656
40,2590,163,0,car,0.9244433641433716,1105.207275390625,103.6475601196289,1478.813232421875,440.3431701660156,1292.01025390625,440.3431701660156,373.60595703125,336.6956100463867
40,2591,163,0,car,0.9332202672958374,1094.3985595703125,84.49239349365234,1458.308349609375,409.4493408203125,1276.3534545898438,409.4493408203125,363.9097900390625,324.95694732666016
40,2592,163,0,car,0.9342467188835144,1085.8421630859375,63.3665657043457,1438.401123046875,375.3116760253906,1262.1216430664062,375.3116760253906,352.5589599609375,311.9451103210449
40,2593,163,0,car,0.9328722953796388,1077.56201171875,42.35161209106445,1419.74951171875,345.759521484375,1248.65576171875,345.759521484375,342.1875,303.40790939331055
40,2594,163,0,car,0.9404837489128112,1069.2510986328125,21.312360763549805,1402.615478515625,317.4894714355469,1235.9332885742188,317.4894714355469,333.3643798828125,296.17711067199707
40,2595,163,0,car,0.9310537576675416,1062.4825439453125,2.634419679641724,1385.6966552734375,287.8818054199219,1224.089599609375,287.8818054199219,323.214111328125,285.2473857402801
40,2596,163,0,car,0.931465208530426,1053.342529296875,0.0,1369.0401611328125,262.4091186523437,1211.1913452148438,262.4091186523437,315.6976318359375,262.4091186523437
40,2597,163,0,car,0.9297624826431274,1046.35498046875,0.0,1353.257080078125,242.75265502929688,1199.8060302734375,242.75265502929688,306.902099609375,242.75265502929688
40,2598,163,0,car,0.9326804280281068,1039.93603515625,0.0,1337.5472412109375,220.41046142578125,1188.7416381835938,220.41046142578125,297.6112060546875,220.41046142578125
40,2599,163,0,car,0.927533745765686,1030.3072509765625,0.0,1320.748779296875,195.2544403076172,1175.5280151367188,195.2544403076172,290.4415283203125,195.2544403076172
40,2600,163,0,car,0.9292646646499634,1026.119873046875,0.0,1309.743896484375,173.25604248046875,1167.931884765625,173.25604248046875,283.6240234375,173.25604248046875
40,2601,163,0,car,0.9164473414421082,1019.34765625,0.0,1295.42578125,152.40550231933594,1157.38671875,152.40550231933594,276.078125,152.40550231933594
40,2602,163,0,car,0.9013392925262452,1011.3862915039062,0.0,1281.1614990234375,134.72113037109375,1146.273895263672,134.72113037109375,269.77520751953125,134.72113037109375
40,2603,163,0,car,0.9077892303466796,1004.8330078125,0.1870602369308471,1270.5775146484375,115.90762329101562,1137.7052612304688,115.90762329101562,265.7445068359375,115.72056305408478
40,2604,163,0,car,0.8891854286193848,1002.3035278320312,0.0355334877967834,1259.6478271484375,98.77474975585938,1130.9756774902344,98.77474975585938,257.34429931640625,98.7392162680626
40,2605,163,0,car,0.8859198093414307,1004.4302368164062,1.2099676132202148,1247.7799072265625,80.12185668945312,1126.1050720214844,80.12185668945312,243.34967041015625,78.91188907623291
40,2606,163,0,car,0.8815223574638367,1004.9916381835938,0.920885682106018,1240.153076171875,64.39576721191406,1122.5723571777344,64.39576721191406,235.16143798828125,63.47488152980805
41,2594,169,0,car,0.9449573159217834,0.0282904710620641,493.7007446289063,424.7131958007813,1059.7193603515625,212.37074313592169,1059.7193603515625,424.6849053297192,566.0186157226562
41,2595,169,0,car,0.9449151754379272,0.1498922407627105,467.6791687011719,430.5128784179688,1027.498779296875,215.33138532936573,1027.498779296875,430.3629861772061,559.8196105957031
41,2596,169,0,car,0.945817530155182,0.4319674074649811,445.3387145996094,434.79583740234375,989.9702758789062,217.6139024049044,989.9702758789062,434.3638699948788,544.6315612792969
41,2597,169,0,car,0.938075602054596,0.3416419625282287,423.9968566894531,437.3578186035156,953.59130859375,218.849730283022,953.59130859375,437.0161766409874,529.5944519042969
41,2598,169,0,car,0.9434389472007751,0.4224796891212463,402.2805786132813,440.5736083984375,914.0885009765624,220.49804404377937,914.0885009765624,440.15112870931625,511.8079223632813
41,2599,169,0,car,0.945780336856842,1.229301691055298,386.41644287109375,447.115234375,877.7510375976562,224.17226803302765,877.7510375976562,445.8859326839447,491.3345947265625
41,2600,169,0,car,0.9450051188468932,1.2511905431747437,365.30316162109375,450.2736511230469,845.8132934570312,225.7624208331108,845.8132934570312,449.0224605798721,480.5101318359375
41,2601,169,0,car,0.941137194633484,3.170933485031128,344.7366638183594,453.469970703125,809.1898193359375,228.3204520940781,809.1898193359375,450.2990372180939,464.4531555175781
41,2602,169,0,car,0.9404085874557496,3.4627625942230225,321.14794921875,456.433837890625,776.6680297851562,229.948300242424,776.6680297851562,452.971075296402,455.5200805664063
41,2603,169,0,car,0.9416192173957824,4.192748546600342,303.2551574707031,458.8551635742188,750.8896484375,231.52395606040955,750.8896484375,454.6624150276184,447.6344909667969
41,2604,169,0,car,0.9452569484710692,14.565860748291016,292.9165344238281,460.8489379882813,725.0684204101562,237.70739936828613,725.0684204101562,446.28307723999023,432.1518859863281
41,2605,169,0,car,0.9425005912780762,26.042423248291016,276.8893127441406,463.8883056640625,695.2182006835938,244.9653644561768,695.2182006835938,437.8458824157715,418.3288879394531
41,2606,169,0,car,0.9462528228759766,35.15829849243164,258.1400756835937,464.0794067382813,665.1962280273438,249.61885261535645,665.1962280273438,428.9211082458496,407.05615234375
41,2607,169,0,car,0.941479742527008,47.06656265258789,241.16232299804688,465.1739501953125,640.420654296875,256.1202564239502,640.420654296875,418.1073875427246,399.2583312988281
41,2608,169,0,car,0.9440196752548218,59.249244689941406,224.34176635742188,466.5851440429688,619.2091674804688,262.9171943664551,619.2091674804688,407.33589935302734,394.8674011230469
41,2609,169,0,car,0.952344000339508,68.52942657470703,206.1150054931641,467.4356384277344,594.0072021484375,267.9825325012207,594.0072021484375,398.90621185302734,387.89219665527344
41,2610,169,0,car,0.9510454535484314,77.249267578125,189.78602600097656,471.47564697265625,568.7106323242188,274.3624572753906,568.7106323242188,394.2263793945313,378.9246063232422
41,2611,169,0,car,0.9240801334381104,87.61686706542969,173.84902954101562,473.0451049804688,546.7513427734375,280.3309860229492,546.7513427734375,385.4282379150391,372.9023132324219
41,2612,169,0,car,0.9374472498893738,97.87519073486328,159.1134033203125,475.2984008789063,528.5379638671875,286.5867958068848,528.5379638671875,377.42321014404297,369.424560546875
41,2613,169,0,car,0.9212583303451538,108.67347717285156,145.60438537597656,477.6375732421875,506.8704833984375,293.1555252075196,506.8704833984375,368.964096069336,361.26609802246094
41,2614,169,0,car,0.9301774501800536,117.10567474365234,131.30845642089844,480.6848449707031,482.1498718261719,298.89525985717773,482.1498718261719,363.5791702270508,350.84141540527344
41,2615,169,0,car,0.9306910634040833,122.32514190673828,116.11911010742188,480.1990356445313,463.0312805175781,301.2620887756348,463.0312805175781,357.87389373779297,346.91217041015625
41,2616,169,0,car,0.9253748059272766,128.11634826660156,104.52719116210938,481.7533874511719,445.6115112304688,304.9348678588867,445.6115112304688,353.6370391845703,341.0843200683594
41,2617,169,0,car,0.9316073656082152,136.52969360351562,90.54312133789062,482.1867065429688,427.0950927734375,309.3582000732422,427.0950927734375,345.6570129394531,336.5519714355469
41,2618,169,0,car,0.9246646165847778,145.52581787109375,76.78203582763672,482.8428955078125,409.1355285644531,314.1843566894531,409.1355285644531,337.31707763671875,332.3534927368164
41,2619,169,0,car,0.9237385988235474,153.52239990234375,63.8606071472168,483.1142883300781,388.6069030761719,318.31834411621094,388.6069030761719,329.5918884277344,324.7462959289551
41,2620,169,0,car,0.9288767576217652,160.16648864746094,50.6334228515625,485.1958618164063,371.0535278320313,322.6811752319336,371.0535278320313,325.0293731689453,320.42010498046875
41,2621,169,0,car,0.9298436045646667,164.8155059814453,41.85097122192383,486.3822326660156,355.26690673828125,325.59886932373047,355.26690673828125,321.5667266845703,313.4159355163574
41,2622,169,0,car,0.9271206259727478,170.78668212890625,29.55624771118164,487.3145751953125,339.3330383300781,329.0506286621094,339.3330383300781,316.52789306640625,309.7767906188965
41,2623,169,0,car,0.9301683306694032,175.59326171875,19.318096160888672,489.6979370117188,319.8178405761719,332.6455993652344,319.8178405761719,314.10467529296875,300.4997444152832
41,2624,169,0,car,0.930503249168396,182.2446746826172,9.864124298095703,491.1394958496094,303.8648986816406,336.6920852661133,303.8648986816406,308.8948211669922,294.0007743835449
41,2625,169,0,car,0.9237149953842164,188.7722625732422,3.287334680557251,492.77252197265625,290.0286560058594,340.7723922729492,290.0286560058594,304.00025939941406,286.7413213253021
41,2626,169,0,car,0.9276239275932312,195.45822143554688,0.0,492.36517333984375,276.7524108886719,343.9116973876953,276.7524108886719,296.9069519042969,276.7524108886719
41,2627,169,0,car,0.9290112853050232,201.26031494140625,1.2321895360946655,491.2689514160156,263.73565673828125,346.26463317871094,263.73565673828125,290.0086364746094,262.5034672021866
41,2628,169,0,car,0.9242804646492004,207.10858154296875,0.0,491.3084716796875,247.55059814453125,349.2085266113281,247.55059814453125,284.19989013671875,247.55059814453125
41,2629,169,0,car,0.9229772686958312,212.2351531982422,0.0,493.6759643554688,234.3900451660156,352.95555877685547,234.3900451660156,281.44081115722656,234.3900451660156
41,2630,169,0,car,0.9297844171524048,216.41256713867188,0.0,494.3092346191406,219.71743774414065,355.36090087890625,219.71743774414065,277.89666748046875,219.71743774414065
41,2631,169,0,car,0.9209250807762146,222.5136260986328,0.0,494.4739685058594,204.63023376464844,358.4937973022461,204.63023376464844,271.96034240722656,204.63023376464844
41,2632,169,0,car,0.9211738705635072,226.6357421875,0.4035984873771667,495.1299743652344,192.29718017578125,360.8828582763672,192.29718017578125,268.4942321777344,191.89358168840408
41,2633,169,0,car,0.9238680005073548,229.2634429931641,0.0,496.2070007324219,176.88565063476562,362.73522186279297,176.88565063476562,266.9435577392578,176.88565063476562
41,2634,169,0,car,0.9131574630737304,235.8392639160156,1.4538999795913696,494.1974182128906,163.72132873535156,365.0183410644531,163.72132873535156,258.358154296875,162.2674287557602
41,2635,169,0,car,0.910368025302887,242.37350463867188,0.695764422416687,495.8250122070313,150.95480346679688,369.0992584228516,150.95480346679688,253.45150756835932,150.2590390443802
41,2636,169,0,car,0.9001486897468567,243.12950134277344,1.7180495262145996,495.0760803222656,140.61964416503906,369.10279083251953,140.61964416503906,251.9465789794922,138.90159463882446
41,2637,169,0,car,0.9024372100830078,245.6879730224609,1.939458131790161,494.9299926757813,124.88343811035156,370.3089828491211,124.88343811035156,249.2420196533203,122.9439799785614
41,2638,169,0,car,0.8939355611801147,250.40609741210932,0.9400981068611144,495.2864379882813,113.34894561767578,372.8462677001953,113.34894561767578,244.88034057617188,112.40884751081468
41,2639,169,0,car,0.8843536972999573,255.1620483398437,1.0016363859176636,496.3350524902344,102.13845825195312,375.7485504150391,102.13845825195312,241.17300415039065,101.13682186603546
41,2640,169,0,car,0.876491367816925,259.5321655273437,2.446918249130249,496.4763488769531,93.66647338867188,378.0042572021485,93.66647338867188,236.94418334960932,91.21955513954164
41,2641,169,0,car,0.8835344314575195,262.0421447753906,3.680852890014648,495.79925537109375,80.48707580566406,378.9207000732422,80.48707580566406,233.75711059570312,76.80622291564941
41,2642,169,0,car,0.8813174962997437,265.046875,3.3544459342956543,496.8741760253906,70.93852233886719,380.9605255126953,70.93852233886719,231.82730102539065,67.58407640457153
41,2643,169,0,car,0.8650524020195007,268.5674133300781,2.3527331352233887,497.39111328125,59.84381484985352,382.97926330566406,59.84381484985352,228.82369995117188,57.49108171463013
42,2612,170,0,car,0.9299928545951844,638.1311645507812,453.7463989257813,1089.9827880859375,1033.9869384765625,864.0569763183594,1033.9869384765625,451.85162353515625,580.2405395507812
42,2613,170,0,car,0.9368536472320556,642.3572998046875,414.589599609375,1079.981201171875,965.6709594726562,861.1692504882812,965.6709594726562,437.6239013671875,551.0813598632812
42,2614,170,0,car,0.9304030537605286,644.635498046875,377.5260314941406,1065.68310546875,897.2548217773438,855.1593017578125,897.2548217773438,421.047607421875,519.7287902832031
42,2615,170,0,car,0.9400624632835388,643.7529907226562,345.6250305175781,1051.3203125,828.516357421875,847.5366516113281,828.516357421875,407.56732177734375,482.8913269042969
42,2616,170,0,car,0.9316422939300536,646.5784912109375,307.2344665527344,1037.5953369140625,765.0308227539062,842.0869140625,765.0308227539062,391.016845703125,457.7963562011719
42,2617,170,0,car,0.9147633910179138,648.0061645507812,281.1661376953125,1026.4266357421875,712.1739501953125,837.2164001464844,712.1739501953125,378.4204711914063,431.0078125
42,2618,170,0,car,0.9307325482368468,648.851806640625,252.9911193847656,1016.295654296875,661.7330322265625,832.57373046875,661.7330322265625,367.44384765625,408.7419128417969
42,2619,170,0,car,0.9181841015815736,649.0392456054688,221.69320678710932,1008.0194091796876,612.8614501953125,828.5293273925781,612.8614501953125,358.98016357421875,391.1682434082031
42,2620,170,0,car,0.916644811630249,649.4033813476562,195.1978759765625,997.099853515625,566.2108764648438,823.2516174316406,566.2108764648438,347.69647216796875,371.0130004882813
42,2621,170,0,car,0.92766273021698,647.3395385742188,162.78453063964844,986.5800170898438,522.96044921875,816.9597778320312,522.96044921875,339.240478515625,360.1759185791016
42,2622,170,0,car,0.9296558499336244,645.3389892578125,137.67774963378906,975.4393920898438,484.0440368652344,810.3891906738281,484.0440368652344,330.10040283203125,346.3662872314453
42,2623,170,0,car,0.9290322065353394,647.7105102539062,114.25767517089844,965.3408813476562,447.9569091796875,806.5256958007812,447.9569091796875,317.63037109375,333.69923400878906
42,2624,170,0,car,0.9227784872055054,649.4188232421875,94.2021255493164,957.4495239257812,412.7995300292969,803.4341735839844,412.7995300292969,308.0307006835937,318.59740447998047
42,2625,170,0,car,0.9231413006782532,649.9205932617188,67.26457977294922,948.6709594726562,378.4527893066406,799.2957763671875,378.4527893066406,298.7503662109375,311.1882095336914
42,2626,170,0,car,0.9259808659553528,651.6094360351562,40.65362548828125,940.3859252929688,346.7198486328125,795.9976806640625,346.7198486328125,288.7764892578125,306.06622314453125
42,2627,170,0,car,0.929671049118042,649.5929565429688,20.859189987182617,933.5575561523438,314.81884765625,791.5752563476562,314.81884765625,283.964599609375,293.9596576690674
42,2628,170,0,car,0.9359451532363892,649.1680297851562,6.858897686004639,925.8601684570312,287.8129272460937,787.5140991210938,287.8129272460937,276.692138671875,280.9540295600891
42,2629,170,0,car,0.9316205978393556,649.5303344726562,0.0,921.37353515625,259.59576416015625,785.4519348144531,259.59576416015625,271.8432006835937,259.59576416015625
42,2630,170,0,car,0.9299014806747437,650.8587646484375,0.0,915.4539184570312,236.2112579345703,783.1563415527344,236.2112579345703,264.5951538085937,236.2112579345703
42,2631,170,0,car,0.9257465600967408,651.1913452148438,0.0,911.4166870117188,212.18426513671875,781.3040161132812,212.18426513671875,260.225341796875,212.18426513671875
42,2632,170,0,car,0.922495663166046,650.9994506835938,0.0,904.2708129882812,189.3729248046875,777.6351318359375,189.3729248046875,253.2713623046875,189.3729248046875
42,2633,170,0,car,0.9213855266571044,652.6806030273438,0.0,898.6538696289062,165.04705810546875,775.667236328125,165.04705810546875,245.9732666015625,165.04705810546875
42,2634,170,0,car,0.9055947065353394,653.6871337890625,0.5211573839187622,892.8900146484375,144.45578002929688,773.28857421875,144.45578002929688,239.202880859375,143.9346226453781
42,2635,170,0,car,0.9079848527908324,651.4459228515625,0.0,887.0899658203125,122.90062713623048,769.2679443359375,122.90062713623048,235.64404296875,122.90062713623048
42,2636,170,0,car,0.8971819281578064,646.6796875,0.0,882.3494262695312,103.6540069580078,764.5145568847656,103.6540069580078,235.66973876953125,103.6540069580078
42,2637,170,0,car,0.8709835410118103,643.8781127929688,1.8602808713912964,878.7957153320312,91.29632568359376,761.3369140625,91.29632568359376,234.9176025390625,89.43604481220245
42,2638,170,0,car,0.8459954261779785,643.31787109375,2.162726163864136,874.3584594726562,67.04730987548828,758.8381652832031,67.04730987548828,231.04058837890625,64.88458371162415
42,2639,170,0,car,0.7784099578857422,644.473388671875,0.9412806630134584,869.8123779296875,51.764461517333984,757.1428833007812,51.764461517333984,225.3389892578125,50.823180854320526
43,2623,171,0,car,0.936112105846405,1257.0997314453125,450.1275024414063,1917.2823486328125,1044.1832275390625,1587.1910400390625,1044.1832275390625,660.1826171875,594.0557250976562
43,2624,171,0,car,0.93779057264328,1240.7115478515625,408.4428405761719,1882.562255859375,978.6760864257812,1561.6369018554688,978.6760864257812,641.8507080078125,570.2332458496094
43,2625,171,0,car,0.9045838117599488,1225.7666015625,368.5372619628906,1844.8580322265625,910.8748779296876,1535.3123168945312,910.8748779296876,619.0914306640625,542.3376159667969
43,2626,171,0,car,0.935002624988556,1212.831298828125,337.0430908203125,1795.4083251953125,851.3619995117188,1504.1198120117188,851.3619995117188,582.5770263671875,514.3189086914062
43,2627,171,0,car,0.9082882404327391,1198.74462890625,297.8749694824219,1751.60498046875,790.83251953125,1475.1748046875,790.83251953125,552.8603515625,492.9575500488281
43,2628,171,0,car,0.933479368686676,1182.6285400390625,270.7201538085937,1712.7054443359375,733.9606323242188,1447.6669921875,733.9606323242188,530.076904296875,463.240478515625
43,2629,171,0,car,0.9188755750656128,1169.713623046875,240.7765045166016,1670.8280029296875,680.8856811523438,1420.2708129882812,680.8856811523438,501.1143798828125,440.1091766357422
43,2630,171,0,car,0.9202060699462892,1156.83740234375,212.9363555908203,1636.7607421875,630.9321899414062,1396.799072265625,630.9321899414062,479.92333984375,417.99583435058594
43,2631,171,0,car,0.8984299302101135,1145.42431640625,184.4722900390625,1608.6455078125,584.0944213867188,1377.034912109375,584.0944213867188,463.22119140625,399.62213134765625
43,2632,171,0,car,0.9115987420082092,1131.92333984375,158.5844268798828,1574.176513671875,541.9501342773438,1353.0499267578125,541.9501342773438,442.253173828125,383.36570739746094
43,2633,171,0,car,0.9373798966407776,1122.52685546875,135.61634826660156,1545.7662353515625,505.3346252441406,1334.1465454101562,505.3346252441406,423.2393798828125,369.7182769775391
43,2634,171,0,car,0.9137563109397888,1111.556640625,112.33942413330078,1519.6748046875,468.1914978027344,1315.61572265625,468.1914978027344,408.1181640625,355.8520736694336
43,2635,171,0,car,0.920823872089386,1099.4591064453125,90.21348571777344,1497.2933349609375,431.947998046875,1298.376220703125,431.947998046875,397.834228515625,341.7345123291016
43,2636,171,0,car,0.9218802452087402,1088.11328125,66.97943878173828,1477.155517578125,400.8340759277344,1282.6343994140625,400.8340759277344,389.042236328125,333.8546371459961
43,2637,171,0,car,0.9351707696914672,1081.418701171875,45.86260986328125,1456.93798828125,366.7308044433594,1269.1783447265625,366.7308044433594,375.519287109375,320.8681945800781
43,2638,171,0,car,0.9180338978767396,1074.616455078125,22.864107131958008,1436.3087158203125,338.1803283691406,1255.4625854492188,338.1803283691406,361.6922607421875,315.3162212371826
43,2639,171,0,car,0.9319653511047364,1069.1434326171875,5.468138694763184,1417.356689453125,309.2976379394531,1243.2500610351562,309.2976379394531,348.2132568359375,303.82949924468994
43,2640,171,0,car,0.9272797107696532,1062.239501953125,0.0,1401.132568359375,283.7668151855469,1231.68603515625,283.7668151855469,338.89306640625,283.7668151855469
43,2641,171,0,car,0.9232392311096193,1054.2159423828125,0.0,1382.9368896484375,260.5151672363281,1218.576416015625,260.5151672363281,328.720947265625,260.5151672363281
43,2642,171,0,car,0.9205948114395142,1047.408447265625,0.0,1365.6676025390625,235.097885131836,1206.5380249023438,235.097885131836,318.2591552734375,235.097885131836
43,2643,171,0,car,0.9225306510925292,1040.708251953125,0.0,1348.864501953125,212.07687377929688,1194.786376953125,212.07687377929688,308.15625,212.07687377929688
43,2644,171,0,car,0.911583662033081,1033.91259765625,0.0,1334.066162109375,186.9956512451172,1183.9893798828125,186.9956512451172,300.153564453125,186.9956512451172
43,2645,171,0,car,0.9021122455596924,1027.756591796875,0.7056258320808411,1319.033447265625,161.88516235351562,1173.39501953125,161.88516235351562,291.27685546875,161.17953652143478
43,2646,171,0,car,0.9068493843078612,1017.95654296875,0.0,1307.345947265625,142.90269470214844,1162.6512451171875,142.90269470214844,289.389404296875,142.90269470214844
43,2647,171,0,car,0.8857289552688599,1009.3800659179688,0.3562536239624023,1294.171142578125,123.54556274414062,1151.7756042480469,123.54556274414062,284.79107666015625,123.18930912017822
43,2648,171,0,car,0.8811699748039246,1006.4232177734376,0.625773012638092,1280.719970703125,104.6564712524414,1143.5715942382812,104.6564712524414,274.2967529296875,104.03069823980331
43,2649,171,0,car,0.8619481921195984,1013.050537109375,1.5202577114105225,1270.06640625,88.40518188476562,1141.5584716796875,88.40518188476562,257.015869140625,86.8849241733551
43,2650,171,0,car,0.8575473427772522,1022.5310668945312,2.58825159072876,1258.802978515625,69.52852630615234,1140.667022705078,69.52852630615234,236.2719116210937,66.94027471542358
43,2651,171,0,car,0.8403424024581909,1024.4720458984375,2.780606746673584,1249.3233642578125,56.337005615234375,1136.897705078125,56.337005615234375,224.851318359375,53.55639886856079
44,2663,177,0,car,0.9547922611236572,628.4122314453125,461.8848876953125,1065.067138671875,1035.676513671875,846.7396850585938,1035.676513671875,436.6549072265625,573.7916259765625
44,2664,177,0,car,0.9390336275100708,631.5059814453125,422.0136413574219,1053.0989990234375,975.4658813476562,842.302490234375,975.4658813476562,421.593017578125,553.4522399902344
44,2665,177,0,car,0.9452118873596193,633.5902709960938,389.0269165039063,1036.380126953125,908.9147338867188,834.9851989746094,908.9147338867188,402.7898559570313,519.8878173828125
44,2666,177,0,car,0.935387134552002,633.000732421875,356.9088134765625,1025.499755859375,851.0656127929688,829.250244140625,851.0656127929688,392.4990234375,494.1567993164063
44,2667,177,0,car,0.9312563538551332,633.878662109375,324.11834716796875,1012.9224853515624,792.8214111328125,823.4005737304688,792.8214111328125,379.0438232421875,468.70306396484375
44,2668,177,0,car,0.9222898483276368,634.0282592773438,294.6722412109375,999.9969482421876,740.1939697265625,817.0126037597656,740.1939697265625,365.96868896484375,445.521728515625
44,2669,177,0,car,0.925865888595581,633.3602905273438,269.6300964355469,990.4725341796876,688.0225219726562,811.9164123535156,688.0225219726562,357.1122436523437,418.3924255371094
44,2670,177,0,car,0.9174150824546814,636.0225219726562,236.5725860595703,979.6014404296876,644.20556640625,807.8119812011719,644.20556640625,343.57891845703125,407.6329803466797
44,2671,177,0,car,0.9369672536849976,633.2529296875,209.5562744140625,969.4816284179688,600.9296875,801.3672790527344,600.9296875,336.22869873046875,391.3734130859375
44,2672,177,0,car,0.9342272877693176,633.4421997070312,183.47125244140625,961.4390258789062,558.18017578125,797.4406127929688,558.18017578125,327.996826171875,374.70892333984375
44,2673,177,0,car,0.935695469379425,631.1143188476562,158.78082275390625,952.7893676757812,516.653564453125,791.9518432617188,516.653564453125,321.675048828125,357.87274169921875
44,2674,177,0,car,0.9295458793640136,631.9703979492188,135.8401641845703,943.6617431640624,479.1565246582031,787.8160705566406,479.1565246582031,311.6913452148437,343.3163604736328
44,2675,177,0,car,0.9377610087394714,630.6538696289062,111.93194580078124,935.256103515625,444.056884765625,782.9549865722656,444.056884765625,304.60223388671875,332.1249389648437
44,2676,177,0,car,0.9379879236221312,632.9976196289062,88.3519058227539,928.2933349609376,408.80804443359375,780.6454772949219,408.80804443359375,295.29571533203125,320.45613861083984
44,2677,177,0,car,0.9323403239250184,635.5532836914062,63.53932189941406,921.6823120117188,375.84326171875,778.6177978515625,375.84326171875,286.1290283203125,312.30393981933594
44,2678,177,0,car,0.93681138753891,635.78662109375,38.68779754638672,917.0245361328124,345.5317687988281,776.4055786132812,345.5317687988281,281.2379150390625,306.8439712524414
44,2679,177,0,car,0.937494933605194,635.0919799804688,22.749053955078125,911.185546875,314.0172119140625,773.1387634277344,314.0172119140625,276.09356689453125,291.2681579589844
44,2680,177,0,car,0.9353712797164916,632.9888916015625,6.180741786956787,903.2658081054688,286.9012451171875,768.1273498535156,286.9012451171875,270.27691650390625,280.7205033302307
44,2681,177,0,car,0.9396762251853944,632.9103393554688,0.0,896.5782470703125,262.6199035644531,764.7442932128906,262.6199035644531,263.6679077148437,262.6199035644531
44,2682,177,0,car,0.9369629621505736,631.2704467773438,0.0,890.5035400390625,240.0249786376953,760.8869934082031,240.0249786376953,259.23309326171875,240.0249786376953
44,2683,177,0,car,0.9302337765693665,633.3748168945312,0.0,884.8744506835938,216.6847381591797,759.1246337890625,216.6847381591797,251.4996337890625,216.6847381591797
44,2684,177,0,car,0.926046907901764,634.7188110351562,0.0,879.8413696289062,193.88607788085932,757.2800903320312,193.88607788085932,245.12255859375,193.88607788085932
44,2685,177,0,car,0.9258711338043212,635.6796875,0.0,874.6088256835938,170.74990844726562,755.1442565917969,170.74990844726562,238.9291381835937,170.74990844726562
44,2686,177,0,car,0.9089231491088868,638.5865478515625,0.0,870.6187744140625,149.6132354736328,754.6026611328125,149.6132354736328,232.0322265625,149.6132354736328
44,2687,177,0,car,0.90283864736557,639.7765502929688,0.0,867.4190063476562,131.76206970214844,753.5977783203125,131.76206970214844,227.6424560546875,131.76206970214844
44,2688,177,0,car,0.9027628898620604,640.1298828125,0.0,862.2515869140625,110.5827178955078,751.1907348632812,110.5827178955078,222.1217041015625,110.5827178955078
44,2689,177,0,car,0.889004647731781,639.1292114257812,0.0,859.3388671875,96.5466079711914,749.2340393066406,96.5466079711914,220.20965576171875,96.5466079711914
44,2690,177,0,car,0.8681516051292419,639.7264404296875,1.9365198612213133,856.287353515625,78.22205352783203,748.0068969726562,78.22205352783203,216.5609130859375,76.28553366661072
44,2691,177,0,car,0.90279221534729,640.6221313476562,0.8761465549468994,850.6229858398438,60.61612701416016,745.62255859375,60.61612701416016,210.0008544921875,59.73998045921326
45,2726,179,0,car,0.9534569978713988,368.2301025390625,423.5584716796875,848.01318359375,1055.54736328125,608.1216430664062,1055.54736328125,479.7830810546875,631.9888916015625
45,2727,179,0,car,0.95069420337677,380.373779296875,384.9742126464844,844.8528442382812,994.5167846679688,612.6133117675781,994.5167846679688,464.4790649414063,609.5425720214844
45,2728,179,0,car,0.94713294506073,390.6787109375,348.5678405761719,840.1522827148438,926.776123046875,615.4154968261719,926.776123046875,449.47357177734375,578.2082824707031
45,2729,179,0,car,0.9494749903678894,401.6348876953125,309.9321594238281,838.12451171875,863.5044555664062,619.8796997070312,863.5044555664062,436.4896240234375,553.5722961425781
45,2730,179,0,car,0.9386752247810364,410.1233825683594,284.1686096191406,833.964599609375,797.0307006835938,622.0439910888672,797.0307006835938,423.8412170410156,512.8620910644531
45,2731,179,0,car,0.9336577653884888,420.6340942382813,252.0722045898437,826.785400390625,740.4186401367188,623.7097473144531,740.4186401367188,406.15130615234375,488.346435546875
45,2732,179,0,car,0.9380077719688416,429.7446899414063,218.787841796875,824.9310302734375,684.8307495117188,627.3378601074219,684.8307495117188,395.1863403320313,466.04290771484375
45,2733,179,0,car,0.9381826519966124,441.200927734375,189.8808441162109,820.9644165039062,635.20361328125,631.0826721191406,635.20361328125,379.7634887695313,445.3227691650391
45,2734,179,0,car,0.945685625076294,450.200439453125,164.36598205566406,817.5455932617188,587.1275024414062,633.8730163574219,587.1275024414062,367.34515380859375,422.7615203857422
45,2735,179,0,car,0.9286965727806092,457.2784118652344,139.57643127441406,814.2152099609375,544.8642578125,635.7468109130859,544.8642578125,356.9367980957031,405.28782653808594
45,2736,179,0,car,0.944615602493286,463.56927490234375,114.83776092529295,815.0269165039062,505.914794921875,639.298095703125,505.914794921875,351.4576416015625,391.077033996582
45,2737,179,0,car,0.930854856967926,469.0975646972656,94.67608642578124,812.316650390625,466.2706298828125,640.7071075439453,466.2706298828125,343.2190856933594,371.5945434570313
45,2738,179,0,car,0.9233357906341552,476.049072265625,71.38402557373047,808.2180786132812,426.40283203125,642.1335754394531,426.40283203125,332.16900634765625,355.0188064575196
45,2739,179,0,car,0.9248127341270448,481.29339599609375,49.23869323730469,805.4173583984375,394.7682189941406,643.3553771972656,394.7682189941406,324.1239624023437,345.52952575683594
45,2740,179,0,car,0.9219409823417664,489.0325317382813,27.34023666381836,802.61181640625,361.1211242675781,645.8221740722656,361.1211242675781,313.57928466796875,333.78088760375977
45,2741,179,0,car,0.9250829815864564,494.3604736328125,8.694147109985352,801.9480590820312,329.0887756347656,648.1542663574219,329.0887756347656,307.58758544921875,320.3946285247803
45,2742,179,0,car,0.9334940314292908,499.2409057617188,0.0,798.98095703125,300.7597351074219,649.1109313964844,300.7597351074219,299.74005126953125,300.7597351074219
45,2743,179,0,car,0.9286329746246338,503.54925537109375,0.0,796.9735107421875,271.5775451660156,650.2613830566406,271.5775451660156,293.4242553710937,271.5775451660156
45,2744,179,0,car,0.9235313534736632,509.0126037597656,0.0,792.754150390625,247.91995239257807,650.8833770751953,247.91995239257807,283.7415466308594,247.91995239257807
45,2745,179,0,car,0.9252507090568542,514.8112182617188,0.0,790.1966552734375,220.1801300048828,652.5039367675781,220.1801300048828,275.38543701171875,220.1801300048828
45,2746,179,0,car,0.9162901639938354,520.1033935546875,0.0,788.7362060546875,196.65994262695312,654.4197998046875,196.65994262695312,268.6328125,196.65994262695312
45,2747,179,0,car,0.9125888347625732,521.4658813476562,0.0,787.7963256835938,171.52088928222656,654.631103515625,171.52088928222656,266.3304443359375,171.52088928222656
45,2748,179,0,car,0.9040328860282898,528.6194458007812,0.8290835022926331,787.1510620117188,149.4658203125,657.88525390625,149.4658203125,258.5316162109375,148.63673681020737
45,2749,179,0,car,0.891862690448761,529.4996948242188,0.1190099194645881,786.286376953125,131.06735229492188,657.8930358886719,131.06735229492188,256.78668212890625,130.9483423754573
45,2750,179,0,car,0.8879718780517578,532.4834594726562,0.1535872817039489,782.7569580078125,109.8747100830078,657.6202087402344,109.8747100830078,250.27349853515625,109.72112280130386
45,2751,179,0,car,0.8666681051254272,539.067138671875,2.0819520950317383,784.2052001953125,92.95651245117188,661.6361694335938,92.95651245117188,245.1380615234375,90.87456035614014
45,2752,179,0,car,0.855016827583313,543.4776611328125,3.070042610168457,784.9102172851562,73.5514144897461,664.1939392089844,73.5514144897461,241.4325561523437,70.48137187957764
45,2753,179,0,car,0.8517356514930725,541.4644165039062,0.8032996654510498,782.4140014648438,58.12472534179688,661.939208984375,58.12472534179688,240.9495849609375,57.32142567634583
46,2759,180,0,car,0.5893241763114929,645.9728393554688,474.7376708984375,1109.774169921875,1059.357666015625,877.8735046386719,1059.357666015625,463.8013305664063,584.6199951171875
46,2760,180,0,car,0.908269464969635,643.5106201171875,433.2712097167969,1089.7677001953125,1005.4589233398438,866.63916015625,1005.4589233398438,446.257080078125,572.1877136230469
46,2761,180,0,car,0.8785338997840881,645.3860473632812,394.0416870117188,1076.7886962890625,941.8675537109376,861.0873718261719,941.8675537109376,431.4026489257813,547.8258666992188
46,2762,180,0,car,0.9294434189796448,645.0761108398438,354.58447265625,1063.9395751953125,882.5170288085938,854.5078430175781,882.5170288085938,418.8634643554688,527.9325561523438
46,2763,180,0,car,0.8372482657432556,644.8538208007812,314.26776123046875,1051.287353515625,826.9508056640625,848.0705871582031,826.9508056640625,406.43353271484375,512.6830444335938
46,2764,180,0,car,0.9298603534698486,645.5279541015625,279.6644287109375,1035.2498779296875,774.9515991210938,840.388916015625,774.9515991210938,389.721923828125,495.28717041015625
46,2765,180,0,car,0.9186649322509766,645.4193725585938,253.8119659423828,1023.4777221679688,732.0494995117188,834.4485473632812,732.0494995117188,378.058349609375,478.237533569336
46,2766,180,0,car,0.93188738822937,643.5328979492188,219.8578948974609,1012.3020629882812,685.5576782226562,827.91748046875,685.5576782226562,368.7691650390625,465.6997833251953
46,2767,180,0,car,0.887876570224762,643.779541015625,188.6690826416016,1002.3898315429688,645.387451171875,823.0846862792969,645.387451171875,358.6102905273437,456.71836853027344
46,2768,180,0,car,0.8854139447212219,643.7011108398438,165.08798217773438,993.8526611328124,606.580810546875,818.7768859863281,606.580810546875,350.15155029296875,441.4928283691406
46,2769,180,0,car,0.9175785779953004,644.3211059570312,138.36328125,984.9801635742188,567.3272094726562,814.650634765625,567.3272094726562,340.6590576171875,428.96392822265625
46,2770,180,0,car,0.9206303358078004,643.8541259765625,115.61617279052734,975.934326171875,532.01611328125,809.8942260742188,532.01611328125,332.0802001953125,416.39994049072266
46,2771,180,0,car,0.9281156659126282,642.697265625,92.0175552368164,968.1368408203124,497.8302612304688,805.4170532226562,497.8302612304688,325.4395751953125,405.81270599365234
46,2772,180,0,car,0.919544756412506,640.8927001953125,70.6713638305664,958.833984375,464.3555908203125,799.8633422851562,464.3555908203125,317.9412841796875,393.6842269897461
46,2773,180,0,car,0.9081391096115112,640.1246948242188,48.07014846801758,949.7330932617188,432.5697021484375,794.9288940429688,432.5697021484375,309.6083984375,384.4995536804199
46,2774,180,0,car,0.9137538075447084,639.4310302734375,27.354448318481445,942.18603515625,400.8018798828125,790.8085327148438,400.8018798828125,302.7550048828125,373.4474315643311
46,2775,180,0,car,0.921452820301056,639.5076904296875,11.108759880065918,934.4247436523438,371.0349731445313,786.9662170410156,371.0349731445313,294.91705322265625,359.92621326446533
46,2776,180,0,car,0.9177393913269044,639.7447509765625,0.0,928.3160400390624,344.76910400390625,784.0303955078125,344.76910400390625,288.5712890625,344.76910400390625
46,2777,180,0,car,0.9183842539787292,639.9788818359375,0.0,923.358642578125,317.9359741210937,781.6687622070312,317.9359741210937,283.3797607421875,317.9359741210937
46,2778,180,0,car,0.9137352705001832,640.9331665039062,0.0,919.4031982421876,292.5462341308594,780.1681823730469,292.5462341308594,278.47003173828125,292.5462341308594
46,2779,180,0,car,0.9178215265274048,642.6336669921875,0.0,915.859130859375,271.03106689453125,779.2463989257812,271.03106689453125,273.2254638671875,271.03106689453125
46,2780,180,0,car,0.911729097366333,642.3753051757812,0.0,910.1962280273438,250.6877899169922,776.2857666015625,250.6877899169922,267.8209228515625,250.6877899169922
46,2781,180,0,car,0.9166380167007446,644.615966796875,0.0,904.35546875,229.41944885253903,774.4857177734375,229.41944885253903,259.739501953125,229.41944885253903
46,2782,180,0,car,0.9122324585914612,644.8043212890625,0.0,897.8975830078125,208.6655731201172,771.3509521484375,208.6655731201172,253.09326171875,208.6655731201172
46,2783,180,0,car,0.9244508743286132,644.512939453125,0.0,891.4271850585938,188.34539794921875,767.9700622558594,188.34539794921875,246.91424560546875,188.34539794921875
46,2784,180,0,car,0.9081417322158812,644.121826171875,0.0,886.1405029296875,167.29461669921875,765.1311645507812,167.29461669921875,242.0186767578125,167.29461669921875
46,2785,180,0,car,0.9007476568222046,645.1396484375,0.2608016729354858,882.0392456054688,147.89942932128906,763.5894470214844,147.89942932128906,236.89959716796875,147.63862764835358
46,2786,180,0,car,0.900053083896637,643.68359375,1.2612992525100708,879.4297485351562,128.86367797851562,761.5566711425781,128.86367797851562,235.74615478515625,127.60237872600555
46,2787,180,0,car,0.8945755958557129,643.3377685546875,0.8099675178527832,875.2142333984375,111.39495849609376,759.2760009765625,111.39495849609376,231.87646484375,110.58499097824097
46,2788,180,0,car,0.8817189335823059,643.5592041015625,1.7166659832000732,871.9360961914062,97.8606414794922,757.7476501464844,97.8606414794922,228.3768920898437,96.14397549629211
46,2789,180,0,car,0.8644664883613586,643.6047973632812,2.8301024436950684,867.1511840820312,86.23192596435547,755.3779907226562,86.23192596435547,223.54638671875,83.4018235206604
46,2790,180,0,car,0.8759182691574097,646.9197387695312,1.5688116550445557,863.8673095703125,67.40678405761719,755.3935241699219,67.40678405761719,216.94757080078125,65.83797240257263
46,2791,180,0,car,0.7862816452980042,649.3226928710938,1.4949195384979248,859.1365356445312,53.48838424682617,754.2296142578125,53.48838424682617,209.8138427734375,51.99346470832825
47,2797,181,0,car,0.9386317133903505,12.455228805541992,490.3152160644531,494.6711730957031,1054.9415283203125,253.56320095062256,1054.9415283203125,482.21594429016113,564.6263122558594
47,2798,181,0,car,0.9394895434379578,7.083640575408936,448.9435119628906,499.2210693359375,1004.5198974609376,253.1523549556732,1004.5198974609376,492.13742876052856,555.5763854980469
47,2799,181,0,car,0.9095893502235411,3.575364828109741,407.9136047363281,505.0383911132813,946.2113647460938,254.3068779706955,946.2113647460938,501.4630262851715,538.2977600097656
47,2800,181,0,car,0.9243265390396118,14.54150390625,367.3064575195313,505.8738098144531,886.5279541015625,260.2076568603516,886.5279541015625,491.3323059082031,519.2214965820312
47,2801,181,0,car,0.9302391409873962,32.36271667480469,325.74072265625,507.29345703125,826.400146484375,269.82808685302734,826.400146484375,474.9307403564453,500.659423828125
47,2802,181,0,car,0.7914600968360901,53.907833099365234,300.6859741210937,508.7581481933594,773.8446655273438,281.3329906463623,773.8446655273438,454.8503150939941,473.15869140625
47,2803,181,0,car,0.9101864695549012,72.34292602539062,272.7548217773437,513.764404296875,723.8308715820312,293.0536651611328,723.8308715820312,441.4214782714844,451.0760498046875
47,2804,181,0,car,0.8252756595611572,90.58958435058594,246.2136688232422,516.2578735351562,676.0157470703125,303.4237289428711,676.0157470703125,425.6682891845703,429.8020782470703
47,2805,181,0,car,0.8870041966438293,110.13093566894533,213.881103515625,519.1859130859375,631.0015869140625,314.6584243774414,631.0015869140625,409.0549774169922,417.1204833984375
47,2806,181,0,car,0.8439657688140869,125.32775115966795,184.2466278076172,523.4514770507812,585.7120971679688,324.3896141052246,585.7120971679688,398.1237258911133,401.4654693603516
47,2807,181,0,car,0.8774905800819397,140.4866943359375,155.8041229248047,525.794677734375,546.168701171875,333.14068603515625,546.168701171875,385.3079833984375,390.3645782470703
47,2808,181,0,car,0.9276940226554872,154.08229064941406,129.49998474121094,529.9553833007812,511.7021179199219,342.01883697509766,511.7021179199219,375.8730926513672,382.2021331787109
47,2809,181,0,car,0.9377059936523438,167.18321228027344,106.00659942626952,533.5294189453125,476.3311462402344,350.35631561279297,476.3311462402344,366.3462066650391,370.3245468139648
47,2810,181,0,car,0.9217066764831544,178.89588928222656,83.20550537109375,535.0699462890625,445.472900390625,356.98291778564453,445.472900390625,356.17405700683594,362.2673950195313
47,2811,181,0,car,0.9271379709243774,192.4916534423828,60.62334442138672,537.0350341796875,412.4119873046875,364.7633438110352,412.4119873046875,344.5433807373047,351.7886428833008
47,2812,181,0,car,0.9255167245864868,203.4371795654297,39.13449478149414,541.0155639648438,380.7108459472656,372.2263717651367,380.7108459472656,337.57838439941406,341.5763511657715
47,2813,181,0,car,0.913372039794922,215.6280059814453,20.785106658935547,542.5844116210938,351.10223388671875,379.10620880126953,351.10223388671875,326.95640563964844,330.3171272277832
47,2814,181,0,car,0.9262786507606506,224.5157470703125,4.908968925476074,544.0742797851562,321.1858215332031,384.2950134277344,321.1858215332031,319.5585327148437,316.27685260772705
47,2815,181,0,car,0.922536849975586,232.95608520507807,0.0,546.05712890625,294.3485717773437,389.50660705566406,294.3485717773437,313.1010437011719,294.3485717773437
47,2816,181,0,car,0.924179196357727,241.2533264160156,0.0,548.505859375,270.8670654296875,394.8795928955078,270.8670654296875,307.2525329589844,270.8670654296875
47,2817,181,0,car,0.925131618976593,249.139389038086,0.0,550.5895385742188,250.3648223876953,399.86446380615234,250.3648223876953,301.4501495361328,250.3648223876953
47,2818,181,0,car,0.925282657146454,258.964599609375,0.0,552.9862060546875,227.19688415527344,405.9754028320313,227.19688415527344,294.0216064453125,227.19688415527344
47,2819,181,0,car,0.9198744893074036,266.17449951171875,0.0,553.608642578125,204.54473876953125,409.8915710449219,204.54473876953125,287.43414306640625,204.54473876953125
47,2820,181,0,car,0.919447124004364,274.3055114746094,0.0,554.4368896484375,182.49530029296875,414.3712005615234,182.49530029296875,280.1313781738281,182.49530029296875
47,2821,181,0,car,0.9183908700942992,283.43829345703125,0.2355840355157852,556.441162109375,162.3021240234375,419.9397277832031,162.3021240234375,273.0028686523437,162.06653998792171
47,2822,181,0,car,0.899144172668457,291.4893798828125,1.4047523736953735,560.0906372070312,143.94798278808594,425.7900085449219,143.94798278808594,268.60125732421875,142.54323041439056
47,2823,181,0,car,0.90934956073761,297.61871337890625,1.7760263681411743,560.4799194335938,122.66688537597656,429.04931640625,122.66688537597656,262.8612060546875,120.8908590078354
47,2824,181,0,car,0.8993828892707825,305.7301940917969,0.3837257623672485,557.1416015625,103.19688415527344,431.4358978271485,103.19688415527344,251.41140747070312,102.8131583929062
47,2825,181,0,car,0.8711878657341003,312.3619384765625,1.6739405393600464,557.09619140625,86.47801971435547,434.7290649414063,86.47801971435547,244.7342529296875,84.80407917499542
47,2826,181,0,car,0.8637987375259399,320.3865661621094,1.7153178453445437,557.6424560546875,66.65068817138672,439.0145111083984,66.65068817138672,237.25588989257807,64.93537032604218
47,2827,181,0,car,0.8599593043327332,326.4708251953125,2.151707887649536,560.5135498046875,50.88750076293945,443.4921875,50.88750076293945,234.042724609375,48.73579287528992
48,2801,183,0,car,0.9404619336128236,1303.8106689453125,474.6164245605469,1888.07373046875,1056.9906005859375,1595.9421997070312,1056.9906005859375,584.2630615234375,582.3741760253906
48,2802,183,0,car,0.9414459466934204,1280.931396484375,439.1253356933594,1908.6810302734373,1005.4580688476562,1594.8062133789062,1005.4580688476562,627.7496337890625,566.3327331542969
48,2803,183,0,car,0.9406439065933228,1259.1802978515625,402.5233459472656,1900.256591796875,944.0887451171876,1579.7184448242188,944.0887451171876,641.0762939453125,541.5653991699219
48,2804,183,0,car,0.934128999710083,1242.1435546875,364.0405883789063,1867.4970703125,880.849609375,1554.8203125,880.849609375,625.353515625,516.8090209960938
48,2805,183,0,car,0.9335206151008606,1225.1468505859375,331.4462280273437,1825.572021484375,819.5827026367188,1525.3594360351562,819.5827026367188,600.4251708984375,488.136474609375
48,2806,183,0,car,0.9429603219032288,1210.5277099609375,291.7964782714844,1779.183349609375,760.8984985351562,1494.8555297851562,760.8984985351562,568.6556396484375,469.1020202636719
48,2807,183,0,car,0.9397449493408204,1195.5709228515625,264.8878173828125,1738.628662109375,706.6140747070312,1467.0997924804688,706.6140747070312,543.0577392578125,441.7262573242188
48,2808,183,0,car,0.9475098848342896,1179.1417236328125,230.2525177001953,1699.42138671875,657.924072265625,1439.2815551757812,657.924072265625,520.2796630859375,427.6715545654297
48,2809,183,0,car,0.9454659819602966,1165.607666015625,201.5258331298828,1660.5716552734375,610.451416015625,1413.0896606445312,610.451416015625,494.9639892578125,408.9255828857422
48,2810,183,0,car,0.9441905617713928,1153.8592529296875,177.44566345214844,1627.390625,564.688232421875,1390.6249389648438,564.688232421875,473.5313720703125,387.24256896972656
48,2811,183,0,car,0.9298192262649536,1140.6898193359375,151.25527954101562,1595.248291015625,527.306640625,1367.9690551757812,527.306640625,454.5584716796875,376.0513610839844
48,2812,183,0,car,0.9428953528404236,1128.182373046875,126.76386260986328,1562.68359375,485.7312622070313,1345.4329833984375,485.7312622070313,434.501220703125,358.967399597168
48,2813,183,0,car,0.9406614303588868,1117.6317138671875,99.39785766601562,1535.8525390625,446.6666259765625,1326.7421264648438,446.6666259765625,418.2208251953125,347.2687683105469
48,2814,183,0,car,0.9287258982658386,1106.611083984375,76.78524780273438,1515.638671875,414.5728149414063,1311.1248779296875,414.5728149414063,409.027587890625,337.7875671386719
48,2815,183,0,car,0.9098520278930664,1095.05517578125,52.828346252441406,1493.3211669921875,384.6793518066406,1294.1881713867188,384.6793518066406,398.2659912109375,331.8510055541992
48,2816,183,0,car,0.9315089583396912,1084.5594482421875,29.278696060180664,1472.764892578125,352.79351806640625,1278.6621704101562,352.79351806640625,388.2054443359375,323.5148220062256
48,2817,183,0,car,0.9430281519889832,1076.4840087890625,10.155014991760254,1450.83203125,319.5938415527344,1263.6580200195312,319.5938415527344,374.3480224609375,309.4388265609741
48,2818,183,0,car,0.9323089122772216,1072.4371337890625,0.0,1430.9766845703125,290.13446044921875,1251.7069091796875,290.13446044921875,358.53955078125,290.13446044921875
48,2819,183,0,car,0.9292570948600768,1064.21826171875,0.0,1411.23388671875,262.4393920898437,1237.72607421875,262.4393920898437,347.015625,262.4393920898437
48,2820,183,0,car,0.9217242002487184,1054.1806640625,0.0,1394.4730224609375,242.1378631591797,1224.3268432617188,242.1378631591797,340.2923583984375,242.1378631591797
48,2821,183,0,car,0.9294034838676452,1045.1732177734375,0.0,1376.064453125,218.5375061035156,1210.6188354492188,218.5375061035156,330.8912353515625,218.5375061035156
48,2822,183,0,car,0.923124611377716,1037.3212890625,0.0,1360.1685791015625,197.6103515625,1198.7449340820312,197.6103515625,322.8472900390625,197.6103515625
48,2823,183,0,car,0.932582139968872,1030.9786376953125,0.0,1344.585205078125,171.96482849121094,1187.7819213867188,171.96482849121094,313.6065673828125,171.96482849121094
48,2824,183,0,car,0.9098555445671082,1023.437255859375,0.0,1330.9464111328125,150.64224243164062,1177.1918334960938,150.64224243164062,307.5091552734375,150.64224243164062
48,2825,183,0,car,0.9083236455917358,1013.9114990234376,0.0,1316.7691650390625,131.44818115234375,1165.34033203125,131.44818115234375,302.857666015625,131.44818115234375
48,2826,183,0,car,0.8982799649238586,1004.7693481445312,0.0,1303.23291015625,111.1256866455078,1154.0011291503906,111.1256866455078,298.46356201171875,111.1256866455078
48,2827,183,0,car,0.8674442172050476,1013.2129516601562,1.7372767925262451,1287.7313232421875,92.6469497680664,1150.472137451172,92.6469497680664,274.51837158203125,90.90967297554016
48,2828,183,0,car,0.8664274215698242,1020.9420776367188,2.304697275161743,1274.8978271484375,72.88782501220703,1147.919952392578,72.88782501220703,253.95574951171875,70.58312773704529
48,2829,183,0,car,0.8357714414596558,1023.2479248046876,1.3824554681777954,1261.347900390625,54.98883056640625,1142.2979125976562,54.98883056640625,238.0999755859375,53.606375098228455
49,2859,186,0,car,0.753471851348877,549.9080200195312,245.78379821777344,1044.9444580078125,1055.102783203125,797.4262390136719,1055.102783203125,495.0364379882813,809.3189849853516
49,2860,186,0,car,0.9327820539474488,554.3029174804688,214.73712158203125,1030.1070556640625,987.3743896484376,792.2049865722656,987.3743896484376,475.80413818359375,772.6372680664062
49,2861,186,0,car,0.8405032157897949,556.3085327148438,182.79473876953125,1010.4033813476562,923.409423828125,783.35595703125,923.409423828125,454.0948486328125,740.6146850585938
49,2862,186,0,car,0.8763624429702759,554.80810546875,156.88783264160156,994.4487915039062,863.3599853515625,774.6284484863281,863.3599853515625,439.64068603515625,706.4721527099609
49,2863,186,0,car,0.9226443767547609,557.6300048828125,124.79256439208984,987.2638549804688,798.50732421875,772.4469299316406,798.50732421875,429.63385009765625,673.7147598266602
49,2864,186,0,car,0.9508452415466307,560.5714111328125,100.46146392822266,977.8754272460938,746.2809448242188,769.2234191894531,746.2809448242188,417.3040161132813,645.8194808959961
49,2865,186,0,car,0.9507908225059508,560.4892578125,75.58779907226562,966.48486328125,691.1547241210938,763.487060546875,691.1547241210938,405.99560546875,615.5669250488281
49,2866,186,0,car,0.937822163105011,560.916748046875,47.9254150390625,957.780029296875,646.0629272460938,759.348388671875,646.0629272460938,396.86328125,598.1375122070312
49,2867,186,0,car,0.9465972185134888,564.6636962890625,24.43620109558105,949.3985595703124,599.413330078125,757.0311279296875,599.413330078125,384.73486328125,574.977128982544
49,2868,186,0,car,0.9501802921295166,569.7660522460938,2.3623435497283936,941.4395751953124,552.953857421875,755.6028137207031,552.953857421875,371.6735229492188,550.5915138721466
49,2869,186,0,car,0.9411565065383912,576.3440551757812,0.0,932.3129272460938,513.7872924804688,754.3284912109375,513.7872924804688,355.9688720703125,513.7872924804688
49,2870,186,0,car,0.9518227577209472,578.3294067382812,0.0,925.7149047851562,474.79400634765625,752.0221557617188,474.79400634765625,347.385498046875,474.79400634765625
49,2871,186,0,car,0.8987249732017517,583.5276489257812,0.0,917.3865356445312,436.40032958984375,750.4570922851562,436.40032958984375,333.85888671875,436.40032958984375
49,2872,186,0,car,0.941639006137848,587.6196899414062,0.0,910.6636962890624,401.0680236816406,749.1416931152344,401.0680236816406,323.04400634765625,401.0680236816406
49,2873,186,0,car,0.9217905402183532,590.5847778320312,0.0,904.6233520507812,366.4385681152344,747.6040649414062,366.4385681152344,314.03857421875,366.4385681152344
49,2874,186,0,car,0.915885090827942,592.921630859375,0.0,895.1033325195312,330.5103759765625,744.0124816894531,330.5103759765625,302.18170166015625,330.5103759765625
49,2875,186,0,car,0.9230527281761168,595.4069213867188,0.0,893.4278564453125,304.72393798828125,744.4173889160156,304.72393798828125,298.0209350585937,304.72393798828125
49,2876,186,0,car,0.92319917678833,597.778076171875,2.6789822578430176,888.0737915039062,274.7487487792969,742.9259338378906,274.7487487792969,290.29571533203125,272.06976652145386
49,2877,186,0,car,0.9273980855941772,600.1265258789062,0.0,883.0906982421875,253.328125,741.6086120605469,253.328125,282.96417236328125,253.328125
49,2878,186,0,car,0.9182297587394714,602.5283813476562,0.6508187055587769,878.5527954101562,228.6134490966797,740.5405883789062,228.6134490966797,276.0244140625,227.9626303911209
49,2879,186,0,car,0.9156601428985596,603.6011352539062,0.0,875.5308837890625,203.6336975097656,739.5660095214844,203.6336975097656,271.92974853515625,203.6336975097656
49,2880,186,0,car,0.9047923684120178,604.84521484375,0.0,871.62158203125,175.96461486816406,738.2333984375,175.96461486816406,266.7763671875,175.96461486816406
49,2881,186,0,car,0.8968632817268372,606.0603637695312,0.0932585000991821,866.6304931640625,156.01683044433594,736.3454284667969,156.01683044433594,260.57012939453125,155.92357194423676
49,2882,186,0,car,0.8915894627571106,606.9747924804688,2.186232089996338,864.0391845703125,136.45114135742188,735.5069885253906,136.45114135742188,257.0643920898437,134.26490926742554
49,2883,186,0,car,0.90508371591568,609.5677490234375,1.0749530792236328,858.17626953125,112.50323486328124,733.8720092773438,112.50323486328124,248.6085205078125,111.42828178405762
49,2884,186,0,car,0.8830705881118774,611.0675659179688,2.396803140640259,856.6529541015625,97.93839263916016,733.8602600097656,97.93839263916016,245.5853881835937,95.5415894985199
49,2885,186,0,car,0.8572873473167419,614.5441284179688,2.9651570320129395,854.7733154296875,84.4735107421875,734.6587219238281,84.4735107421875,240.22918701171875,81.50835371017456
49,2886,186,0,car,0.8121162056922913,615.8599853515625,2.6641767024993896,851.19482421875,66.00259399414062,733.5274047851562,66.00259399414062,235.3348388671875,63.33841729164124
49,2887,186,0,car,0.5047735571861267,617.2562866210938,2.0771613121032715,848.2193603515625,50.97648620605469,732.7378234863281,50.97648620605469,230.96307373046875,48.899324893951416
50,2877,187,0,car,0.9492219090461732,1380.2861328125,501.9731750488281,1919.8792724609373,1049.025634765625,1650.0827026367188,1049.025634765625,539.5931396484375,547.0524597167969
50,2878,187,0,car,0.9387359023094176,1352.4393310546875,462.9510803222656,1919.91650390625,994.6513671875,1636.1779174804688,994.6513671875,567.4771728515625,531.7002868652344
50,2879,187,0,car,0.9247947931289672,1325.71533203125,427.7437133789063,1919.494873046875,933.6143798828124,1622.6051025390625,933.6143798828124,593.779541015625,505.8706665039063
50,2880,187,0,car,0.9379067420959472,1309.2509765625,387.2701110839844,1896.888916015625,869.2194213867188,1603.0699462890625,869.2194213867188,587.637939453125,481.9493103027344
50,2881,187,0,car,0.9402230381965636,1291.364990234375,350.2036437988281,1857.9652099609373,809.5801391601562,1574.6651000976562,809.5801391601562,566.6002197265625,459.3764953613281
50,2882,187,0,car,0.9443562626838684,1270.9451904296875,309.00848388671875,1818.0772705078125,757.1527709960938,1544.51123046875,757.1527709960938,547.132080078125,448.144287109375
50,2883,187,0,car,0.9311072826385498,1252.05322265625,276.9677429199219,1771.927978515625,705.2788696289062,1511.9906005859375,705.2788696289062,519.874755859375,428.3111267089844
50,2884,187,0,car,0.9359769225120544,1238.6104736328125,248.3975524902344,1734.12939453125,658.2300415039062,1486.3699340820312,658.2300415039062,495.5189208984375,409.8324890136719
50,2885,187,0,car,0.9360808730125428,1223.277099609375,219.49710083007807,1697.0108642578125,614.6455688476562,1460.1439819335938,614.6455688476562,473.7337646484375,395.1484680175781
50,2886,187,0,car,0.9419215321540833,1206.8828125,191.86178588867188,1659.3751220703125,569.9142456054688,1433.1289672851562,569.9142456054688,452.4923095703125,378.0524597167969
50,2887,187,0,car,0.9431248307228088,1190.879150390625,164.05006408691406,1627.822509765625,535.023681640625,1409.350830078125,535.023681640625,436.943359375,370.9736175537109
50,2888,187,0,car,0.9432749152183532,1178.457763671875,140.50946044921875,1598.1168212890625,496.550048828125,1388.2872924804688,496.550048828125,419.6590576171875,356.04058837890625
50,2889,187,0,car,0.9388858675956726,1165.4019775390625,114.2439956665039,1572.83056640625,460.2356567382813,1369.1162719726562,460.2356567382813,407.4285888671875,345.99166107177734
50,2890,187,0,car,0.9337950944900512,1153.091796875,91.62323760986328,1545.0552978515625,425.2653198242188,1349.0735473632812,425.2653198242188,391.9635009765625,333.64208221435547
50,2891,187,0,car,0.924041748046875,1142.2008056640625,71.05104064941406,1521.804443359375,393.9319458007813,1332.0026245117188,393.9319458007813,379.6036376953125,322.8809051513672
50,2892,187,0,car,0.9356657862663268,1132.2294921875,50.858184814453125,1499.4453125,360.9904174804688,1315.83740234375,360.9904174804688,367.2158203125,310.1322326660156
50,2893,187,0,car,0.9242088198661804,1121.7169189453125,27.226816177368164,1479.7886962890625,333.43829345703125,1300.7528076171875,333.43829345703125,358.07177734375,306.2114772796631
50,2894,187,0,car,0.9359833002090454,1110.8592529296875,6.473251819610596,1457.9415283203125,307.1073608398437,1284.400390625,307.1073608398437,347.082275390625,300.63410902023315
50,2895,187,0,car,0.9192902445793152,1096.47021484375,0.0,1440.6917724609375,280.1283264160156,1268.5809936523438,280.1283264160156,344.2215576171875,280.1283264160156
50,2896,187,0,car,0.9190002679824828,1086.0291748046875,0.0,1422.8135986328125,256.4501647949219,1254.42138671875,256.4501647949219,336.784423828125,256.4501647949219
50,2897,187,0,car,0.9224745631217957,1078.0072021484375,0.0,1405.6741943359375,235.734603881836,1241.8406982421875,235.734603881836,327.6669921875,235.734603881836
50,2898,187,0,car,0.9272282719612122,1070.0704345703125,0.0,1387.6688232421875,214.5012359619141,1228.86962890625,214.5012359619141,317.598388671875,214.5012359619141
50,2899,187,0,car,0.917838990688324,1062.569091796875,0.0,1369.7047119140625,192.1394805908203,1216.1369018554688,192.1394805908203,307.1356201171875,192.1394805908203
50,2900,187,0,car,0.9224442839622498,1056.18798828125,0.0,1352.7862548828125,168.02894592285156,1204.4871215820312,168.02894592285156,296.5982666015625,168.02894592285156
50,2901,187,0,car,0.9060835838317872,1050.9512939453125,0.0,1337.39599609375,148.33177185058594,1194.1736450195312,148.33177185058594,286.4447021484375,148.33177185058594
50,2902,187,0,car,0.9008170366287231,1042.6827392578125,0.0787558183073997,1324.284912109375,128.0034942626953,1183.4838256835938,128.0034942626953,281.6021728515625,127.92473844438793
50,2903,187,0,car,0.8986291885375977,1035.3045654296875,0.0,1311.3502197265625,109.58468627929688,1173.327392578125,109.58468627929688,276.045654296875,109.58468627929688
50,2904,187,0,car,0.8686462640762329,1033.197021484375,0.1938626170158386,1298.554931640625,92.52157592773438,1165.8759765625,92.52157592773438,265.35791015625,92.32771331071854
50,2905,187,0,car,0.8659764528274536,1050.261474609375,1.836883902549744,1284.78564453125,76.1453857421875,1167.5235595703125,76.1453857421875,234.524169921875,74.30850183963776
50,2906,187,0,car,0.9264253377914428,1056.263671875,1.288719654083252,1273.8641357421875,60.3379020690918,1165.0639038085938,60.3379020690918,217.6004638671875,59.04918241500855
51,2905,188,0,car,0.9339550733566284,0.4151756465435028,451.5689697265625,426.1912536621094,1017.203857421875,213.30321465432644,1017.203857421875,425.7760780155659,565.6348876953125
51,2906,188,0,car,0.9260393381118774,0.231355994939804,419.9261474609375,426.9481201171875,964.869384765625,213.58973805606365,964.869384765625,426.7167641222477,544.9432373046875
51,2907,188,0,car,0.9221797585487366,0.3973535895347595,390.6703186035156,432.7307434082031,909.420654296875,216.5640484988689,909.420654296875,432.3333898186684,518.7503356933594
51,2908,188,0,car,0.9279073476791382,0.8127143979072571,361.3684692382813,435.9448852539063,858.7098999023438,218.37879982590675,858.7098999023438,435.132170855999,497.3414306640625
51,2909,188,0,car,0.9257720112800598,0.8069976568222046,322.9076538085937,439.930419921875,810.2589111328125,220.3687087893486,810.2589111328125,439.1234222650528,487.3512573242188
51,2910,188,0,car,0.9367587566375732,0.917837917804718,298.3129577636719,445.3911437988281,766.5047607421875,223.1544908583164,766.5047607421875,444.4733058810234,468.1918029785156
51,2911,188,0,car,0.9341505169868468,11.446832656860352,276.2317810058594,449.2904052734375,723.3277587890625,230.36861896514893,723.3277587890625,437.8435726165772,447.0959777832031
51,2912,188,0,car,0.934733510017395,22.38894462585449,253.6133728027344,451.2210998535156,676.9688110351562,236.80502223968503,676.9688110351562,428.83215522766113,423.3554382324219
51,2913,188,0,car,0.9400547742843628,36.640323638916016,230.741455078125,454.4725341796875,639.40673828125,245.55642890930176,639.40673828125,417.8322105407715,408.665283203125
51,2914,188,0,car,0.9465574622154236,54.41267013549805,205.4246826171875,456.1659851074219,604.346435546875,255.28932762146,604.346435546875,401.7533149719238,398.9217529296875
51,2915,188,0,car,0.9468417763710022,67.55852508544922,182.51670837402344,457.1246032714844,568.9457397460938,262.3415641784668,568.9457397460938,389.5660781860352,386.4290313720703
51,2916,188,0,car,0.9288919568061828,78.4449691772461,162.49720764160156,460.1056823730469,535.6658325195312,269.2753257751465,535.6658325195312,381.6607131958008,373.1686248779297
51,2917,188,0,car,0.9266914129257202,89.9549789428711,142.62625122070312,460.9402465820313,506.143798828125,275.4476127624512,506.143798828125,370.98526763916016,363.5175476074219
51,2918,188,0,car,0.9309847354888916,102.12601470947266,122.39141082763672,461.7241516113281,476.990966796875,281.9250831604004,476.990966796875,359.59813690185547,354.5995559692383
51,2919,188,0,car,0.9268493056297302,113.17648315429688,103.2737274169922,461.8440246582031,449.3851013183594,287.51025390625,449.3851013183594,348.66754150390625,346.1113739013672
51,2920,188,0,car,0.925840139389038,121.92950439453124,83.1329116821289,460.7418212890625,420.2161865234375,291.3356628417969,420.2161865234375,338.81231689453125,337.0832748413086
51,2921,188,0,car,0.92003732919693,127.92669677734376,60.5743522644043,461.3075866699219,393.1655578613281,294.6171417236328,393.1655578613281,333.3808898925781,332.5912055969238
51,2922,188,0,car,0.9291759729385376,136.51486206054688,44.93155288696289,463.2222290039063,368.0790710449219,299.86854553222656,368.0790710449219,326.7073669433594,323.147518157959
51,2923,188,0,car,0.9269930720329284,145.7353973388672,28.53923797607422,461.8672180175781,346.7216491699219,303.80130767822266,346.7216491699219,316.13182067871094,318.18241119384766
51,2924,188,0,car,0.9242658019065856,153.35562133789062,16.06818962097168,460.3563232421875,325.04296875,306.85597229003906,325.04296875,307.0007019042969,308.9747791290283
51,2925,188,0,car,0.9260734915733336,161.2314453125,2.7885470390319824,459.8775939941406,301.5271301269531,310.5545196533203,301.5271301269531,298.6461486816406,298.73858308792114
51,2926,188,0,car,0.9274800419807434,167.07289123535156,0.0,460.0900573730469,280.8547668457031,313.5814743041992,280.8547668457031,293.0171661376953,280.8547668457031
51,2927,188,0,car,0.9283645153045654,171.64364624023438,0.0,459.90478515625,260.9472351074219,315.7742156982422,260.9472351074219,288.2611389160156,260.9472351074219
51,2928,188,0,car,0.9229201078414916,176.48812866210938,0.0,458.0738525390625,239.3989715576172,317.28099060058594,239.3989715576172,281.5857238769531,239.3989715576172
51,2929,188,0,car,0.922735631465912,186.49102783203125,0.0,457.5211791992188,219.34109497070312,322.006103515625,219.34109497070312,271.0301513671875,219.34109497070312
51,2930,188,0,car,0.9236136078834534,193.57261657714844,0.0,458.54736328125,200.05699157714844,326.0599899291992,200.05699157714844,264.9747467041016,200.05699157714844
51,2931,188,0,car,0.9289620518684388,196.6924285888672,0.0,460.0307312011719,182.8706817626953,328.3615798950196,182.8706817626953,263.3383026123047,182.8706817626953
51,2932,188,0,car,0.9237804412841796,201.440185546875,0.0,459.9141540527344,163.66921997070312,330.6771697998047,163.66921997070312,258.4739685058594,163.66921997070312
51,2933,188,0,car,0.9000406265258789,206.05661010742188,1.853764891624451,459.84576416015625,146.45481872558594,332.95118713378906,146.45481872558594,253.7891540527344,144.6010538339615
51,2934,188,0,car,0.9082326292991638,209.69125366210932,1.8279354572296145,457.7442321777344,130.30404663085938,333.7177429199219,130.30404663085938,248.052978515625,128.47611117362976
51,2935,188,0,car,0.9009940028190612,212.6494140625,1.466604709625244,456.73834228515625,111.1155014038086,334.6938781738281,111.1155014038086,244.08892822265625,109.64889669418336
51,2936,188,0,car,0.8888881206512451,215.34750366210932,1.0499396324157717,456.83203125,97.04766845703124,336.0897674560547,97.04766845703124,241.48452758789065,95.99772882461548
51,2937,188,0,car,0.8719115853309631,219.408935546875,2.391531467437744,457.0754089355469,83.46385955810547,338.24217224121094,83.46385955810547,237.66647338867188,81.07232809066772
51,2938,188,0,car,0.8721710443496704,221.2954559326172,0.9863657355308532,458.2603149414063,69.32283782958984,339.7778854370117,69.32283782958984,236.96485900878903,68.33647209405899
51,2939,188,0,car,0.9188113808631896,224.51747131347656,1.8854782581329343,458.5924072265625,57.83897018432617,341.5549392700196,57.83897018432617,234.074935913086,55.95349192619324
52,2917,190,0,car,0.9342930316925048,1336.138427734375,471.031494140625,1919.7586669921875,1056.15283203125,1627.9485473632812,1056.15283203125,583.6202392578125,585.121337890625
52,2918,190,0,car,0.9327649474143982,1316.000244140625,434.8703002929688,1919.8819580078125,1002.451416015625,1617.9411010742188,1002.451416015625,603.8817138671875,567.5811157226562
52,2919,190,0,car,0.9383211731910706,1297.2862548828125,394.98583984375,1917.100341796875,941.8171997070312,1607.1932983398438,941.8171997070312,619.8140869140625,546.8313598632812
52,2920,190,0,car,0.9386823177337646,1275.43994140625,359.0394592285156,1886.1102294921875,882.0946044921875,1580.7750854492188,882.0946044921875,610.6702880859375,523.0551452636719
52,2921,190,0,car,0.9256781339645386,1257.168701171875,326.6382751464844,1847.3221435546875,823.3809814453125,1552.2454223632812,823.3809814453125,590.1534423828125,496.7427062988281
52,2922,190,0,car,0.9355683326721193,1243.3992919921875,287.6170654296875,1809.0084228515625,774.5265502929688,1526.203857421875,774.5265502929688,565.609130859375,486.9094848632813
52,2923,190,0,car,0.9321699142456056,1230.177978515625,261.31695556640625,1769.024658203125,724.0332641601562,1499.601318359375,724.0332641601562,538.8466796875,462.71630859375
52,2924,190,0,car,0.934213161468506,1219.1541748046875,229.0378875732422,1732.3616943359375,675.844482421875,1475.7579345703125,675.844482421875,513.20751953125,446.8065948486328
52,2925,190,0,car,0.9428831338882446,1204.5245361328125,199.69485473632807,1696.4512939453125,631.1103515625,1450.4879150390625,631.1103515625,491.9267578125,431.4154968261719
52,2926,190,0,car,0.9437354803085328,1190.167236328125,172.42929077148438,1661.6842041015625,587.0743408203125,1425.9257202148438,587.0743408203125,471.5169677734375,414.6450500488281
52,2927,190,0,car,0.934333086013794,1174.245361328125,148.4401092529297,1631.0614013671875,549.6696166992188,1402.6533813476562,549.6696166992188,456.8160400390625,401.22950744628906
52,2928,190,0,car,0.9431357979774476,1164.004150390625,127.28352355957033,1606.101806640625,515.326171875,1385.052978515625,515.326171875,442.09765625,388.0426483154297
52,2929,190,0,car,0.9427505135536194,1151.741455078125,102.57669067382812,1575.42333984375,478.7600402832031,1363.5823974609375,478.7600402832031,423.681884765625,376.183349609375
52,2930,190,0,car,0.935761332511902,1141.7296142578125,82.34503936767578,1549.5709228515625,446.5964965820313,1345.6502685546875,446.5964965820313,407.84130859375,364.2514572143554
52,2931,190,0,car,0.951465368270874,1131.204345703125,59.34770584106445,1526.3931884765625,418.30810546875,1328.7987670898438,418.30810546875,395.1888427734375,358.96039962768555
52,2932,190,0,car,0.923095166683197,1122.51123046875,35.506343841552734,1507.0633544921875,386.1805419921875,1314.7872924804688,386.1805419921875,384.5521240234375,350.6741981506348
52,2933,190,0,car,0.9289429187774658,1110.4354248046875,16.05483627319336,1487.33642578125,359.3581237792969,1298.8859252929688,359.3581237792969,376.9010009765625,343.3032875061035
52,2934,190,0,car,0.9365267753601074,1099.27880859375,0.037835918366909,1467.13525390625,331.0270080566406,1283.20703125,331.0270080566406,367.8564453125,330.9891721382737
52,2935,190,0,car,0.930030882358551,1091.20849609375,0.0,1448.7374267578125,305.7204284667969,1269.9729614257812,305.7204284667969,357.5289306640625,305.7204284667969
52,2936,190,0,car,0.9240495562553406,1082.2161865234375,0.0,1432.1318359375,282.04620361328125,1257.1740112304688,282.04620361328125,349.9156494140625,282.04620361328125
52,2937,190,0,car,0.926030457019806,1074.86279296875,0.0,1414.506103515625,258.5740661621094,1244.6844482421875,258.5740661621094,339.643310546875,258.5740661621094
52,2938,190,0,car,0.9251718521118164,1068.4608154296875,0.0,1397.327392578125,238.6752319335937,1232.8941040039062,238.6752319335937,328.8665771484375,238.6752319335937
52,2939,190,0,car,0.9243206977844238,1060.239501953125,0.0,1380.459716796875,216.70118713378903,1220.349609375,216.70118713378903,320.22021484375,216.70118713378903
52,2940,190,0,car,0.9269277453422546,1051.4727783203125,0.0,1361.8477783203125,195.40966796875,1206.6602783203125,195.40966796875,310.375,195.40966796875
52,2941,190,0,car,0.9209621548652648,1047.7779541015625,0.0,1345.8853759765625,173.6969451904297,1196.8316650390625,173.6969451904297,298.107421875,173.6969451904297
52,2942,190,0,car,0.9068572521209716,1040.7803955078125,0.0,1333.7369384765625,153.2595977783203,1187.2586669921875,153.2595977783203,292.95654296875,153.2595977783203
52,2943,190,0,car,0.9013776779174804,1032.560302734375,0.154687613248825,1319.7652587890625,136.7489776611328,1176.1627807617188,136.7489776611328,287.2049560546875,136.594290047884
52,2944,190,0,car,0.8940280675888062,1022.3521728515624,1.3846650123596191,1308.5223388671875,116.97840881347656,1165.437255859375,116.97840881347656,286.170166015625,115.59374380111694
52,2945,190,0,car,0.878108024597168,1017.3779907226562,0.9334854483604432,1295.091796875,100.99066162109376,1156.234893798828,100.99066162109376,277.7138061523437,100.0571761727333
52,2946,190,0,car,0.8637738227844238,1027.564208984375,2.485786437988281,1283.06640625,83.2879409790039,1155.3153076171875,83.2879409790039,255.502197265625,80.80215454101562
52,2947,190,0,car,0.8605958223342896,1035.2086181640625,2.413144111633301,1270.6368408203125,66.93531799316406,1152.9227294921875,66.93531799316406,235.42822265625,64.52217388153076
52,2948,190,0,car,0.8660508990287781,1039.614501953125,0.8574892282485962,1260.003662109375,54.460086822509766,1149.80908203125,54.460086822509766,220.38916015625,53.60259759426117
53,2952,193,0,car,0.9318212270736694,1300.5809326171875,476.4059143066406,1909.6790771484373,1025.0928955078125,1605.1300048828125,1025.0928955078125,609.09814453125,548.6869812011719
53,2953,193,0,car,0.9270361065864564,1282.5428466796875,456.16217041015625,1874.8265380859373,969.6827392578124,1578.6846923828125,969.6827392578124,592.28369140625,513.5205688476562
53,2954,193,0,car,0.9242668747901917,1267.569580078125,426.1864929199219,1839.9603271484373,910.5274658203124,1553.7649536132812,910.5274658203124,572.3907470703125,484.3409729003906
53,2955,193,0,car,0.929608941078186,1252.7301025390625,391.0789794921875,1797.69384765625,856.2588500976562,1525.2119750976562,856.2588500976562,544.9637451171875,465.1798706054688
53,2956,193,0,car,0.9283373951911926,1238.5355224609375,358.75994873046875,1758.1602783203125,805.23828125,1498.347900390625,805.23828125,519.624755859375,446.4783325195313
53,2957,193,0,car,0.9317567348480223,1225.586181640625,310.4988708496094,1724.00439453125,755.68603515625,1474.7952880859375,755.68603515625,498.418212890625,445.1871643066406
53,2958,193,0,car,0.940148949623108,1212.680908203125,284.45220947265625,1692.044921875,708.0477294921875,1452.3629150390625,708.0477294921875,479.364013671875,423.5955200195313
53,2959,193,0,car,0.93369060754776,1200.136962890625,264.6398620605469,1658.057861328125,665.0505981445312,1429.097412109375,665.0505981445312,457.9208984375,400.4107360839844
53,2960,193,0,car,0.9302408695220948,1188.3570556640625,236.14892578125,1630.75927734375,626.6898193359375,1409.5581665039062,626.6898193359375,442.4022216796875,390.5408935546875
53,2961,193,0,car,0.9426175355911256,1175.2225341796875,212.13671875,1605.332763671875,583.6981201171875,1390.2776489257812,583.6981201171875,430.1102294921875,371.5614013671875
53,2962,193,0,car,0.93719220161438,1166.6826171875,190.8965301513672,1578.6474609375,545.2789916992188,1372.6650390625,545.2789916992188,411.96484375,354.3824615478516
53,2963,193,0,car,0.9055418968200684,1155.72314453125,169.93922424316406,1554.7706298828125,515.871337890625,1355.2468872070312,515.871337890625,399.0474853515625,345.93211364746094
53,2964,193,0,car,0.9296359419822692,1144.7442626953125,148.7285919189453,1534.8026123046875,482.9953002929688,1339.7734375,482.9953002929688,390.058349609375,334.26670837402344
53,2965,193,0,car,0.9322356581687928,1133.9453125,124.7015380859375,1513.881591796875,452.4637145996094,1323.9134521484375,452.4637145996094,379.936279296875,327.7621765136719
53,2966,193,0,car,0.9313218593597412,1126.86328125,104.55638885498048,1494.73974609375,421.7876281738281,1310.801513671875,421.7876281738281,367.87646484375,317.23123931884766
53,2967,193,0,car,0.9233203530311584,1119.178466796875,87.45768737792969,1475.7200927734375,392.5843200683594,1297.4492797851562,392.5843200683594,356.5416259765625,305.1266326904297
53,2968,193,0,car,0.929382026195526,1111.2476806640625,69.4126205444336,1457.5296630859375,366.1319580078125,1284.388671875,366.1319580078125,346.281982421875,296.7193374633789
53,2969,193,0,car,0.9170230031013488,1102.0562744140625,50.39435958862305,1441.0947265625,339.9678039550781,1271.5755004882812,339.9678039550781,339.0384521484375,289.5734443664551
53,2970,193,0,car,0.928514003753662,1093.9833984375,30.941057205200195,1424.271484375,313.86431884765625,1259.12744140625,313.86431884765625,330.2880859375,282.92326164245605
53,2971,193,0,car,0.9325403571128844,1087.3016357421875,14.734349250793455,1406.6678466796875,290.146728515625,1246.9847412109375,290.146728515625,319.3662109375,275.41237926483154
53,2972,193,0,car,0.9221414923667908,1079.9337158203125,0.0,1392.0838623046875,268.2953491210937,1236.0087890625,268.2953491210937,312.150146484375,268.2953491210937
53,2973,193,0,car,0.9146822690963744,1073.4681396484375,0.0,1376.98876953125,249.0399475097656,1225.2284545898438,249.0399475097656,303.5206298828125,249.0399475097656
53,2974,193,0,car,0.9240262508392334,1066.8704833984375,0.0,1361.7762451171875,229.9014434814453,1214.3233642578125,229.9014434814453,294.90576171875,229.9014434814453
53,2975,193,0,car,0.9229247570037842,1059.6524658203125,0.0,1349.0081787109375,209.3943023681641,1204.330322265625,209.3943023681641,289.355712890625,209.3943023681641
53,2976,193,0,car,0.9325845241546632,1053.59814453125,0.0,1335.743896484375,188.6812744140625,1194.6710205078125,188.6812744140625,282.145751953125,188.6812744140625
53,2977,193,0,car,0.927908182144165,1049.1290283203125,0.0,1323.804443359375,167.17506408691406,1186.4667358398438,167.17506408691406,274.6754150390625,167.17506408691406
53,2978,193,0,car,0.9112643003463744,1044.185302734375,0.0,1311.68310546875,148.55947875976562,1177.9342041015625,148.55947875976562,267.497802734375,148.55947875976562
53,2979,193,0,car,0.8954969644546509,1034.0947265625,0.6264504790306091,1302.1422119140625,133.80557250976562,1168.1184692382812,133.80557250976562,268.0474853515625,133.17912203073502
53,2980,193,0,car,0.888535737991333,1026.4676513671875,0.7207630276679993,1289.733154296875,115.6164779663086,1158.1004028320312,115.6164779663086,263.2655029296875,114.8957149386406
53,2981,193,0,car,0.8727609515190125,1017.1046142578124,0.9053088426589966,1279.0589599609375,99.3857192993164,1148.081787109375,99.3857192993164,261.954345703125,98.4804104566574
53,2982,193,0,car,0.8686737418174744,1016.4454345703124,3.0158932209014893,1270.0748291015625,83.57625579833984,1143.2601318359375,83.57625579833984,253.62939453125,80.56036257743835
53,2983,193,0,car,0.8617985248565674,1025.90087890625,2.7346131801605225,1261.0673828125,67.37970733642578,1143.484130859375,67.37970733642578,235.16650390625,64.64509415626526
53,2984,193,0,car,0.8396247029304504,1033.4603271484375,1.8173675537109373,1252.951171875,54.99589157104492,1143.2057495117188,54.99589157104492,219.4908447265625,53.178524017333984
54,3032,194,0,car,0.9429859519004822,566.9776611328125,415.7933654785156,1057.5264892578125,1052.781494140625,812.2520751953125,1052.781494140625,490.548828125,636.9881286621094
54,3033,194,0,car,0.944312334060669,569.6450805664062,387.2212829589844,1040.76611328125,994.6220092773438,805.2055969238281,994.6220092773438,471.12103271484375,607.4007263183594
54,3034,194,0,car,0.945584774017334,568.4229125976562,356.5948791503906,1025.2191162109375,940.8677368164062,796.8210144042969,940.8677368164062,456.7962036132813,584.2728576660156
54,3035,194,0,car,0.9369873404502868,567.8855590820312,322.22412109375,1012.7095336914062,887.6152954101562,790.2975463867188,887.6152954101562,444.823974609375,565.3911743164062
54,3036,194,0,car,0.905062973499298,569.7940673828125,293.4117431640625,1000.4638061523438,835.6847534179688,785.1289367675781,835.6847534179688,430.6697387695313,542.2730102539062
54,3037,194,0,car,0.9350064992904664,567.9684448242188,271.0177307128906,988.9288330078124,784.0706787109375,778.4486389160156,784.0706787109375,420.96038818359375,513.0529479980469
54,3038,194,0,car,0.9408950209617616,564.9719848632812,246.8921661376953,979.0523681640624,740.5050659179688,772.0121765136719,740.5050659179688,414.0803833007813,493.61289978027344
54,3039,194,0,car,0.9430612325668336,567.2509765625,218.93231201171875,969.3158569335938,692.8038330078125,768.2834167480469,692.8038330078125,402.06488037109375,473.87152099609375
54,3040,194,0,car,0.9455339312553406,567.903076171875,193.67904663085932,960.31298828125,650.269775390625,764.1080322265625,650.269775390625,392.409912109375,456.5907287597656
54,3041,194,0,car,0.9469176530838012,579.4860229492188,168.3831024169922,952.5849609375,611.923828125,766.0354919433594,611.923828125,373.0989379882813,443.5407257080078
54,3042,194,0,car,0.9450420141220092,582.9136962890625,146.171630859375,942.7116088867188,573.78662109375,762.8126525878906,573.78662109375,359.79791259765625,427.614990234375
54,3043,194,0,car,0.948932945728302,580.5692138671875,125.78768157958984,934.978759765625,539.6505126953125,757.7739868164062,539.6505126953125,354.4095458984375,413.86283111572266
54,3044,194,0,car,0.9316849708557128,579.2702026367188,105.6751708984375,929.7753295898438,506.7803039550781,754.5227661132812,506.7803039550781,350.505126953125,401.1051330566406
54,3045,194,0,car,0.9400755167007446,586.5270385742188,86.8155517578125,924.2572021484376,475.7869873046875,755.3921203613281,475.7869873046875,337.73016357421875,388.971435546875
54,3046,194,0,car,0.9406929612159728,587.7540283203125,64.83930206298828,917.4697265625,447.4425048828125,752.6118774414062,447.4425048828125,329.7156982421875,382.6032028198242
54,3047,194,0,car,0.9258611798286438,588.5599365234375,43.122344970703125,911.0675659179688,417.3009338378906,749.8137512207031,417.3009338378906,322.50762939453125,374.1785888671875
54,3048,194,0,car,0.9253997206687928,590.8165283203125,26.6941146850586,905.3966064453124,389.9970397949219,748.1065673828125,389.9970397949219,314.580078125,363.3029251098633
54,3049,194,0,car,0.9265726804733276,592.69287109375,9.24224853515625,897.6845703125,360.8230895996094,745.188720703125,360.8230895996094,304.99169921875,351.5808410644531
54,3050,194,0,car,0.9266353845596312,594.56396484375,0.0,891.6610717773438,336.9012756347656,743.1125183105469,336.9012756347656,297.0971069335937,336.9012756347656
54,3051,194,0,car,0.9331656098365784,593.5881958007812,0.0,886.3740844726562,310.761474609375,739.9811401367188,310.761474609375,292.785888671875,310.761474609375
54,3052,194,0,car,0.9277631640434264,595.1879272460938,0.0,880.8430786132812,285.54278564453125,738.0155029296875,285.54278564453125,285.6551513671875,285.54278564453125
54,3053,194,0,car,0.92510724067688,596.2960815429688,0.0,878.0349731445312,265.7123107910156,737.16552734375,265.7123107910156,281.7388916015625,265.7123107910156
54,3054,194,0,car,0.9279986023902892,597.7105102539062,0.0,875.119873046875,249.68435668945312,736.4151916503906,249.68435668945312,277.40936279296875,249.68435668945312
54,3055,194,0,car,0.9301245212554932,599.0924072265625,0.0,871.0755004882812,228.2114715576172,735.0839538574219,228.2114715576172,271.98309326171875,228.2114715576172
54,3056,194,0,car,0.9237614870071412,599.8951416015625,0.0,867.1680297851562,210.4312744140625,733.5315856933594,210.4312744140625,267.2728881835937,210.4312744140625
54,3057,194,0,car,0.9301741123199464,601.2686767578125,0.0,863.3468627929688,189.7327423095703,732.3077697753906,189.7327423095703,262.07818603515625,189.7327423095703
54,3058,194,0,car,0.9260544776916504,602.4525756835938,0.0,859.11669921875,169.10865783691406,730.7846374511719,169.10865783691406,256.66412353515625,169.10865783691406
54,3059,194,0,car,0.9126314520835876,604.8359375,0.0815120190382003,857.3682861328125,150.5442657470703,731.1021118164062,150.5442657470703,252.5323486328125,150.4627537280321
54,3060,194,0,car,0.9099746942520142,605.0153198242188,0.9695065021514891,856.1663818359375,136.66610717773438,730.5908508300781,136.66610717773438,251.15106201171875,135.69660067558289
54,3061,194,0,car,0.905712902545929,606.4168090820312,1.7326158285140991,853.90380859375,119.9662094116211,730.1603088378906,119.9662094116211,247.48699951171875,118.233593583107
54,3062,194,0,car,0.8928417563438416,609.04931640625,1.5859118700027466,851.68994140625,105.07366180419922,730.36962890625,105.07366180419922,242.640625,103.48774993419649
54,3063,194,0,car,0.8804062008857727,610.011962890625,2.488978624343872,851.039794921875,90.6029815673828,730.52587890625,90.6029815673828,241.02783203125,88.11400294303894
54,3064,194,0,car,0.8712764382362366,611.124755859375,2.817316055297852,847.8402709960938,75.51338958740234,729.4825134277344,75.51338958740234,236.71551513671875,72.69607353210449
54,3065,194,0,car,0.8576601147651672,612.9095458984375,1.558022379875183,841.406005859375,63.56025314331055,727.1577758789062,63.56025314331055,228.4964599609375,62.00223076343536
55,3100,197,0,car,0.9466753005981444,764.5905151367188,470.7874145507813,1228.562744140625,1035.8460693359375,996.576629638672,1035.8460693359375,463.9722290039063,565.0586547851562
55,3101,197,0,car,0.9445937871932985,758.23046875,425.9524536132813,1204.0972900390625,971.9012451171876,981.1638793945312,971.9012451171876,445.8668212890625,545.9487915039062
55,3102,197,0,car,0.9478912353515624,753.9044189453125,384.9260559082031,1179.4417724609375,899.94482421875,966.673095703125,899.94482421875,425.537353515625,515.0187683105469
55,3103,197,0,car,0.9442224502563475,748.8395385742188,345.9369506835937,1161.13037109375,834.4488525390625,954.9849548339844,834.4488525390625,412.2908325195313,488.5119018554688
55,3104,197,0,car,0.9490075707435608,748.14013671875,308.9138488769531,1143.06640625,773.5332641601562,945.603271484375,773.5332641601562,394.92626953125,464.6194152832031
55,3105,197,0,car,0.9466984868049622,748.1610717773438,274.868896484375,1127.5557861328125,715.4716796875,937.858428955078,715.4716796875,379.3947143554688,440.602783203125
55,3106,197,0,car,0.9423524737358092,746.255859375,243.4875640869141,1112.862060546875,662.7301025390625,929.5589599609376,662.7301025390625,366.606201171875,419.2425384521485
55,3107,197,0,car,0.9285624623298644,742.5276489257812,212.7579345703125,1097.689697265625,611.9789428710938,920.1086730957032,611.9789428710938,355.1620483398437,399.2210083007813
55,3108,197,0,car,0.9356364607810974,742.6497192382812,182.5822906494141,1084.65673828125,564.1782836914062,913.6532287597656,564.1782836914062,342.00701904296875,381.5959930419922
55,3109,197,0,car,0.93868225812912,740.1415405273438,154.62937927246094,1071.8260498046875,519.3677368164062,905.9837951660156,519.3677368164062,331.6845092773437,364.7383575439453
55,3110,197,0,car,0.9361040592193604,738.4155883789062,126.67857360839844,1060.128662109375,476.1328125,899.2721252441406,476.1328125,321.71307373046875,349.4542388916016
55,3111,197,0,car,0.9232577085494996,734.4102783203125,102.52783966064452,1047.5576171875,434.78759765625,890.9839477539062,434.78759765625,313.1473388671875,332.25975799560547
55,3112,197,0,car,0.9333873391151428,732.2643432617188,75.73128509521484,1035.0283203125,397.3677368164063,883.6463317871094,397.3677368164063,302.76397705078125,321.6364517211914
55,3113,197,0,car,0.9398390650749208,730.5647583007812,54.82319641113281,1024.72607421875,360.69964599609375,877.6454162597656,360.69964599609375,294.16131591796875,305.87644958496094
55,3114,197,0,car,0.9349138736724854,730.6023559570312,30.35934066772461,1015.1065063476562,329.0760192871094,872.8544311523438,329.0760192871094,284.504150390625,298.7166786193848
55,3115,197,0,car,0.9384297728538512,728.6697387695312,11.026518821716309,1007.9075927734376,298.6091613769531,868.2886657714844,298.6091613769531,279.23785400390625,287.5826425552368
55,3116,197,0,car,0.936987578868866,726.92919921875,0.0,1000.67529296875,267.800537109375,863.80224609375,267.800537109375,273.74609375,267.800537109375
55,3117,197,0,car,0.9335506558418274,724.904296875,0.0,990.657470703125,244.89149475097656,857.7808837890625,244.89149475097656,265.753173828125,244.89149475097656
55,3118,197,0,car,0.9324639439582824,726.4129028320312,0.0,982.7753295898438,220.484115600586,854.5941162109375,220.484115600586,256.3624267578125,220.484115600586
55,3119,197,0,car,0.9239298105239868,726.3082275390625,0.0,975.8384399414062,195.5035400390625,851.0733337402344,195.5035400390625,249.5302124023437,195.5035400390625
55,3120,197,0,car,0.9243999719619752,726.338134765625,0.0,968.3115234375,168.602294921875,847.3248291015625,168.602294921875,241.973388671875,168.602294921875
55,3121,197,0,car,0.8978063464164734,726.419189453125,0.0,960.8660278320312,145.6331787109375,843.6426086425781,145.6331787109375,234.44683837890625,145.6331787109375
55,3122,197,0,car,0.9010522365570068,723.8450927734375,0.0,954.1410522460938,127.34127044677734,838.9930725097656,127.34127044677734,230.29595947265625,127.34127044677734
55,3123,197,0,car,0.8912968635559082,724.9918212890625,0.0511084422469139,948.60546875,106.69342803955078,836.7986450195312,106.69342803955078,223.6136474609375,106.64231959730388
55,3124,197,0,car,0.8638523817062378,727.9136962890625,1.3401219844818115,944.3214111328124,89.28775024414062,836.1175537109375,89.28775024414062,216.40771484375,87.94762825965881
55,3125,197,0,car,0.8576593399047852,730.01513671875,1.6256861686706543,939.312255859375,70.49443054199219,834.6636962890625,70.49443054199219,209.297119140625,68.86874437332153
55,3126,197,0,car,0.8269245624542236,729.3245849609375,1.4550174474716189,934.0769653320312,57.492305755615234,831.7007751464844,57.492305755615234,204.7523803710937,56.037288308143616
56,3177,198,0,car,0.9447751045227052,1396.105224609375,452.5643310546875,1919.5174560546875,1005.08154296875,1657.8113403320312,1005.08154296875,523.4122314453125,552.5172119140625
56,3178,198,0,car,0.9401604533195496,1367.094970703125,407.86322021484375,1919.7216796875,946.824951171875,1643.4083251953125,946.824951171875,552.626708984375,538.9617309570312
56,3179,198,0,car,0.9269403219223022,1343.7919921875,366.4598083496094,1919.939697265625,872.7657470703125,1631.8658447265625,872.7657470703125,576.147705078125,506.3059387207031
56,3180,198,0,car,0.925385057926178,1321.68310546875,328.5472717285156,1915.3212890625,802.81396484375,1618.502197265625,802.81396484375,593.63818359375,474.2666931152344
56,3181,198,0,car,0.9350895285606384,1302.900390625,286.4145812988281,1877.97314453125,744.5531005859375,1590.436767578125,744.5531005859375,575.07275390625,458.1385192871094
56,3182,198,0,car,0.9330820441246032,1280.57568359375,253.1427764892578,1836.29345703125,684.9934692382812,1558.4345703125,684.9934692382812,555.7177734375,431.8506927490234
56,3183,198,0,car,0.9312785267829896,1261.539794921875,220.6969451904297,1789.6292724609375,632.63720703125,1525.5845336914062,632.63720703125,528.0894775390625,411.9402618408203
56,3184,198,0,car,0.9357419013977052,1246.696533203125,190.7542724609375,1747.650634765625,579.800537109375,1497.173583984375,579.800537109375,500.9541015625,389.0462646484375
56,3185,198,0,car,0.9311978220939636,1231.3397216796875,162.48269653320312,1708.9471435546875,536.3287963867188,1470.1434326171875,536.3287963867188,477.607421875,373.8460998535156
56,3186,198,0,car,0.937065839767456,1217.67236328125,133.79371643066406,1669.925048828125,487.1275939941406,1443.7987060546875,487.1275939941406,452.252685546875,353.33387756347656
56,3187,198,0,car,0.9229881167411804,1202.993408203125,102.52742767333984,1635.0640869140625,446.387451171875,1419.0287475585938,446.387451171875,432.0706787109375,343.8600234985352
56,3188,198,0,car,0.9283038973808287,1186.6544189453125,76.02385711669922,1606.6710205078125,411.7702026367188,1396.6627197265625,411.7702026367188,420.0166015625,335.7463455200196
56,3189,198,0,car,0.9317674040794371,1174.429443359375,51.357521057128906,1578.5235595703125,376.0792846679688,1376.4765014648438,376.0792846679688,404.0941162109375,324.72176361083984
56,3190,198,0,car,0.9160321950912476,1164.6273193359375,23.752695083618164,1552.491943359375,343.8513488769531,1358.5596313476562,343.8513488769531,387.8646240234375,320.09865379333496
56,3191,198,0,car,0.9324942231178284,1155.50439453125,4.175614356994629,1527.0062255859375,309.5384826660156,1341.2553100585938,309.5384826660156,371.5018310546875,305.362868309021
56,3192,198,0,car,0.924795150756836,1144.8809814453125,0.0,1503.300537109375,277.0722961425781,1324.0907592773438,277.0722961425781,358.4195556640625,277.0722961425781
56,3193,198,0,car,0.9229530096054076,1134.9053955078125,0.0,1480.99755859375,253.5074462890625,1307.9514770507812,253.5074462890625,346.0921630859375,253.5074462890625
56,3194,198,0,car,0.9170396327972412,1124.51123046875,0.0,1456.97900390625,229.5751190185547,1290.7451171875,229.5751190185547,332.4677734375,229.5751190185547
56,3195,198,0,car,0.9034645557403564,1108.207763671875,0.0,1436.83544921875,207.97283935546875,1272.5216064453125,207.97283935546875,328.627685546875,207.97283935546875
56,3196,198,0,car,0.9066832661628724,1097.803955078125,0.0,1416.2847900390625,174.85708618164062,1257.0443725585938,174.85708618164062,318.4808349609375,174.85708618164062
56,3197,198,0,car,0.8970645666122437,1082.04443359375,0.0,1400.7503662109375,151.8511962890625,1241.3973999023438,151.8511962890625,318.7059326171875,151.8511962890625
56,3198,198,0,car,0.8942893147468567,1073.625244140625,0.0,1381.41552734375,128.52366638183594,1227.5203857421875,128.52366638183594,307.790283203125,128.52366638183594
56,3199,198,0,car,0.8919403553009033,1069.0313720703125,0.2088606208562851,1363.3924560546875,108.31659698486328,1216.2119140625,108.31659698486328,294.361083984375,108.107736364007
56,3200,198,0,car,0.8692529201507568,1068.00634765625,1.1802791357040403,1348.4757080078125,94.85856628417967,1208.2410278320312,94.85856628417967,280.4693603515625,93.67828714847565
56,3201,198,0,car,0.8526004552841187,1067.6688232421875,1.6479085683822632,1332.5218505859375,72.55067443847656,1200.0953369140625,72.55067443847656,264.85302734375,70.9027658700943
56,3202,198,0,car,0.7884677648544312,1068.7225341796875,1.32183837890625,1316.5572509765625,50.29930114746094,1192.639892578125,50.29930114746094,247.834716796875,48.97746276855469
57,3221,199,0,car,0.9512062668800354,1424.4727783203125,497.4790649414063,1919.4154052734373,1033.8890380859375,1671.944091796875,1033.8890380859375,494.942626953125,536.4099731445312
57,3222,199,0,car,0.9446174502372742,1399.410400390625,459.0443115234375,1919.5462646484373,970.7838134765624,1659.4783325195312,970.7838134765624,520.1358642578125,511.739501953125
57,3223,199,0,car,0.9406763315200806,1372.267333984375,419.66253662109375,1919.266357421875,902.5150756835938,1645.766845703125,902.5150756835938,546.9990234375,482.8525390625
57,3224,199,0,car,0.9501818418502808,1347.36572265625,380.4509887695313,1913.8602294921875,840.5441284179688,1630.6129760742188,840.5441284179688,566.4945068359375,460.0931396484375
57,3225,199,0,car,0.9331527948379515,1326.294189453125,342.0356750488281,1875.932861328125,781.3394775390625,1601.113525390625,781.3394775390625,549.638671875,439.3038024902344
57,3226,199,0,car,0.9052671194076538,1307.3277587890625,303.1460266113281,1836.17919921875,721.1818237304688,1571.7534790039062,721.1818237304688,528.8514404296875,418.0357971191406
57,3227,199,0,car,0.9356486797332764,1286.0540771484375,272.77203369140625,1793.7254638671875,673.5892333984375,1539.8897705078125,673.5892333984375,507.67138671875,400.8171997070313
57,3228,199,0,car,0.9321873784065248,1268.850830078125,238.75875854492188,1753.6253662109375,621.4403686523438,1511.2380981445312,621.4403686523438,484.7745361328125,382.6816101074219
57,3229,199,0,car,0.941519260406494,1253.9129638671875,206.79991149902344,1716.2677001953125,574.1768798828125,1485.09033203125,574.1768798828125,462.354736328125,367.37696838378906
57,3230,199,0,car,0.8830709457397461,1237.3890380859375,179.89581298828125,1676.8681640625,533.756591796875,1457.1286010742188,533.756591796875,439.4791259765625,353.8607788085937
57,3231,199,0,car,0.94181627035141,1223.4224853515625,151.19329833984375,1645.137451171875,488.91412353515625,1434.2799682617188,488.91412353515625,421.7149658203125,337.7208251953125
57,3232,199,0,car,0.91987282037735,1208.6280517578125,125.1086654663086,1617.650390625,451.84564208984375,1413.1392211914062,451.84564208984375,409.0223388671875,326.7369766235352
57,3233,199,0,car,0.9240585565567015,1194.165283203125,98.0124053955078,1585.1920166015625,418.43304443359375,1389.6786499023438,418.43304443359375,391.0267333984375,320.42063903808594
57,3234,199,0,car,0.9271523952484132,1182.063720703125,73.39141082763672,1558.705810546875,384.8265686035156,1370.384765625,384.8265686035156,376.64208984375,311.4351577758789
57,3235,199,0,car,0.9267205595970154,1170.5106201171875,52.05607604980469,1532.847900390625,351.78009033203125,1351.6792602539062,351.78009033203125,362.3372802734375,299.72401428222656
57,3236,199,0,car,0.9308823347091676,1162.0970458984375,27.77375030517578,1509.9512939453125,317.7152709960937,1336.024169921875,317.7152709960937,347.854248046875,289.941520690918
57,3237,199,0,car,0.9253258109092712,1150.0498046875,5.5462422370910645,1488.8809814453125,288.083984375,1319.4653930664062,288.083984375,338.8311767578125,282.53774213790894
57,3238,199,0,car,0.9264692068099976,1137.9989013671875,0.0,1468.92333984375,260.65679931640625,1303.4611206054688,260.65679931640625,330.9244384765625,260.65679931640625
57,3239,199,0,car,0.9196182489395142,1128.5469970703125,0.0,1447.3802490234375,236.4627227783203,1287.963623046875,236.4627227783203,318.833251953125,236.4627227783203
57,3240,199,0,car,0.9220340847969056,1114.6910400390625,0.0,1426.814453125,213.09747314453125,1270.7527465820312,213.09747314453125,312.1234130859375,213.09747314453125
57,3241,199,0,car,0.9089050889015198,1099.4989013671875,0.0,1408.4693603515625,186.2130584716797,1253.984130859375,186.2130584716797,308.970458984375,186.2130584716797
57,3242,199,0,car,0.912076771259308,1087.3441162109375,0.0,1388.574462890625,161.3768768310547,1237.9592895507812,161.3768768310547,301.2303466796875,161.3768768310547
57,3243,199,0,car,0.8984571695327759,1075.231201171875,0.0,1372.3360595703125,139.82728576660156,1223.7836303710938,139.82728576660156,297.1048583984375,139.82728576660156
57,3244,199,0,car,0.8984165787696838,1068.8697509765625,0.0,1356.93310546875,118.71515655517578,1212.9014282226562,118.71515655517578,288.0633544921875,118.71515655517578
57,3245,199,0,car,0.8871503472328186,1067.068359375,0.0,1344.280517578125,101.22344970703124,1205.6744384765625,101.22344970703124,277.212158203125,101.22344970703124
57,3246,199,0,car,0.8585429787635803,1066.4312744140625,1.2796707153320312,1328.90478515625,84.14385223388672,1197.6680297851562,84.14385223388672,262.4735107421875,82.86418151855469
57,3247,199,0,car,0.8314794301986694,1066.216796875,2.282801866531372,1314.1837158203125,62.46871566772461,1190.2002563476562,62.46871566772461,247.9669189453125,60.18591380119324
58,3226,200,0,car,0.9378349184989928,676.119140625,410.15142822265625,1147.6802978515625,1028.00537109375,911.8997192382812,1028.00537109375,471.5611572265625,617.8539428710938
58,3227,200,0,car,0.9466474056243896,674.486083984375,372.5425109863281,1129.587646484375,963.5684204101562,902.036865234375,963.5684204101562,455.1015625,591.0259094238281
58,3228,200,0,car,0.9375864863395692,671.2234497070312,338.6901550292969,1109.476806640625,895.4368286132812,890.3501281738281,895.4368286132812,438.25335693359375,556.7466735839844
58,3229,200,0,car,0.9304493069648744,669.0953979492188,304.04754638671875,1091.3641357421875,831.160400390625,880.2297668457031,831.160400390625,422.2687377929688,527.1128540039062
58,3230,200,0,car,0.931647777557373,669.3496704101562,273.2706298828125,1079.1614990234375,769.448974609375,874.2555847167969,769.448974609375,409.8118286132813,496.1783447265625
58,3231,200,0,car,0.9379829168319702,666.4088745117188,245.89927673339844,1065.405517578125,717.5589599609375,865.9071960449219,717.5589599609375,398.9966430664063,471.6596832275391
58,3232,200,0,car,0.9451791048049928,665.6815795898438,219.123046875,1053.3472900390625,667.5860595703125,859.5144348144531,667.5860595703125,387.6657104492188,448.4630126953125
58,3233,200,0,car,0.9522354006767272,666.0394287109375,193.9447479248047,1038.3089599609375,623.13330078125,852.1741943359375,623.13330078125,372.26953125,429.1885528564453
58,3234,200,0,car,0.9535791277885436,666.4456787109375,167.5277099609375,1028.31787109375,577.08251953125,847.3817749023438,577.08251953125,361.8721923828125,409.5548095703125
58,3235,200,0,car,0.946664571762085,664.543701171875,143.4211883544922,1019.7863159179688,533.6273193359375,842.1650085449219,533.6273193359375,355.2426147460937,390.2061309814453
58,3236,200,0,car,0.944373905658722,666.1796875,119.0456771850586,1012.3123779296876,494.4404602050781,839.2460327148438,494.4404602050781,346.1326904296875,375.39478302001953
58,3237,200,0,car,0.9279409050941468,664.8011474609375,96.9051513671875,1002.1035766601562,456.050537109375,833.4523620605469,456.050537109375,337.30242919921875,359.1453857421875
58,3238,200,0,car,0.9281575083732604,665.2191162109375,74.9028549194336,993.3034057617188,415.8579406738281,829.2612609863281,415.8579406738281,328.08428955078125,340.95508575439453
58,3239,200,0,car,0.9263632893562316,666.9071655273438,54.66148376464844,982.9986572265624,381.0106506347656,824.9529113769531,381.0106506347656,316.09149169921875,326.3491668701172
58,3240,200,0,car,0.929369568824768,668.4608154296875,32.61128616333008,975.1693725585938,351.02490234375,821.8150939941406,351.02490234375,306.70855712890625,318.4136161804199
58,3241,200,0,car,0.9303665161132812,665.874267578125,17.21544647216797,968.7899780273438,317.8913879394531,817.3321228027344,317.8913879394531,302.91571044921875,300.6759414672852
58,3242,200,0,car,0.92820805311203,666.2434692382812,0.0,962.64794921875,290.0495300292969,814.4457092285156,290.0495300292969,296.40447998046875,290.0495300292969
58,3243,200,0,car,0.9250503182411194,667.8487548828125,0.0,955.5972290039062,263.1766052246094,811.7229919433594,263.1766052246094,287.7484741210937,263.1766052246094
58,3244,200,0,car,0.9233548045158386,667.9301147460938,0.0,947.7733764648438,240.6406707763672,807.8517456054688,240.6406707763672,279.84326171875,240.6406707763672
58,3245,200,0,car,0.926823616027832,669.83349609375,0.0,940.4365234375,216.5618438720703,805.135009765625,216.5618438720703,270.60302734375,216.5618438720703
58,3246,200,0,car,0.92561674118042,669.7190551757812,0.0,933.6966552734376,193.63751220703125,801.7078552246094,193.63751220703125,263.97760009765625,193.63751220703125
58,3247,200,0,car,0.9149439930915833,669.2799072265625,0.0,927.67431640625,168.04220581054688,798.4771118164062,168.04220581054688,258.3944091796875,168.04220581054688
58,3248,200,0,car,0.9048515558242798,671.7619018554688,2.02508544921875,921.6079711914062,147.84146118164062,796.6849365234375,147.84146118164062,249.8460693359375,145.81637573242188
58,3249,200,0,car,0.8995082378387451,672.5092163085938,0.0,917.9078369140624,129.17202758789062,795.2085266113281,129.17202758789062,245.39862060546875,129.17202758789062
58,3250,200,0,car,0.8899507522583008,671.759765625,0.0,914.1358642578124,109.1811065673828,792.9478149414062,109.1811065673828,242.3760986328125,109.1811065673828
58,3251,200,0,car,0.8634896874427795,670.111083984375,2.4782564640045166,908.589111328125,90.09282684326172,789.35009765625,90.09282684326172,238.47802734375,87.6145703792572
58,3252,200,0,car,0.8482316136360168,669.08837890625,1.5023106336593628,902.8707885742188,69.94511413574219,785.9795837402344,69.94511413574219,233.78240966796875,68.44280350208282
58,3253,200,0,car,0.7787403464317322,670.55078125,0.8551138043403625,898.9334716796875,56.32171630859375,784.7421264648438,56.32171630859375,228.3826904296875,55.46660250425339
59,3256,206,0,car,0.933166801929474,1209.4075927734375,449.0615539550781,1821.9775390625,1020.2767944335938,1515.6925659179688,1020.2767944335938,612.5699462890625,571.2152404785156
59,3257,206,0,car,0.9457961916923524,1189.0274658203125,406.74560546875,1773.185302734375,957.8820190429688,1481.1063842773438,957.8820190429688,584.1578369140625,551.1364135742188
59,3258,206,0,car,0.9285429120063782,1175.33056640625,368.3159790039063,1725.0972900390625,889.7626342773438,1450.2139282226562,889.7626342773438,549.7667236328125,521.4466552734375
59,3259,206,0,car,0.9323388934135436,1158.075439453125,333.4947814941406,1676.4639892578125,821.5745239257812,1417.2697143554688,821.5745239257812,518.3885498046875,488.0797424316406
59,3260,206,0,car,0.9389661550521852,1142.5155029296875,293.65838623046875,1637.634033203125,758.6783447265625,1390.0747680664062,758.6783447265625,495.1185302734375,465.01995849609375
59,3261,206,0,car,0.9319509863853456,1129.738037109375,267.3158874511719,1601.1878662109375,699.223876953125,1365.4629516601562,699.223876953125,471.4498291015625,431.9079895019531
59,3262,206,0,car,0.9369284510612488,1117.98193359375,234.2332305908203,1564.412841796875,648.6708984375,1341.1973876953125,648.6708984375,446.430908203125,414.4376678466797
59,3263,206,0,car,0.9425072073936462,1102.3106689453125,204.2742462158203,1532.3603515625,596.95654296875,1317.3355102539062,596.95654296875,430.0496826171875,392.6822967529297
59,3264,206,0,car,0.9429046511650084,1087.5931396484375,177.51840209960938,1505.1019287109375,552.2537841796875,1296.3475341796875,552.2537841796875,417.5087890625,374.7353820800781
59,3265,206,0,car,0.9427914023399352,1076.5926513671875,148.8489532470703,1476.50390625,512.3067626953125,1276.5482788085938,512.3067626953125,399.9112548828125,363.4578094482422
59,3266,206,0,car,0.93595153093338,1063.6885986328125,122.76171875,1451.7923583984375,471.6798706054688,1257.740478515625,471.6798706054688,388.103759765625,348.91815185546875
59,3267,206,0,car,0.923963189125061,1053.3333740234375,97.31495666503906,1426.4052734375,433.0113525390625,1239.8693237304688,433.0113525390625,373.0718994140625,335.69639587402344
59,3268,206,0,car,0.919420838356018,1044.978271484375,73.2334213256836,1405.9991455078125,397.3620910644531,1225.4887084960938,397.3620910644531,361.0208740234375,324.1286697387696
59,3269,206,0,car,0.9339361786842346,1037.2984619140625,52.909461975097656,1387.2042236328125,364.1051025390625,1212.2513427734375,364.1051025390625,349.90576171875,311.19564056396484
59,3270,206,0,car,0.9311254620552064,1028.8773193359375,29.759220123291016,1365.4208984375,334.30126953125,1197.1491088867188,334.30126953125,336.5435791015625,304.542049407959
59,3271,206,0,car,0.9302491545677184,1021.791015625,9.45515251159668,1348.0126953125,301.8936767578125,1184.90185546875,301.8936767578125,326.2216796875,292.4385242462158
59,3272,206,0,car,0.9225471019744872,1012.5567626953124,0.0,1331.250732421875,274.19775390625,1171.9037475585938,274.19775390625,318.6939697265625,274.19775390625
59,3273,206,0,car,0.9201200008392334,1001.0526123046876,0.0,1312.58349609375,251.5201110839844,1156.8180541992188,251.5201110839844,311.5308837890625,251.5201110839844
59,3274,206,0,car,0.9248924255371094,993.1708984375,0.0,1297.73876953125,225.3124389648437,1145.454833984375,225.3124389648437,304.56787109375,225.3124389648437
59,3275,206,0,car,0.9133999943733216,987.8125610351562,0.0,1281.0509033203125,200.6370849609375,1134.4317321777344,200.6370849609375,293.23834228515625,200.6370849609375
59,3276,206,0,car,0.9082653522491456,981.0708618164062,0.0,1264.736572265625,174.61256408691406,1122.9037170410156,174.61256408691406,283.66571044921875,174.61256408691406
59,3277,206,0,car,0.9011935591697692,977.24609375,0.0,1253.0716552734375,152.59780883789062,1115.1588745117188,152.59780883789062,275.8255615234375,152.59780883789062
59,3278,206,0,car,0.9007049202919006,971.7637329101562,0.0,1241.0272216796875,135.5332794189453,1106.395477294922,135.5332794189453,269.26348876953125,135.5332794189453
59,3279,206,0,car,0.9034786820411682,967.040771484375,0.0,1225.5494384765625,112.14486694335938,1096.2951049804688,112.14486694335938,258.5086669921875,112.14486694335938
59,3280,206,0,car,0.8836745023727417,968.0748291015624,0.0793467462062835,1212.22314453125,95.73783111572266,1090.1489868164062,95.73783111572266,244.1483154296875,95.65848436951636
59,3281,206,0,car,0.8818113803863525,972.28173828125,1.5684847831726074,1202.4366455078125,74.0529556274414,1087.3591918945312,74.0529556274414,230.1549072265625,72.4844708442688
59,3282,206,0,car,0.918864369392395,975.6950073242188,1.2416507005691528,1190.5003662109375,61.44503402709961,1083.097686767578,61.44503402709961,214.80535888671875,60.20338332653046
60,3338,208,0,car,0.9382388591766356,1226.4771728515625,471.111083984375,1891.025634765625,1043.7061767578125,1558.7514038085938,1043.7061767578125,664.5484619140625,572.5950927734375
60,3339,208,0,car,0.9350734949111938,1211.7220458984375,427.9766540527344,1846.536865234375,977.87939453125,1529.1294555664062,977.87939453125,634.8148193359375,549.9027404785156
60,3340,208,0,car,0.9413531422615052,1194.531494140625,382.80474853515625,1789.2232666015625,906.9575805664062,1491.8773803710938,906.9575805664062,594.6917724609375,524.15283203125
60,3341,208,0,car,0.9281538128852844,1175.6424560546875,344.6415100097656,1740.2822265625,836.9066772460938,1457.9623413085938,836.9066772460938,564.6397705078125,492.2651672363281
60,3342,208,0,car,0.9382258653640748,1164.847900390625,301.4177551269531,1693.025634765625,780.78955078125,1428.936767578125,780.78955078125,528.177734375,479.3717956542969
60,3343,208,0,car,0.9291164875030518,1148.7855224609375,270.33660888671875,1652.04541015625,722.2454833984375,1400.4154663085938,722.2454833984375,503.2598876953125,451.9088745117188
60,3344,208,0,car,0.9399548172950744,1135.3809814453125,232.2795867919922,1617.150634765625,662.7944946289062,1376.2658081054688,662.7944946289062,481.7696533203125,430.51490783691406
60,3345,208,0,car,0.940354824066162,1121.0008544921875,201.985580444336,1578.424560546875,608.37744140625,1349.7127075195312,608.37744140625,457.4237060546875,406.39186096191406
60,3346,208,0,car,0.9347488284111024,1110.001953125,172.3379364013672,1546.15673828125,559.088134765625,1328.079345703125,559.088134765625,436.15478515625,386.7501983642578
60,3347,208,0,car,0.9414079189300536,1096.2427978515625,145.3270263671875,1516.12158203125,518.3365478515625,1306.1821899414062,518.3365478515625,419.8787841796875,373.009521484375
60,3348,208,0,car,0.9440860748291016,1083.4923095703125,117.98374938964844,1492.044189453125,477.66595458984375,1287.7682495117188,477.66595458984375,408.5518798828125,359.6822052001953
60,3349,208,0,car,0.9359189867973328,1071.3995361328125,90.56510162353516,1467.904052734375,435.971435546875,1269.6517944335938,435.971435546875,396.5045166015625,345.40633392333984
60,3350,208,0,car,0.925652801990509,1060.9476318359375,65.4505844116211,1445.42431640625,399.3951416015625,1253.1859741210938,399.3951416015625,384.4766845703125,333.9445571899414
60,3351,208,0,car,0.932910680770874,1053.689208984375,43.13232803344727,1423.5859375,361.9576721191406,1238.6375732421875,361.9576721191406,369.896728515625,318.82534408569336
60,3352,208,0,car,0.9336434602737428,1043.8211669921875,19.17804527282715,1403.473876953125,328.0407409667969,1223.6475219726562,328.0407409667969,359.6527099609375,308.8626956939697
60,3353,208,0,car,0.935308277606964,1036.5614013671875,0.0721332132816314,1384.273193359375,296.08056640625,1210.4172973632812,296.08056640625,347.7117919921875,296.0084331929684
60,3354,208,0,car,0.9314857125282288,1029.1396484375,0.0,1363.8955078125,266.01513671875,1196.517578125,266.01513671875,334.755859375,266.01513671875
60,3355,208,0,car,0.92636239528656,1020.4271240234376,0.0,1346.23779296875,242.26795959472656,1183.3324584960938,242.26795959472656,325.8106689453125,242.26795959472656
60,3356,208,0,car,0.926541030406952,1009.496337890625,0.0,1330.1854248046875,216.95281982421875,1169.8408813476562,216.95281982421875,320.6890869140625,216.95281982421875
60,3357,208,0,car,0.9214332103729248,1003.8574829101562,0.0,1313.5247802734375,192.65782165527344,1158.6911315917969,192.65782165527344,309.66729736328125,192.65782165527344
60,3358,208,0,car,0.9227004051208496,995.0532836914062,0.0,1296.5272216796875,165.97607421875,1145.7902526855469,165.97607421875,301.47393798828125,165.97607421875
60,3359,208,0,car,0.9014229774475098,989.291015625,0.0,1280.44287109375,145.36570739746094,1134.866943359375,145.36570739746094,291.15185546875,145.36570739746094
60,3360,208,0,car,0.905754566192627,983.7330322265624,0.0,1266.7213134765625,122.02499389648438,1125.2271728515625,122.02499389648438,282.98828125,122.02499389648438
60,3361,208,0,car,0.8888536691665649,983.7649536132812,0.1158259361982345,1253.328857421875,101.00935363769533,1118.546905517578,101.00935363769533,269.5639038085937,100.89352770149708
60,3362,208,0,car,0.8806906938552856,990.5263671875,1.753953218460083,1239.293212890625,80.17496490478516,1114.9097900390625,80.17496490478516,248.766845703125,78.42101168632507
60,3363,208,0,car,0.8562289476394653,990.3474731445312,1.8354356288909912,1227.796875,64.26724243164062,1109.0721740722656,64.26724243164062,237.44940185546875,62.431806802749634
61,3354,209,0,car,0.8971174359321594,755.1509399414062,569.9630126953125,957.0318603515624,1017.0960083007812,856.0914001464844,1017.0960083007812,201.88092041015625,447.1329956054688
61,3355,209,0,car,0.8708288669586182,752.0986938476562,507.1312255859375,945.4122924804688,944.82666015625,848.7554931640625,944.82666015625,193.3135986328125,437.6954345703125
61,3356,209,0,car,0.8248304128646851,749.7371215820312,449.3997497558594,930.1893310546876,872.1383056640625,839.9632263183594,872.1383056640625,180.45220947265625,422.7385559082031
61,3357,209,0,car,0.8082548379898071,747.1028442382812,396.6548156738281,918.8079223632812,804.6646118164062,832.9553833007812,804.6646118164062,171.705078125,408.0097961425781
61,3358,209,0,car,0.7791182398796082,744.1161499023438,346.20465087890625,910.8492431640624,744.3803100585938,827.4826965332031,744.3803100585938,166.73309326171875,398.1756591796875
61,3359,209,1,motorcycle,0.7717904448509216,742.5693359375,299.9573974609375,900.0827026367188,683.2833251953125,821.3260192871094,683.2833251953125,157.51336669921875,383.325927734375
61,3360,209,1,motorcycle,0.7961944937705994,744.2586059570312,269.4210205078125,891.4454345703125,627.046142578125,817.8520202636719,627.046142578125,147.18682861328125,357.6251220703125
61,3361,209,1,motorcycle,0.8516493439674377,742.7383422851562,263.99371337890625,885.6583251953125,576.3826293945312,814.1983337402344,576.3826293945312,142.91998291015625,312.388916015625
61,3362,209,1,motorcycle,0.8483918309211731,741.6755981445312,203.5591735839844,879.5467529296875,531.1031494140625,810.6111755371094,531.1031494140625,137.87115478515625,327.5439758300781
61,3363,209,1,motorcycle,0.8856012225151062,740.9495849609375,255.1787872314453,870.8423461914062,488.0886840820313,805.8959655761719,488.0886840820313,129.89276123046875,232.909896850586
61,3364,209,1,motorcycle,0.8638619780540466,742.9882202148438,258.6446838378906,864.5817260742188,446.9407958984375,803.7849731445312,446.9407958984375,121.593505859375,188.29611206054688
61,3365,209,1,motorcycle,0.8776476383209229,753.02392578125,277.8399963378906,859.3331298828125,406.6258544921875,806.1785278320312,406.6258544921875,106.3092041015625,128.78585815429688
61,3366,209,1,motorcycle,0.8900517821311951,765.3787231445312,278.7666931152344,852.2276611328125,371.1312561035156,808.8031921386719,371.1312561035156,86.84893798828125,92.36456298828124
62,3384,213,0,car,0.9360626935958862,1250.91162109375,444.2080993652344,1898.1971435546875,1015.6461181640624,1574.5543823242188,1015.6461181640624,647.2855224609375,571.4380187988281
62,3385,213,0,car,0.9283483028411864,1227.7979736328125,398.5415344238281,1853.986572265625,946.3306884765624,1540.8922729492188,946.3306884765624,626.1885986328125,547.7891540527344
62,3386,213,0,car,0.9349452257156372,1214.7354736328125,360.7034606933594,1806.4967041015625,872.9259033203125,1510.6160888671875,872.9259033203125,591.76123046875,512.2224426269531
62,3387,213,0,car,0.9396334886550904,1201.8023681640625,311.3022766113281,1755.37060546875,803.0094604492188,1478.5864868164062,803.0094604492188,553.5682373046875,491.7071838378906
62,3388,213,0,car,0.9367865920066832,1181.8145751953125,278.3768310546875,1711.4896240234375,742.5693359375,1446.652099609375,742.5693359375,529.675048828125,464.1925048828125
62,3389,213,0,car,0.9299076795578004,1168.6650390625,245.23825073242188,1664.8265380859375,685.2076416015625,1416.7457885742188,685.2076416015625,496.1614990234375,439.9693908691406
62,3390,213,0,car,0.9297374486923218,1152.39453125,213.547607421875,1629.2900390625,632.6067504882812,1390.84228515625,632.6067504882812,476.8955078125,419.0591430664063
62,3391,213,0,car,0.9192857146263124,1137.92041015625,182.2711181640625,1594.0162353515625,578.5198974609375,1365.9683227539062,578.5198974609375,456.0958251953125,396.248779296875
62,3392,213,0,car,0.9369531273841858,1125.997802734375,151.92515563964844,1557.4310302734375,531.115478515625,1341.7144165039062,531.115478515625,431.4332275390625,379.19032287597656
62,3393,213,0,car,0.9285461902618408,1114.4698486328125,124.8149642944336,1526.733154296875,482.8201293945313,1320.6015014648438,482.8201293945313,412.2633056640625,358.00516510009766
62,3394,213,0,car,0.9078466296195984,1101.15478515625,97.6064224243164,1501.83154296875,442.02435302734375,1301.4931640625,442.02435302734375,400.6767578125,344.41793060302734
62,3395,213,0,car,0.9258950352668762,1087.140625,70.30397033691406,1476.954345703125,402.401611328125,1282.0474853515625,402.401611328125,389.813720703125,332.09764099121094
62,3396,213,0,car,0.9273969531059264,1079.6712646484375,46.8838119506836,1452.6492919921875,364.5962524414063,1266.1602783203125,364.5962524414063,372.97802734375,317.71244049072266
62,3397,213,0,car,0.924887239933014,1070.6767578125,20.51399612426757,1429.7958984375,329.0863952636719,1250.236328125,329.0863952636719,359.119140625,308.5723991394043
62,3398,213,0,car,0.9293790459632874,1063.5360107421875,0.0,1406.9710693359375,297.1619873046875,1235.2535400390625,297.1619873046875,343.43505859375,297.1619873046875
62,3399,213,0,car,0.914445459842682,1052.8304443359375,0.0,1388.0120849609375,267.9356689453125,1220.4212646484375,267.9356689453125,335.181640625,267.9356689453125
62,3400,213,0,car,0.921983003616333,1043.385986328125,0.0,1366.815673828125,242.42469787597656,1205.100830078125,242.42469787597656,323.4296875,242.42469787597656
62,3401,213,0,car,0.9192910194396972,1035.08642578125,0.0,1347.5582275390625,214.7867126464844,1191.3223266601562,214.7867126464844,312.4718017578125,214.7867126464844
62,3402,213,0,car,0.9214932322502136,1027.3731689453125,0.0,1329.2496337890625,186.7229766845703,1178.3114013671875,186.7229766845703,301.87646484375,186.7229766845703
62,3403,213,0,car,0.906743049621582,1018.3450927734376,0.0,1312.1826171875,158.60169982910156,1165.2638549804688,158.60169982910156,293.8375244140625,158.60169982910156
62,3404,213,0,car,0.8947117328643799,1009.875244140625,0.0,1298.197265625,137.53004455566406,1154.0362548828125,137.53004455566406,288.322021484375,137.53004455566406
62,3405,213,0,car,0.8920525312423706,1002.3914184570312,0.0,1281.585205078125,113.9229736328125,1141.988311767578,113.9229736328125,279.1937866210937,113.9229736328125
62,3406,213,0,car,0.8787133693695068,1000.157958984375,0.0803310051560401,1267.1536865234375,95.3781509399414,1133.6558227539062,95.3781509399414,266.9957275390625,95.29781993478537
62,3407,213,0,car,0.8763037919998169,994.1771850585938,1.739309787750244,1255.0277099609375,73.5867691040039,1124.6024475097656,73.5867691040039,260.8505249023437,71.84745931625366
62,3408,213,0,car,0.8272832036018372,996.1449584960938,1.5062482357025146,1239.978271484375,56.86246109008789,1118.0616149902344,56.86246109008789,243.83331298828125,55.356212854385376
63,3468,214,0,car,0.9453211426734924,1370.5875244140625,520.7424926757812,1919.398681640625,1059.4464111328125,1644.9931030273438,1059.4464111328125,548.8111572265625,538.7039184570312
63,3469,214,0,car,0.927459955215454,1343.5040283203125,469.86761474609375,1919.80517578125,1003.9005126953124,1631.6546020507812,1003.9005126953124,576.3011474609375,534.0328979492188
63,3470,214,0,car,0.9259323477745056,1320.745361328125,423.3250122070313,1913.3873291015625,933.7454223632812,1617.0663452148438,933.7454223632812,592.6419677734375,510.42041015625
63,3471,214,0,car,0.939759373664856,1298.8028564453125,379.6238708496094,1870.8211669921875,863.5662231445312,1584.81201171875,863.5662231445312,572.018310546875,483.9423522949219
63,3472,214,0,car,0.9395456314086914,1274.40966796875,338.88800048828125,1824.5755615234373,795.4539794921875,1549.4926147460938,795.4539794921875,550.1658935546875,456.5659790039063
63,3473,214,0,car,0.934611678123474,1257.270751953125,293.92742919921875,1774.1876220703125,734.4857788085938,1515.7291870117188,734.4857788085938,516.9168701171875,440.558349609375
63,3474,214,0,car,0.9322429299354552,1239.0640869140625,260.1332397460937,1730.3897705078125,677.5231323242188,1484.7269287109375,677.5231323242188,491.32568359375,417.389892578125
63,3475,214,0,car,0.9349115490913392,1221.50927734375,222.5894470214844,1687.1341552734375,625.02783203125,1454.3217163085938,625.02783203125,465.6248779296875,402.4383850097656
63,3476,214,0,car,0.945716679096222,1205.272705078125,190.9488677978516,1647.451904296875,572.4328002929688,1426.3623046875,572.4328002929688,442.17919921875,381.4839324951172
63,3477,214,0,car,0.9407396912574768,1188.659423828125,161.3629913330078,1614.5853271484375,530.3543090820312,1401.6223754882812,530.3543090820312,425.9259033203125,368.9913177490234
63,3478,214,0,car,0.9475157260894777,1173.600341796875,131.57301330566406,1582.83154296875,482.5914916992188,1378.2159423828125,482.5914916992188,409.231201171875,351.0184783935547
63,3479,214,0,car,0.9290469288825988,1159.6824951171875,101.27398681640624,1552.688232421875,442.54205322265625,1356.1853637695312,442.54205322265625,393.0057373046875,341.26806640625
63,3480,214,0,car,0.9221895933151244,1146.449951171875,76.42991638183594,1525.84716796875,404.7071228027344,1336.1485595703125,404.7071228027344,379.397216796875,328.27720642089844
63,3481,214,0,car,0.9318185448646544,1135.975341796875,55.06758117675781,1500.547119140625,366.19281005859375,1318.26123046875,366.19281005859375,364.57177734375,311.12522888183594
63,3482,214,0,car,0.9205421805381776,1124.52783203125,27.12027168273925,1477.4383544921875,332.377685546875,1300.9830932617188,332.377685546875,352.9105224609375,305.25741386413574
63,3483,214,0,car,0.9298372864723206,1113.125244140625,3.0003066062927246,1452.082763671875,301.664794921875,1282.60400390625,301.664794921875,338.95751953125,298.6644883155823
63,3484,214,0,car,0.9160993099212646,1098.579833984375,0.0,1431.65966796875,269.1147155761719,1265.1197509765625,269.1147155761719,333.079833984375,269.1147155761719
63,3485,214,0,car,0.9213863611221312,1087.5167236328125,0.0,1407.895751953125,244.48580932617188,1247.7062377929688,244.48580932617188,320.3790283203125,244.48580932617188
63,3486,214,0,car,0.921738862991333,1077.5960693359375,0.0,1387.2218017578125,217.97341918945312,1232.408935546875,217.97341918945312,309.625732421875,217.97341918945312
63,3487,214,0,car,0.9150548577308656,1070.5181884765625,0.0,1367.504150390625,191.38433837890625,1219.0111694335938,191.38433837890625,296.9859619140625,191.38433837890625
63,3488,214,0,car,0.9197078347206116,1062.650146484375,0.0,1350.56640625,164.62008666992188,1206.6082763671875,164.62008666992188,287.916259765625,164.62008666992188
63,3489,214,0,car,0.8944940567016602,1055.4508056640625,0.0,1335.7125244140625,143.71226501464844,1195.5816650390625,143.71226501464844,280.26171875,143.71226501464844
63,3490,214,0,car,0.8942641019821167,1048.1923828125,0.0,1322.5689697265625,119.56430053710938,1185.3806762695312,119.56430053710938,274.3765869140625,119.56430053710938
63,3491,214,0,car,0.8841037750244141,1038.705078125,0.242416650056839,1310.3475341796875,100.30935668945312,1174.5263061523438,100.30935668945312,271.6424560546875,100.06694003939629
63,3492,214,0,car,0.8677765727043152,1046.67333984375,1.9771534204483032,1294.3358154296875,81.57406616210938,1170.5045776367188,81.57406616210938,247.6624755859375,79.59691274166107
63,3493,214,0,car,0.8410018086433411,1057.32861328125,2.5755951404571533,1280.64599609375,61.20865631103516,1168.9873046875,61.20865631103516,223.3173828125,58.633061170578
64,3478,215,0,car,0.9388101100921632,0.5872823596000671,471.1812744140625,444.4071044921875,1027.487548828125,222.49719342589376,1027.487548828125,443.8198221325874,556.3062744140625
64,3479,215,0,car,0.9437625408172609,0.6099001169204712,434.6227416992188,451.6126403808594,972.9564819335938,226.11127024888992,972.9564819335938,451.0027402639389,538.333740234375
64,3480,215,0,car,0.9405728578567504,2.3568224906921387,395.850830078125,457.6661071777344,910.1677856445312,230.01146483421329,910.1677856445312,455.30928468704224,514.3169555664062
64,3481,215,0,car,0.9441654682159424,14.10101318359375,356.5158996582031,462.0767822265625,852.568603515625,238.08889770507807,852.568603515625,447.9757690429688,496.0527038574219
64,3482,215,0,car,0.9476999640464784,30.643346786499023,316.8549499511719,463.9200439453125,792.6388549804688,247.28169536590576,792.6388549804688,433.2766971588135,475.7839050292969
64,3483,215,0,car,0.9508745074272156,51.471778869628906,290.927734375,466.76708984375,743.4132690429688,259.11943435668945,743.4132690429688,415.2953109741211,452.4855346679688
64,3484,215,0,car,0.939495086669922,69.82192993164062,263.9224853515625,469.9577026367188,688.9620971679688,269.8898162841797,688.9620971679688,400.1357727050781,425.0396118164063
64,3485,215,0,car,0.9353723526000975,83.24950408935547,235.84063720703125,474.5597229003906,644.1159057617188,278.90461349487305,644.1159057617188,391.3102188110352,408.2752685546875
64,3486,215,0,car,0.9388259649276732,102.22459411621094,206.4516143798828,478.2256164550781,597.8958740234375,290.22510528564453,597.8958740234375,376.0010223388672,391.4442596435547
64,3487,215,0,car,0.932014226913452,120.22818756103516,180.3344573974609,484.61126708984375,558.5314331054688,302.41972732543945,558.5314331054688,364.3830795288086,378.1969757080078
64,3488,215,0,car,0.9301633834838868,132.752197265625,155.65977478027344,488.10687255859375,518.0154418945312,310.4295349121094,518.0154418945312,355.35467529296875,362.3556671142578
64,3489,215,0,car,0.9286481738090516,146.75840759277344,131.09005737304688,491.5374450683594,481.1375732421875,319.1479263305664,481.1375732421875,344.77903747558594,350.0475158691406
64,3490,215,0,car,0.925318479537964,161.63047790527344,106.64673614501952,494.6217651367188,448.4812622070313,328.1261215209961,448.4812622070313,332.9912872314453,341.8345260620117
64,3491,215,0,car,0.9325829744338988,173.5555877685547,83.57613372802734,495.75592041015625,414.2546081542969,334.65575408935547,414.2546081542969,322.2003326416016,330.6784744262696
64,3492,215,0,car,0.919203519821167,183.0614471435547,58.40178298950195,496.9352722167969,382.0010070800781,339.9983596801758,382.0010070800781,313.8738250732422,323.5992240905762
64,3493,215,0,car,0.924921691417694,193.5955047607422,39.94176483154297,498.7665710449219,352.8861694335937,346.18103790283203,352.8861694335937,305.1710662841797,312.9444046020508
64,3494,215,0,car,0.9277283549308776,203.7702789306641,21.230653762817383,501.9471130371094,323.1351318359375,352.8586959838867,323.1351318359375,298.1768341064453,301.9044780731201
64,3495,215,0,car,0.9267244935035706,212.28228759765625,2.3230929374694824,504.29779052734375,294.5276184082031,358.2900390625,294.5276184082031,292.0155029296875,292.20452547073364
64,3496,215,0,car,0.9298790097236632,220.40760803222656,0.0,506.771240234375,271.0193786621094,363.5894241333008,271.0193786621094,286.36363220214844,271.0193786621094
64,3497,215,0,car,0.9176660180091858,229.5529937744141,0.0,508.96685791015625,247.21815490722656,369.2599258422852,247.21815490722656,279.4138641357422,247.21815490722656
64,3498,215,0,car,0.9187704920768738,239.2350311279297,0.0,510.6434631347656,223.5179443359375,374.93924713134766,223.5179443359375,271.40843200683594,223.5179443359375
64,3499,215,0,car,0.9214040637016296,246.7861328125,0.0,511.62493896484375,200.08251953125,379.2055358886719,200.08251953125,264.8388061523437,200.08251953125
64,3500,215,0,car,0.9236413836479188,255.3488006591797,0.0,513.00390625,176.60108947753906,384.1763534545898,176.60108947753906,257.6551055908203,176.60108947753906
64,3501,215,0,car,0.9165421724319458,261.31036376953125,0.0,515.1419067382812,155.73248291015625,388.2261352539063,155.73248291015625,253.83154296875,155.73248291015625
64,3502,215,0,car,0.908064603805542,267.4201965332031,0.0,517.8634033203125,137.1560516357422,392.6417999267578,137.1560516357422,250.44320678710932,137.1560516357422
64,3503,215,0,car,0.8949466347694397,274.7217102050781,0.8410999774932861,518.5711059570312,115.40127563476562,396.6464080810547,115.40127563476562,243.84939575195312,114.56017565727234
64,3504,215,0,car,0.8854937553405762,283.4000549316406,0.4617589116096496,517.6761474609375,99.81551361083984,400.53810119628906,99.81551361083984,234.27609252929688,99.3537546992302
64,3505,215,0,car,0.8774819374084473,289.7787780761719,2.702343463897705,518.0484619140625,80.58031463623047,403.9136199951172,80.58031463623047,228.26968383789065,77.87797117233276
64,3506,215,0,car,0.8589988946914673,297.9908142089844,2.334857940673828,518.0443115234375,62.35576629638672,408.0175628662109,62.35576629638672,220.05349731445312,60.02090835571289
65,3499,216,0,car,0.9566293358802797,728.1080932617188,477.9883117675781,1167.88671875,1032.63671875,947.9974060058594,1032.63671875,439.7786254882813,554.6484069824219
65,3500,216,0,car,0.938007116317749,719.6861572265625,435.6437683105469,1150.4193115234375,968.53759765625,935.052734375,968.53759765625,430.733154296875,532.8938293457031
65,3501,216,0,car,0.9418928623199464,715.0983276367188,393.1797180175781,1130.530517578125,897.0574340820312,922.814422607422,897.0574340820312,415.4321899414063,503.8777160644531
65,3502,216,0,car,0.93513822555542,710.9931640625,357.0851135253906,1110.0194091796875,831.1559448242188,910.5062866210938,831.1559448242188,399.0262451171875,474.0708312988281
65,3503,216,0,car,0.927551805973053,707.2894897460938,320.79010009765625,1089.0181884765625,768.8853759765625,898.1538391113281,768.8853759765625,381.7286987304688,448.0952758789063
65,3504,216,0,car,0.93723326921463,709.3960571289062,288.72882080078125,1074.408447265625,709.0676879882812,891.9022521972656,709.0676879882812,365.0123901367188,420.3388671875
65,3505,216,0,car,0.9284518361091614,704.852783203125,257.2126159667969,1062.2958984375,655.0934448242188,883.5743408203125,655.0934448242188,357.443115234375,397.8808288574219
65,3506,216,0,car,0.9232664704322816,702.3737182617188,222.99029541015625,1050.336669921875,605.5816650390625,876.3551940917969,605.5816650390625,347.96295166015625,382.5913696289063
65,3507,216,0,car,0.923651933670044,700.3451538085938,190.4545745849609,1035.0281982421875,559.6231689453125,867.6866760253906,559.6231689453125,334.6830444335937,369.1685943603516
65,3508,216,0,car,0.9279272556304932,699.0773315429688,161.22561645507812,1022.277587890625,514.332275390625,860.6774597167969,514.332275390625,323.20025634765625,353.1066589355469
65,3509,216,0,car,0.9270642995834352,697.280517578125,134.61630249023438,1006.8228759765624,473.3995971679688,852.0516967773438,473.3995971679688,309.5423583984375,338.7832946777344
65,3510,216,0,car,0.9243425130844116,696.872314453125,107.98796081542967,998.4268188476562,432.9011535644531,847.6495666503906,432.9011535644531,301.55450439453125,324.91319274902344
65,3511,216,0,car,0.9340424537658693,696.2643432617188,82.95355987548828,988.4982299804688,396.28948974609375,842.3812866210938,396.28948974609375,292.23388671875,313.33592987060547
65,3512,216,0,car,0.9336971640586852,694.3161010742188,59.34943008422852,979.5687255859376,360.5517272949219,836.9424133300781,360.5517272949219,285.25262451171875,301.20229721069336
65,3513,216,0,car,0.937491238117218,694.3991088867188,33.886207580566406,969.6350708007812,328.3599853515625,832.01708984375,328.3599853515625,275.2359619140625,294.4737777709961
65,3514,216,0,car,0.9361194968223572,690.174560546875,13.007132530212402,963.5558471679688,297.6616516113281,826.8652038574219,297.6616516113281,273.3812866210937,284.6545190811157
65,3515,216,0,car,0.9362466335296632,689.0376586914062,4.277774810791016,956.1057739257812,267.6553039550781,822.5717163085938,267.6553039550781,267.068115234375,263.3775291442871
65,3516,216,0,car,0.9292011857032776,689.666259765625,0.0,947.6484985351562,241.73715209960932,818.6573791503906,241.73715209960932,257.98223876953125,241.73715209960932
65,3517,216,0,car,0.9366227388381958,689.7006225585938,0.0,939.5248413085938,217.5140380859375,814.6127319335938,217.5140380859375,249.82421875,217.5140380859375
65,3518,216,0,car,0.9177552461624146,689.8762817382812,0.0,932.122802734375,191.1137237548828,810.9995422363281,191.1137237548828,242.2465209960937,191.1137237548828
65,3519,216,0,car,0.9228140115737916,689.4383544921875,0.0,924.8998413085938,166.90834045410156,807.1690979003906,166.90834045410156,235.46148681640625,166.90834045410156
65,3520,216,0,car,0.9020283222198486,689.43701171875,0.0,918.0718383789062,143.39891052246094,803.7544250488281,143.39891052246094,228.63482666015625,143.39891052246094
65,3521,216,0,car,0.9024555683135986,689.5748291015625,0.0,911.6784057617188,122.43933868408205,800.6266174316406,122.43933868408205,222.10357666015625,122.43933868408205
65,3522,216,0,car,0.8903546333312988,690.367919921875,0.0,905.9684448242188,100.4055404663086,798.1681823730469,100.4055404663086,215.6005249023437,100.4055404663086
65,3523,216,0,car,0.9512336254119872,685.1173095703125,0.2558996379375458,901.255615234375,82.72290802001953,793.1864624023438,82.72290802001953,216.1383056640625,82.46700838208199
65,3524,216,0,car,0.9365959167480468,687.6795654296875,0.0,895.055419921875,63.7723274230957,791.3674926757812,63.7723274230957,207.3758544921875,63.7723274230957
66,3508,217,0,car,0.933242917060852,1316.617919921875,474.0046081542969,1919.9237060546875,1059.589111328125,1618.2708129882812,1059.589111328125,603.3057861328125,585.5845031738281
66,3509,217,0,car,0.9305501580238342,1293.8226318359375,427.3926696777344,1919.91796875,1003.3883056640624,1606.8703002929688,1003.3883056640624,626.0953369140625,575.9956359863281
66,3510,217,0,car,0.9434404373168944,1267.81787109375,380.1200866699219,1897.869140625,930.7232666015624,1582.843505859375,930.7232666015624,630.05126953125,550.6031799316406
66,3511,217,0,car,0.9324995279312134,1249.81689453125,337.6693115234375,1856.7235107421875,862.2514038085938,1553.2702026367188,862.2514038085938,606.9066162109375,524.5820922851562
66,3512,217,0,car,0.9421870708465576,1230.2271728515625,293.2624816894531,1807.3526611328125,797.1695556640625,1518.7899169921875,797.1695556640625,577.12548828125,503.9070739746094
66,3513,217,0,car,0.9335163831710817,1215.8134765625,254.9913482666016,1761.1314697265625,730.6761474609375,1488.4724731445312,730.6761474609375,545.3179931640625,475.684799194336
66,3514,217,0,car,0.945650041103363,1201.4818115234375,216.1488494873047,1717.558349609375,674.6434936523438,1459.5200805664062,674.6434936523438,516.0765380859375,458.4946441650391
66,3515,217,0,car,0.9456695318222046,1181.8743896484375,183.64877319335932,1671.5286865234375,619.669189453125,1426.7015380859375,619.669189453125,489.654296875,436.0204162597656
66,3516,217,0,car,0.9397050738334656,1169.5828857421875,151.4947052001953,1634.7265625,572.0200805664062,1402.1547241210938,572.0200805664062,465.1436767578125,420.5253753662109
66,3517,217,0,car,0.932747721672058,1152.4805908203125,121.87836456298828,1599.714599609375,525.07568359375,1376.0975952148438,525.07568359375,447.2340087890625,403.1973190307617
66,3518,217,0,car,0.9411323070526124,1137.97119140625,90.65349578857422,1562.951904296875,481.2397766113281,1350.4615478515625,481.2397766113281,424.980712890625,390.5862808227539
66,3519,217,0,car,0.9273698329925536,1127.2938232421875,61.70616912841797,1533.9171142578125,439.6460876464844,1330.60546875,439.6460876464844,406.623291015625,377.9399185180664
66,3520,217,0,car,0.912315547466278,1112.7672119140625,37.50605392456055,1506.7025146484375,403.7752380371094,1309.73486328125,403.7752380371094,393.935302734375,366.2691841125488
66,3521,217,0,car,0.9310006499290466,1097.127685546875,9.843195915222168,1482.4349365234375,369.36419677734375,1289.7813110351562,369.36419677734375,385.3072509765625,359.5210008621216
66,3522,217,0,car,0.9342649579048156,1087.10986328125,0.0,1460.522216796875,333.6647033691406,1273.8160400390625,333.6647033691406,373.412353515625,333.6647033691406
66,3523,217,0,car,0.9309027791023254,1080.2186279296875,0.0,1438.64208984375,302.55792236328125,1259.4303588867188,302.55792236328125,358.4234619140625,302.55792236328125
66,3524,217,0,car,0.9235023856163024,1070.2713623046875,0.0,1419.408203125,268.8954772949219,1244.8397827148438,268.8954772949219,349.1368408203125,268.8954772949219
66,3525,217,0,car,0.9208035469055176,1061.786376953125,0.0,1399.1549072265625,244.78958129882807,1230.4706420898438,244.78958129882807,337.3685302734375,244.78958129882807
66,3526,217,0,car,0.9217568635940552,1053.0133056640625,0.0,1377.7855224609375,220.011962890625,1215.3994140625,220.011962890625,324.772216796875,220.011962890625
66,3527,217,0,car,0.9192549586296082,1044.48095703125,0.0,1360.376953125,194.4940795898437,1202.428955078125,194.4940795898437,315.89599609375,194.4940795898437
66,3528,217,0,car,0.9232549667358398,1035.99755859375,0.0,1341.4185791015625,166.6862335205078,1188.7080688476562,166.6862335205078,305.4210205078125,166.6862335205078
66,3529,217,0,car,0.8968842029571533,1027.3673095703125,0.0,1324.233642578125,145.7356719970703,1175.8004760742188,145.7356719970703,296.8663330078125,145.7356719970703
66,3530,217,0,car,0.9045948386192322,1017.3668212890624,0.4010884463787079,1310.3275146484375,123.54669189453124,1163.84716796875,123.54669189453124,292.960693359375,123.14560344815254
66,3531,217,0,car,0.8882414102554321,1006.4198608398438,0.3347973823547363,1292.155029296875,102.78815460205078,1149.2874450683594,102.78815460205078,285.73516845703125,102.45335721969604
66,3532,217,0,car,0.8727064728736877,1019.1649780273438,2.387812852859497,1277.8553466796875,83.72482299804688,1148.5101623535156,83.72482299804688,258.6903686523437,81.33701014518738
66,3533,217,0,car,0.8737955093383789,1026.3116455078125,0.2836773097515106,1267.934814453125,64.50687408447266,1147.1232299804688,64.50687408447266,241.6231689453125,64.22319677472115
67,4558,236,0,car,0.93816876411438,0.0,424.5210876464844,335.365478515625,1058.6136474609375,167.6827392578125,1058.6136474609375,335.365478515625,634.0925598144531
67,4559,236,0,car,0.9318640232086182,0.0099098170176148,421.9643249511719,335.12890625,1058.5072021484375,167.5694080335088,1058.5072021484375,335.1189964329824,636.5428771972656
67,4560,236,0,car,0.9295778274536132,0.3254714608192444,418.1132507324219,335.8585205078125,1058.9794921875,168.09199598431587,1058.9794921875,335.53304904699326,640.8662414550781
67,4561,236,0,car,0.92255437374115,0.2787413597106933,414.08441162109375,335.5543212890625,1058.650634765625,167.9165313243866,1058.650634765625,335.2755799293518,644.5662231445312
67,4562,236,0,car,0.9163863658905028,0.1417554318904876,410.6789245605469,335.86962890625,1056.66259765625,168.00569216907024,1056.66259765625,335.7278734743595,645.9836730957031
67,4563,236,0,car,0.926684319972992,0.2148294299840927,408.2679138183594,338.03778076171875,1053.92041015625,169.12630509585142,1053.92041015625,337.82295133173466,645.6524963378906
67,4564,236,0,car,0.9158629179000854,0.2763535678386688,404.6907348632813,339.27178955078125,1050.7281494140625,169.77407155930996,1050.7281494140625,338.9954359829426,646.0374145507812
67,4565,236,0,car,0.923751950263977,0.5236945748329163,400.5098571777344,340.9329833984375,1047.322998046875,170.7283389866352,1047.322998046875,340.4092888236046,646.8131408691406
67,4566,236,0,car,0.9428530335426332,0.5498872399330139,396.8278503417969,343.0625305175781,1042.673583984375,171.80620887875557,1042.673583984375,342.5126432776451,645.8457336425781
67,4567,236,0,car,0.93142569065094,0.3565645217895508,393.3074645996094,344.9914855957031,1038.7734375,172.67402505874634,1038.7734375,344.6349210739136,645.4659729003906
67,4568,236,0,car,0.942294180393219,0.5469534993171692,390.2982482910156,347.3231201171875,1029.6234130859375,173.9350368082523,1029.6234130859375,346.7761666178704,639.3251647949219
67,4569,236,0,car,0.9472449421882628,0.4644300639629364,385.8749694824219,349.0201110839844,1022.170166015625,174.74227057397366,1022.170166015625,348.55568102002144,636.2951965332031
67,4570,236,0,car,0.9458584785461426,0.6304484009742737,380.4086608886719,350.3529052734375,1016.2103881835938,175.4916768372059,1016.2103881835938,349.7224568724632,635.8017272949219
67,4571,236,0,car,0.9477028846740724,0.636613667011261,374.721923828125,353.7680053710937,1007.6002197265624,177.2023095190525,1007.6002197265624,353.1313917040825,632.8782958984375
67,4572,236,0,car,0.9481842517852784,0.1503204703330993,369.8801879882813,355.9409484863281,998.4964599609376,178.0456344783306,998.4964599609376,355.790628015995,628.6162719726562
67,4573,236,0,car,0.948260486125946,1.0748037099838257,363.0393371582031,357.0210266113281,985.5761108398438,179.04791516065598,985.5761108398438,355.9462229013443,622.5367736816406
67,4574,236,0,car,0.947976291179657,1.357413649559021,357.955322265625,359.1348876953125,964.8086547851562,180.24615067243576,964.8086547851562,357.7774740457535,606.8533325195312
67,4575,236,0,car,0.9555864334106444,1.4568440914154053,353.9428405761719,360.7001647949219,953.1053466796876,181.07850444316864,953.1053466796876,359.24332070350647,599.1625061035156
67,4576,236,0,car,0.9477323293685912,1.5911089181900024,348.8165588378906,360.9581909179688,947.0684204101562,181.27464991807932,947.0684204101562,359.36708199977875,598.2518615722656
67,4577,236,0,car,0.9506519436836244,1.32001531124115,340.6562194824219,360.77545166015625,933.05029296875,181.0477334856987,933.05029296875,359.4554363489151,592.3940734863281
67,4578,236,0,car,0.950575590133667,0.1136337742209434,332.46075439453125,359.97625732421875,923.6116943359376,180.04494554921985,923.6116943359376,359.8626235499978,591.1509399414062
67,4579,236,0,car,0.9446791410446168,0.0,329.9626770019531,361.7415771484375,913.2622680664062,180.87078857421875,913.2622680664062,361.7415771484375,583.2995910644531
67,4580,236,0,car,0.9516639113426208,0.0,318.6377258300781,363.44244384765625,904.4984130859376,181.72122192382807,904.4984130859376,363.44244384765625,585.8606872558594
67,4581,236,0,car,0.9512349367141724,0.8483752012252808,312.35968017578125,365.3787841796875,896.0220336914062,183.1135796904564,896.0220336914062,364.5304089784622,583.662353515625
67,4582,236,0,car,0.9484940767288208,0.8928263187408447,308.2664794921875,366.6842651367188,886.569580078125,183.7885457277298,886.569580078125,365.7914388179779,578.3031005859375
67,4583,236,0,car,0.9449861645698548,0.0,309.0741882324219,368.3604431152344,879.906982421875,184.1802215576172,879.906982421875,368.3604431152344,570.8327941894531
67,4584,236,0,car,0.9380250573158264,0.9131934642791748,306.5918273925781,369.4298706054688,864.678955078125,185.171532034874,864.678955078125,368.5166771411896,558.0871276855469
67,4585,236,0,car,0.9513112306594848,0.0,309.5916442871094,369.752685546875,858.465087890625,184.8763427734375,858.465087890625,369.752685546875,548.8734436035156
67,4586,236,0,car,0.9381350874900818,1.1081781387329102,305.0876159667969,372.8151550292969,848.6592407226562,186.9616665840149,848.6592407226562,371.706976890564,543.5716247558594
67,4587,236,0,car,0.9559767246246338,0.8472427725791931,302.6366882324219,374.57073974609375,830.073974609375,187.70899125933647,830.073974609375,373.72349697351456,527.4372863769531
67,4588,236,0,car,0.9605730772018432,0.4987625181674957,294.05908203125,377.5603637695313,821.7008666992188,189.02956314384937,821.7008666992188,377.06160125136375,527.6417846679688
67,4589,236,0,car,0.943009316921234,1.0618058443069458,284.7976379394531,380.1076965332031,806.9368896484375,190.58475118875504,806.9368896484375,379.0458906888962,522.1392517089844
67,4590,236,0,car,0.9425578117370604,0.4290345311164856,277.8276062011719,381.50592041015625,794.4190673828125,190.9674774706364,794.4190673828125,381.07688587903976,516.5914611816406
67,4591,236,0,car,0.9428441524505616,0.1401172876358032,271.3066711425781,382.18011474609375,778.72705078125,191.1601160168648,778.72705078125,382.039997458458,507.4203796386719
67,4592,236,0,car,0.9448970556259156,0.0,266.9523010253906,383.0247497558594,771.8424072265625,191.5123748779297,771.8424072265625,383.0247497558594,504.8901062011719
67,4593,236,0,car,0.9421528577804564,1.7241512537002563,259.6817626953125,385.6933288574219,762.9517211914062,193.7087400555611,762.9517211914062,383.9691776037216,503.26995849609375
67,4594,236,0,car,0.941772758960724,0.9333654046058656,255.3072967529297,389.0584411621094,759.9036254882812,194.9959032833576,759.9036254882812,388.1250757575035,504.5963287353516
67,4595,236,0,car,0.941254198551178,0.0215534195303916,249.653060913086,392.4620971679688,753.2366943359375,196.2418252937496,753.2366943359375,392.4405437484384,503.5836334228516
67,4596,236,0,car,0.9415530562400818,0.0,241.8787384033203,395.52484130859375,741.339111328125,197.76242065429688,741.339111328125,395.52484130859375,499.4603729248047
67,4597,236,0,car,0.940637707710266,0.0,234.5745849609375,397.802734375,727.0205078125,198.9013671875,727.0205078125,397.802734375,492.4459228515625
67,4598,236,0,car,0.9364208579063416,0.0,228.6886444091797,401.27825927734375,713.4558715820312,200.63912963867188,713.4558715820312,401.27825927734375,484.7672271728516
67,4599,236,0,car,0.9408757090568542,1.200312256813049,217.40464782714844,402.6852722167969,694.0878295898438,201.94279223680496,694.0878295898438,401.4849599599838,476.6831817626953
67,4600,236,0,car,0.9428882598876952,1.68817400932312,210.1996154785156,403.8025512695313,680.8366088867188,202.7453626394272,680.8366088867188,402.1143772602081,470.6369934082031
67,4601,236,0,car,0.9422757625579834,1.7084810733795166,203.9757843017578,404.88385009765625,670.2041625976562,203.29616558551788,670.2041625976562,403.17536902427673,466.2283782958984
67,4602,236,0,car,0.9411984086036682,1.1836061477661133,199.74366760253903,405.9182434082031,661.9234619140625,203.55092477798465,661.9234619140625,404.734637260437,462.1797943115234
67,4603,236,0,car,0.937814474105835,0.0,193.0630340576172,407.5184631347656,646.6776123046875,203.7592315673828,646.6776123046875,407.5184631347656,453.6145782470703
67,4604,236,0,car,0.9350127577781676,0.2428554594516754,184.6759033203125,410.1346435546875,635.7186279296875,205.1887495070696,635.7186279296875,409.8917880952358,451.042724609375
67,4605,236,0,car,0.9337578415870668,1.974384307861328,176.55545043945312,413.2007446289063,620.6870727539062,207.5875644683838,620.6870727539062,411.2263603210449,444.1316223144531
67,4606,236,0,car,0.9364603757858276,2.945263624191284,169.56163024902344,415.7003173828125,610.1268310546875,209.3227905035019,610.1268310546875,412.7550537586212,440.56520080566406
67,4607,236,0,car,0.925763726234436,3.13185715675354,162.14878845214844,418.0843505859375,596.6048583984375,210.60810387134552,596.6048583984375,414.952493429184,434.45606994628906
67,4608,236,0,car,0.9318925738334656,3.1632041931152344,155.2770233154297,420.1060791015625,579.1320190429688,211.63464164733887,579.1320190429688,416.94287490844727,423.8549957275391
67,4609,236,0,car,0.934201180934906,2.8565566539764404,148.58558654785156,422.2237854003906,567.2133178710938,212.5401710271836,567.2133178710938,419.3672287464142,418.6277313232422
67,4610,236,0,car,0.9315901398658752,2.3291690349578857,141.56884765625,423.3415222167969,553.5444946289062,212.83534562587732,553.5444946289062,421.012353181839,411.97564697265625
67,4611,236,0,car,0.932655930519104,2.6872339248657227,135.668212890625,423.9210510253906,536.6109008789062,213.30414247512817,536.6109008789062,421.2338171005249,400.9426879882813
67,4612,236,0,car,0.9321178793907166,3.4952075481414795,129.6876678466797,423.8528442382813,521.5330810546875,213.67402589321136,521.5330810546875,420.35763669013977,391.8454132080078
67,4613,236,0,car,0.9318608641624452,7.1283278465271,123.80703735351562,426.749267578125,511.1480712890625,216.93879771232605,511.1480712890625,419.6209397315979,387.3410339355469
67,4614,236,0,car,0.9297940135002136,15.781838417053224,116.37255859375,429.1371154785156,501.2508544921875,222.4594769477844,501.2508544921875,413.3552770614624,384.8782958984375
67,4615,236,0,car,0.9207475781440736,24.31884384155273,109.52069091796876,433.2407836914063,486.7489013671875,228.7798137664795,486.7489013671875,408.9219398498535,377.2282104492188
67,4616,236,0,car,0.9326992034912108,31.727798461914062,101.92665100097656,436.3415832519531,475.0258483886719,234.0346908569336,475.0258483886719,404.6137847900391,373.0991973876953
67,4617,236,0,car,0.9348382353782654,37.97549057006836,92.23844146728516,438.1873779296875,462.548583984375,238.081434249878,462.548583984375,400.2118873596192,370.3101425170898
67,4618,236,0,car,0.9290413856506348,44.68981170654297,83.14795684814453,440.5101318359375,452.2842712402344,242.59997177124023,452.2842712402344,395.8203201293945,369.1363143920898
67,4619,236,0,car,0.934673309326172,50.858680725097656,73.45263671875,443.4935302734375,438.6259460449219,247.1761054992676,438.6259460449219,392.63484954833984,365.1733093261719
67,4620,236,0,car,0.942326545715332,59.192081451416016,66.54295349121094,445.87158203125,422.3644714355469,252.531831741333,422.3644714355469,386.679500579834,355.82151794433594
67,4621,236,0,car,0.931052267551422,68.1623764038086,54.19485855102539,447.339599609375,409.8826904296875,257.7509880065918,409.8826904296875,379.1772232055664,355.6878318786621
67,4622,236,0,car,0.92531156539917,75.67823028564453,45.19773864746094,451.177490234375,399.1128234863281,263.42786026000977,399.1128234863281,375.49925994873047,353.9150848388672
67,4623,236,0,car,0.931083619594574,81.81758117675781,40.50576400756836,454.4537353515625,386.6320495605469,268.13565826416016,386.6320495605469,372.6361541748047,346.1262855529785
67,4624,236,0,car,0.9328588247299194,88.18941497802734,34.7956428527832,456.5799560546875,374.4630126953125,272.3846855163574,374.4630126953125,368.39054107666016,339.6673698425293
67,4625,236,0,car,0.9291496276855468,94.71338653564452,27.084125518798828,458.3331909179688,363.76409912109375,276.52328872680664,363.76409912109375,363.6198043823242,336.6799736022949
67,4626,236,0,car,0.9253640174865724,98.81067657470705,23.533323287963867,458.9886474609375,359.1523132324219,278.89966201782227,359.1523132324219,360.17797088623047,335.618989944458
67,4627,236,0,car,0.9276990294456482,103.26102447509766,17.004714965820312,460.7595825195313,348.5909423828125,282.01030349731445,348.5909423828125,357.4985580444336,331.5862274169922
67,4628,236,0,car,0.9298078417778016,109.33723449707033,11.017745971679688,462.3871154785156,337.8531188964844,285.86217498779297,337.8531188964844,353.0498809814453,326.8353729248047
67,4629,236,0,car,0.929513156414032,113.95719909667967,3.475316286087036,465.1474609375,324.671142578125,289.55233001708984,324.671142578125,351.1902618408203,321.195826292038
67,4630,236,0,car,0.9277674555778505,120.95916748046876,0.0,468.1967468261719,311.1158142089844,294.5779571533203,311.1158142089844,347.2375793457031,311.1158142089844
67,4631,236,0,car,0.918751060962677,123.06095123291016,0.0,468.7169494628906,303.1426086425781,295.8889503479004,303.1426086425781,345.65599822998047,303.1426086425781
67,4632,236,0,car,0.9167778491973876,125.7972412109375,0.0,467.31646728515625,293.6912841796875,296.5568542480469,293.6912841796875,341.51922607421875,293.6912841796875
67,4633,236,0,car,0.9207425117492676,128.84530639648438,0.8508538603782654,467.8403015136719,282.7247619628906,298.3428039550781,282.7247619628906,338.9949951171875,281.8739081025124
67,4634,236,0,car,0.921233057975769,135.2077178955078,2.017342567443848,467.6429138183594,274.03106689453125,301.4253158569336,274.03106689453125,332.4351959228516,272.0137243270874
67,4635,236,0,car,0.9233371019363404,144.1406707763672,2.9390578269958496,470.7119445800781,265.8493347167969,307.42630767822266,265.8493347167969,326.57127380371094,262.910276889801
67,4636,236,0,car,0.921951174736023,152.7740936279297,3.386890172958374,476.26220703125,254.58712768554688,314.51815032958984,254.58712768554688,323.4881134033203,251.2002375125885
67,4637,236,0,car,0.9129602909088136,159.34771728515625,1.849974036216736,477.6678771972656,242.4134521484375,318.50779724121094,242.4134521484375,318.3201599121094,240.5634781122208
67,4638,236,0,car,0.9186255931854248,162.578369140625,1.514521837234497,478.8579406738281,228.6123809814453,320.71815490722656,228.6123809814453,316.2795715332031,227.0978591442108
67,4639,236,0,car,0.9219408631324768,165.22958374023438,1.01093590259552,478.3110961914063,216.3532867431641,321.7703399658203,216.3532867431641,313.0815124511719,215.3423508405685
67,4640,236,0,car,0.9223958253860474,170.6909637451172,0.0859869942069053,479.5918884277344,204.41151428222656,325.1414260864258,204.41151428222656,308.9009246826172,204.32552728801969
67,4641,236,0,car,0.9126991629600524,177.0797576904297,0.5668736696243286,481.802490234375,193.65293884277344,329.44112396240234,193.65293884277344,304.7227325439453,193.0860651731491
67,4642,236,0,car,0.9065040349960328,183.29933166503903,2.600628137588501,484.3074035644531,183.46109008789065,333.8033676147461,183.46109008789065,301.00807189941406,180.86046195030207
67,4643,236,0,car,0.9022762775421144,189.09329223632807,6.069620132446289,483.4864807128906,171.54489135742188,336.2898864746094,171.54489135742188,294.3931884765625,165.4752712249756
67,4644,236,0,car,0.902347445487976,194.8083038330078,4.9744486808776855,488.75885009765625,160.07325744628906,341.78357696533203,160.07325744628906,293.95054626464844,155.09880876541138
67,4645,236,0,car,0.894239604473114,198.68435668945312,2.77205491065979,489.4434814453125,150.5276641845703,344.0639190673828,150.5276641845703,290.7591247558594,147.75560927391052
67,4646,236,0,car,0.9044785499572754,204.8012084960937,2.209546566009521,491.7027587890625,143.24412536621094,348.2519836425781,143.24412536621094,286.90155029296875,141.03457880020142
67,4647,236,0,car,0.8986909985542297,210.4493103027344,1.1750200986862185,493.8533935546875,133.06724548339844,352.15135192871094,133.06724548339844,283.4040832519531,131.89222538471222
67,4648,236,0,car,0.8917644619941711,214.54183959960932,1.4987258911132812,493.2734069824219,117.12915802001952,353.9076232910156,117.12915802001952,278.7315673828125,115.63043212890624
67,4649,236,0,car,0.8915210962295532,219.1609649658203,2.435121774673462,493.1597900390625,107.27528381347656,356.1603775024414,107.27528381347656,273.9988250732422,104.8401620388031
67,4650,236,0,car,0.8845756649971008,223.5341339111328,2.8977675437927246,488.8646545410156,98.26873779296876,356.1993942260742,98.26873779296876,265.3305206298828,95.37097024917604
67,4651,236,0,car,0.8800992369651794,228.8415679931641,2.7943248748779297,490.6763610839844,89.88121795654297,359.7589645385742,89.88121795654297,261.8347930908203,87.08689308166504
67,4652,236,0,car,0.873766303062439,234.09181213378903,2.884999513626098,491.1368103027344,78.9828872680664,362.6143112182617,78.9828872680664,257.0449981689453,76.09788775444031
67,4653,236,0,car,0.8657995462417603,239.52978515625,2.3027548789978027,484.9679260253906,69.20025634765625,362.2488555908203,69.20025634765625,245.43814086914065,66.89750146865845
67,4654,236,0,car,0.8460671901702881,245.24203491210932,2.022100687026977,481.5586242675781,61.34894943237305,363.40032958984375,61.34894943237305,236.31658935546875,59.32684874534607
67,4655,236,0,car,0.8822001218795776,243.8448638916016,0.8691285848617554,483.7706604003906,55.48695373535156,363.8077621459961,55.48695373535156,239.92579650878903,54.61782515048981
68,4636,254,0,car,0.9449747800827026,593.3850708007812,454.8345947265625,1054.6124267578125,1043.6717529296875,823.9987487792969,1043.6717529296875,461.2273559570313,588.837158203125
68,4637,254,0,car,0.943417191505432,593.78662109375,443.6233215332031,1047.0859375,1017.09619140625,820.436279296875,1017.09619140625,453.29931640625,573.4728698730469
68,4638,254,0,car,0.9435287117958068,597.814697265625,429.91253662109375,1043.2762451171875,992.3338623046876,820.5454711914062,992.3338623046876,445.4615478515625,562.4213256835938
68,4639,254,0,car,0.9432422518730164,595.7575073242188,416.0964050292969,1039.588623046875,968.22607421875,817.6730651855469,968.22607421875,443.83111572265625,552.1296691894531
68,4640,254,0,car,0.946561634540558,596.9429321289062,403.1450805664063,1038.5467529296875,944.7880249023438,817.7448425292969,944.7880249023438,441.6038208007813,541.6429443359375
68,4641,254,0,car,0.9403584599494934,601.6144409179688,391.3098449707031,1034.308349609375,920.5523681640624,817.9613952636719,920.5523681640624,432.6939086914063,529.2425231933594
68,4642,254,0,car,0.9408516883850098,605.5138549804688,376.4493103027344,1027.318359375,897.3956298828125,816.4161071777344,897.3956298828125,421.8045043945313,520.9463195800781
68,4643,254,0,car,0.9401429891586304,607.4688110351562,365.4075927734375,1024.4014892578125,872.5242309570312,815.9351501464844,872.5242309570312,416.93267822265625,507.11663818359375
68,4644,254,0,car,0.9399030208587646,607.0275268554688,353.78387451171875,1022.701171875,852.6058959960938,814.8643493652344,852.6058959960938,415.6736450195313,498.822021484375
68,4645,254,0,car,0.9292861223220824,608.7233276367188,341.9178466796875,1020.02392578125,832.2753295898438,814.3736267089844,832.2753295898438,411.3005981445313,490.35748291015625
68,4646,254,0,car,0.9379542469978333,609.1044921875,327.08648681640625,1012.7630004882812,811.2197875976562,810.9337463378906,811.2197875976562,403.6585083007813,484.13330078125
68,4647,254,0,car,0.9368091821670532,610.9867553710938,308.9179077148437,1010.208251953125,788.9027099609375,810.5975036621094,788.9027099609375,399.2214965820313,479.98480224609375
68,4648,254,0,car,0.932545006275177,612.6663818359375,296.38116455078125,1006.6449584960938,768.3587646484375,809.6556701660156,768.3587646484375,393.97857666015625,471.97760009765625
68,4649,254,0,car,0.9277596473693848,614.3848876953125,287.7742004394531,1002.347900390625,748.6181030273438,808.3663940429688,748.6181030273438,387.9630126953125,460.8439025878906
68,4650,254,0,car,0.9277358651161194,613.2710571289062,279.5552673339844,1000.0992431640624,727.4434814453125,806.6851501464844,727.4434814453125,386.82818603515625,447.8882141113281
68,4651,254,0,car,0.928467571735382,615.2039794921875,270.1300354003906,995.4435424804688,712.0484008789062,805.3237609863281,712.0484008789062,380.2395629882813,441.9183654785156
68,4652,254,0,car,0.9272140264511108,617.0726318359375,254.7293701171875,992.48974609375,690.7225952148438,804.7811889648438,690.7225952148438,375.4171142578125,435.99322509765625
68,4653,254,0,car,0.9284440279006958,618.3788452148438,239.8017425537109,989.0499877929688,670.6334228515625,803.7144165039062,670.6334228515625,370.671142578125,430.8316802978516
68,4654,254,0,car,0.926501214504242,620.6347045898438,226.69454956054688,985.2504272460938,650.6852416992188,802.9425659179688,650.6852416992188,364.61572265625,423.9906921386719
68,4655,254,0,car,0.9296683073043824,617.778076171875,215.21115112304688,981.173583984375,634.7342529296875,799.475830078125,634.7342529296875,363.3955078125,419.5231018066406
68,4656,254,0,car,0.932334840297699,616.5240478515625,204.8970184326172,976.239501953125,617.8738403320312,796.3817749023438,617.8738403320312,359.7154541015625,412.97682189941406
68,4657,254,0,car,0.9380266070365906,617.9197998046875,195.273193359375,972.3565673828124,597.5376586914062,795.13818359375,597.5376586914062,354.436767578125,402.2644653320313
68,4658,254,0,car,0.9228663444519044,618.2158203125,182.4185333251953,969.742431640625,576.08935546875,793.9791259765625,576.08935546875,351.526611328125,393.6708221435547
68,4659,254,0,car,0.9395060539245604,617.1248168945312,169.81027221679688,967.8259887695312,558.3565673828125,792.4754028320312,558.3565673828125,350.701171875,388.5462951660156
68,4660,254,0,car,0.9248827695846558,617.4423217773438,159.81593322753906,965.904541015625,542.1117553710938,791.6734313964844,542.1117553710938,348.46221923828125,382.2958221435547
68,4661,254,0,car,0.9337422847747804,618.0138549804688,148.67843627929688,962.5283813476562,524.779296875,790.2711181640625,524.779296875,344.5145263671875,376.1008605957031
68,4662,254,0,car,0.9223006963729858,617.6898193359375,135.3314666748047,958.25927734375,506.4971923828125,787.9745483398438,506.4971923828125,340.5694580078125,371.1657257080078
68,4663,254,0,car,0.925607204437256,618.606689453125,123.73241424560548,955.51171875,489.59417724609375,787.0592041015625,489.59417724609375,336.905029296875,365.8617630004883
68,4664,254,0,car,0.9292954802513124,619.0886840820312,115.03384399414062,950.954833984375,468.9054870605469,785.0217590332031,468.9054870605469,331.8661499023437,353.87164306640625
68,4665,254,0,car,0.9196661710739136,621.9383544921875,103.4364242553711,947.7224731445312,452.6968383789063,784.8304138183594,452.6968383789063,325.7841186523437,349.2604141235352
68,4666,254,0,car,0.9223699569702148,623.6779174804688,92.33080291748048,943.1395263671876,435.98675537109375,783.4087219238281,435.98675537109375,319.46160888671875,343.6559524536133
68,4667,254,0,car,0.9259238243103028,625.6109619140625,81.26130676269531,939.7144775390624,418.1050109863281,782.6627197265625,418.1050109863281,314.103515625,336.8437042236328
68,4668,254,0,car,0.9208691716194152,628.68603515625,70.37566375732422,936.3975830078124,402.3440551757813,782.5418090820312,402.3440551757813,307.7115478515625,331.96839141845703
68,4669,254,0,car,0.9269492626190186,632.7709350585938,59.96946334838867,934.7778930664062,387.1835021972656,783.7744140625,387.1835021972656,302.0069580078125,327.2140388488769
68,4670,254,0,car,0.934244990348816,635.191162109375,48.61767578125,932.571533203125,370.3511962890625,783.88134765625,370.3511962890625,297.38037109375,321.7335205078125
68,4671,254,0,car,0.9316064119338988,636.5430908203125,38.53927230834961,930.0374755859376,355.9285888671875,783.290283203125,355.9285888671875,293.494384765625,317.3893165588379
68,4672,254,0,car,0.9280057549476624,636.2730102539062,28.8500919342041,928.7042846679688,341.665283203125,782.4886474609375,341.665283203125,292.4312744140625,312.8151912689209
68,4673,254,0,car,0.9295331239700316,635.6307373046875,20.510761260986328,925.482421875,325.5195617675781,780.5565795898438,325.5195617675781,289.8516845703125,305.0088005065918
68,4674,254,0,car,0.9369840025901794,635.1983642578125,10.995205879211426,922.9860229492188,310.42333984375,779.0921936035156,310.42333984375,287.78765869140625,299.4281339645386
68,4675,254,0,car,0.9342455863952636,638.3775024414062,0.0,922.4654541015624,293.3984069824219,780.4214782714844,293.3984069824219,284.08795166015625,293.3984069824219
68,4676,254,0,car,0.93060564994812,640.1590576171875,0.0,919.5325317382812,278.79815673828125,779.8457946777344,278.79815673828125,279.3734741210937,278.79815673828125
68,4677,254,0,car,0.9303562045097352,640.1328735351562,0.0,916.323974609375,270.93505859375,778.2284240722656,270.93505859375,276.19110107421875,270.93505859375
68,4678,254,0,car,0.9251638054847716,640.285888671875,0.0,914.3152465820312,258.6230163574219,777.3005676269531,258.6230163574219,274.02935791015625,258.6230163574219
68,4679,254,0,car,0.9306920766830444,637.9176635742188,0.0,910.9273681640624,251.7411651611328,774.4225158691406,251.7411651611328,273.0097045898437,251.7411651611328
68,4680,254,0,car,0.9272028207778932,640.2119750976562,0.0,909.2339477539062,237.70571899414065,774.7229614257812,237.70571899414065,269.02197265625,237.70571899414065
68,4681,254,0,car,0.9340866208076476,639.1815185546875,1.1620137691497805,905.6171264648438,227.90679931640625,772.3993225097656,227.90679931640625,266.43560791015625,226.74478554725647
68,4682,254,0,car,0.933742880821228,639.9305419921875,1.1691656112670898,902.0596313476562,217.526123046875,770.9950866699219,217.526123046875,262.12908935546875,216.3569574356079
68,4683,254,0,car,0.928668200969696,641.7376708984375,0.2583232820034027,899.3978881835938,205.8460235595703,770.5677795410156,205.8460235595703,257.66021728515625,205.5877002775669
68,4684,254,0,car,0.933565616607666,642.252197265625,0.3415644764900207,896.8196411132812,193.0290069580078,769.5359191894531,193.0290069580078,254.56744384765625,192.6874424815178
68,4685,254,0,car,0.9298388361930848,642.5979614257812,0.7390175461769104,894.6737670898438,179.2759552001953,768.6358642578125,179.2759552001953,252.0758056640625,178.5369376540184
68,4686,254,0,car,0.923401951789856,643.0178833007812,1.9503706693649288,891.618896484375,166.80641174316406,767.3183898925781,166.80641174316406,248.6010131835937,164.85604107379913
68,4687,254,0,car,0.9087244272232056,644.1826171875,0.8375166654586792,889.4603881835938,154.14825439453125,766.8215026855469,154.14825439453125,245.2777709960937,153.31073772907257
68,4688,254,0,car,0.9015374779701232,642.5516357421875,2.3371269702911377,886.8439331054688,144.98641967773438,764.6977844238281,144.98641967773438,244.29229736328125,142.64929270744324
68,4689,254,0,car,0.9117998480796814,641.65576171875,2.537466287612915,884.3795776367188,136.874267578125,763.0176696777344,136.874267578125,242.72381591796875,134.33680129051208
68,4690,254,0,car,0.908918797969818,641.9473266601562,2.7840471267700195,882.8583374023438,124.7417221069336,762.40283203125,124.7417221069336,240.9110107421875,121.95767498016356
68,4691,254,0,car,0.8974431157112122,642.3284301757812,2.5314934253692627,881.4591674804688,114.8774185180664,761.893798828125,114.8774185180664,239.1307373046875,112.34592509269714
68,4692,254,0,car,0.8924934267997742,643.14892578125,2.235626220703125,880.447509765625,105.76224517822266,761.7982177734375,105.76224517822266,237.298583984375,103.52661895751952
68,4693,254,0,car,0.8746517300605774,643.4395141601562,2.973533391952514,879.1386108398438,96.50759887695312,761.2890625,96.50759887695312,235.6990966796875,93.5340654850006
68,4694,254,0,car,0.8716042637825012,643.4257202148438,3.9514822959899902,878.2269897460938,89.6969985961914,760.8263549804688,89.6969985961914,234.80126953125,85.74551630020142
68,4695,254,0,car,0.8551559448242188,643.2872924804688,4.244773864746094,876.8434448242188,78.21212768554688,760.0653686523438,78.21212768554688,233.55615234375,73.96735382080078
68,4696,254,0,car,0.8431442975997925,644.277099609375,3.665349245071411,875.2847290039062,65.56546783447266,759.7809143066406,65.56546783447266,231.00762939453125,61.900118589401245
68,4697,254,0,car,0.8421007990837097,646.756591796875,0.7443755269050598,874.9608154296875,58.52067565917969,760.8587036132812,58.52067565917969,228.2042236328125,57.77630013227463
68,4698,254,0,car,0.8263134956359863,646.212158203125,1.1160423755645752,872.07177734375,54.19419479370117,759.1419677734375,54.19419479370117,225.859619140625,53.0781524181366
69,4641,255,0,car,0.935793161392212,1334.6866455078125,469.3267822265625,1920.0,1051.3037109375,1627.3433227539062,1051.3037109375,585.3133544921875,581.9769287109375
69,4642,255,0,car,0.9283466339111328,1326.4197998046875,460.2409362792969,1920.0,1029.97509765625,1623.2098999023438,1029.97509765625,593.5802001953125,569.7341613769531
69,4643,255,0,car,0.9264854788780212,1324.1837158203125,446.31842041015625,1920.0,991.547607421875,1622.0918579101562,991.547607421875,595.8162841796875,545.2291870117188
69,4644,255,0,car,0.92848402261734,1319.7001953125,433.7247009277344,1920.0,966.6398315429688,1619.85009765625,966.6398315429688,600.2998046875,532.9151306152344
69,4645,255,0,car,0.9311798214912416,1314.271240234375,421.1325378417969,1920.0,948.2685546875,1617.1356201171875,948.2685546875,605.728759765625,527.1360168457031
69,4646,255,0,car,0.9346964359283448,1308.2568359375,406.3293151855469,1920.0,931.3652954101562,1614.12841796875,931.3652954101562,611.7431640625,525.0359802246094
69,4647,255,0,car,0.935153067111969,1303.0538330078125,391.46295166015625,1913.195068359375,906.8609008789062,1608.1244506835938,906.8609008789062,610.1412353515625,515.39794921875
69,4648,255,0,car,0.9255490899086,1295.4619140625,379.4198913574219,1895.9375,877.85888671875,1595.69970703125,877.85888671875,600.4755859375,498.4389953613281
69,4649,255,0,car,0.9393652677536012,1287.8607177734375,367.9197387695313,1878.3895263671875,859.2413940429688,1583.1251220703125,859.2413940429688,590.52880859375,491.3216552734375
69,4650,255,0,car,0.940980076789856,1283.13623046875,358.8258361816406,1861.0953369140625,838.1303100585938,1572.1157836914062,838.1303100585938,577.9591064453125,479.3044738769531
69,4651,255,0,car,0.9385948777198792,1277.499267578125,351.6936340332031,1845.5711669921875,825.7108764648438,1561.5352172851562,825.7108764648438,568.0718994140625,474.0172424316406
69,4652,255,0,car,0.9256246089935304,1270.848876953125,343.2787170410156,1830.8282470703125,805.1914672851562,1550.8385620117188,805.1914672851562,559.9793701171875,461.9127502441406
69,4653,255,0,car,0.9236024022102356,1264.185546875,329.4173889160156,1818.4368896484373,779.45703125,1541.3112182617188,779.45703125,554.2513427734375,450.0396423339844
69,4654,255,0,car,0.927160382270813,1259.1939697265625,310.7303466796875,1803.9010009765625,760.7946166992188,1531.5474853515625,760.7946166992188,544.70703125,450.0642700195313
69,4655,255,0,car,0.9160299897193908,1252.2593994140625,298.8012084960937,1789.884765625,738.3439331054688,1521.0720825195312,738.3439331054688,537.6253662109375,439.542724609375
69,4656,255,0,car,0.920961856842041,1247.051025390625,288.63836669921875,1776.8857421875,722.2138061523438,1511.9683837890625,722.2138061523438,529.834716796875,433.575439453125
69,4657,255,0,car,0.9287922382354736,1242.4754638671875,280.1267395019531,1761.9539794921875,706.2392578125,1502.2147216796875,706.2392578125,519.478515625,426.1125183105469
69,4658,255,0,car,0.9323381185531616,1237.9278564453125,271.9886169433594,1748.6280517578125,689.7357177734375,1493.2779541015625,689.7357177734375,510.7001953125,417.7471008300781
69,4659,255,0,car,0.931360125541687,1233.2315673828125,264.7940673828125,1733.423095703125,671.92578125,1483.3273315429688,671.92578125,500.1915283203125,407.1317138671875
69,4660,255,0,car,0.9343760013580322,1230.3277587890625,251.06414794921875,1722.083740234375,659.3909912109375,1476.2057495117188,659.3909912109375,491.7559814453125,408.3268432617188
69,4661,255,0,car,0.9328585267066956,1226.1907958984375,239.528076171875,1711.5054931640625,643.96044921875,1468.84814453125,643.96044921875,485.314697265625,404.432373046875
69,4662,255,0,car,0.9326331615447998,1221.85009765625,229.7037811279297,1701.4168701171875,632.1383666992188,1461.6334838867188,632.1383666992188,479.5667724609375,402.43458557128906
69,4663,255,0,car,0.9323786497116088,1216.9085693359375,221.38478088378903,1689.8516845703125,621.65966796875,1453.380126953125,621.65966796875,472.943115234375,400.27488708496094
69,4664,255,0,car,0.9320573210716248,1208.87646484375,209.7559509277344,1679.828857421875,597.1619262695312,1444.3526611328125,597.1619262695312,470.952392578125,387.4059753417969
69,4665,255,0,car,0.9294757843017578,1204.1995849609375,200.99061584472656,1669.336181640625,579.7437133789062,1436.7678833007812,579.7437133789062,465.1365966796875,378.7530975341797
69,4666,255,0,car,0.9282121658325196,1201.9332275390625,192.3171844482422,1655.465087890625,567.49267578125,1428.6991577148438,567.49267578125,453.5318603515625,375.1754913330078
69,4667,255,0,car,0.930338978767395,1197.4442138671875,180.20346069335932,1644.9766845703125,552.24072265625,1421.21044921875,552.24072265625,447.532470703125,372.0372619628906
69,4668,255,0,car,0.9344022870063782,1192.3177490234375,172.01773071289062,1635.685546875,539.573974609375,1414.0016479492188,539.573974609375,443.3677978515625,367.5562438964844
69,4669,255,0,car,0.9320483803749084,1190.3223876953125,166.97314453125,1629.203125,529.5098876953125,1409.7627563476562,529.5098876953125,438.8807373046875,362.5367431640625
69,4670,255,0,car,0.934523582458496,1184.959716796875,158.85052490234375,1620.503173828125,522.7594604492188,1402.7314453125,522.7594604492188,435.54345703125,363.908935546875
69,4671,255,0,car,0.9402197599411012,1181.607421875,152.08555603027344,1613.90625,513.9987182617188,1397.7568359375,513.9987182617188,432.298828125,361.9131622314453
69,4672,255,0,car,0.94049072265625,1178.6365966796875,145.24285888671875,1606.6009521484375,500.5741271972656,1392.6187744140625,500.5741271972656,427.96435546875,355.3312683105469
69,4673,255,0,car,0.932954490184784,1174.9537353515625,134.55979919433594,1595.3929443359375,482.920654296875,1385.17333984375,482.920654296875,420.439208984375,348.36085510253906
69,4674,255,0,car,0.92159241437912,1170.197265625,125.94271850585938,1585.98974609375,473.7232666015625,1378.093505859375,473.7232666015625,415.79248046875,347.7805480957031
69,4675,255,0,car,0.880290687084198,1167.968505859375,113.98668670654295,1576.8896484375,460.6597900390625,1372.4290771484375,460.6597900390625,408.921142578125,346.6731033325196
69,4676,255,0,car,0.8901844024658203,1161.4676513671875,104.74867248535156,1570.920166015625,450.09033203125,1366.1939086914062,450.09033203125,409.4525146484375,345.34165954589844
69,4677,255,0,car,0.9116193056106568,1156.743408203125,98.9953384399414,1564.311279296875,437.7919616699219,1360.52734375,437.7919616699219,407.56787109375,338.79662322998047
69,4678,255,0,car,0.9123566150665284,1155.7457275390625,93.64057159423828,1555.1356201171875,426.2701721191406,1355.440673828125,426.2701721191406,399.389892578125,332.62960052490234
69,4679,255,0,car,0.9284402132034302,1150.4227294921875,91.78059387207033,1547.848876953125,416.4381103515625,1349.1358032226562,416.4381103515625,397.4261474609375,324.6575164794922
69,4680,255,0,car,0.9221751689910888,1147.1129150390625,81.8893814086914,1538.245849609375,406.2292785644531,1342.6793823242188,406.2292785644531,391.1329345703125,324.3398971557617
69,4681,255,0,car,0.9192332029342652,1143.3463134765625,75.8838119506836,1530.197509765625,396.7605285644531,1336.7719116210938,396.7605285644531,386.8511962890625,320.8767166137696
69,4682,255,0,car,0.9207729697227478,1137.9967041015625,70.7492904663086,1522.9525146484375,386.1852111816406,1330.474609375,386.1852111816406,384.955810546875,315.43592071533203
69,4683,255,0,car,0.9285613298416138,1135.231201171875,63.80381393432617,1515.327880859375,378.4237365722656,1325.279541015625,378.4237365722656,380.0966796875,314.61992263793945
69,4684,255,0,car,0.9329458475112916,1131.0701904296875,56.19741439819336,1507.3194580078125,366.9917907714844,1319.19482421875,366.9917907714844,376.249267578125,310.794376373291
69,4685,255,0,car,0.9252507090568542,1127.1214599609375,49.12493515014648,1499.8447265625,358.1774597167969,1313.4830932617188,358.1774597167969,372.7232666015625,309.0525245666504
69,4686,255,0,car,0.9168283343315125,1123.90283203125,41.36623001098633,1492.428955078125,347.281982421875,1308.1658935546875,347.281982421875,368.526123046875,305.9157524108887
69,4687,255,0,car,0.9212610721588136,1121.3839111328125,29.961166381835938,1483.8603515625,335.576171875,1302.6221313476562,335.576171875,362.4764404296875,305.61500549316406
69,4688,255,0,car,0.9232341647148132,1116.9857177734375,20.761547088623047,1476.5980224609375,325.48809814453125,1296.7918701171875,325.48809814453125,359.6123046875,304.7265510559082
69,4689,255,0,car,0.9284095168113708,1113.8974609375,16.69237518310547,1469.24169921875,316.3962097167969,1291.569580078125,316.3962097167969,355.34423828125,299.7038345336914
69,4690,255,0,car,0.9292795062065125,1111.0462646484375,10.778529167175291,1462.8499755859375,306.2842102050781,1286.9481201171875,306.2842102050781,351.8037109375,295.50568103790283
69,4691,255,0,car,0.9277573227882384,1107.7760009765625,4.659224033355713,1456.21728515625,295.7216186523437,1281.9966430664062,295.7216186523437,348.4412841796875,291.06239461898804
69,4692,255,0,car,0.9289706945419312,1101.9482421875,2.023280143737793,1451.1280517578125,289.6448669433594,1276.5381469726562,289.6448669433594,349.1798095703125,287.6215867996216
69,4693,255,0,car,0.9222675561904908,1098.1844482421875,0.0,1445.2386474609375,280.23492431640625,1271.7115478515625,280.23492431640625,347.05419921875,280.23492431640625
69,4694,255,0,car,0.9240294098854064,1095.090576171875,0.0,1439.81103515625,270.3690490722656,1267.4508056640625,270.3690490722656,344.720458984375,270.3690490722656
69,4695,255,0,car,0.9191471934318542,1092.81005859375,0.0,1432.8243408203125,261.2293701171875,1262.8171997070312,261.2293701171875,340.0142822265625,261.2293701171875
69,4696,255,0,car,0.9228842258453368,1089.731201171875,0.0,1425.646240234375,252.1400909423828,1257.688720703125,252.1400909423828,335.9150390625,252.1400909423828
69,4697,255,0,car,0.9248751997947692,1087.02587890625,0.0,1418.25,242.6807861328125,1252.637939453125,242.6807861328125,331.22412109375,242.6807861328125
69,4698,255,0,car,0.925363302230835,1082.1544189453125,0.0,1411.330810546875,237.36192321777344,1246.7426147460938,237.36192321777344,329.1763916015625,237.36192321777344
69,4699,255,0,car,0.9237152934074402,1078.738037109375,0.0,1404.87255859375,229.22564697265625,1241.8052978515625,229.22564697265625,326.134521484375,229.22564697265625
69,4700,255,0,car,0.922382950782776,1076.10888671875,0.4246838688850403,1397.66357421875,220.9833984375,1236.88623046875,220.9833984375,321.5546875,220.55871456861496
69,4701,255,0,car,0.9170938730239868,1073.739501953125,0.0,1386.9471435546875,207.0736389160156,1230.3433227539062,207.0736389160156,313.2076416015625,207.0736389160156
69,4702,255,0,car,0.9115694761276244,1065.475830078125,0.0,1372.060791015625,193.73687744140625,1218.768310546875,193.73687744140625,306.5849609375,193.73687744140625
69,4703,255,0,car,0.9174975752830504,1063.8304443359375,0.0,1363.9766845703125,185.9031524658203,1213.903564453125,185.9031524658203,300.146240234375,185.9031524658203
69,4704,255,0,car,0.9147879481315612,1065.2711181640625,1.1820828914642334,1367.179443359375,183.1514434814453,1216.2252807617188,183.1514434814453,301.9083251953125,181.96936058998108
69,4705,255,0,car,0.9147555232048036,1056.035400390625,0.0,1355.0556640625,167.6860809326172,1205.5455322265625,167.6860809326172,299.020263671875,167.6860809326172
69,4706,255,0,car,0.9171658754348756,1057.239501953125,2.6587815284729004,1355.3704833984375,162.0196990966797,1206.3049926757812,162.0196990966797,298.1309814453125,159.3609175682068
69,4707,255,0,car,0.9057909846305848,1050.703857421875,1.8443419933319087,1346.20947265625,150.5797119140625,1198.4566650390625,150.5797119140625,295.505615234375,148.7353699207306
69,4708,255,0,car,0.8970562219619751,1053.0423583984375,4.608593940734863,1344.6165771484375,148.5206756591797,1198.8294677734375,148.5206756591797,291.57421875,143.91208171844482
69,4709,255,0,car,0.8910588622093201,1045.8780517578125,1.0729756355285645,1336.9031982421875,137.8776397705078,1191.390625,137.8776397705078,291.025146484375,136.80466413497925
69,4710,255,0,car,0.8934180736541748,1044.1597900390625,0.0,1328.2880859375,129.39205932617188,1186.2239379882812,129.39205932617188,284.1282958984375,129.39205932617188
69,4711,255,0,car,0.8981999158859253,1038.3863525390625,0.0266544707119464,1322.0726318359375,118.81135559082033,1180.2294921875,118.81135559082033,283.686279296875,118.78470112010837
69,4712,255,0,car,0.8945193886756897,1033.28125,0.0,1317.001953125,112.23657989501952,1175.1416015625,112.23657989501952,283.720703125,112.23657989501952
69,4713,255,0,car,0.8929433226585388,1032.6060791015625,0.0,1311.7862548828125,106.5512237548828,1172.1961669921875,106.5512237548828,279.18017578125,106.5512237548828
69,4714,255,0,car,0.8940766453742981,1040.5673828125,0.0,1307.939697265625,99.6472396850586,1174.2535400390625,99.6472396850586,267.372314453125,99.6472396850586
69,4715,255,0,car,0.8735990524291992,1044.4833984375,0.5018236041069031,1301.588134765625,93.80012512207033,1173.0357666015625,93.80012512207033,257.104736328125,93.2983015179634
69,4716,255,0,car,0.8616489768028259,1046.1650390625,0.7427995204925537,1294.7542724609375,82.66558074951172,1170.4596557617188,82.66558074951172,248.5892333984375,81.92278122901917
69,4717,255,0,car,0.8645814061164856,1055.9476318359375,0.2906516194343567,1291.5208740234375,72.43707275390625,1173.7342529296875,72.43707275390625,235.5732421875,72.1464211344719
69,4718,255,0,car,0.8492740988731384,1057.5994873046875,0.0,1286.2652587890625,66.17121124267578,1171.932373046875,66.17121124267578,228.665771484375,66.17121124267578
69,4719,255,0,car,0.8564173579216003,1060.7403564453125,0.0,1287.6861572265625,60.47696304321289,1174.2132568359375,60.47696304321289,226.94580078125,60.47696304321289
69,4720,255,0,car,0.8030833005905151,1059.8585205078125,0.165547490119934,1281.1558837890625,53.76773071289063,1170.5072021484375,53.76773071289063,221.29736328125,53.60218322277069
72,4763,285,0,car,0.9159560203552246,656.960693359375,467.9928588867188,1134.0439453125,1046.91259765625,895.5023193359375,1046.91259765625,477.083251953125,578.9197387695312
72,4764,285,0,car,0.902306079864502,654.0247192382812,442.3770751953125,1123.083251953125,1007.0926513671876,888.5539855957031,1007.0926513671876,469.05853271484375,564.715576171875
72,4765,285,0,car,0.8933494687080383,659.1729736328125,419.8088073730469,1109.8848876953125,966.0927124023438,884.5289306640625,966.0927124023438,450.7119140625,546.2839050292969
72,4766,285,0,car,0.8142263293266296,655.190673828125,395.6805114746094,1095.9361572265625,920.9187622070312,875.5634155273438,920.9187622070312,440.7454833984375,525.2382507324219
72,4767,285,0,car,0.9335011839866638,656.9868774414062,374.3406372070313,1087.7890625,880.0020751953125,872.3879699707031,880.0020751953125,430.80218505859375,505.6614379882813
72,4768,285,0,car,0.9437561631202698,654.9501953125,354.5930480957031,1077.8323974609375,843.0198364257812,866.3912963867188,843.0198364257812,422.8822021484375,488.4267883300781
72,4769,285,0,car,0.9347585439682008,653.9266357421875,334.26055908203125,1069.0386962890625,805.8628540039062,861.482666015625,805.8628540039062,415.112060546875,471.602294921875
72,4770,285,0,car,0.9374061822891236,656.1073608398438,310.5850830078125,1059.5595703125,771.8900756835938,857.8334655761719,771.8900756835938,403.45220947265625,461.3049926757813
72,4771,285,0,car,0.9373642802238464,659.1115112304688,290.6883239746094,1051.5233154296875,737.1273193359375,855.3174133300781,737.1273193359375,392.4118041992188,446.4389953613281
72,4772,285,0,car,0.9379552006721495,659.8154907226562,274.8871459960937,1041.11474609375,705.8546752929688,850.4651184082031,705.8546752929688,381.29925537109375,430.967529296875
72,4773,285,0,car,0.9535147547721864,660.5394897460938,258.4714660644531,1032.6646728515625,672.1432495117188,846.6020812988281,672.1432495117188,372.1251831054688,413.6717834472656
72,4774,285,0,car,0.950578510761261,660.5572509765625,238.03390502929688,1027.8592529296875,641.3165283203125,844.208251953125,641.3165283203125,367.302001953125,403.2826232910156
72,4775,285,0,car,0.9376410245895386,659.1514282226562,219.108139038086,1020.1441650390624,615.199951171875,839.6477966308594,615.199951171875,360.9927368164063,396.09181213378906
72,4776,285,0,car,0.9388096928596495,660.12158203125,193.4139709472656,1011.1448364257812,577.3133544921875,835.6332092285156,577.3133544921875,351.02325439453125,383.8993835449219
72,4777,285,0,car,0.9314708113670348,658.3477172851562,181.3832550048828,1007.94677734375,559.873779296875,833.1472473144531,559.873779296875,349.5990600585937,378.4905242919922
72,4778,285,0,car,0.9362270832061768,659.1663208007812,158.76556396484375,999.6658935546876,528.4534301757812,829.4161071777344,528.4534301757812,340.49957275390625,369.6878662109375
72,4779,285,0,car,0.9297611117362976,661.0575561523438,144.12246704101562,992.3792724609376,503.6782836914063,826.7184143066406,503.6782836914063,331.3217163085937,359.5558166503906
72,4780,285,0,car,0.927636742591858,661.19189453125,128.18080139160156,985.6674194335938,482.1512145996094,823.4296569824219,482.1512145996094,324.4755249023437,353.9704132080078
72,4781,285,0,car,0.929115355014801,660.8760986328125,111.95057678222656,979.81591796875,458.9290161132813,820.3460083007812,458.9290161132813,318.9398193359375,346.9784393310547
72,4782,285,0,car,0.9299034476280212,659.5844116210938,94.46038055419922,974.01171875,436.8002624511719,816.7980651855469,436.8002624511719,314.42730712890625,342.33988189697266
72,4783,285,0,car,0.9320701360702516,659.0496826171875,83.92996215820312,969.220947265625,415.22991943359375,814.1353149414062,415.22991943359375,310.1712646484375,331.2999572753906
72,4784,285,0,car,0.9319332242012024,660.2601318359375,69.87863159179688,963.8566284179688,395.0484313964844,812.0583801269531,395.0484313964844,303.59649658203125,325.1697998046875
72,4785,285,0,car,0.931372046470642,654.9335327148438,59.50996398925781,957.17529296875,376.72564697265625,806.0544128417969,376.72564697265625,302.24176025390625,317.21568298339844
72,4786,285,0,car,0.9331840872764589,657.0842895507812,42.97062683105469,951.2239379882812,354.30596923828125,804.1541137695312,354.30596923828125,294.1396484375,311.33534240722656
72,4787,285,0,car,0.9347440600395204,655.5087280273438,30.77103614807129,946.7647094726562,341.24383544921875,801.13671875,341.24383544921875,291.2559814453125,310.47279930114746
72,4788,285,0,car,0.9353723526000975,653.80126953125,18.50187873840332,939.7880249023438,316.4320068359375,796.7946472167969,316.4320068359375,285.9867553710937,297.9301280975342
72,4789,285,0,car,0.934662401676178,653.2452392578125,8.722235679626465,935.1854248046876,296.4112243652344,794.21533203125,296.4112243652344,281.940185546875,287.6889886856079
72,4790,285,0,car,0.9344640374183656,648.7793579101562,4.335143089294434,929.758056640625,278.3979187011719,789.2687072753906,278.3979187011719,280.97869873046875,274.06277561187744
72,4791,285,0,car,0.93165785074234,645.9887084960938,0.0,923.6672973632812,264.0805969238281,784.8280029296875,264.0805969238281,277.6785888671875,264.0805969238281
72,4792,285,0,car,0.930420696735382,645.1320190429688,0.0,919.5591430664062,249.85037231445312,782.3455810546875,249.85037231445312,274.4271240234375,249.85037231445312
72,4793,285,0,car,0.9251351952552797,648.3751220703125,0.0,919.4557495117188,238.03631591796875,783.9154357910156,238.03631591796875,271.08062744140625,238.03631591796875
72,4794,285,0,car,0.9279632568359376,648.0230712890625,0.0,915.4912719726562,219.5653686523437,781.7571716308594,219.5653686523437,267.4682006835937,219.5653686523437
72,4795,285,0,car,0.9200747609138488,649.355224609375,0.600940465927124,913.3977661132812,206.19549560546875,781.3764953613281,206.19549560546875,264.04254150390625,205.59455513954163
72,4796,285,0,car,0.9276992082595824,650.2944946289062,1.3979939222335815,907.4044799804688,189.0133056640625,778.8494873046875,189.0133056640625,257.1099853515625,187.6153117418289
72,4797,285,0,car,0.9225393533706664,650.6044921875,1.7350642681121826,903.9148559570312,173.188232421875,777.2596740722656,173.188232421875,253.31036376953125,171.45316815376282
72,4798,285,0,car,0.9125282764434814,650.389892578125,2.833066701889038,900.6485595703125,156.44393920898438,775.5192260742188,156.44393920898438,250.2586669921875,153.61087250709534
72,4799,285,0,car,0.9034841060638428,649.1921997070312,2.635359048843384,895.8416137695312,143.49574279785156,772.5169067382812,143.49574279785156,246.6494140625,140.86038374900818
72,4800,285,0,car,0.9100744724273682,647.8287353515625,2.3866100311279297,892.0443115234375,126.9461441040039,769.9365234375,126.9461441040039,244.215576171875,124.55953407287598
72,4801,285,0,car,0.9084637761116028,647.3834838867188,1.6601589918136597,888.0669555664062,111.25837707519533,767.7252197265625,111.25837707519533,240.6834716796875,109.59821808338164
72,4802,285,0,car,0.8884425759315491,648.6870727539062,1.0330263376235962,884.386962890625,98.86538696289062,766.5370178222656,98.86538696289062,235.69989013671875,97.83236062526704
72,4803,285,0,car,0.8654763698577881,649.7274780273438,2.034498691558838,881.6246337890625,85.2247543334961,765.6760559082031,85.2247543334961,231.89715576171875,83.19025564193726
72,4804,285,0,car,0.8758957982063293,655.080078125,0.4328150451183319,879.175048828125,70.24826049804688,767.1275634765625,70.24826049804688,224.094970703125,69.81544545292854
72,4805,285,0,car,0.890497624874115,658.7835083007812,1.3175230026245115,875.3677368164062,61.23108673095703,767.0756225585938,61.23108673095703,216.584228515625,59.91356372833252
73,4766,292,0,car,0.6158473491668701,1801.4354248046875,546.488037109375,1919.034912109375,1043.4305419921875,1860.2351684570312,1043.4305419921875,117.5994873046875,496.9425048828125
73,4775,292,2,others,0.7066466808319092,1553.927978515625,172.8837432861328,1920.0,1055.8201904296875,1736.9639892578125,1055.8201904296875,366.072021484375,882.9364471435547
73,4776,292,2,others,0.7140621542930603,1526.719482421875,174.50401306152344,1910.516357421875,998.9541625976562,1718.617919921875,998.9541625976562,383.796875,824.4501495361328
73,4777,292,2,others,0.7170506715774536,1450.7626953125,96.31649780273438,1916.6328125,967.59130859375,1683.69775390625,967.59130859375,465.8701171875,871.2748107910156
73,4778,292,2,others,0.7997679710388184,1459.2803955078125,18.695934295654297,1909.5667724609373,929.4293823242188,1684.423583984375,929.4293823242188,450.286376953125,910.7334480285645
73,4779,292,2,others,0.7854389548301697,1293.8348388671875,0.0,1908.4130859375,886.0765380859375,1601.1239624023438,886.0765380859375,614.5782470703125,886.0765380859375
73,4780,292,2,others,0.8918850421905518,1260.4102783203125,0.0,1906.8660888671875,860.4049072265625,1583.63818359375,860.4049072265625,646.455810546875,860.4049072265625
73,4781,292,2,others,0.6925519704818726,1224.8546142578125,0.0,1907.503173828125,839.1129760742188,1566.1788940429688,839.1129760742188,682.6485595703125,839.1129760742188
73,4782,292,2,others,0.8704817295074463,1194.397216796875,0.0,1908.190673828125,807.3314819335938,1551.2939453125,807.3314819335938,713.79345703125,807.3314819335938
73,4783,292,2,others,0.8819728493690491,1175.217041015625,0.0,1908.8126220703125,783.221923828125,1542.0148315429688,783.221923828125,733.5955810546875,783.221923828125
73,4784,292,2,others,0.9241341948509216,1145.7515869140625,0.0,1909.4808349609373,760.966064453125,1527.6162109375,760.966064453125,763.729248046875,760.966064453125
73,4785,292,2,others,0.9276227951049804,1121.425537109375,0.0,1911.9185791015625,741.9247436523438,1516.6720581054688,741.9247436523438,790.4930419921875,741.9247436523438
73,4786,292,2,others,0.9180559515953064,1131.44482421875,0.0,1911.5469970703125,716.3912963867188,1521.4959106445312,716.3912963867188,780.1021728515625,716.3912963867188
73,4787,292,2,others,0.9341432452201844,1145.0628662109375,0.0,1919.8870849609373,701.4971923828125,1532.4749755859375,701.4971923828125,774.82421875,701.4971923828125
73,4788,292,2,others,0.9359176158905028,1138.59912109375,0.0,1915.2159423828125,674.5462646484375,1526.9075317382812,674.5462646484375,776.6168212890625,674.5462646484375
73,4789,292,2,others,0.9343088865280152,1127.4376220703125,0.0,1913.7869873046875,654.0499877929688,1520.6123046875,654.0499877929688,786.349365234375,654.0499877929688
73,4790,292,2,others,0.902369260787964,1116.5550537109375,0.0,1913.0965576171875,631.0664672851562,1514.8258056640625,631.0664672851562,796.54150390625,631.0664672851562
73,4791,292,2,others,0.9070159792900084,1176.992919921875,0.0,1906.5911865234373,606.5770263671875,1541.7920532226562,606.5770263671875,729.5982666015625,606.5770263671875
73,4792,292,2,others,0.7850404381752014,1123.8226318359375,0.0,1869.2838134765625,585.4395141601562,1496.55322265625,585.4395141601562,745.461181640625,585.4395141601562
73,4793,292,2,others,0.823304295539856,1094.4395751953125,0.0,1851.9517822265625,572.9592895507812,1473.1956787109375,572.9592895507812,757.51220703125,572.9592895507812
73,4794,292,2,others,0.7113733291625977,1069.882568359375,0.0,1802.615966796875,544.9850463867188,1436.249267578125,544.9850463867188,732.7333984375,544.9850463867188
73,4795,292,2,others,0.7015419006347656,1075.507080078125,0.2350402325391769,1845.5130615234373,531.3114013671875,1460.5100708007812,531.3114013671875,770.0059814453125,531.0763611346483
73,4796,292,2,others,0.8470444083213806,1066.8839111328125,1.0016827583312988,1863.235595703125,513.0108642578125,1465.0597534179688,513.0108642578125,796.3516845703125,512.0091814994812
73,4797,292,2,others,0.8687676191329956,1065.4229736328125,1.023949384689331,1862.163818359375,492.8147277832031,1463.7933959960938,492.8147277832031,796.7408447265625,491.7907783985138
73,4798,292,2,others,0.8834410905838013,1072.92578125,0.8848728537559509,1828.3743896484373,475.6026611328125,1450.6500854492188,475.6026611328125,755.4486083984375,474.71778827905655
73,4799,292,2,others,0.9057786464691162,1071.2431640625,0.8756170868873596,1828.687744140625,453.9580078125,1449.9654541015625,453.9580078125,757.444580078125,453.08239072561264
73,4800,292,2,others,0.9235587120056152,1058.9964599609375,0.6594476103782654,1826.5101318359373,436.5597229003906,1442.7532958984375,436.5597229003906,767.513671875,435.9002752900124
73,4801,292,2,others,0.9009491801261902,1034.792236328125,0.6692861914634705,1736.2330322265625,417.4876403808594,1385.5126342773438,417.4876403808594,701.4407958984375,416.8183541893959
73,4802,292,2,others,0.8867144584655762,1014.6050415039062,0.548129141330719,1677.9053955078125,398.6929931640625,1346.2552185058594,398.6929931640625,663.3003540039062,398.1448640227318
73,4803,292,2,others,0.8978727459907532,1008.3816528320312,0.3794102072715759,1645.202392578125,381.4129333496094,1326.792022705078,381.4129333496094,636.8207397460938,381.0335231423378
73,4804,292,2,others,0.9006509780883789,1025.755615234375,0.349639743566513,1624.7415771484375,366.2035827636719,1325.2485961914062,366.2035827636719,598.9859619140625,365.85394302010536
73,4805,292,2,others,0.8899720907211304,1026.4368896484375,0.1575960367918014,1612.4134521484375,349.7912902832031,1319.4251708984375,349.7912902832031,585.9765625,349.6336942464113
73,4806,292,2,others,0.8507346510887146,1028.31103515625,0.178424060344696,1621.2672119140625,332.3746337890625,1324.7891235351562,332.3746337890625,592.9561767578125,332.1962097287178
73,4807,292,2,others,0.8848954439163208,1031.55419921875,0.212330937385559,1610.65576171875,317.8706359863281,1321.10498046875,317.8706359863281,579.1015625,317.65830504894257
73,4808,292,2,others,0.8842432498931885,1028.88623046875,2.0828981399536133,1581.4852294921875,306.7607116699219,1305.1857299804688,306.7607116699219,552.5989990234375,304.67781352996826
73,4809,292,2,others,0.8762754201889038,1015.42236328125,3.0459885597229004,1561.5791015625,304.2337646484375,1288.500732421875,304.2337646484375,546.15673828125,301.1877760887146
73,4810,292,2,others,0.8909562826156616,1017.0186157226562,4.55472993850708,1549.2005615234375,285.2782287597656,1283.1095886230469,285.2782287597656,532.1819458007812,280.72349882125854
73,4811,292,2,others,0.9205898642539978,1012.23095703125,5.873447895050049,1533.9034423828125,278.9714050292969,1273.0671997070312,278.9714050292969,521.6724853515625,273.0979571342468
73,4812,292,2,others,0.9281652569770812,1003.1044921875,4.589022636413574,1520.1248779296875,270.1787414550781,1261.6146850585938,270.1787414550781,517.0203857421875,265.5897188186645
73,4813,292,2,others,0.9005885720252991,995.1478271484376,1.983484387397766,1506.371826171875,255.4456787109375,1250.7598266601562,255.4456787109375,511.2239990234375,253.46219432353973
73,4814,292,2,others,0.723955512046814,993.2838745117188,3.8096981048583984,1502.361328125,243.21450805664065,1247.8226013183594,243.21450805664065,509.0774536132813,239.40480995178223
73,4815,292,2,others,0.7397928237915039,993.0896606445312,5.686755180358887,1494.879150390625,233.3501434326172,1243.984405517578,233.3501434326172,501.78948974609375,227.6633882522583
73,4816,292,2,others,0.7826793789863586,992.2706298828124,5.359132289886475,1483.5426025390625,225.260482788086,1237.9066162109375,225.260482788086,491.27197265625,219.90135049819943
73,4817,292,0,car,0.7509148716926575,991.206787109375,3.148555994033813,1467.802490234375,193.4039306640625,1229.504638671875,193.4039306640625,476.595703125,190.2553746700287
73,4818,292,0,car,0.7713135480880737,990.5187377929688,2.418337345123291,1454.9007568359375,173.2599639892578,1222.7097473144531,173.2599639892578,464.3820190429688,170.84162664413452
73,4819,292,0,car,0.7875370979309082,994.2266235351562,2.622560977935791,1442.8316650390625,155.26707458496094,1218.5291442871094,155.26707458496094,448.6050415039063,152.64451360702515
73,4820,292,0,car,0.8240363597869873,995.1994018554688,3.46804141998291,1435.443359375,146.53225708007812,1215.3213806152344,146.53225708007812,440.2439575195313,143.0642156600952
73,4821,292,0,car,0.8274299502372742,993.7379150390624,4.1276679039001465,1429.0736083984375,135.08860778808594,1211.40576171875,135.08860778808594,435.335693359375,130.9609398841858
73,4822,292,0,car,0.8616078495979309,990.2616577148438,2.710538387298584,1418.5167236328125,126.67133331298828,1204.389190673828,126.67133331298828,428.2550659179688,123.9607949256897
73,4823,292,0,car,0.8361564874649048,988.7169189453124,3.899202585220337,1404.8211669921875,113.84638214111328,1196.76904296875,113.84638214111328,416.104248046875,109.94717955589294
73,4824,292,0,car,0.825974702835083,984.9147338867188,2.9190471172332764,1394.7056884765625,103.6495590209961,1189.8102111816406,103.6495590209961,409.79095458984375,100.73051190376282
73,4825,292,0,car,0.8497751355171204,980.7114868164062,3.1341586112976074,1386.88623046875,97.33045196533205,1183.798858642578,97.33045196533205,406.17474365234375,94.19629335403442
73,4826,292,0,car,0.8579702973365784,981.1567993164062,4.724758148193359,1383.705322265625,97.51081848144533,1182.4310607910156,97.51081848144533,402.5485229492188,92.78606033325195
73,4827,292,0,car,0.8429036736488342,980.693115234375,4.680822849273682,1381.4964599609375,99.34520721435548,1181.0947875976562,99.34520721435548,400.8033447265625,94.6643843650818
73,4828,292,0,car,0.796204149723053,981.4649658203124,0.0,1366.14111328125,92.69679260253906,1173.8030395507812,92.69679260253906,384.6761474609375,92.69679260253906
73,4829,292,0,car,0.8217648863792419,986.8495483398438,0.0,1353.9483642578125,91.34378814697266,1170.398956298828,91.34378814697266,367.0988159179688,91.34378814697266
73,4830,292,0,car,0.633905291557312,998.4003295898438,4.182151317596436,1341.6199951171875,93.26636505126952,1170.0101623535156,93.26636505126952,343.2196655273437,89.0842137336731
74,4800,296,0,car,0.9483519196510316,0.0,479.3543701171875,401.21234130859375,1051.2584228515625,200.60617065429688,1051.2584228515625,401.21234130859375,571.904052734375
74,4801,296,0,car,0.941148579120636,0.0,443.40716552734375,408.3525390625,996.8707275390624,204.17626953125,996.8707275390624,408.3525390625,553.4635620117188
74,4802,296,0,car,0.9433483481407166,0.0,409.2350463867188,416.4489440917969,936.138916015625,208.22447204589844,936.138916015625,416.4489440917969,526.9038696289062
74,4803,296,0,car,0.9413639307022096,0.0,375.4454650878906,422.3744812011719,884.7322998046875,211.187240600586,884.7322998046875,422.3744812011719,509.2868347167969
74,4804,296,0,car,0.9397284388542176,0.2290164679288864,339.58502197265625,428.46197509765625,829.2972412109375,214.34549578279257,829.2972412109375,428.23295862972736,489.7122192382813
74,4805,296,0,car,0.9425652027130128,1.3563288450241089,306.9739685058594,435.7990417480469,780.4122314453125,218.5776852965355,780.4122314453125,434.4427129030228,473.4382629394531
74,4806,296,0,car,0.940858006477356,4.048793315887451,285.290283203125,443.1044006347656,730.4813232421875,223.5765969753265,730.4813232421875,439.0556073188782,445.1910400390625
74,4807,296,0,car,0.9421871900558472,16.030790328979492,260.2196350097656,448.5288696289063,679.620361328125,232.27982997894287,679.620361328125,432.4980792999268,419.4007263183594
74,4808,296,0,car,0.9403307437896729,33.26362991333008,234.6954345703125,453.3609924316406,636.2615966796875,243.31231117248527,636.2615966796875,420.09736251831055,401.566162109375
74,4809,296,0,car,0.9519879817962646,52.89297103881836,208.2437896728516,457.5153198242188,597.0504150390625,255.20414543151853,597.0504150390625,404.6223487854004,388.8066253662109
74,4810,296,0,car,0.9442796111106871,69.49883270263672,184.6307678222656,460.74261474609375,558.1827392578125,265.12072372436523,558.1827392578125,391.243782043457,373.5519714355469
74,4811,296,0,car,0.9323182702064514,86.11886596679688,162.63571166992188,466.5210876464844,520.6091918945312,276.3199768066406,520.6091918945312,380.4022216796875,357.9734802246094
74,4812,296,0,car,0.9275788068771362,101.79777526855467,141.60267639160156,471.3171997070313,487.09954833984375,286.55748748779297,487.09954833984375,369.51942443847656,345.4968719482422
74,4813,296,0,car,0.9305040836334229,116.72938537597656,119.39362335205078,473.7452697753906,454.0097351074219,295.2373275756836,454.0097351074219,357.01588439941406,334.6161117553711
74,4814,296,0,car,0.9255900979042052,129.66656494140625,99.21725463867188,477.2319946289063,424.90631103515625,303.44927978515625,424.90631103515625,347.5654296875,325.6890563964844
74,4815,296,0,car,0.9262095093727112,144.41543579101562,76.60430145263672,480.7945556640625,396.4683227539063,312.60499572753906,396.4683227539063,336.3791198730469,319.8640213012696
74,4816,296,0,car,0.9294840097427368,157.40203857421875,56.279075622558594,482.2488403320313,367.8291931152344,319.825439453125,367.8291931152344,324.8468017578125,311.5501174926758
74,4817,296,0,car,0.9308726191520692,167.3192901611328,38.14329147338867,484.1220703125,341.37469482421875,325.7206802368164,341.37469482421875,316.8027801513672,303.2314033508301
74,4818,296,0,car,0.9287735223770142,176.5732421875,21.014101028442383,486.1128540039063,313.49005126953125,331.3430480957031,313.49005126953125,309.53961181640625,292.47595024108887
74,4819,296,0,car,0.9288886785507202,186.7564849853516,3.953978300094605,490.2385864257813,289.5967712402344,338.4975357055664,289.5967712402344,303.4821014404297,285.64279294013977
74,4820,296,0,car,0.9272791147232056,196.7587280273437,0.0,493.6537780761719,267.18719482421875,345.2062530517578,267.18719482421875,296.8950500488281,267.18719482421875
74,4821,296,0,car,0.9202271699905396,206.8453063964844,0.0,496.2991943359375,245.4643402099609,351.57225036621094,245.4643402099609,289.4538879394531,245.4643402099609
74,4822,296,0,car,0.9248398542404176,216.1665954589844,0.0,499.0914306640625,223.8612060546875,357.62901306152344,223.8612060546875,282.9248352050781,223.8612060546875
74,4823,296,0,car,0.928023874759674,224.9240875244141,0.0,501.0357666015625,200.7782592773437,362.9799270629883,200.7782592773437,276.11167907714844,200.7782592773437
74,4824,296,0,car,0.92192405462265,236.4501342773437,0.0,499.3263244628906,178.99273681640625,367.8882293701172,178.99273681640625,262.8761901855469,178.99273681640625
74,4825,296,0,car,0.91505765914917,245.85382080078125,0.0,499.0152282714844,158.91952514648438,372.4345245361328,158.91952514648438,253.16140747070312,158.91952514648438
74,4826,296,0,car,0.8865596652030945,252.55458068847656,0.0,496.9910888671875,140.68853759765625,374.772834777832,140.68853759765625,244.4365081787109,140.68853759765625
74,4827,296,0,car,0.9053400754928588,260.06109619140625,0.0,498.12896728515625,118.4397964477539,379.0950317382813,118.4397964477539,238.06787109375,118.4397964477539
74,4828,296,0,car,0.8922439217567444,270.3980407714844,0.0,502.0716857910156,96.5024185180664,386.23486328125,96.5024185180664,231.67364501953125,96.5024185180664
74,4829,296,0,car,0.8770293593406677,276.9012756347656,0.0,504.85101318359375,81.59744262695312,390.8761444091797,81.59744262695312,227.94973754882807,81.59744262695312
74,4830,296,0,car,0.8636148571968079,281.65008544921875,2.6465868949890137,502.75042724609375,70.17288208007812,392.20025634765625,70.17288208007812,221.100341796875,67.52629518508911
74,4831,296,0,car,0.8488502502441406,289.26531982421875,3.973120212554932,506.97259521484375,57.18095397949219,398.1189575195313,57.18095397949219,217.707275390625,53.207833766937256
76,4828,299,0,car,0.8996320962905884,1232.7750244140625,419.2717895507813,1581.0926513671875,1044.320068359375,1406.933837890625,1044.320068359375,348.317626953125,625.0482788085938
76,4829,299,0,car,0.939953863620758,1221.05419921875,399.0063171386719,1803.84375,1002.5951538085938,1512.448974609375,1002.5951538085938,582.78955078125,603.5888366699219
76,4830,299,0,car,0.9360752105712892,1214.8621826171875,385.573486328125,1856.176025390625,976.7877807617188,1535.5191040039062,976.7877807617188,641.3138427734375,591.2142944335938
76,4831,299,0,car,0.9233320355415344,1207.441162109375,384.1149291992188,1863.085693359375,941.3783569335938,1535.263427734375,941.3783569335938,655.64453125,557.263427734375
76,4832,299,0,car,0.9256613850593568,1197.07666015625,344.55877685546875,1843.4852294921875,891.9947509765625,1520.2809448242188,891.9947509765625,646.4085693359375,547.4359741210938
76,4833,299,0,car,0.9327293634414672,1190.8255615234375,327.2733764648437,1824.8194580078125,867.3090209960938,1507.822509765625,867.3090209960938,633.993896484375,540.03564453125
76,4834,299,0,car,0.9475740790367126,1177.9703369140625,295.29693603515625,1788.80322265625,823.1351318359375,1483.3867797851562,823.1351318359375,610.8328857421875,527.8381958007812
76,4835,299,0,car,0.9410811066627502,1172.2894287109375,286.1943054199219,1767.9493408203125,797.0155029296875,1470.119384765625,797.0155029296875,595.659912109375,510.8211975097656
76,4836,299,0,car,0.9306203126907348,1169.7452392578125,269.9399108886719,1749.2203369140625,770.8543090820312,1459.4827880859375,770.8543090820312,579.47509765625,500.9143981933594
76,4837,299,0,car,0.9196625351905824,1161.0928955078125,254.1547241210937,1722.9439697265625,740.6424560546875,1442.0184326171875,740.6424560546875,561.85107421875,486.48773193359375
76,4838,299,0,car,0.9393199682235718,1153.0860595703125,236.24122619628903,1692.7471923828125,707.44482421875,1422.9166259765625,707.44482421875,539.6611328125,471.20359802246094
76,4839,299,0,car,0.9433746337890624,1146.7021484375,219.87062072753903,1669.7054443359375,679.88134765625,1408.2037963867188,679.88134765625,523.0032958984375,460.0107269287109
76,4840,299,0,car,0.947559118270874,1139.598388671875,203.2042236328125,1648.7491455078125,648.9619140625,1394.1737670898438,648.9619140625,509.1507568359375,445.7576904296875
76,4841,299,0,car,0.9465171098709106,1133.023681640625,186.09722900390625,1631.0845947265625,622.2440185546875,1382.0541381835938,622.2440185546875,498.0609130859375,436.1467895507813
76,4842,299,0,car,0.9311664700508118,1128.616455078125,169.9176483154297,1611.7088623046875,593.4275512695312,1370.1626586914062,593.4275512695312,483.0924072265625,423.5099029541016
76,4843,299,0,car,0.9283818602561952,1118.79345703125,153.46409606933594,1593.6842041015625,569.6966552734375,1356.2388305664062,569.6966552734375,474.8907470703125,416.2325592041016
76,4844,299,0,car,0.923113226890564,1111.5924072265625,141.85926818847656,1567.42626953125,547.9570922851562,1339.5093383789062,547.9570922851562,455.8338623046875,406.0978240966797
76,4845,299,0,car,0.9427291750907898,1103.5618896484375,125.94314575195312,1551.63134765625,526.311767578125,1327.5966186523438,526.311767578125,448.0694580078125,400.3686218261719
76,4846,299,0,car,0.9431314468383788,1095.49267578125,109.27204895019533,1536.0870361328125,502.1057739257813,1315.7898559570312,502.1057739257813,440.5943603515625,392.83372497558594
76,4847,299,0,car,0.944116234779358,1087.635498046875,94.07292938232422,1521.67529296875,478.6632690429688,1304.6553955078125,478.6632690429688,434.039794921875,384.5903396606445
76,4848,299,0,car,0.9411997199058532,1082.165771484375,79.82048034667969,1507.9678955078125,458.8970642089844,1295.0668334960938,458.8970642089844,425.8021240234375,379.0765838623047
76,4849,299,0,car,0.9321699142456056,1079.529296875,64.77375030517578,1495.0625,443.1370544433594,1287.2958984375,443.1370544433594,415.533203125,378.3633041381836
76,4850,299,0,car,0.9363563656806946,1075.5145263671875,50.5047492980957,1480.3814697265625,422.85260009765625,1277.947998046875,422.85260009765625,404.866943359375,372.34785079956055
76,4851,299,0,car,0.936610221862793,1067.517333984375,39.035037994384766,1473.3909912109375,404.5124816894531,1270.4541625976562,404.5124816894531,405.8736572265625,365.4774436950684
76,4852,299,0,car,0.9324281215667723,1062.896240234375,25.7838077545166,1459.676025390625,383.6093444824219,1261.2861328125,383.6093444824219,396.77978515625,357.8255367279053
76,4853,299,0,car,0.929692804813385,1058.40771484375,13.86566162109375,1447.4591064453125,364.3534240722656,1252.9334106445312,364.3534240722656,389.0513916015625,350.4877624511719
76,4854,299,0,car,0.9216964244842528,1054.67822265625,5.667284965515137,1435.5506591796875,344.9364624023437,1245.1144409179688,344.9364624023437,380.8724365234375,339.2691774368286
76,4855,299,0,car,0.9309945106506348,1050.03125,1.244261384010315,1423.782470703125,326.2867736816406,1236.9068603515625,326.2867736816406,373.751220703125,325.0425122976303
76,4856,299,0,car,0.932261049747467,1045.5369873046875,0.0,1412.654052734375,309.6432189941406,1229.0955200195312,309.6432189941406,367.1170654296875,309.6432189941406
76,4857,299,0,car,0.9278249144554138,1041.1700439453125,0.7535442113876343,1401.2305908203125,293.3221130371094,1221.2003173828125,293.3221130371094,360.060546875,292.56856882572174
76,4858,299,0,car,0.9234015345573424,1037.0048828125,0.0,1391.470703125,275.0426025390625,1214.23779296875,275.0426025390625,354.4658203125,275.0426025390625
76,4859,299,0,car,0.9220088720321656,1032.6019287109375,0.0,1382.396484375,260.0123596191406,1207.4992065429688,260.0123596191406,349.7945556640625,260.0123596191406
76,4860,299,0,car,0.9268665909767152,1028.27099609375,0.0,1371.298828125,248.7858123779297,1199.784912109375,248.7858123779297,343.02783203125,248.7858123779297
76,4861,299,0,car,0.9267019629478456,1019.8501586914062,0.0,1360.953857421875,235.2667694091797,1190.4020080566406,235.2667694091797,341.10369873046875,235.2667694091797
76,4862,299,0,car,0.9238471388816832,1015.2937622070312,0.0,1351.5157470703125,221.4534912109375,1183.404754638672,221.4534912109375,336.22198486328125,221.4534912109375
76,4863,299,0,car,0.9111430644989014,1012.1273803710938,0.5349389910697937,1341.5704345703125,209.0265350341797,1176.8489074707031,209.0265350341797,329.44305419921875,208.4915960431099
76,4864,299,0,car,0.916644811630249,1008.1802368164062,0.704055905342102,1330.7669677734375,192.9173583984375,1169.473602294922,192.9173583984375,322.58673095703125,192.2133024930954
76,4865,299,0,car,0.915726900100708,1005.1134033203124,0.8089089393615723,1320.79345703125,175.79876708984375,1162.9534301757812,175.79876708984375,315.6800537109375,174.98985815048218
76,4866,299,0,car,0.9084268808364868,1000.65625,1.0795189142227173,1311.94140625,163.51953125,1156.298828125,163.51953125,311.28515625,162.44001233577728
76,4867,299,0,car,0.9004870057106018,995.7666015625,1.5685313940048218,1303.6224365234375,152.45541381835938,1149.6945190429688,152.45541381835938,307.8558349609375,150.88688242435455
76,4868,299,0,car,0.8967950344085693,990.6207275390624,0.7291240096092224,1292.8822021484375,141.4490509033203,1141.75146484375,141.4490509033203,302.261474609375,140.7199268937111
76,4869,299,0,car,0.8875678777694702,986.3141479492188,2.0299692153930664,1283.4603271484375,126.89116668701172,1134.887237548828,126.89116668701172,297.14617919921875,124.86119747161864
76,4870,299,0,car,0.8882642984390259,982.6136474609376,2.117910146713257,1275.8673095703125,115.15252685546876,1129.240478515625,115.15252685546876,293.253662109375,113.0346167087555
76,4871,299,0,car,0.8863595724105835,983.177001953125,2.381519794464112,1267.676025390625,104.69347381591795,1125.426513671875,104.69347381591795,284.4990234375,102.31195402145386
76,4872,299,0,car,0.8722297549247742,990.5413208007812,2.99429702758789,1261.4578857421875,94.450439453125,1125.9996032714844,94.450439453125,270.91656494140625,91.45614242553712
76,4873,299,0,car,0.8620234727859497,999.650634765625,3.0567784309387207,1251.988525390625,79.92121124267578,1125.819580078125,79.92121124267578,252.337890625,76.86443281173706
76,4874,299,0,car,0.861320436000824,997.5758056640624,1.822662115097046,1244.5020751953125,70.0506591796875,1121.0389404296875,70.0506591796875,246.92626953125,68.22799706459045
76,4875,299,0,car,0.836670458316803,997.1630249023438,1.2620916366577148,1237.7635498046875,60.74424362182617,1117.4632873535156,60.74424362182617,240.6005249023437,59.48215198516846
75,4827,300,0,car,0.948082149028778,579.4574584960938,421.1223754882813,1071.0101318359375,1049.8115234375,825.2337951660156,1049.8115234375,491.55267333984375,628.6891479492188
75,4828,300,0,car,0.9522099494934082,581.29296875,385.5599365234375,1056.1893310546875,984.5806274414062,818.7411499023438,984.5806274414062,474.8963623046875,599.0206909179688
75,4829,300,0,car,0.9532317519187928,583.7255859375,356.160888671875,1047.9532470703125,932.1104125976562,815.8394165039062,932.1104125976562,464.2276611328125,575.9495239257812
75,4830,300,0,car,0.9482501745224,589.8341674804688,344.6161804199219,1037.8817138671875,896.5779418945312,813.8579406738281,896.5779418945312,448.0475463867188,551.9617614746094
75,4831,300,0,car,0.9484331011772156,588.9949951171875,324.35870361328125,1028.5804443359375,857.5187377929688,808.7877197265625,857.5187377929688,439.58544921875,533.1600341796875
75,4832,300,0,car,0.9323574900627136,592.352783203125,291.9229736328125,1015.5223388671876,799.4669799804688,803.9375610351562,799.4669799804688,423.1695556640625,507.54400634765625
75,4833,300,0,car,0.9341971278190612,590.1254272460938,274.5235900878906,1010.4346923828124,767.4407348632812,800.2800598144531,767.4407348632812,420.3092651367188,492.9171447753906
75,4834,300,0,car,0.932171106338501,593.587890625,253.6376953125,998.4324340820312,721.0779418945312,796.0101623535156,721.0779418945312,404.8445434570313,467.4402465820313
75,4835,300,0,car,0.941400945186615,592.1622924804688,236.12289428710932,990.9216918945312,690.7925415039062,791.5419921875,690.7925415039062,398.7593994140625,454.6696472167969
75,4836,300,0,car,0.9446913599967957,592.078857421875,216.95445251464844,981.3070068359376,660.2335205078125,786.6929321289062,660.2335205078125,389.2281494140625,443.27906799316406
75,4837,300,0,car,0.9436925649642944,596.619384765625,199.4207763671875,972.730224609375,628.1824340820312,784.6748046875,628.1824340820312,376.11083984375,428.76165771484375
75,4838,300,0,car,0.9521501064300536,598.624267578125,181.1927947998047,965.5564575195312,591.3152465820312,782.0903625488281,591.3152465820312,366.9321899414063,410.12245178222656
75,4839,300,0,car,0.9408137798309326,599.3696899414062,162.31057739257812,959.9473876953124,563.9150390625,779.6585388183594,563.9150390625,360.5776977539063,401.6044616699219
75,4840,300,0,car,0.9318009614944458,597.1646118164062,144.3278350830078,954.2279663085938,536.367919921875,775.6962890625,536.367919921875,357.0633544921875,392.0400848388672
75,4841,300,0,car,0.9326286911964417,598.8294067382812,127.1424560546875,949.6126098632812,507.6024169921875,774.2210083007812,507.6024169921875,350.783203125,380.4599609375
75,4842,300,0,car,0.9288438558578492,598.4683227539062,112.69578552246094,944.0942993164062,478.7579040527344,771.2813110351562,478.7579040527344,345.6259765625,366.06211853027344
75,4843,300,0,car,0.9282218217849731,599.6046752929688,94.3488998413086,936.91796875,454.3693237304688,768.2613220214844,454.3693237304688,337.31329345703125,360.02042388916016
75,4844,300,0,car,0.9295105934143066,600.8975830078125,77.64274597167969,930.2012329101562,426.170654296875,765.5494079589844,426.170654296875,329.3036499023437,348.5279083251953
75,4845,300,0,car,0.928811013698578,601.6470947265625,62.56015396118164,923.3474731445312,401.7578430175781,762.4972839355469,401.7578430175781,321.70037841796875,339.1976890563965
75,4846,300,0,car,0.929000198841095,601.447265625,44.933223724365234,919.1446533203124,376.1968078613281,760.2959594726562,376.1968078613281,317.6973876953125,331.2635841369629
75,4847,300,0,car,0.9350368976593018,602.2214965820312,28.26283264160156,914.503662109375,355.81201171875,758.3625793457031,355.81201171875,312.2821655273437,327.54917907714844
75,4848,300,0,car,0.93018239736557,602.5245361328125,14.478066444396973,909.5255737304688,334.3246765136719,756.0250549316406,334.3246765136719,307.00103759765625,319.8466100692749
75,4849,300,0,car,0.9329456686973572,604.026611328125,2.896458864212036,905.621337890625,311.39337158203125,754.823974609375,311.39337158203125,301.5947265625,308.4969127178192
75,4850,300,0,car,0.9341081380844116,604.12255859375,0.0,900.3203125,291.3936462402344,752.221435546875,291.3936462402344,296.19775390625,291.3936462402344
75,4851,300,0,car,0.9378871321678162,603.8853149414062,0.0,896.6355590820312,270.1573486328125,750.2604370117188,270.1573486328125,292.750244140625,270.1573486328125
75,4852,300,0,car,0.925406575202942,605.4972534179688,0.0,893.0323486328125,252.96160888671875,749.2648010253906,252.96160888671875,287.5350952148437,252.96160888671875
75,4853,300,0,car,0.9301750659942628,606.0426635742188,0.0,888.2180786132812,237.5177154541016,747.13037109375,237.5177154541016,282.1754150390625,237.5177154541016
75,4854,300,0,car,0.9327760338783264,608.3226318359375,0.0,883.4839477539062,219.3578338623047,745.9032897949219,219.3578338623047,275.16131591796875,219.3578338623047
75,4855,300,0,car,0.924370527267456,610.6154174804688,0.0,879.8094482421875,202.34922790527344,745.2124328613281,202.34922790527344,269.19403076171875,202.34922790527344
75,4856,300,0,car,0.919853448867798,612.3282470703125,0.0,875.97900390625,183.0840759277344,744.1536254882812,183.0840759277344,263.6507568359375,183.0840759277344
75,4857,300,0,car,0.9172807931900024,613.7948608398438,6.507774353027344,873.6375732421875,164.8472442626953,743.7162170410156,164.8472442626953,259.8427124023437,158.33946990966797
75,4858,300,0,car,0.8986386656761169,614.130126953125,4.286944389343262,872.0734252929688,149.2951202392578,743.1017761230469,149.2951202392578,257.9432983398437,145.00817584991455
75,4859,300,0,car,0.9076589941978456,612.3079833984375,0.3079721629619598,869.8413696289062,135.53773498535156,741.0746765136719,135.53773498535156,257.53338623046875,135.2297628223896
75,4860,300,0,car,0.9005975723266602,612.3759155273438,0.4005260467529297,866.2508544921875,119.6103744506836,739.3133850097656,119.6103744506836,253.8749389648437,119.20984840393066
75,4861,300,0,car,0.8910351991653442,612.1279296875,0.2986605167388916,863.4306640625,104.6292724609375,737.779296875,104.6292724609375,251.302734375,104.3306119441986
75,4862,300,0,car,0.8883570432662964,612.8292236328125,1.7727055549621582,860.9860229492188,91.85564422607422,736.9076232910156,91.85564422607422,248.15679931640625,90.08293867111206
75,4863,300,0,car,0.8701866269111633,614.196044921875,1.746192455291748,856.7412109375,76.99616241455078,735.4686279296875,76.99616241455078,242.545166015625,75.24996995925903
75,4864,300,0,car,0.8635159730911255,615.3098754882812,0.4754114151000976,853.667724609375,67.21479034423828,734.4888000488281,67.21479034423828,238.3578491210937,66.73937892913818
75,4865,300,0,car,0.7733893394470215,617.403564453125,0.0,850.3438110351562,54.928165435791016,733.8736877441406,54.928165435791016,232.94024658203125,54.928165435791016
77,4871,310,0,car,0.9422730207443236,678.029052734375,460.4002685546875,1134.875,1042.9302978515625,906.4520263671876,1042.9302978515625,456.845947265625,582.530029296875
77,4872,310,0,car,0.938021719455719,676.3384399414062,430.6304016113281,1116.0068359375,991.8095703125,896.1726379394531,991.8095703125,439.66839599609375,561.1791687011719
77,4873,310,0,car,0.9333660006523132,674.992431640625,402.0028381347656,1099.7802734375,942.76806640625,887.3863525390625,942.76806640625,424.787841796875,540.7652282714844
77,4874,310,0,car,0.938694417476654,672.4507446289062,373.5145568847656,1085.697998046875,888.5438842773438,879.0743713378906,888.5438842773438,413.2472534179688,515.0293273925781
77,4875,310,0,car,0.9446970224380492,671.9937133789062,348.406494140625,1073.228515625,842.9700927734375,872.6111145019531,842.9700927734375,401.23480224609375,494.5635986328125
77,4876,310,0,car,0.9445365071296692,668.47802734375,322.7190246582031,1062.9302978515625,794.8323364257812,865.7041625976562,794.8323364257812,394.4522705078125,472.1133117675781
77,4877,310,0,car,0.9512268304824828,667.0223999023438,294.679443359375,1051.829345703125,753.4039306640625,859.4258728027344,753.4039306640625,384.8069458007813,458.7244873046875
77,4878,310,0,car,0.948329210281372,669.0354614257812,278.5815734863281,1039.6129150390625,714.9551391601562,854.3241882324219,714.9551391601562,370.5774536132813,436.3735656738281
77,4879,310,0,car,0.9551515579223632,669.6702880859375,254.2308959960937,1030.2884521484375,673.4166870117188,849.9793701171875,673.4166870117188,360.6181640625,419.185791015625
77,4880,310,0,car,0.939883828163147,667.8345336914062,228.7361602783203,1021.9148559570312,640.2113037109375,844.8746948242188,640.2113037109375,354.080322265625,411.4751434326172
77,4881,310,0,car,0.9380179047584534,665.2603759765625,205.4500274658203,1013.3402709960938,602.8807373046875,839.3003234863281,602.8807373046875,348.07989501953125,397.4307098388672
77,4882,310,0,car,0.9420972466468812,663.4314575195312,185.12062072753903,1007.2273559570312,569.4475708007812,835.3294067382812,569.4475708007812,343.7958984375,384.3269500732422
77,4883,310,0,car,0.9235274195671082,662.3021850585938,166.74127197265625,997.1519775390624,537.2036743164062,829.7270812988281,537.2036743164062,334.84979248046875,370.46240234375
77,4884,310,0,car,0.9300479292869568,662.9717407226562,149.6930694580078,987.9607543945312,507.5997314453125,825.4662475585938,507.5997314453125,324.989013671875,357.9066619873047
77,4885,310,0,car,0.9319658875465392,664.2060546875,130.21388244628906,979.3333129882812,478.041015625,821.7696838378906,478.041015625,315.12725830078125,347.82713317871094
77,4886,310,0,car,0.9336767196655272,664.6937255859375,113.41820526123048,972.3889770507812,450.2835388183594,818.5413513183594,450.2835388183594,307.6952514648437,336.8653335571289
77,4887,310,0,car,0.9318656325340272,662.8739013671875,94.48812866210938,965.174560546875,421.7135314941406,814.0242309570312,421.7135314941406,302.3006591796875,327.22540283203125
77,4888,310,0,car,0.9329675436019896,661.5879516601562,75.7359390258789,955.9966430664062,395.6568908691406,808.7922973632812,395.6568908691406,294.40869140625,319.9209518432617
77,4889,310,0,car,0.930228590965271,659.7593383789062,60.19536972045898,947.145263671875,368.9528503417969,803.4523010253906,368.9528503417969,287.38592529296875,308.7574806213379
77,4890,310,0,car,0.9340544939041138,657.029541015625,40.96637344360352,939.367919921875,346.0647888183594,798.19873046875,346.0647888183594,282.33837890625,305.09841537475586
77,4891,310,0,car,0.941936194896698,655.32958984375,24.935014724731445,933.62158203125,321.9683837890625,794.4755859375,321.9683837890625,278.2919921875,297.03336906433105
77,4892,310,0,car,0.9354246854782104,654.2760620117188,8.813858985900879,926.8721313476562,299.8201904296875,790.5740966796875,299.8201904296875,272.5960693359375,291.0063314437866
77,4893,310,0,car,0.93470698595047,652.0086669921875,0.0,922.4713134765624,277.2705383300781,787.239990234375,277.2705383300781,270.462646484375,277.2705383300781
77,4894,310,0,car,0.9243506789207458,651.515625,0.0,913.8025512695312,251.36880493164065,782.6590881347656,251.36880493164065,262.28692626953125,251.36880493164065
77,4895,310,0,car,0.9294248819351196,651.382568359375,0.0,908.423828125,232.7330017089844,779.9031982421875,232.7330017089844,257.041259765625,232.7330017089844
77,4896,310,0,car,0.9269443154335022,650.8667602539062,0.0,903.675048828125,213.3124237060547,777.2709045410156,213.3124237060547,252.80828857421875,213.3124237060547
77,4897,310,0,car,0.9247074127197266,653.8978271484375,0.0,898.70361328125,194.94021606445312,776.3007202148438,194.94021606445312,244.8057861328125,194.94021606445312
77,4898,310,0,car,0.930670201778412,657.9842529296875,0.0,899.0889892578125,177.14703369140625,778.53662109375,177.14703369140625,241.104736328125,177.14703369140625
77,4899,310,0,car,0.9205268025398254,659.7135620117188,0.0,896.2006225585938,158.86160278320312,777.9570922851562,158.86160278320312,236.487060546875,158.86160278320312
77,4900,310,0,car,0.8985787034034729,657.417724609375,0.0,893.690673828125,142.09315490722656,775.55419921875,142.09315490722656,236.27294921875,142.09315490722656
77,4901,310,0,car,0.8968175649642944,653.8579711914062,0.0,887.1727905273438,125.01947784423828,770.515380859375,125.01947784423828,233.3148193359375,125.01947784423828
77,4902,310,0,car,0.8991448879241943,654.0460205078125,0.0,885.05908203125,109.19821166992188,769.5525512695312,109.19821166992188,231.0130615234375,109.19821166992188
77,4903,310,0,car,0.8763067722320557,654.7752075195312,0.0,882.0113525390625,96.43170166015624,768.3932800292969,96.43170166015624,227.23614501953125,96.43170166015624
77,4904,310,0,car,0.8699355125427246,653.9681396484375,0.6575217247009277,878.95703125,80.8263931274414,766.4625854492188,80.8263931274414,224.9888916015625,80.16887140274048
77,4905,310,0,car,0.8441744446754456,649.1722412109375,1.6345903873443604,874.7367553710938,66.93852996826172,761.9544982910156,66.93852996826172,225.56451416015625,65.30393958091736
77,4906,310,0,car,0.8776921629905701,655.4275512695312,0.8067477941513062,868.7909545898438,54.86642074584961,762.1092529296875,54.86642074584961,213.3634033203125,54.0596729516983
78,4890,312,0,car,0.9359949827194214,0.1881406456232071,453.8499755859375,399.69085693359375,1025.1300048828125,199.93949878960848,1025.1300048828125,399.50271628797054,571.280029296875
78,4891,312,0,car,0.93469500541687,0.132911279797554,410.38916015625,407.7438659667969,971.984619140625,203.9383886232972,971.984619140625,407.6109546869993,561.595458984375
78,4892,312,0,car,0.9203989505767822,0.8601261973381042,365.9417724609375,413.8744812011719,908.2881469726562,207.367303699255,908.2881469726562,413.01435500383377,542.3463745117188
78,4893,312,0,car,0.9097793698310852,1.576691746711731,316.4561767578125,420.968505859375,849.871337890625,211.27259880304337,849.871337890625,419.39181411266327,533.4151611328125
78,4894,312,0,car,0.8749174475669861,11.955958366394045,267.6856384277344,426.9370727539063,772.441650390625,219.4465155601501,772.441650390625,414.9811143875122,504.7560119628906
78,4895,312,0,car,0.8913193941116333,14.45291805267334,235.03836059570312,431.2364807128906,716.5571899414062,222.844699382782,716.5571899414062,416.7835626602173,481.5188293457031
78,4896,312,0,car,0.9086008071899414,14.11291217803955,204.8920135498047,439.6807556152344,667.3837890625,226.89683389663696,667.3837890625,425.5678434371948,462.4917755126953
78,4897,312,0,car,0.9131125807762146,21.437620162963867,175.68345642089844,446.4182434082031,622.597900390625,233.9279317855835,622.597900390625,424.98062324523926,446.91444396972656
78,4898,312,0,car,0.8642156720161438,35.5576286315918,150.92257690429688,452.10687255859375,583.2630004882812,243.8322505950928,583.2630004882812,416.549243927002,432.3404235839844
78,4899,312,0,car,0.9304438233375548,53.43457794189453,127.3897933959961,457.1445617675781,543.9077758789062,255.2895698547364,543.9077758789062,403.7099838256836,416.51798248291016
78,4900,312,2,others,0.6219403147697449,69.62901306152344,101.2497100830078,460.0146789550781,507.3768310546875,264.8218460083008,507.3768310546875,390.3856658935547,406.1271209716797
78,4901,312,0,car,0.8600871562957764,82.56088256835938,76.6835708618164,461.8733825683594,471.4894104003906,272.2171325683594,471.4894104003906,379.3125,394.8058395385742
78,4902,312,0,car,0.8725245594978333,99.08037567138672,49.03638458251953,465.0639343261719,440.6408386230469,282.0721549987793,440.6408386230469,365.9835586547852,391.60445404052734
78,4903,312,0,car,0.7456418871879578,114.96568298339844,30.53577995300293,469.9305725097656,410.1359252929688,292.44812774658203,410.1359252929688,354.9648895263672,379.6001453399658
78,4904,312,0,car,0.913671374320984,128.8736114501953,15.122446060180664,473.7922058105469,376.1065979003906,301.3329086303711,376.1065979003906,344.9185943603516,360.98415184021
78,4905,312,0,car,0.9027701616287231,142.1668701171875,0.0,479.9293823242188,347.29864501953125,311.0481262207031,347.29864501953125,337.76251220703125,347.29864501953125
78,4906,312,0,car,0.9205483198165894,156.1147003173828,0.0,483.804931640625,314.24072265625,319.9598159790039,314.24072265625,327.6902313232422,314.24072265625
78,4907,312,0,car,0.8663742542266846,165.26580810546875,0.0,485.4297180175781,288.0825500488281,325.34776306152344,288.0825500488281,320.1639099121094,288.0825500488281
78,4908,312,0,car,0.8884406685829163,176.39109802246094,0.0,487.5367126464844,265.41339111328125,331.96390533447266,265.41339111328125,311.14561462402344,265.41339111328125
78,4909,312,0,car,0.8741896152496338,191.3003387451172,0.0,487.4139099121094,243.9459686279297,339.3571243286133,243.9459686279297,296.1135711669922,243.9459686279297
78,4910,312,0,car,0.9078402519226074,203.8933258056641,0.0,490.71978759765625,220.551025390625,347.30655670166016,220.551025390625,286.8264617919922,220.551025390625
78,4911,312,0,car,0.9075335264205932,214.2640991210937,0.0,493.42779541015625,198.0840606689453,353.845947265625,198.0840606689453,279.1636962890625,198.0840606689453
78,4912,312,0,car,0.9145209193229676,224.2548065185547,0.0,495.1051025390625,174.26405334472656,359.6799545288086,174.26405334472656,270.8502960205078,174.26405334472656
78,4913,312,0,car,0.9015573263168336,234.7281494140625,0.0,497.147216796875,152.88470458984375,365.9376831054688,152.88470458984375,262.4190673828125,152.88470458984375
78,4914,312,0,car,0.8945222496986389,237.1609344482422,4.276787281036377,499.429931640625,138.27162170410156,368.2954330444336,138.27162170410156,262.2689971923828,133.9948344230652
78,4915,312,0,car,0.8889179229736328,245.1280517578125,4.342047691345215,496.2440490722656,118.52012634277344,370.6860504150391,118.52012634277344,251.11599731445312,114.17807865142822
78,4916,312,0,car,0.887575626373291,254.21783447265625,4.051455497741699,495.2196960449219,106.0422592163086,374.71876525878906,106.0422592163086,241.0018615722656,101.9908037185669
78,4917,312,0,car,0.8814473748207092,261.2036437988281,4.960682392120361,495.42486572265625,84.77326965332031,378.3142547607422,84.77326965332031,234.22122192382807,79.81258726119995
78,4918,312,0,car,0.9220081567764282,268.616455078125,2.711786985397339,495.6085510253906,66.29358673095703,382.1125030517578,66.29358673095703,226.9920959472656,63.58179974555969
78,4919,312,0,car,0.7896800637245178,280.0377197265625,1.1864343881607056,497.8813171386719,50.26314163208008,388.9595184326172,50.26314163208008,217.84359741210932,49.07670724391937
79,4905,314,0,car,0.9326721429824828,1282.869140625,510.6424560546875,1917.497802734375,1054.4228515625,1600.1834716796875,1054.4228515625,634.628662109375,543.7803955078125
79,4906,314,0,car,0.944088101387024,1268.072509765625,479.6536560058594,1892.7294921875,1024.077392578125,1580.4010009765625,1024.077392578125,624.656982421875,544.4237365722656
79,4907,314,0,car,0.9250407218933104,1259.5516357421875,452.5060424804688,1862.55224609375,980.7195434570312,1561.0519409179688,980.7195434570312,603.0006103515625,528.2135009765625
79,4908,314,0,car,0.9317260384559632,1246.376220703125,429.7093505859375,1831.5970458984373,940.3460083007812,1538.9866333007812,940.3460083007812,585.2208251953125,510.63665771484375
79,4909,314,0,car,0.9388056993484496,1234.6234130859375,404.6069030761719,1796.052978515625,898.1791381835938,1515.3381958007812,898.1791381835938,561.4295654296875,493.5722351074219
79,4910,314,0,car,0.9437310099601746,1225.4388427734375,382.1017150878906,1765.960693359375,858.3743286132812,1495.6997680664062,858.3743286132812,540.5218505859375,476.2726135253906
79,4911,314,0,car,0.9338409304618835,1216.561279296875,362.7206726074219,1739.549560546875,820.3892822265625,1478.055419921875,820.3892822265625,522.98828125,457.6686096191406
79,4912,314,0,car,0.93401437997818,1208.9178466796875,341.677001953125,1713.3687744140625,781.1531982421875,1461.143310546875,781.1531982421875,504.450927734375,439.4761962890625
79,4913,314,0,car,0.9390698075294496,1196.2635498046875,317.9983215332031,1688.38037109375,749.1869506835938,1442.3219604492188,749.1869506835938,492.1168212890625,431.1886291503906
79,4914,314,0,car,0.9375959634780884,1186.8953857421875,303.49908447265625,1668.2744140625,728.4115600585938,1427.5848999023438,728.4115600585938,481.3790283203125,424.9124755859375
79,4915,314,0,car,0.9316697120666504,1178.05810546875,286.4679260253906,1646.778564453125,694.2639770507812,1412.4183349609375,694.2639770507812,468.720458984375,407.7960510253906
79,4916,314,0,car,0.9324607253074646,1170.5738525390625,268.3514404296875,1626.6033935546875,664.3458862304688,1398.588623046875,664.3458862304688,456.029541015625,395.9944458007813
79,4917,314,0,car,0.9289800524711608,1161.7293701171875,244.9691772460937,1604.34814453125,633.0278930664062,1383.0387573242188,633.0278930664062,442.6187744140625,388.0587158203125
79,4918,314,0,car,0.9437000155448914,1152.4405517578125,222.84767150878903,1580.2353515625,601.5619506835938,1366.3379516601562,601.5619506835938,427.7947998046875,378.7142791748047
79,4919,314,0,car,0.950488030910492,1142.061279296875,203.90054321289065,1559.980224609375,570.0733642578125,1351.020751953125,570.0733642578125,417.9189453125,366.1728210449219
79,4920,314,0,car,0.9339165091514589,1133.9630126953125,183.58692932128903,1545.162841796875,541.5296630859375,1339.5629272460938,541.5296630859375,411.1998291015625,357.94273376464844
79,4921,314,0,car,0.947676420211792,1126.2659912109375,164.3619842529297,1528.1922607421875,515.3312377929688,1327.2291259765625,515.3312377929688,401.92626953125,350.96925354003906
79,4922,314,0,car,0.9398049712181092,1117.2412109375,147.4608917236328,1510.9859619140625,488.0058288574219,1314.1135864257812,488.0058288574219,393.7447509765625,340.54493713378906
79,4923,314,0,car,0.9365845918655396,1110.8134765625,130.19491577148438,1497.5970458984375,462.2507934570313,1304.2052612304688,462.2507934570313,386.7835693359375,332.0558776855469
79,4924,314,0,car,0.9355469346046448,1104.5330810546875,112.8302230834961,1480.7012939453125,436.625,1292.6171875,436.625,376.168212890625,323.7947769165039
79,4925,314,0,car,0.9342878460884094,1098.6263427734375,97.80316162109376,1464.983642578125,414.5781555175781,1281.8049926757812,414.5781555175781,366.3572998046875,316.7749938964844
79,4926,314,0,car,0.930312156677246,1091.524658203125,80.27120208740234,1450.7679443359375,393.4360656738281,1271.1463012695312,393.4360656738281,359.2432861328125,313.1648635864258
79,4927,314,0,car,0.9344052076339722,1086.616455078125,66.3727035522461,1439.27001953125,369.5090637207031,1262.9432373046875,369.5090637207031,352.653564453125,303.13636016845703
79,4928,314,0,car,0.9234858155250548,1081.8699951171875,52.052642822265625,1423.8812255859375,346.2598571777344,1252.8756103515625,346.2598571777344,342.01123046875,294.20721435546875
79,4929,314,0,car,0.9331210255622864,1076.09423828125,34.798789978027344,1410.446533203125,325.16510009765625,1243.2703857421875,325.16510009765625,334.352294921875,290.3663101196289
79,4930,314,0,car,0.93291175365448,1071.49658203125,21.69799423217773,1398.509033203125,306.5822448730469,1235.0028076171875,306.5822448730469,327.012451171875,284.88425064086914
79,4931,314,0,car,0.9258492588996888,1065.55517578125,7.057897567749023,1387.0142822265625,288.7427062988281,1226.2847290039062,288.7427062988281,321.4591064453125,281.6848087310791
79,4932,314,0,car,0.9254910945892334,1059.517578125,0.0,1375.5025634765625,270.3063049316406,1217.5100708007812,270.3063049316406,315.9849853515625,270.3063049316406
79,4933,314,0,car,0.9243560433387756,1053.3714599609375,0.0,1363.0269775390625,253.67388916015625,1208.19921875,253.67388916015625,309.655517578125,253.67388916015625
79,4934,314,0,car,0.9286544322967528,1048.8974609375,0.0,1352.924072265625,240.29249572753903,1200.9107666015625,240.29249572753903,304.026611328125,240.29249572753903
79,4935,314,0,car,0.9277157187461852,1042.8212890625,0.0,1341.694091796875,223.4203948974609,1192.2576904296875,223.4203948974609,298.872802734375,223.4203948974609
79,4936,314,0,car,0.9227223992347716,1036.7728271484375,0.0,1330.6103515625,206.7101593017578,1183.6915893554688,206.7101593017578,293.8375244140625,206.7101593017578
79,4937,314,0,car,0.915160596370697,1031.0770263671875,0.0,1319.39990234375,189.6934967041016,1175.2384643554688,189.6934967041016,288.3228759765625,189.6934967041016
79,4938,314,0,car,0.9104619026184082,1026.573974609375,0.581818699836731,1311.295654296875,170.28585815429688,1168.934814453125,170.28585815429688,284.7216796875,169.70403945446014
79,4939,314,0,car,0.9083664417266846,1021.3617553710938,2.072200059890747,1300.926513671875,156.7082061767578,1161.1441345214844,156.7082061767578,279.56475830078125,154.6360061168671
79,4940,314,0,car,0.8973750472068787,1015.78662109375,0.8957096934318542,1295.49072265625,144.18785095214844,1155.638671875,144.18785095214844,279.7041015625,143.29214125871658
79,4941,314,0,car,0.8926840424537659,1010.0376586914062,1.0566462278366089,1287.6383056640625,130.18765258789062,1148.8379821777344,130.18765258789062,277.60064697265625,129.13100636005402
79,4942,314,0,car,0.8955487608909607,1004.877685546875,0.7776451706886292,1274.0145263671875,115.2200698852539,1139.4461059570312,115.2200698852539,269.1368408203125,114.44242471456528
79,4943,314,0,car,0.8795064091682434,998.7365112304688,1.667813777923584,1266.032958984375,102.8141860961914,1132.384735107422,102.8141860961914,267.29644775390625,101.14637231826782
79,4944,314,0,car,0.8641208410263062,998.7360229492188,2.577092170715332,1259.317626953125,92.07553100585938,1129.026824951172,92.07553100585938,260.58160400390625,89.49843883514404
79,4945,314,0,car,0.8676810264587402,998.6502685546876,2.9542813301086426,1249.1927490234375,77.16144561767578,1123.9215087890625,77.16144561767578,250.54248046875,74.20716428756714
79,4946,314,0,car,0.8508849740028381,995.7267456054688,2.321446657180786,1242.4896240234375,64.86557006835938,1119.1081848144531,64.86557006835938,246.76287841796875,62.54412341117859
79,4947,314,0,car,0.8227329254150391,992.9853515625,1.822650909423828,1233.5240478515625,54.170745849609375,1113.2546997070312,54.170745849609375,240.5386962890625,52.34809494018555
80,4901,315,0,car,0.9210975766181946,573.5347900390625,864.1360473632812,1140.966796875,1055.3951416015625,857.2507934570312,1055.3951416015625,567.4320068359375,191.25909423828125
80,4902,315,0,car,0.9159501194953918,589.3079223632812,809.1708984375,1127.9713134765625,1058.536865234375,858.6396179199219,1058.536865234375,538.6633911132812,249.365966796875
80,4910,315,0,car,0.9449424147605896,600.0439453125,459.0161437988281,1075.4735107421875,1058.6385498046875,837.7587280273438,1058.6385498046875,475.4295654296875,599.6224060058594
80,4911,315,0,car,0.9495957493782043,599.8629150390625,426.4563293457031,1061.579833984375,1019.4678955078124,830.7213745117188,1019.4678955078124,461.7169189453125,593.0115661621094
80,4912,315,0,car,0.9500308632850648,598.7521362304688,394.5594787597656,1051.536865234375,964.5048217773438,825.1445007324219,964.5048217773438,452.7847290039063,569.9453430175781
80,4913,315,0,car,0.9433541297912598,597.9906005859375,363.8716430664063,1037.6290283203125,903.4685668945312,817.809814453125,903.4685668945312,439.638427734375,539.596923828125
80,4914,315,0,car,0.9342066049575806,600.6598510742188,344.6288146972656,1027.166015625,864.2178955078125,813.9129333496094,864.2178955078125,426.5061645507813,519.5890808105469
80,4915,315,0,car,0.924092411994934,600.0379028320312,312.9316101074219,1016.9349365234376,813.9791259765625,808.4864196777344,813.9791259765625,416.8970336914063,501.0475158691406
80,4916,315,0,car,0.9325169324874878,602.6959228515625,288.6143798828125,1004.2195434570312,766.8046875,803.4577331542969,766.8046875,401.5236206054688,478.1903076171875
80,4917,315,0,car,0.9270232915878296,604.245849609375,264.50408935546875,993.9256591796876,721.3910522460938,799.0857543945312,721.3910522460938,389.6798095703125,456.886962890625
80,4918,315,0,car,0.934807062149048,606.3258666992188,235.2249755859375,983.4186401367188,679.4148559570312,794.8722534179688,679.4148559570312,377.0927734375,444.18988037109375
80,4919,315,0,car,0.9381175637245178,605.5518188476562,210.2258758544922,971.334228515625,638.5298461914062,788.4430236816406,638.5298461914062,365.7824096679688,428.30397033691406
80,4920,315,0,car,0.9340335130691528,608.850341796875,185.65106201171875,964.131591796875,594.193603515625,786.490966796875,594.193603515625,355.28125,408.5425415039063
80,4921,315,0,car,0.937714159488678,606.572021484375,165.2968292236328,957.7070922851562,559.1290893554688,782.1395568847656,559.1290893554688,351.13507080078125,393.832260131836
80,4922,315,0,car,0.9323234558105468,607.5122680664062,141.0630340576172,950.6193237304688,522.5282592773438,779.0657958984375,522.5282592773438,343.1070556640625,381.46522521972656
80,4923,315,0,car,0.9331014156341552,608.7335205078125,120.88648223876952,946.4564208984376,486.8952941894531,777.594970703125,486.8952941894531,337.722900390625,366.0088119506836
80,4924,315,0,car,0.9268364906311036,611.1464233398438,97.38975524902344,939.4671630859376,454.9383544921875,775.3067932128906,454.9383544921875,328.3207397460937,357.54859924316406
80,4925,315,0,car,0.9298081398010254,614.12548828125,75.90194702148438,931.51611328125,423.089599609375,772.82080078125,423.089599609375,317.390625,347.1876525878906
80,4926,315,0,car,0.925042688846588,616.3190307617188,57.04895782470703,926.0219116210938,393.9598083496094,771.1704711914062,393.9598083496094,309.702880859375,336.91085052490234
80,4927,315,0,car,0.9309705495834352,619.34375,36.52814102172852,921.9877319335938,365.3927917480469,770.6657409667969,365.3927917480469,302.6439819335937,328.8646507263184
80,4928,315,0,car,0.9240905046463012,619.584228515625,21.036752700805664,915.359375,339.1307678222656,767.4718017578125,339.1307678222656,295.775146484375,318.09401512146
80,4929,315,0,car,0.9336597323417664,620.5291137695312,4.736978530883789,910.1034545898438,312.5960998535156,765.3162841796875,312.5960998535156,289.5743408203125,307.85912132263184
80,4930,315,0,car,0.9303408265113832,620.8527221679688,0.0,904.1094360351562,288.1355895996094,762.4810791015625,288.1355895996094,283.2567138671875,288.1355895996094
80,4931,315,0,car,0.9292929768562316,622.0534057617188,0.0,899.3949584960938,267.400390625,760.7241821289062,267.400390625,277.341552734375,267.400390625
80,4932,315,0,car,0.9256100654602052,623.2435302734375,0.0,891.9617309570312,248.0951995849609,757.6026306152344,248.0951995849609,268.7182006835937,248.0951995849609
80,4933,315,0,car,0.9306232333183287,624.1807861328125,0.0,887.4576416015625,225.6300506591797,755.8192138671875,225.6300506591797,263.27685546875,225.6300506591797
80,4934,315,0,car,0.9292163252830504,625.2314453125,0.0,882.9384765625,207.0428924560547,754.0849609375,207.0428924560547,257.70703125,207.0428924560547
80,4935,315,0,car,0.9198285341262816,625.9021606445312,0.0,878.3627319335938,184.794662475586,752.1324462890625,184.794662475586,252.4605712890625,184.794662475586
80,4936,315,0,car,0.9087445139884948,626.6416015625,0.0,874.0394897460938,163.88662719726562,750.3405456542969,163.88662719726562,247.3978881835937,163.88662719726562
80,4937,315,0,car,0.8952522277832031,628.4525756835938,0.8051936626434326,870.0780639648438,146.92718505859375,749.2653198242188,146.92718505859375,241.62548828125,146.12199139595032
80,4938,315,0,car,0.8974868655204773,627.6884155273438,0.0731751695275306,865.3897705078125,128.40042114257812,746.5390930175781,128.40042114257812,237.70135498046875,128.3272459730506
80,4939,315,0,car,0.9002403616905212,627.8970336914062,0.6243883967399597,861.7133178710938,113.33637237548828,744.80517578125,113.33637237548828,233.8162841796875,112.71198397874832
80,4940,315,0,car,0.897637665271759,628.1805419921875,0.152972400188446,859.5531005859375,100.13739776611328,743.8668212890625,100.13739776611328,231.37255859375,99.98442536592484
80,4941,315,0,car,0.8641678690910339,630.5728149414062,2.613616466522217,857.5023803710938,87.0316390991211,744.03759765625,87.0316390991211,226.9295654296875,84.41802263259888
80,4942,315,0,car,0.854850709438324,632.0712890625,2.393694400787353,853.9542846679688,71.09416198730469,743.0127868652344,71.09416198730469,221.88299560546875,68.70046758651733
80,4943,315,0,car,0.815108060836792,633.9436645507812,2.172510862350464,851.9130859375,58.68341445922852,742.9283752441406,58.68341445922852,217.96942138671875,56.51090359687805
81,4961,318,0,car,0.9219940304756165,1300.8663330078125,437.4224548339844,1919.32177734375,1024.66796875,1610.0940551757812,1024.66796875,618.4554443359375,587.2455139160156
81,4962,318,0,car,0.9300475120544434,1284.3924560546875,411.3821716308594,1915.171142578125,977.3880004882812,1599.7817993164062,977.3880004882812,630.7786865234375,566.0058288574219
81,4963,318,0,car,0.9336901903152466,1268.414794921875,382.9996643066406,1893.990478515625,930.9656982421876,1581.20263671875,930.9656982421876,625.57568359375,547.9660339355469
81,4964,318,0,car,0.9236400723457336,1260.6392822265625,359.3295593261719,1860.379150390625,882.04052734375,1560.5092163085938,882.04052734375,599.7398681640625,522.7109680175781
81,4965,318,0,car,0.9304406046867372,1248.6312255859375,338.4755554199219,1831.2935791015625,837.1393432617188,1539.96240234375,837.1393432617188,582.662353515625,498.6637878417969
81,4966,318,0,car,0.9304730296134948,1236.5169677734375,313.77752685546875,1800.5076904296875,793.4243774414062,1518.5123291015625,793.4243774414062,563.99072265625,479.6468505859375
81,4967,318,0,car,0.9375877380371094,1226.806884765625,287.7435913085937,1769.252685546875,760.264404296875,1498.02978515625,760.264404296875,542.44580078125,472.5208129882813
81,4968,318,0,car,0.9377965331077576,1218.2283935546875,269.7826232910156,1741.975830078125,725.2027587890625,1480.1021118164062,725.2027587890625,523.7474365234375,455.4201354980469
81,4969,318,0,car,0.9305849075317384,1210.475830078125,249.8568878173828,1716.2330322265625,682.2103271484375,1463.3544311523438,682.2103271484375,505.7572021484375,432.3534393310547
81,4970,318,0,car,0.930435597896576,1199.6778564453125,231.21551513671875,1692.5882568359375,650.965576171875,1446.133056640625,650.965576171875,492.910400390625,419.75006103515625
81,4971,318,0,car,0.9300208687782288,1187.5601806640625,210.0074920654297,1667.9586181640625,620.9519653320312,1427.7593994140625,620.9519653320312,480.3984375,410.9444732666016
81,4972,318,0,car,0.9411404728889464,1179.2774658203125,193.5629272460937,1645.082275390625,585.2664794921875,1412.1798706054688,585.2664794921875,465.8048095703125,391.70355224609375
81,4973,318,0,car,0.9334011673927308,1170.080078125,176.9624481201172,1624.3685302734375,558.4530029296875,1397.2243041992188,558.4530029296875,454.2884521484375,381.4905548095703
81,4974,318,0,car,0.9201043844223022,1162.0318603515625,159.35743713378906,1605.996826171875,534.2140502929688,1384.0143432617188,534.2140502929688,443.9649658203125,374.8566131591797
81,4975,318,0,car,0.9075289964675904,1152.5386962890625,142.24386596679688,1584.931396484375,506.862548828125,1368.7350463867188,506.862548828125,432.3927001953125,364.6186828613281
81,4976,318,0,car,0.915587306022644,1143.037841796875,126.63058471679688,1561.839599609375,478.9039306640625,1352.438720703125,478.9039306640625,418.8017578125,352.2733459472656
81,4977,318,0,car,0.9226524233818054,1133.7012939453125,107.60368347167967,1547.7603759765625,455.8021240234375,1340.7308349609375,455.8021240234375,414.05908203125,348.1984405517578
81,4978,318,0,car,0.9355763792991638,1127.8001708984375,93.50334167480467,1533.5540771484375,432.0973815917969,1330.6771240234375,432.0973815917969,405.75390625,338.5940399169922
81,4979,318,0,car,0.9253695011138916,1122.5211181640625,75.96658325195312,1516.930419921875,408.65911865234375,1319.7257690429688,408.65911865234375,394.4093017578125,332.6925354003906
81,4980,318,0,car,0.9279348254203796,1117.1546630859375,60.51643753051758,1501.1602783203125,386.20404052734375,1309.157470703125,386.20404052734375,384.005615234375,325.6876029968262
81,4981,318,0,car,0.921833336353302,1110.3367919921875,45.31187057495117,1484.641357421875,366.1655578613281,1297.4890747070312,366.1655578613281,374.3045654296875,320.8536872863769
81,4982,318,0,car,0.9158352613449096,1103.88623046875,29.981130599975582,1471.103515625,344.4728698730469,1287.494873046875,344.4728698730469,367.21728515625,314.4917392730713
81,4983,318,0,car,0.9267971515655518,1097.05322265625,15.54575538635254,1456.3240966796875,321.9462280273437,1276.6886596679688,321.9462280273437,359.2708740234375,306.4004726409912
81,4984,318,0,car,0.92749285697937,1090.194091796875,3.541789531707764,1441.4869384765625,305.5282592773437,1265.8405151367188,305.5282592773437,351.2928466796875,301.986469745636
81,4985,318,0,car,0.9239882230758668,1085.448486328125,0.0,1427.30419921875,286.7253723144531,1256.3763427734375,286.7253723144531,341.855712890625,286.7253723144531
81,4986,318,0,car,0.9202709197998048,1079.31689453125,0.0,1414.7552490234375,270.5775451660156,1247.0360717773438,270.5775451660156,335.4383544921875,270.5775451660156
81,4987,318,0,car,0.9190659523010254,1072.41650390625,0.0,1400.1942138671875,252.93280029296875,1236.3053588867188,252.93280029296875,327.7777099609375,252.93280029296875
81,4988,318,0,car,0.916330873966217,1065.3536376953125,0.0,1386.7381591796875,236.0717315673828,1226.0458984375,236.0717315673828,321.384521484375,236.0717315673828
81,4989,318,0,car,0.9170939326286316,1061.0430908203125,0.0,1378.2386474609375,223.1192626953125,1219.640869140625,223.1192626953125,317.195556640625,223.1192626953125
81,4990,318,0,car,0.9148077964782716,1057.8778076171875,0.0,1367.533447265625,206.97756958007807,1212.7056274414062,206.97756958007807,309.6556396484375,206.97756958007807
81,4991,318,0,car,0.9179723858833312,1053.099609375,2.33870267868042,1355.6263427734375,188.2671813964844,1204.3629760742188,188.2671813964844,302.5267333984375,185.928478717804
81,4992,318,0,car,0.9116014838218688,1048.8955078125,4.374629974365234,1345.295166015625,169.47412109375,1197.0953369140625,169.47412109375,296.399658203125,165.09949111938477
81,4993,318,0,car,0.913518488407135,1044.3662109375,2.836507558822632,1334.3310546875,158.67335510253906,1189.3486328125,158.67335510253906,289.96484375,155.83684754371643
81,4994,318,0,car,0.9041699171066284,1038.6085205078125,2.250037670135498,1326.2681884765625,143.3682861328125,1182.4383544921875,143.3682861328125,287.65966796875,141.118248462677
81,4995,318,0,car,0.8901914358139038,1029.1475830078125,2.47141432762146,1315.8095703125,128.33868408203125,1172.4785766601562,128.33868408203125,286.6619873046875,125.8672697544098
81,4996,318,0,car,0.8913207054138184,1022.0884399414062,2.234795570373535,1306.0167236328125,115.86033630371094,1164.0525817871094,115.86033630371094,283.92828369140625,113.6255407333374
81,4997,318,0,car,0.8847888708114624,1018.3770751953124,1.6131404638290403,1297.592041015625,101.57039642333984,1157.9845581054688,101.57039642333984,279.2149658203125,99.9572559595108
81,4998,318,0,car,0.855187177658081,1034.2218017578125,2.900555372238159,1286.731689453125,88.74557495117188,1160.4767456054688,88.74557495117188,252.5098876953125,85.84501957893372
81,4999,318,0,car,0.8644848465919495,1041.9190673828125,3.476348400115967,1278.6160888671875,74.43647766113281,1160.267578125,74.43647766113281,236.697021484375,70.96012926101685
81,5000,318,0,car,0.8493396043777466,1041.8685302734375,3.603958129882813,1270.2974853515625,62.69417953491211,1156.0830078125,62.69417953491211,228.428955078125,59.0902214050293
81,5001,318,0,car,0.8811482787132263,1041.028076171875,1.4590847492218018,1265.866455078125,55.89230728149414,1153.447265625,55.89230728149414,224.83837890625,54.43322253227234
82,4989,322,0,car,0.9453702569007874,608.9144897460938,496.9139404296875,1050.758544921875,1057.0386962890625,829.8365173339844,1057.0386962890625,441.8440551757813,560.124755859375
82,4990,322,0,car,0.9392951130867004,611.5037841796875,463.8463745117188,1036.8421630859375,1011.8999633789062,824.1729736328125,1011.8999633789062,425.33837890625,548.0535888671875
82,4991,322,0,car,0.9385265707969666,615.2017211914062,431.4701843261719,1027.0623779296875,960.0665893554688,821.1320495605469,960.0665893554688,411.8606567382813,528.5964050292969
82,4992,322,0,car,0.9387649297714232,616.7498779296875,398.7108459472656,1013.5486450195312,904.5636596679688,815.1492614746094,904.5636596679688,396.79876708984375,505.8528137207031
82,4993,322,0,car,0.9405283331871032,617.00732421875,370.4888000488281,1006.5403442382812,856.140380859375,811.7738342285156,856.140380859375,389.5330200195313,485.6515808105469
82,4994,322,0,car,0.933568835258484,620.6444702148438,342.7801208496094,995.9458618164062,803.9581909179688,808.295166015625,803.9581909179688,375.3013916015625,461.1780700683594
82,4995,322,0,car,0.9351734519004822,620.1485595703125,309.72808837890625,987.1990356445312,760.40185546875,803.6737976074219,760.40185546875,367.0504760742188,450.67376708984375
82,4996,322,0,car,0.9306357502937316,620.2210083007812,288.0843811035156,979.5303344726562,717.0144653320312,799.8756713867188,717.0144653320312,359.309326171875,428.9300842285156
82,4997,322,0,car,0.9396971464157104,621.3328857421875,267.779296875,973.4202880859376,673.65234375,797.3765869140625,673.65234375,352.08740234375,405.873046875
82,4998,322,0,car,0.9343419671058656,623.545654296875,242.5645446777344,967.4864501953124,634.54296875,795.5160522460938,634.54296875,343.9407958984375,391.9784240722656
82,4999,322,0,car,0.940130650997162,623.3037109375,215.61756896972656,962.02490234375,597.214599609375,792.664306640625,597.214599609375,338.72119140625,381.5970306396485
82,5000,322,0,car,0.9263669848442078,622.3409423828125,190.8814392089844,953.184326171875,562.0966186523438,787.7626342773438,562.0966186523438,330.8433837890625,371.2151794433594
82,5001,322,0,car,0.9213060736656188,624.1998291015625,167.09475708007812,944.4721069335938,528.90966796875,784.3359680175781,528.90966796875,320.27227783203125,361.8149108886719
82,5002,322,0,car,0.925714373588562,623.2368774414062,148.5817108154297,936.9034423828124,498.3319091796875,780.0701599121094,498.3319091796875,313.66656494140625,349.7501983642578
82,5003,322,0,car,0.9337970614433287,625.904541015625,127.59002685546876,930.7954711914062,466.7692565917969,778.3500061035156,466.7692565917969,304.89093017578125,339.1792297363281
82,5004,322,0,car,0.9291598796844482,621.6329956054688,110.14495849609376,925.7128295898438,437.5822143554688,773.6729125976562,437.5822143554688,304.079833984375,327.437255859375
82,5005,322,0,car,0.9353523254394532,625.4221801757812,90.5321044921875,921.4398803710938,409.62835693359375,773.4310302734375,409.62835693359375,296.0177001953125,319.09625244140625
82,5006,322,0,car,0.9307646751403807,630.0841064453125,71.09459686279297,917.5755615234376,382.8470458984375,773.829833984375,382.8470458984375,287.491455078125,311.75244903564453
82,5007,322,0,car,0.932958960533142,629.8317260742188,53.93868255615234,913.8899536132812,355.8857421875,771.86083984375,355.8857421875,284.0582275390625,301.94705963134766
82,5008,322,0,car,0.9328415989875792,630.0596313476562,33.98793029785156,906.5775146484376,334.1628723144531,768.3185729980469,334.1628723144531,276.51788330078125,300.1749420166016
82,5009,322,0,car,0.9345004558563232,629.8497314453125,19.53013229370117,900.06298828125,311.9075622558594,764.9563598632812,311.9075622558594,270.2132568359375,292.3774299621582
82,5010,322,0,car,0.928514838218689,630.428466796875,2.973069667816162,894.3434448242188,286.3843994140625,762.3859558105469,286.3843994140625,263.9149780273437,283.41132974624634
82,5011,322,0,car,0.9375746846199036,629.68798828125,0.0,890.3563232421875,266.6224060058594,760.0221557617188,266.6224060058594,260.6683349609375,266.6224060058594
82,5012,322,0,car,0.9275728464126588,629.8326416015625,0.0,886.046630859375,249.14083862304688,757.9396362304688,249.14083862304688,256.2139892578125,249.14083862304688
82,5013,322,0,car,0.924923062324524,631.5626220703125,0.0,881.4388427734375,231.2008056640625,756.500732421875,231.2008056640625,249.876220703125,231.2008056640625
82,5014,322,0,car,0.9267282485961914,631.129638671875,0.0,878.552978515625,212.56365966796875,754.84130859375,212.56365966796875,247.42333984375,212.56365966796875
82,5015,322,0,car,0.9309656023979188,634.1925048828125,0.0,875.3787841796875,191.8201446533203,754.78564453125,191.8201446533203,241.186279296875,191.8201446533203
82,5016,322,0,car,0.9230570793151855,633.7011108398438,0.0,871.3587036132812,169.28265380859375,752.5299072265625,169.28265380859375,237.6575927734375,169.28265380859375
82,5017,322,0,car,0.910624384880066,636.9688720703125,0.0,868.6226806640625,151.52911376953125,752.7957763671875,151.52911376953125,231.65380859375,151.52911376953125
82,5018,322,0,car,0.905338168144226,635.7557373046875,0.0,864.7560424804688,138.68856811523438,750.2558898925781,138.68856811523438,229.00030517578125,138.68856811523438
82,5019,322,0,car,0.9049770832061768,636.2816772460938,0.1381364911794662,861.2631225585938,119.9282455444336,748.7723999023438,119.9282455444336,224.9814453125,119.79010905325411
82,5020,322,0,car,0.8971131443977356,637.1082153320312,0.0755182579159736,859.0193481445312,104.8314971923828,748.0637817382812,104.8314971923828,221.9111328125,104.75597893446684
82,5021,322,0,car,0.9033842086791992,635.4544677734375,0.567924439907074,856.1234130859375,91.15874481201172,745.7889404296875,91.15874481201172,220.6689453125,90.59082037210464
82,5022,322,0,car,0.8665001392364502,638.3093872070312,1.895145297050476,853.89453125,75.44379425048828,746.1019592285156,75.44379425048828,215.58514404296875,73.5486489534378
82,5023,322,0,car,0.8409436345100403,640.25146484375,2.8685548305511475,851.8629760742188,63.66996765136719,746.0572204589844,63.66996765136719,211.61151123046875,60.80141282081604
82,5024,322,0,car,0.8189634084701538,641.9003295898438,1.479601263999939,848.4939575195312,51.945255279541016,745.1971435546875,51.945255279541016,206.5936279296875,50.46565401554108
83,5025,326,0,car,0.930438756942749,1270.3895263671875,460.6629943847656,1916.251953125,1043.5711669921875,1593.3207397460938,1043.5711669921875,645.8624267578125,582.9081726074219
83,5026,326,0,car,0.9338998794555664,1253.7479248046875,433.048828125,1895.2349853515625,994.6065063476562,1574.491455078125,994.6065063476562,641.487060546875,561.5576782226562
83,5027,326,0,car,0.9350183606147766,1243.251953125,402.4189758300781,1864.8660888671875,947.2572021484376,1554.0590209960938,947.2572021484376,621.6141357421875,544.8382263183594
83,5028,326,0,car,0.928252637386322,1231.3043212890625,375.7723388671875,1834.5355224609373,899.72265625,1532.919921875,899.72265625,603.231201171875,523.9503173828125
83,5029,326,0,car,0.9365203976631165,1220.7713623046875,351.9473571777344,1796.04443359375,851.8889770507812,1508.4078979492188,851.8889770507812,575.2730712890625,499.9416198730469
83,5030,326,0,car,0.9415918588638306,1212.0093994140625,327.33917236328125,1761.6495361328125,807.9879150390625,1486.8294677734375,807.9879150390625,549.64013671875,480.6487426757813
83,5031,326,0,car,0.9410505294799804,1200.8463134765625,297.810302734375,1732.4232177734375,767.4291381835938,1466.634765625,767.4291381835938,531.576904296875,469.6188354492188
83,5032,326,0,car,0.943045973777771,1186.3402099609375,276.9718933105469,1704.1549072265625,729.9734497070312,1445.24755859375,729.9734497070312,517.814697265625,453.0015563964844
83,5033,326,0,car,0.9252009391784668,1175.6715087890625,261.1826477050781,1673.29443359375,687.8408203125,1424.4829711914062,687.8408203125,497.6229248046875,426.6581726074219
83,5034,326,0,car,0.9352666735649108,1168.6234130859375,238.15902709960932,1646.4354248046875,654.284912109375,1407.5294189453125,654.284912109375,477.81201171875,416.1258850097656
83,5035,326,0,car,0.9375602006912231,1158.3004150390625,218.4105987548828,1623.185302734375,622.2597045898438,1390.7428588867188,622.2597045898438,464.8848876953125,403.84910583496094
83,5036,326,0,car,0.9439806938171388,1149.2833251953125,198.6875915527344,1602.95703125,585.9097290039062,1376.1201782226562,585.9097290039062,453.6737060546875,387.2221374511719
83,5037,326,0,car,0.9329628944396972,1138.3359375,179.92559814453125,1578.226806640625,558.2841796875,1358.2813720703125,558.2841796875,439.890869140625,378.3585815429688
83,5038,326,0,car,0.9442669749259948,1130.6075439453125,161.01206970214844,1556.6510009765625,529.7799072265625,1343.6292724609375,529.7799072265625,426.04345703125,368.76783752441406
83,5039,326,0,car,0.9551828503608704,1122.770751953125,142.91610717773438,1537.5604248046875,501.1181945800781,1330.1655883789062,501.1181945800781,414.7896728515625,358.2020874023437
83,5040,326,0,car,0.9353206753730774,1114.7635498046875,124.34962463378906,1521.915283203125,471.4586791992188,1318.3394165039062,471.4586791992188,407.1517333984375,347.1090545654297
83,5041,326,0,car,0.9279362559318542,1105.9879150390625,105.70354461669922,1503.97265625,444.78033447265625,1304.9802856445312,444.78033447265625,397.9847412109375,339.07678985595703
83,5042,326,0,car,0.9420339465141296,1097.33984375,88.18748474121094,1488.1925048828125,419.1592712402344,1292.7661743164062,419.1592712402344,390.8526611328125,330.97178649902344
83,5043,326,0,car,0.9305132627487184,1089.2098388671875,72.6986312866211,1472.944091796875,396.6046142578125,1281.0769653320312,396.6046142578125,383.7342529296875,323.9059829711914
83,5044,326,0,car,0.933557391166687,1082.4022216796875,57.572635650634766,1457.137451171875,372.8191833496094,1269.7698364257812,372.8191833496094,374.7352294921875,315.2465476989746
83,5045,326,0,car,0.9329013824462892,1077.2916259765625,42.02143096923828,1441.8968505859375,350.3373718261719,1259.59423828125,350.3373718261719,364.605224609375,308.3159408569336
83,5046,326,0,car,0.9316309094429016,1072.097412109375,26.42402648925781,1427.5250244140625,329.2105407714844,1249.8112182617188,329.2105407714844,355.4276123046875,302.78651428222656
83,5047,326,0,car,0.9300297498703004,1066.1707763671875,11.93666172027588,1411.8211669921875,307.1233215332031,1238.9959716796875,307.1233215332031,345.650390625,295.18665981292725
83,5048,326,0,car,0.9284572005271912,1060.60986328125,0.0,1398.783203125,288.4130249023437,1229.696533203125,288.4130249023437,338.17333984375,288.4130249023437
83,5049,326,0,car,0.9230013489723206,1053.0235595703125,0.0,1388.8411865234375,269.0440368652344,1220.932373046875,269.0440368652344,335.817626953125,269.0440368652344
83,5050,326,0,car,0.9211071729660034,1048.06005859375,0.0,1375.1380615234375,252.53778076171875,1211.5990600585938,252.53778076171875,327.0780029296875,252.53778076171875
83,5051,326,0,car,0.9287706017494202,1042.0970458984375,0.0,1362.0223388671875,239.59100341796875,1202.0596923828125,239.59100341796875,319.92529296875,239.59100341796875
83,5052,326,0,car,0.9280883073806764,1037.0965576171875,0.0,1350.4783935546875,221.38169860839844,1193.7874755859375,221.38169860839844,313.3818359375,221.38169860839844
83,5053,326,0,car,0.9222882986068726,1031.2203369140625,0.0,1339.5330810546875,202.9179229736328,1185.376708984375,202.9179229736328,308.312744140625,202.9179229736328
83,5054,326,0,car,0.9157742857933044,1025.483154296875,0.0,1328.302978515625,185.461654663086,1176.89306640625,185.461654663086,302.81982421875,185.461654663086
83,5055,326,0,car,0.9148112535476683,1020.966064453125,0.0,1317.3218994140625,167.0616912841797,1169.1439819335938,167.0616912841797,296.3558349609375,167.0616912841797
83,5056,326,0,car,0.9146382212638856,1016.8421630859376,0.0,1309.773193359375,152.92007446289062,1163.3076782226562,152.92007446289062,292.9310302734375,152.92007446289062
83,5057,326,0,car,0.9003852009773254,1012.1078491210938,0.0,1298.8890380859375,140.04470825195312,1155.4984436035156,140.04470825195312,286.7811889648437,140.04470825195312
83,5058,326,0,car,0.8911544680595398,1006.9307250976562,0.0,1287.9627685546875,122.53465270996094,1147.446746826172,122.53465270996094,281.03204345703125,122.53465270996094
83,5059,326,0,car,0.8884222507476807,1000.9666748046876,0.6827777028083801,1280.1651611328125,108.01271057128906,1140.56591796875,108.01271057128906,279.198486328125,107.32993286848068
83,5060,326,0,car,0.8798254728317261,999.4868774414062,1.5710009336471558,1271.9395751953125,96.24520111083984,1135.7132263183594,96.24520111083984,272.45269775390625,94.67420017719267
83,5061,326,0,car,0.8624512553215027,996.9583740234376,2.67284631729126,1261.79296875,79.46576690673828,1129.3756713867188,79.46576690673828,264.8345947265625,76.79292058944702
83,5062,326,0,car,0.8529425263404846,992.9652099609376,2.753270149230957,1252.392333984375,67.8294906616211,1122.6787719726562,67.8294906616211,259.4271240234375,65.07622051239014
83,5063,326,0,car,0.8373333215713501,992.0831298828124,2.754178762435913,1245.753662109375,58.19496154785156,1118.9183959960938,58.19496154785156,253.6705322265625,55.44078278541565
84,5081,337,0,car,0.942911684513092,603.9365234375,420.18896484375,1045.744384765625,1008.56884765625,824.8404541015625,1008.56884765625,441.807861328125,588.3798828125
84,5082,337,0,car,0.9488877654075624,603.2017211914062,386.7515258789063,1036.4434814453125,950.622314453125,819.8226013183594,950.622314453125,433.2417602539063,563.8707885742188
84,5083,337,0,car,0.9404281973838806,602.8541870117188,353.1427307128906,1023.3001098632812,888.7039794921875,813.0771484375,888.7039794921875,420.4459228515625,535.5612487792969
84,5084,337,0,car,0.9363627433776855,602.3837890625,321.6797180175781,1015.249755859375,835.290283203125,808.8167724609375,835.290283203125,412.865966796875,513.6105651855469
84,5085,337,0,car,0.9334557056427002,608.1185302734375,291.0362243652344,1004.8748168945312,778.7568969726562,806.4966735839844,778.7568969726562,396.75628662109375,487.7206726074219
84,5086,337,0,car,0.9338311553001404,613.6381225585938,267.2604064941406,994.0037231445312,731.2433471679688,803.8209228515625,731.2433471679688,380.3656005859375,463.9829406738281
84,5087,337,0,car,0.931833028793335,614.42724609375,238.47645568847656,987.0833740234376,679.9081420898438,800.7553100585938,679.9081420898438,372.6561279296875,441.4316864013672
84,5088,337,0,car,0.9307562112808228,615.492431640625,211.37905883789065,977.0208740234376,636.977294921875,796.2566528320312,636.977294921875,361.5284423828125,425.5982360839844
84,5089,337,0,car,0.942284345626831,616.0781860351562,187.20216369628903,967.4678344726562,588.7429809570312,791.7730102539062,588.7429809570312,351.3896484375,401.5408172607422
84,5090,337,0,car,0.931496560573578,618.5764770507812,164.8793487548828,962.6588745117188,550.6505126953125,790.61767578125,550.6505126953125,344.0823974609375,385.7711639404297
84,5091,337,0,car,0.9270129799842834,618.3321533203125,144.0531463623047,955.7900390625,514.8294067382812,787.0610961914062,514.8294067382812,337.4578857421875,370.77626037597656
84,5092,337,0,car,0.9317657947540284,618.969482421875,121.44747161865234,948.2389526367188,478.7268676757813,783.6042175292969,478.7268676757813,329.2694702148437,357.2793960571289
84,5093,337,0,car,0.9319212436676024,618.4453735351562,99.3996353149414,940.5247802734376,445.3175659179688,779.4850769042969,445.3175659179688,322.07940673828125,345.91793060302734
84,5094,337,0,car,0.9227152466773988,620.5946044921875,78.42346954345703,931.996826171875,411.0767822265625,776.2957153320312,411.0767822265625,311.4022216796875,332.65331268310547
84,5095,337,0,car,0.9258951544761658,621.8751220703125,59.13568878173828,926.5044555664062,380.99359130859375,774.1897888183594,380.99359130859375,304.6293334960937,321.85790252685547
84,5096,337,0,car,0.9309902191162108,624.536865234375,37.74932861328125,921.1734619140624,349.5666809082031,772.8551635742188,349.5666809082031,296.6365966796875,311.8173522949219
84,5097,337,0,car,0.9295072555541992,626.9100341796875,21.61020278930664,915.3677368164062,323.1241760253906,771.1388854980469,323.1241760253906,288.45770263671875,301.513973236084
84,5098,337,0,car,0.9365191459655762,627.230712890625,4.309814929962158,909.3919677734376,298.31500244140625,768.3113403320312,298.31500244140625,282.1612548828125,294.0051875114441
84,5099,337,0,car,0.9297728538513184,627.366455078125,0.0,902.480712890625,271.51531982421875,764.923583984375,271.51531982421875,275.1142578125,271.51531982421875
84,5100,337,0,car,0.9308348298072816,627.59619140625,0.0,896.3873291015625,250.51318359375,761.9917602539062,250.51318359375,268.7911376953125,250.51318359375
84,5101,337,0,car,0.9249386191368104,628.2467651367188,0.0,891.4440307617188,229.2325592041016,759.8453979492188,229.2325592041016,263.197265625,229.2325592041016
84,5102,337,0,car,0.9241183996200562,630.9083251953125,0.0,886.681884765625,206.9747009277344,758.7951049804688,206.9747009277344,255.7735595703125,206.9747009277344
84,5103,337,0,car,0.9329022765159608,632.0341186523438,0.0,883.7322998046875,184.0606231689453,757.8832092285156,184.0606231689453,251.6981811523437,184.0606231689453
84,5104,337,0,car,0.9161032438278198,633.9672241210938,0.0,879.3112182617188,161.7713165283203,756.6392211914062,161.7713165283203,245.343994140625,161.7713165283203
84,5105,337,0,car,0.8953606486320496,636.2989501953125,5.214132785797119,875.5406494140625,143.3968963623047,755.9197998046875,143.3968963623047,239.24169921875,138.18276357650757
84,5106,337,0,car,0.8990352153778076,637.3944091796875,1.779697299003601,871.5347290039062,124.51414489746094,754.4645690917969,124.51414489746094,234.14031982421875,122.73444759845734
84,5107,337,0,car,0.8915873169898987,638.2763061523438,0.6977885961532593,869.2189331054688,105.7874984741211,753.7476196289062,105.7874984741211,230.942626953125,105.08970987796783
84,5108,337,0,car,0.8748790621757507,639.7479248046875,2.292742967605591,865.8421630859375,90.99983978271484,752.7950439453125,90.99983978271484,226.09423828125,88.70709681510925
84,5109,337,0,car,0.8701016902923584,641.0615844726562,2.802727460861206,862.2796630859375,72.78287506103516,751.6706237792969,72.78287506103516,221.21807861328125,69.98014760017395
84,5110,337,0,car,0.8323329091072083,641.8661499023438,1.8297069072723389,861.8722534179688,57.103515625,751.8692016601562,57.103515625,220.006103515625,55.27380871772766
85,5110,338,0,car,0.9363742470741272,795.64892578125,469.6155395507813,1309.9105224609375,1024.537109375,1052.7797241210938,1024.537109375,514.2615966796875,554.9215698242188
85,5111,338,0,car,0.9402543306350708,790.5933837890625,438.8680419921875,1283.30078125,977.572021484375,1036.9470825195312,977.572021484375,492.7073974609375,538.7039794921875
85,5112,338,0,car,0.9351464509963988,782.8657836914062,410.9149475097656,1259.7076416015625,928.2670288085938,1021.2867126464844,928.2670288085938,476.84185791015625,517.3520812988281
85,5113,338,0,car,0.942759931087494,777.56787109375,381.92333984375,1239.588623046875,878.335205078125,1008.5782470703124,878.335205078125,462.020751953125,496.411865234375
85,5114,338,0,car,0.9427513480186462,769.564697265625,357.3672180175781,1217.429443359375,829.7725830078125,993.4970703125,829.7725830078125,447.86474609375,472.4053649902344
85,5115,338,0,car,0.9363490343093872,763.435546875,332.4284973144531,1199.0638427734375,782.54296875,981.2496948242188,782.54296875,435.6282958984375,450.1144714355469
85,5116,338,0,car,0.9435756206512452,756.2378540039062,308.32818603515625,1180.8438720703125,742.8934326171875,968.5408630371094,742.8934326171875,424.6060180664063,434.5652465820313
85,5117,338,0,car,0.9488876461982728,751.5430908203125,281.0738830566406,1163.2686767578125,703.0480346679688,957.4058837890624,703.0480346679688,411.7255859375,421.9741516113281
85,5118,338,0,car,0.9394471049308776,749.2605590820312,262.7558898925781,1149.9677734375,665.6783447265625,949.6141662597656,665.6783447265625,400.7072143554688,402.9224548339844
85,5119,338,0,car,0.9393710494041444,747.8768920898438,239.55177307128903,1134.326904296875,627.7567749023438,941.1018981933594,627.7567749023438,386.4500122070313,388.2050018310547
85,5120,338,0,car,0.943067193031311,746.353759765625,217.28860473632807,1120.1317138671875,594.824462890625,933.2427368164062,594.824462890625,373.7779541015625,377.5358581542969
85,5121,338,0,car,0.9306474924087524,740.9891357421875,195.9742889404297,1107.0145263671875,563.1927490234375,924.0018310546876,563.1927490234375,366.025390625,367.2184600830078
85,5122,338,0,car,0.9269723892211914,737.1236572265625,175.40528869628906,1092.2276611328125,532.2988891601562,914.6756591796876,532.2988891601562,355.10400390625,356.8936004638672
85,5123,338,0,car,0.9247695803642272,733.4319458007812,155.2546844482422,1077.3907470703125,504.7200317382813,905.4113464355468,504.7200317382813,343.95880126953125,349.46534729003906
85,5124,338,0,car,0.9303600192070008,724.5777587890625,137.017578125,1065.7744140625,477.5339660644531,895.1760864257812,477.5339660644531,341.1966552734375,340.5163879394531
85,5125,338,0,car,0.922375738620758,718.210693359375,118.8408432006836,1053.9691162109375,450.89837646484375,886.0899047851562,450.89837646484375,335.7584228515625,332.05753326416016
85,5126,338,0,car,0.928309440612793,714.4996337890625,101.5084457397461,1042.34716796875,424.4263916015625,878.4234008789062,424.4263916015625,327.8475341796875,322.9179458618164
85,5127,338,0,car,0.9324250817298888,713.741943359375,86.33148193359375,1030.9705810546875,400.8693237304688,872.3562622070312,400.8693237304688,317.2286376953125,314.537841796875
85,5128,338,0,car,0.9253053069114684,712.396240234375,69.02911376953125,1021.399658203125,377.4892272949219,866.89794921875,377.4892272949219,309.00341796875,308.4601135253906
85,5129,338,0,car,0.9336978793144226,712.9031372070312,51.69056701660156,1012.5844116210938,355.65838623046875,862.7437744140625,355.65838623046875,299.6812744140625,303.9678192138672
85,5130,338,0,car,0.935355305671692,710.6748046875,36.28630828857422,1007.2111206054688,333.59814453125,858.9429626464844,333.59814453125,296.53631591796875,297.3118362426758
85,5131,338,0,car,0.9361136555671692,707.6775512695312,23.29924774169922,996.4783935546876,312.3987121582031,852.0779724121094,312.3987121582031,288.80084228515625,289.0994644165039
85,5132,338,0,car,0.9296787977218628,704.4559326171875,5.090997695922852,985.8922729492188,289.4336242675781,845.1741027832031,289.4336242675781,281.43634033203125,284.3426265716553
85,5133,338,0,car,0.9314438104629515,701.8280639648438,0.0,977.2418823242188,270.9664611816406,839.5349731445312,270.9664611816406,275.413818359375,270.9664611816406
85,5134,338,0,car,0.9258989095687866,699.8739624023438,0.0,970.4044799804688,253.378662109375,835.1392211914062,253.378662109375,270.530517578125,253.378662109375
85,5135,338,0,car,0.9234399795532228,696.9542236328125,0.0,965.3655395507812,237.2991180419922,831.1598815917969,237.2991180419922,268.41131591796875,237.2991180419922
85,5136,338,0,car,0.9299309849739076,695.8051147460938,0.0,958.9911499023438,219.8888702392578,827.3981323242188,219.8888702392578,263.18603515625,219.8888702392578
85,5137,338,0,car,0.9198613166809082,695.915283203125,0.0,951.6212158203124,202.48910522460932,823.7682495117188,202.48910522460932,255.7059326171875,202.48910522460932
85,5138,338,0,car,0.92954683303833,695.937255859375,0.0,944.3391723632812,183.2502899169922,820.1382141113281,183.2502899169922,248.40191650390625,183.2502899169922
85,5139,338,0,car,0.9194518327713012,695.4619750976562,0.0,937.3095092773438,165.7582244873047,816.3857421875,165.7582244873047,241.8475341796875,165.7582244873047
85,5140,338,0,car,0.904338538646698,694.5549926757812,0.0,930.755859375,149.83016967773438,812.6554260253906,149.83016967773438,236.20086669921875,149.83016967773438
85,5141,338,0,car,0.90347421169281,694.5001831054688,0.1744838207960128,924.4749755859376,137.7589569091797,809.4875793457031,137.7589569091797,229.97479248046875,137.58447308838367
85,5142,338,0,car,0.9020528197288512,694.1708374023438,0.0212343297898769,918.8560791015624,122.93251037597656,806.5134582519531,122.93251037597656,224.68524169921875,122.91127604618669
85,5143,338,0,car,0.8974225521087646,693.694091796875,0.0,916.1715698242188,108.02194213867188,804.9328308105469,108.02194213867188,222.4774780273437,108.02194213867188
85,5144,338,0,car,0.88680100440979,693.4306030273438,0.0304925441741943,911.6377563476562,94.650390625,802.5341796875,94.650390625,218.2071533203125,94.6198980808258
85,5145,338,0,car,0.8663930296897888,692.7229614257812,1.6192142963409424,906.0910034179688,80.77328491210938,799.406982421875,80.77328491210938,213.3680419921875,79.15407061576843
85,5146,338,0,car,0.8575860261917114,693.6909790039062,1.9882550239562988,900.3187255859375,68.63833618164062,797.0048522949219,68.63833618164062,206.62774658203125,66.65008115768433
85,5147,338,0,car,0.8004297614097595,694.1558227539062,1.7456002235412598,894.4269409179688,53.22518539428711,794.2913818359375,53.22518539428711,200.2711181640625,51.47958517074585
86,5141,339,0,car,0.9272518157958984,1257.4998779296875,395.0988464355469,1910.94482421875,1057.295654296875,1584.2223510742188,1057.295654296875,653.4449462890625,662.1968078613281
86,5142,339,0,car,0.9333733320236206,1237.218017578125,363.4842224121094,1920.0,1006.1731567382812,1578.6090087890625,1006.1731567382812,682.781982421875,642.6889343261719
86,5143,339,0,car,0.9203329086303712,1218.9967041015625,334.5025634765625,1920.0,947.9295654296876,1569.4983520507812,947.9295654296876,701.0032958984375,613.427001953125
86,5144,339,0,car,0.9397104382514954,1204.601318359375,298.9521484375,1908.18701171875,890.8347778320312,1556.3941650390625,890.8347778320312,703.585693359375,591.8826293945312
86,5145,339,0,car,0.9259838461875916,1197.2427978515625,271.85894775390625,1874.19921875,838.0350952148438,1535.7210083007812,838.0350952148438,676.9564208984375,566.1761474609375
86,5146,339,0,car,0.931439995765686,1182.465576171875,243.9898681640625,1836.417236328125,788.640625,1509.44140625,788.640625,653.95166015625,544.6507568359375
86,5147,339,0,car,0.9365912675857544,1167.1781005859375,218.167221069336,1793.123046875,745.1729736328125,1480.1505737304688,745.1729736328125,625.9449462890625,527.0057525634766
86,5148,339,0,car,0.9240238070487976,1152.6727294921875,191.96934509277344,1752.787353515625,698.25830078125,1452.7300415039062,698.25830078125,600.1146240234375,506.28895568847656
86,5149,339,0,car,0.9365512132644652,1143.86083984375,170.57875061035156,1716.3927001953125,654.5084228515625,1430.1267700195312,654.5084228515625,572.5318603515625,483.9296722412109
86,5150,339,0,car,0.9344725012779236,1132.8599853515625,150.438232421875,1678.2926025390625,613.8236083984375,1405.5762939453125,613.8236083984375,545.4326171875,463.3853759765625
86,5151,339,0,car,0.9431886672973632,1124.2208251953125,132.36972045898438,1646.530029296875,578.2646484375,1385.3754272460938,578.2646484375,522.3092041015625,445.8949279785156
86,5152,339,0,car,0.9394814968109132,1114.234130859375,107.97384643554688,1617.74169921875,543.8649291992188,1365.9879150390625,543.8649291992188,503.507568359375,435.8910827636719
86,5153,339,0,car,0.9318295121192932,1102.2874755859375,85.32493591308594,1591.843505859375,511.1466979980469,1347.0654907226562,511.1466979980469,489.5560302734375,425.82176208496094
86,5154,339,0,car,0.934437930583954,1089.2918701171875,65.32320404052734,1562.873291015625,477.6158142089844,1326.0825805664062,477.6158142089844,473.5814208984375,412.292610168457
86,5155,339,0,car,0.939010500907898,1079.76513671875,44.189884185791016,1538.60009765625,449.7493591308594,1309.1826171875,449.7493591308594,458.8349609375,405.5594749450684
86,5156,339,0,car,0.9438579082489014,1071.7384033203125,20.56985282897949,1515.2786865234375,420.2249450683594,1293.508544921875,420.2249450683594,443.540283203125,399.6550922393799
86,5157,339,0,car,0.92951500415802,1066.4677734375,1.827308177947998,1494.6982421875,389.392822265625,1280.5830078125,389.392822265625,428.23046875,387.565514087677
86,5158,339,0,car,0.8891856670379639,1057.847900390625,0.0,1476.737060546875,364.8075256347656,1267.29248046875,364.8075256347656,418.88916015625,364.8075256347656
86,5159,339,0,car,0.902475655078888,1050.521728515625,0.0,1459.0343017578125,340.09307861328125,1254.7780151367188,340.09307861328125,408.5125732421875,340.09307861328125
86,5160,339,0,car,0.9323713183403016,1042.243408203125,0.0,1441.7760009765625,316.82598876953125,1242.0097045898438,316.82598876953125,399.5325927734375,316.82598876953125
86,5161,339,0,car,0.9179984927177428,1037.0076904296875,0.0,1427.05419921875,290.9354858398437,1232.0309448242188,290.9354858398437,390.0465087890625,290.9354858398437
86,5162,339,0,car,0.9224866032600404,1031.1029052734375,0.0,1410.5150146484375,268.0873413085937,1220.8089599609375,268.0873413085937,379.412109375,268.0873413085937
86,5163,339,0,car,0.9275322556495668,1024.814453125,0.0,1394.9359130859375,249.3601837158203,1209.8751831054688,249.3601837158203,370.1214599609375,249.3601837158203
86,5164,339,0,car,0.91990065574646,1017.9244384765624,0.0,1379.030517578125,231.02084350585932,1198.4774780273438,231.02084350585932,361.1060791015625,231.02084350585932
86,5165,339,0,car,0.9205488562583924,1010.8311157226562,2.734170913696289,1363.4439697265625,214.35975646972656,1187.1375427246094,214.35975646972656,352.61285400390625,211.62558555603027
86,5166,339,0,car,0.9271694421768188,1007.8194580078124,2.430171728134156,1347.2044677734375,194.2018280029297,1177.511962890625,194.2018280029297,339.385009765625,191.7716562747956
86,5167,339,0,car,0.9242867827415466,998.6250610351562,1.5876269340515137,1333.49853515625,172.11668395996094,1166.0617980957031,172.11668395996094,334.8734741210937,170.52905702590942
86,5168,339,0,car,0.9072398543357848,993.1758422851562,2.2480127811431885,1318.4610595703125,153.29202270507812,1155.8184509277344,153.29202270507812,325.28521728515625,151.04400992393494
86,5169,339,0,car,0.8980890512466431,988.94580078125,2.65639591217041,1305.6295166015625,137.47975158691406,1147.2876586914062,137.47975158691406,316.6837158203125,134.82335567474365
86,5170,339,0,car,0.8982563018798828,986.2326049804688,1.8413466215133667,1291.9412841796875,120.31200408935548,1139.086944580078,120.31200408935548,305.70867919921875,118.4706574678421
86,5171,339,0,car,0.8921663165092468,989.5330200195312,1.3410309553146362,1279.3211669921875,104.21224212646484,1134.4270935058594,104.21224212646484,289.78814697265625,102.8712111711502
86,5172,339,0,car,0.8690046668052673,997.60107421875,2.415702104568481,1268.552978515625,88.47091674804688,1133.0770263671875,88.47091674804688,270.951904296875,86.0552146434784
86,5173,339,0,car,0.868602454662323,1001.461181640625,2.1228573322296143,1257.735107421875,72.73401641845703,1129.59814453125,72.73401641845703,256.27392578125,70.61115908622742
86,5174,339,0,car,0.8245278596878052,995.7615966796876,1.5423325300216677,1244.2669677734375,58.25948333740234,1120.0142822265625,58.25948333740234,248.50537109375,56.71715080738068
89,5174,343,0,car,0.9350013732910156,1330.4400634765625,513.2550659179688,1919.538330078125,1048.0263671875,1624.9891967773438,1048.0263671875,589.0982666015625,534.7713012695312
89,5175,343,0,car,0.9308916330337524,1311.161376953125,475.2768859863281,1919.77685546875,994.5169067382812,1615.4691162109375,994.5169067382812,608.615478515625,519.2400207519531
89,5176,343,0,car,0.9324232339859008,1289.9532470703125,437.8458862304688,1899.191162109375,933.0968017578124,1594.5722045898438,933.0968017578124,609.2379150390625,495.25091552734375
89,5177,343,0,car,0.9443532824516296,1271.1141357421875,398.7264709472656,1861.48095703125,879.3262939453125,1566.2975463867188,879.3262939453125,590.3668212890625,480.5998229980469
89,5178,343,0,car,0.9285194873809814,1254.398681640625,366.31842041015625,1820.703857421875,825.71826171875,1537.55126953125,825.71826171875,566.30517578125,459.39984130859375
89,5179,343,0,car,0.9330899119377136,1238.0865478515625,331.7033386230469,1779.1619873046875,776.5690307617188,1508.624267578125,776.5690307617188,541.075439453125,444.8656921386719
89,5180,343,0,car,0.9402140974998474,1225.4239501953125,294.3358764648437,1741.5936279296875,726.6895751953125,1483.5087890625,726.6895751953125,516.169677734375,432.3536987304688
89,5181,343,0,car,0.9245644807815552,1212.6263427734375,268.3895263671875,1708.3597412109375,679.3341064453125,1460.4930419921875,679.3341064453125,495.7333984375,410.944580078125
89,5182,343,0,car,0.926396369934082,1197.8619384765625,233.3710327148437,1671.9195556640625,636.6650390625,1434.8907470703125,636.6650390625,474.0576171875,403.29400634765625
89,5183,343,0,car,0.9386869668960572,1182.9432373046875,208.3123321533203,1640.703369140625,593.6447143554688,1411.8233032226562,593.6447143554688,457.7601318359375,385.3323822021485
89,5184,343,0,car,0.9460866451263428,1170.401611328125,185.360107421875,1612.97509765625,553.81689453125,1391.6883544921875,553.81689453125,442.573486328125,368.456787109375
89,5185,343,0,car,0.9093643426895142,1161.8599853515625,164.51815795898438,1584.365234375,519.9330444335938,1373.1126098632812,519.9330444335938,422.5052490234375,355.4148864746094
89,5186,343,0,car,0.9150130152702332,1148.4769287109375,141.58419799804688,1556.830810546875,486.802978515625,1352.6538696289062,486.802978515625,408.3538818359375,345.2187805175781
89,5187,343,0,car,0.9175207614898682,1136.9583740234375,117.239013671875,1536.5889892578125,455.1428833007813,1336.773681640625,455.1428833007813,399.630615234375,337.90386962890625
89,5188,343,0,car,0.9350454807281494,1127.60498046875,95.58165740966795,1515.0101318359375,422.7649230957031,1321.3075561523438,422.7649230957031,387.4051513671875,327.1832656860352
89,5189,343,0,car,0.9102715849876404,1119.396240234375,73.92922973632812,1493.0057373046875,393.8577270507813,1306.2009887695312,393.8577270507813,373.6094970703125,319.9284973144531
89,5190,343,0,car,0.9244009852409364,1111.216796875,54.33899688720703,1473.731201171875,363.7286987304688,1292.4739990234375,363.7286987304688,362.514404296875,309.3897018432617
89,5191,343,0,car,0.9225966930389404,1100.272705078125,29.85171890258789,1454.2744140625,337.0379333496094,1277.2735595703125,337.0379333496094,354.001708984375,307.1862144470215
89,5192,343,0,car,0.9364213943481444,1090.8134765625,11.734442710876465,1437.782470703125,309.6420593261719,1264.2979736328125,309.6420593261719,346.968994140625,297.9076166152954
89,5193,343,0,car,0.9315030574798584,1083.3330078125,0.0,1420.537353515625,282.1702575683594,1251.9351806640625,282.1702575683594,337.204345703125,282.1702575683594
89,5194,343,0,car,0.9229382872581482,1075.413818359375,0.0,1403.3096923828125,259.8228454589844,1239.3617553710938,259.8228454589844,327.8958740234375,259.8228454589844
89,5195,343,0,car,0.9234853982925416,1068.0570068359375,0.0,1387.53515625,243.29147338867188,1227.7960815429688,243.29147338867188,319.4781494140625,243.29147338867188
89,5196,343,0,car,0.9234178066253662,1060.843505859375,0.0,1370.352783203125,220.7772216796875,1215.59814453125,220.7772216796875,309.50927734375,220.7772216796875
89,5197,343,0,car,0.9142493605613708,1052.4600830078125,0.0,1355.2371826171875,199.9784698486328,1203.8486328125,199.9784698486328,302.777099609375,199.9784698486328
89,5198,343,0,car,0.9281442761421204,1046.3623046875,0.0,1340.960693359375,177.6378936767578,1193.6614990234375,177.6378936767578,294.598388671875,177.6378936767578
89,5199,343,0,car,0.9170299172401428,1039.67041015625,0.0,1327.8211669921875,158.36888122558594,1183.7457885742188,158.36888122558594,288.1507568359375,158.36888122558594
89,5200,343,0,car,0.89622962474823,1031.5040283203125,0.0,1314.26171875,142.2645263671875,1172.8828735351562,142.2645263671875,282.7576904296875,142.2645263671875
89,5201,343,0,car,0.900233805179596,1023.8153076171876,0.4389803409576416,1302.2635498046875,123.1875,1163.0394287109375,123.1875,278.4482421875,122.74851965904236
89,5202,343,0,car,0.8848735094070435,1014.9022827148438,0.3425634801387787,1289.90478515625,105.42800903320312,1152.4035339355469,105.42800903320312,275.00250244140625,105.08544555306436
89,5203,343,0,car,0.8686819672584534,1024.7491455078125,1.965811014175415,1278.2646484375,88.76819610595703,1151.5068969726562,88.76819610595703,253.5155029296875,86.80238509178162
89,5204,343,0,car,0.8668810725212097,1035.9423828125,1.7528316974639893,1268.8558349609375,71.41239929199219,1152.3991088867188,71.41239929199219,232.9134521484375,69.6595675945282
89,5205,343,0,car,0.850221574306488,1038.2030029296875,0.7589451670646667,1257.257568359375,55.962181091308594,1147.7302856445312,55.962181091308594,219.0545654296875,55.20323592424393
87,5162,344,0,car,0.9441338181495668,648.21728515625,432.1015319824219,1108.90966796875,1010.4639282226562,878.5634765625,1010.4639282226562,460.6923828125,578.3623962402344
87,5163,344,0,car,0.94577157497406,649.4456787109375,393.8346557617188,1091.1019287109375,946.9613037109376,870.2738037109375,946.9613037109376,441.65625,553.1266479492188
87,5164,344,0,car,0.9492268562316896,648.4465942382812,359.7870483398437,1074.484619140625,884.6641235351562,861.4656066894531,884.6641235351562,426.03802490234375,524.8770751953125
87,5165,344,0,car,0.9472509622573853,649.57958984375,325.9920654296875,1060.6470947265625,822.2294921875,855.1133422851562,822.2294921875,411.0675048828125,496.2374267578125
87,5166,344,0,car,0.9523873925209044,649.3319091796875,292.4751892089844,1046.3001708984375,764.4846801757812,847.8160400390625,764.4846801757812,396.96826171875,472.0094909667969
87,5167,344,0,car,0.9413033127784728,651.14453125,268.1297912597656,1032.76611328125,712.8718872070312,841.955322265625,712.8718872070312,381.62158203125,444.7420959472656
87,5168,344,0,car,0.9443346858024596,651.8419799804688,234.7806396484375,1020.8562622070312,662.14501953125,836.34912109375,662.14501953125,369.0142822265625,427.3643798828125
87,5169,344,0,car,0.9341106414794922,651.0264892578125,204.22755432128903,1010.0634765625,618.0098876953125,830.5449829101562,618.0098876953125,359.0369873046875,413.7823333740234
87,5170,344,0,car,0.9320728182792664,650.8745727539062,178.56333923339844,999.6402587890624,575.1153564453125,825.2574157714844,575.1153564453125,348.76568603515625,396.55201721191406
87,5171,344,0,car,0.9233457446098328,650.2290649414062,152.58700561523438,989.4859619140624,534.4658203125,819.8575134277344,534.4658203125,339.25689697265625,381.8788146972656
87,5172,344,0,car,0.9267776012420654,649.4766845703125,126.1363296508789,978.3181762695312,496.1198120117188,813.8974304199219,496.1198120117188,328.84149169921875,369.98348236083984
87,5173,344,0,car,0.9287698864936828,649.4619140625,103.069091796875,969.3952026367188,460.0848388671875,809.4285583496094,460.0848388671875,319.93328857421875,357.0157470703125
87,5174,344,0,car,0.9323695302009584,648.4724731445312,80.57238006591797,961.7418823242188,425.54302978515625,805.107177734375,425.54302978515625,313.2694091796875,344.9706497192383
87,5175,344,0,car,0.9261679649353028,649.0711669921875,59.94244766235352,951.557861328125,392.4240417480469,800.3145141601562,392.4240417480469,302.4866943359375,332.48159408569336
87,5176,344,0,car,0.9326669573783876,648.4478149414062,37.5517578125,943.2708740234376,362.0006408691406,795.8593444824219,362.0006408691406,294.82305908203125,324.4488830566406
87,5177,344,0,car,0.9352967143058776,646.7608032226562,18.35729217529297,935.5853881835938,334.019287109375,791.173095703125,334.019287109375,288.8245849609375,315.66199493408203
87,5178,344,0,car,0.9428779482841492,645.2809448242188,0.440661758184433,927.9677734375,308.2548522949219,786.6243591308594,308.2548522949219,282.68682861328125,307.81419053673744
87,5179,344,0,car,0.93574857711792,643.8011474609375,0.0,922.5051879882812,281.3079833984375,783.1531677246094,281.3079833984375,278.7040405273437,281.3079833984375
87,5180,344,0,car,0.9322556853294371,643.1746826171875,0.0,916.22412109375,256.6784973144531,779.6994018554688,256.6784973144531,273.0494384765625,256.6784973144531
87,5181,344,0,car,0.9285317063331604,643.8711547851562,0.0,913.908447265625,234.3779296875,778.8898010253906,234.3779296875,270.03729248046875,234.3779296875
87,5182,344,0,car,0.9329789876937866,644.6106567382812,0.0,908.4185180664062,211.7105407714844,776.5145874023438,211.7105407714844,263.807861328125,211.7105407714844
87,5183,344,0,car,0.9309337735176086,645.8975830078125,0.0,901.0123291015624,189.69253540039065,773.4549560546875,189.69253540039065,255.11474609375,189.69253540039065
87,5184,344,0,car,0.9278679490089417,644.794677734375,0.0,894.8281860351562,166.80123901367188,769.8114318847656,166.80123901367188,250.03350830078125,166.80123901367188
87,5185,344,0,car,0.9114291667938232,644.168212890625,0.0,889.6961669921875,146.4791717529297,766.9321899414062,146.4791717529297,245.5279541015625,146.4791717529297
87,5186,344,0,car,0.9143475890159608,643.9364013671875,0.0,884.6951904296875,126.7445831298828,764.3157958984375,126.7445831298828,240.7587890625,126.7445831298828
87,5187,344,0,car,0.8973001837730408,643.8389282226562,0.0,879.6478881835938,108.242919921875,761.743408203125,108.242919921875,235.8089599609375,108.242919921875
87,5188,344,0,car,0.8775634765625,644.2587890625,0.657437264919281,874.7896118164062,92.6945343017578,759.5242004394531,92.6945343017578,230.53082275390625,92.03709703683852
87,5189,344,0,car,0.8737830519676208,645.0036010742188,1.8146159648895264,869.5538940429688,74.4154052734375,757.2787475585938,74.4154052734375,224.55029296875,72.60078930854797
87,5190,344,0,car,0.8507380485534668,647.1537475585938,0.5966715812683105,865.0968627929688,57.636817932128906,756.1253051757812,57.636817932128906,217.943115234375,57.0401463508606
88,5170,345,0,car,0.9443569183349608,0.0,495.8432922363281,434.33978271484375,1059.400390625,217.16989135742188,1059.400390625,434.33978271484375,563.5570983886719
88,5171,345,0,car,0.9451435208320618,0.0030950689688324,461.5066833496094,439.7239379882813,1010.102783203125,219.86351652862504,1010.102783203125,439.7208429193124,548.5960998535156
88,5172,345,0,car,0.9422429203987122,0.1484671086072921,427.1288757324219,445.9456481933594,955.5704956054688,223.04705765098333,955.5704956054688,445.7971810847521,528.4416198730469
88,5173,345,0,car,0.946863889694214,0.3423890471458435,394.9187316894531,451.88427734375,901.2952880859376,226.11333319544792,901.2952880859376,451.54188829660416,506.3765563964844
88,5174,345,0,car,0.9423437118530272,0.9248944520950316,363.86517333984375,456.8667602539063,850.781005859375,228.89582735300064,850.781005859375,455.9418658018112,486.9158325195313
88,5175,345,0,car,0.9407405853271484,3.516225814819336,323.3561096191406,460.9768676757813,799.2689208984375,232.2465467453003,799.2689208984375,457.4606418609619,475.9128112792969
88,5176,345,0,car,0.9430835843086244,13.907073974609377,299.3555603027344,463.6186828613281,754.557373046875,238.76287841796875,754.557373046875,449.7116088867188,455.2018127441406
88,5177,345,0,car,0.950348973274231,30.990732192993164,277.4974365234375,467.8982238769531,710.6973266601562,249.4444780349732,710.6973266601562,436.90749168396,433.1998901367188
88,5178,345,0,car,0.9432681202888488,48.130802154541016,253.746322631836,471.9891357421875,669.2705688476562,260.05996894836426,669.2705688476562,423.8583335876465,415.5242462158203
88,5179,345,0,car,0.9397369623184204,65.26570129394531,228.9133453369141,475.2473449707031,629.3616333007812,270.2565231323242,629.3616333007812,409.9816436767578,400.4482879638672
88,5180,345,0,car,0.9455018639564514,80.760498046875,205.8510284423828,478.521240234375,586.4734497070312,279.640869140625,586.4734497070312,397.7607421875,380.6224212646485
88,5181,345,0,car,0.9417891502380372,94.90650939941406,182.085678100586,482.76751708984375,554.7474975585938,288.8370132446289,554.7474975585938,387.8610076904297,372.6618194580078
88,5182,345,0,car,0.943325936794281,111.8873291015625,161.94204711914062,486.7845153808594,517.63037109375,299.33592224121094,517.63037109375,374.8971862792969,355.6883239746094
88,5183,345,0,car,0.9370908737182616,124.58141326904295,140.25572204589844,489.306884765625,488.0870971679688,306.944149017334,488.0870971679688,364.725471496582,347.8313751220703
88,5184,345,0,car,0.932091474533081,137.0752716064453,118.71624755859376,492.64935302734375,456.5516662597656,314.86231231689453,456.5516662597656,355.57408142089844,337.8354187011719
88,5185,345,0,car,0.9283406734466552,148.4644012451172,97.7862777709961,495.0742492675781,427.6753234863281,321.76932525634766,427.6753234863281,346.60984802246094,329.88904571533203
88,5186,345,0,car,0.9285372495651244,160.9187774658203,77.52185821533203,499.2127075195313,399.8239440917969,330.0657424926758,399.8239440917969,338.29393005371094,322.30208587646484
88,5187,345,0,car,0.9366752505302428,170.21954345703125,57.21323013305664,502.6156921386719,371.9282531738281,336.4176177978516,371.9282531738281,332.3961486816406,314.7150230407715
88,5188,345,0,car,0.9352415800094604,182.3826446533203,38.28832626342773,506.4074401855469,348.1310729980469,344.3950424194336,348.1310729980469,324.02479553222656,309.84274673461914
88,5189,345,0,car,0.9382261633872986,189.74673461914065,23.381471633911133,508.4848327636719,320.4750671386719,349.11578369140625,320.4750671386719,318.73809814453125,297.09359550476074
88,5190,345,0,car,0.9425508379936218,200.4103240966797,8.927760124206543,510.2554931640625,296.15301513671875,355.3329086303711,296.15301513671875,309.8451690673828,287.2252550125122
88,5191,345,0,car,0.9324653148651124,210.387939453125,0.0,512.2880249023438,274.891845703125,361.3379821777344,274.891845703125,301.90008544921875,274.891845703125
88,5192,345,0,car,0.9327276349067688,217.9550628662109,0.0,513.6920166015625,254.88949584960932,365.8235397338867,254.88949584960932,295.7369537353516,254.88949584960932
88,5193,345,0,car,0.9254269003868104,225.94322204589844,0.0,517.3109741210938,232.296615600586,371.6270980834961,232.296615600586,291.3677520751953,232.296615600586
88,5194,345,0,car,0.9193370938301086,234.45079040527344,0.0,517.4222412109375,213.2211456298828,375.9365158081055,213.2211456298828,282.97145080566406,213.2211456298828
88,5195,345,0,car,0.9222089648246764,241.69580078125,0.0,516.6393432617188,194.7359313964844,379.1675720214844,194.7359313964844,274.94354248046875,194.7359313964844
88,5196,345,0,car,0.9250933527946472,247.46885681152344,0.0,516.0838623046875,176.0103759765625,381.7763595581055,176.0103759765625,268.61500549316406,176.0103759765625
88,5197,345,0,car,0.9176577925682068,254.906982421875,0.0,518.49169921875,158.72776794433594,386.6993408203125,158.72776794433594,263.584716796875,158.72776794433594
88,5198,345,0,car,0.8973867297172546,260.9176940917969,0.0,521.5496826171875,141.4927520751953,391.2336883544922,141.4927520751953,260.6319885253906,141.4927520751953
88,5199,345,0,car,0.8991283178329468,267.1937561035156,0.9776942133903505,522.4649047851562,120.7087860107422,394.829330444336,120.7087860107422,255.27114868164065,119.73109179735184
88,5200,345,0,car,0.8940669298171997,274.1134338378906,0.1080283522605896,519.8775634765625,105.85244750976562,396.99549865722656,105.85244750976562,245.76412963867188,105.74441915750504
88,5201,345,0,car,0.8775319457054138,279.6939697265625,4.76790189743042,519.0650634765625,90.976806640625,399.3795166015625,90.976806640625,239.37109375,86.20890474319458
88,5202,345,0,car,0.871320366859436,284.8774108886719,2.850640058517456,520.649658203125,76.5704116821289,402.7635345458984,76.5704116821289,235.77224731445312,73.71977162361145
88,5203,345,0,car,0.8450411558151245,293.3668212890625,2.45444917678833,521.5126953125,61.162635803222656,407.4397583007813,61.162635803222656,228.1458740234375,58.708186626434326
90,5222,349,0,car,0.9416067600250244,655.9656372070312,460.7791748046875,1119.580322265625,1021.4227294921876,887.7729797363281,1021.4227294921876,463.61468505859375,560.6435546875
90,5223,349,0,car,0.9394891858100892,654.4559326171875,420.0986633300781,1099.7655029296875,962.4291381835938,877.1107177734375,962.4291381835938,445.3095703125,542.3304748535156
90,5224,349,0,car,0.9427667856216432,652.0703125,382.5104370117188,1083.4517822265625,897.2382202148438,867.7610473632812,897.2382202148438,431.3814697265625,514.727783203125
90,5225,349,0,car,0.9398930072784424,654.4609375,348.555419921875,1070.09130859375,837.9127807617188,862.276123046875,837.9127807617188,415.63037109375,489.35736083984375
90,5226,349,0,car,0.947002410888672,655.2936401367188,312.7442932128906,1058.282958984375,782.8007202148438,856.7882995605469,782.8007202148438,402.98931884765625,470.0564270019531
90,5227,349,0,car,0.9488856196403505,657.6539306640625,280.72039794921875,1043.92041015625,729.2810668945312,850.7871704101562,729.2810668945312,386.2664794921875,448.5606689453125
90,5228,349,0,car,0.9534785747528076,656.7257690429688,255.1968536376953,1031.71044921875,678.3612060546875,844.2181091308594,678.3612060546875,374.9846801757813,423.1643524169922
90,5229,349,0,car,0.9414690732955932,656.0374755859375,224.970932006836,1021.7149047851562,631.1193237304688,838.8761901855469,631.1193237304688,365.6774291992188,406.1483917236328
90,5230,349,0,car,0.92979896068573,656.83154296875,195.7826538085937,1012.9131469726562,584.1473999023438,834.8723449707031,584.1473999023438,356.08160400390625,388.36474609375
90,5231,349,0,car,0.93559068441391,657.6229248046875,166.79786682128906,1003.429931640625,544.9976806640625,830.5264282226562,544.9976806640625,345.8070068359375,378.19981384277344
90,5232,349,0,car,0.928682506084442,658.2367553710938,140.86582946777344,993.0726928710938,506.9695434570313,825.6547241210938,506.9695434570313,334.8359375,366.1037139892578
90,5233,349,0,car,0.9296717643737792,657.5980834960938,116.84384155273438,983.3011474609376,468.0816345214844,820.4496154785156,468.0816345214844,325.7030639648437,351.23779296875
90,5234,349,0,car,0.9273335337638856,659.7410278320312,92.26133728027344,974.8748779296876,432.2620849609375,817.3079528808594,432.2620849609375,315.13385009765625,340.00074768066406
90,5235,349,0,car,0.9270157217979432,662.2344360351562,69.02291107177734,967.2635498046876,397.7428283691406,814.7489929199219,397.7428283691406,305.02911376953125,328.7199172973633
90,5236,349,0,car,0.9307475686073304,662.2881469726562,47.69346618652344,960.3458251953124,364.3961181640625,811.3169860839844,364.3961181640625,298.05767822265625,316.70265197753906
90,5237,349,0,car,0.933375120162964,660.1747436523438,26.303550720214844,951.5342407226562,334.6668395996094,805.8544921875,334.6668395996094,291.3594970703125,308.36328887939453
90,5238,349,0,car,0.9306068420410156,658.5936889648438,10.3699312210083,943.7326049804688,305.6377868652344,801.1631469726562,305.6377868652344,285.138916015625,295.2678556442261
90,5239,349,0,car,0.9324771165847778,656.3656005859375,0.0,937.2483520507812,276.44189453125,796.8069763183594,276.44189453125,280.8827514648437,276.44189453125
90,5240,349,0,car,0.9287372827529908,655.552734375,0.0,931.192626953125,252.3138427734375,793.3726806640625,252.3138427734375,275.639892578125,252.3138427734375
90,5241,349,0,car,0.9261562824249268,656.5420532226562,0.0,925.7701416015624,230.99696350097656,791.1560974121094,230.99696350097656,269.22808837890625,230.99696350097656
90,5242,349,0,car,0.9265432953834534,658.453857421875,0.0,920.0776977539062,207.9543914794922,789.2657775878906,207.9543914794922,261.62384033203125,207.9543914794922
90,5243,349,0,car,0.91874361038208,663.6558837890625,0.0,914.9598999023438,184.58192443847656,789.3078918457031,184.58192443847656,251.30401611328125,184.58192443847656
90,5244,349,0,car,0.911568522453308,662.8386840820312,0.0,908.6336059570312,161.136962890625,785.7361450195312,161.136962890625,245.794921875,161.136962890625
90,5245,349,0,car,0.8938753604888916,666.0556030273438,0.0,904.0280151367188,142.27696228027344,785.0418090820312,142.27696228027344,237.972412109375,142.27696228027344
90,5246,349,0,car,0.9029958844184875,667.9020385742188,0.0238112937659025,899.7154541015625,121.24696350097656,783.8087463378906,121.24696350097656,231.8134155273437,121.22315220721066
90,5247,349,0,car,0.8899651169776917,666.3142700195312,0.0101387612521648,894.9198608398438,103.46466827392578,780.6170654296875,103.46466827392578,228.6055908203125,103.45452951267362
90,5248,349,0,car,0.8225194811820984,659.6622924804688,1.8566040992736816,889.5789794921875,87.33263397216797,774.6206359863281,87.33263397216797,229.91668701171875,85.47602987289429
90,5249,349,0,car,0.8270717859268188,666.7199096679688,1.7378554344177246,884.083984375,66.84233093261719,775.4019470214844,66.84233093261719,217.36407470703125,65.10447549819946
90,5250,349,0,car,0.7432740926742554,672.0135498046875,1.3255788087844849,882.3038330078125,52.71403503417969,777.15869140625,52.71403503417969,210.290283203125,51.3884562253952
91,5271,350,0,car,0.938869059085846,632.0930786132812,400.094482421875,1071.470703125,1002.7874755859376,851.7818908691406,1002.7874755859376,439.3776245117188,602.6929931640625
91,5272,350,0,car,0.9414833188056946,632.0328369140625,361.859619140625,1057.9124755859375,940.4122924804688,844.97265625,940.4122924804688,425.879638671875,578.5526733398438
91,5273,350,0,car,0.9394006133079528,633.4448852539062,325.7279357910156,1042.180908203125,872.3764038085938,837.8128967285156,872.3764038085938,408.7360229492188,546.6484680175781
91,5274,350,0,car,0.943215310573578,632.9384155273438,291.6116027832031,1028.200439453125,808.713623046875,830.5694274902344,808.713623046875,395.2620239257813,517.1020202636719
91,5275,350,0,car,0.9295144081115724,633.1505126953125,268.3978576660156,1016.876708984375,752.0189819335938,825.0136108398438,752.0189819335938,383.7261962890625,483.6211242675781
91,5276,350,0,car,0.930492341518402,634.3711547851562,238.5705108642578,1004.6312255859376,694.5372314453125,819.5011901855469,694.5372314453125,370.2600708007813,455.9667205810547
91,5277,350,0,car,0.922464907169342,634.9960327148438,210.8560028076172,993.5552368164062,645.809814453125,814.275634765625,645.809814453125,358.5592041015625,434.9538116455078
91,5278,350,0,car,0.9355787634849548,630.46337890625,182.3114624023437,980.2689819335938,599.1021728515625,805.3661804199219,599.1021728515625,349.8056030273437,416.7907104492188
91,5279,350,0,car,0.937980055809021,631.7058715820312,159.56005859375,972.8035278320312,554.3892822265625,802.2546997070312,554.3892822265625,341.09765625,394.8292236328125
91,5280,350,0,car,0.9395796060562134,632.0923461914062,136.48867797851562,964.5786743164062,511.8863830566406,798.3355102539062,511.8863830566406,332.486328125,375.397705078125
91,5281,350,0,car,0.934563159942627,634.6656494140625,113.90589904785156,956.3566284179688,473.2047729492188,795.5111389160156,473.2047729492188,321.69097900390625,359.2988739013672
91,5282,350,0,car,0.9304714798927308,637.9006958007812,89.99686431884766,946.8975219726562,433.4261474609375,792.3991088867188,433.4261474609375,308.996826171875,343.42928314208984
91,5283,350,0,car,0.9384412169456482,640.696044921875,67.01238250732422,937.5460205078124,400.16021728515625,789.1210327148438,400.16021728515625,296.8499755859375,333.14783477783203
91,5284,350,0,car,0.9330893754959106,642.4116821289062,46.49681854248047,930.47119140625,367.2852478027344,786.4414367675781,367.2852478027344,288.0595092773437,320.7884292602539
91,5285,350,0,car,0.93720942735672,641.2039184570312,24.55143928527832,923.3753051757812,331.0545959472656,782.2896118164062,331.0545959472656,282.17138671875,306.5031566619873
91,5286,350,0,car,0.936169981956482,640.1770629882812,6.46718168258667,919.2312622070312,298.4314270019531,779.7041625976562,298.4314270019531,279.05419921875,291.96424531936646
91,5287,350,0,car,0.935214340686798,640.91357421875,0.0,912.611328125,276.1102600097656,776.762451171875,276.1102600097656,271.69775390625,276.1102600097656
91,5288,350,0,car,0.9186276197433472,641.6775512695312,0.0,906.7512817382812,254.1330108642578,774.2144165039062,254.1330108642578,265.07373046875,254.1330108642578
91,5289,350,0,car,0.923516809940338,642.2908325195312,0.0,900.3118286132812,229.6108856201172,771.3013305664062,229.6108856201172,258.02099609375,229.6108856201172
91,5290,350,0,car,0.9200172424316406,642.3235473632812,0.0,895.4863891601562,203.99783325195312,768.9049682617188,203.99783325195312,253.162841796875,203.99783325195312
91,5291,350,0,car,0.9248608350753784,643.0850830078125,0.0,890.5444946289062,179.4641876220703,766.8147888183594,179.4641876220703,247.4594116210937,179.4641876220703
91,5292,350,0,car,0.9139330983161926,643.024169921875,0.0,885.6837158203125,157.22898864746094,764.3539428710938,157.22898864746094,242.6595458984375,157.22898864746094
91,5293,350,0,car,0.908780872821808,643.40625,0.0,881.6581420898438,136.72486877441406,762.5321960449219,136.72486877441406,238.2518920898437,136.72486877441406
91,5294,350,0,car,0.8904930949211121,643.751708984375,0.0,878.314453125,114.838134765625,761.0330810546875,114.838134765625,234.562744140625,114.838134765625
91,5295,350,0,car,0.8739917874336243,643.6030883789062,2.7555363178253174,873.8644409179688,97.83358764648438,758.7337646484375,97.83358764648438,230.2613525390625,95.07805132865906
91,5296,350,0,car,0.86726313829422,644.0387573242188,2.4791595935821533,870.237060546875,86.57402801513672,757.1379089355469,86.57402801513672,226.19830322265625,84.09486842155457
91,5297,350,0,car,0.83999103307724,644.5515747070312,1.9590487480163568,866.6392822265625,63.10048294067383,755.5954284667969,63.10048294067383,222.08770751953125,61.14143419265747
92,5301,352,0,car,0.9487642049789428,0.2837919592857361,456.93841552734375,378.5440979003906,1008.3614501953124,189.41394492983812,1008.3614501953124,378.2603059411049,551.4230346679688
92,5302,352,0,car,0.9557347297668456,0.2497086077928543,412.7071533203125,384.8693237304688,947.3968505859376,192.5595161691308,947.3968505859376,384.6196151226759,534.689697265625
92,5303,352,0,car,0.943845272064209,0.4924834668636322,369.5850830078125,391.1762390136719,882.6099243164062,195.83436124026773,882.6099243164062,390.6837555468082,513.0248413085938
92,5304,352,0,car,0.9412845969200134,0.4991320967674255,329.20281982421875,398.5645751953125,819.9920043945312,199.53185364604,819.9920043945312,398.0654430985451,490.7891845703125
92,5305,352,0,car,0.9428985118865968,0.2367697805166244,296.6666259765625,400.5803833007813,761.2363891601562,200.4085765406489,761.2363891601562,400.3436135202646,464.56976318359375
92,5306,352,0,car,0.9408019781112672,1.0475318431854248,262.9737548828125,406.1042785644531,704.3300170898438,203.57590520381927,704.3300170898438,405.0567467212677,441.3562622070313
92,5307,352,0,car,0.938031017780304,5.805032253265381,227.8770904541016,410.1854553222656,653.5189208984375,207.9952437877655,653.5189208984375,404.3804230690002,425.641830444336
92,5308,352,0,car,0.940755307674408,20.68453598022461,197.47573852539065,412.2105102539063,605.0415649414062,216.44752311706543,605.0415649414062,391.5259742736816,407.5658264160156
92,5309,352,0,car,0.9195373058319092,38.95732879638672,167.6348419189453,418.9780578613281,561.8075561523438,228.96769332885745,561.8075561523438,380.0207290649414,394.1727142333984
92,5310,352,0,car,0.9311129450798036,59.27682495117188,141.08193969726562,422.3979797363281,518.1087036132812,240.83740234375,518.1087036132812,363.12115478515625,377.0267639160156
92,5311,352,0,car,0.9314905405044556,73.47628784179688,115.66292572021484,425.3857421875,475.28997802734375,249.43101501464844,475.28997802734375,351.9094543457031,359.6270523071289
92,5312,352,0,car,0.9246870279312134,85.76660919189453,89.69398498535156,428.1171875,438.2410278320313,256.94189834594727,438.2410278320313,342.35057830810547,348.5470428466797
92,5313,352,0,car,0.9246301651000975,98.94425964355467,64.33836364746094,429.63873291015625,403.2152404785156,264.29149627685547,403.2152404785156,330.6944732666016,338.8768768310547
92,5314,352,0,car,0.9289429187774658,112.05012512207033,41.01411437988281,431.77239990234375,368.3924560546875,271.91126251220703,368.3924560546875,319.72227478027344,327.3783416748047
92,5315,352,0,car,0.9272268414497375,123.33716583251952,20.473068237304688,432.3609924316406,337.11883544921875,277.8490791320801,337.11883544921875,309.0238265991211,316.64576721191406
92,5316,352,0,car,0.9296849966049194,132.54861450195312,0.8751637935638428,433.7036437988281,307.0498046875,283.1261291503906,307.0498046875,301.155029296875,306.17464089393616
92,5317,352,0,car,0.9229273796081544,143.1768798828125,0.0,436.7790832519531,278.3177185058594,289.9779815673828,278.3177185058594,293.6022033691406,278.3177185058594
92,5318,352,0,car,0.9187861680984496,153.91265869140625,0.0,438.5856018066406,251.17726135253903,296.24913024902344,251.17726135253903,284.6729431152344,251.17726135253903
92,5319,352,0,car,0.92278254032135,163.8539581298828,0.0,440.2049255371094,225.22735595703125,302.0294418334961,225.22735595703125,276.35096740722656,225.22735595703125
92,5320,352,0,car,0.9200149774551392,170.13536071777344,0.0,442.4071960449219,197.46499633789065,306.27127838134766,197.46499633789065,272.27183532714844,197.46499633789065
92,5321,352,0,car,0.9136409163475036,179.12306213378906,0.0,443.4871215820313,173.9029083251953,311.30509185791016,173.9029083251953,264.3640594482422,173.9029083251953
92,5322,352,0,car,0.9107245206832886,191.75320434570312,0.0,446.1344909667969,150.18569946289062,318.94384765625,150.18569946289062,254.3812866210937,150.18569946289062
92,5323,352,0,car,0.9035434722900392,195.89100646972656,0.0,448.3807067871094,128.901123046875,322.135856628418,128.901123046875,252.4897003173828,128.901123046875
92,5324,352,0,car,0.8951882719993591,203.1895751953125,0.0,448.9010620117188,105.85411071777344,326.0453186035156,105.85411071777344,245.71148681640625,105.85411071777344
92,5325,352,0,car,0.8739162087440491,210.43624877929688,1.8936774730682373,449.4822387695313,87.0959701538086,329.95924377441406,87.0959701538086,239.0459899902344,85.20229268074036
92,5326,352,0,car,0.8652269244194031,217.4098358154297,2.46521258354187,448.34417724609375,66.27672576904297,332.8770065307617,66.27672576904297,230.9343414306641,63.8115131855011
94,5361,362,0,car,0.9504201412200928,0.5250537991523743,414.8848571777344,471.49420166015625,1026.7347412109375,236.0096277296543,1026.7347412109375,470.9691478610039,611.8498840332031
94,5362,362,0,car,0.9460822939872742,0.9558834433555604,370.50634765625,477.5496826171875,964.0433349609376,239.2527830302716,964.0433349609376,476.593799173832,593.5369873046875
94,5363,362,0,car,0.9425879716873168,1.5948272943496704,331.5635986328125,482.3966369628906,898.0481567382812,241.9957321286201,898.0481567382812,480.80180966854095,566.4845581054688
94,5364,362,0,car,0.9370631575584412,1.5423401594161987,302.04736328125,486.5119934082031,825.2078857421875,244.0271667838097,825.2078857421875,484.9696532487869,523.1605224609375
94,5365,362,0,car,0.9449872970581056,4.250282764434815,266.6313171386719,492.3463439941406,761.5198974609375,248.2983133792877,761.5198974609375,488.0960612297058,494.8885803222656
94,5366,362,0,car,0.935929000377655,22.648332595825195,230.81005859375,496.825927734375,703.99560546875,259.7371301651001,703.99560546875,474.1775951385498,473.185546875
94,5367,362,0,car,0.9314728379249572,43.87231063842773,202.3319396972656,499.7747192382813,652.5673828125,271.8235149383545,652.5673828125,455.9024085998535,450.2354431152344
94,5368,362,0,car,0.9427511096000672,64.82317352294922,174.37086486816406,503.26953125,601.6777954101562,284.0463523864746,601.6777954101562,438.4463577270508,427.3069305419922
94,5369,362,0,car,0.9206783771514891,86.0182876586914,147.0363311767578,508.3137817382813,553.9906616210938,297.1660346984863,553.9906616210938,422.2954940795898,406.954330444336
94,5370,362,0,car,0.8896489143371582,105.823486328125,120.93312072753906,513.0946044921875,512.6414794921875,309.45904541015625,512.6414794921875,407.2711181640625,391.7083587646485
94,5371,362,0,car,0.7825865149497986,122.47435760498048,92.7494888305664,516.076416015625,473.719482421875,319.27538681030273,473.719482421875,393.6020584106445,380.9699935913086
94,5372,362,0,car,0.9322081208229064,138.5529327392578,65.37500762939453,519.0761108398438,437.4868774414063,328.8145217895508,437.4868774414063,380.52317810058594,372.1118698120117
94,5373,362,0,car,0.9302377700805664,152.09457397460938,40.34846496582031,522.1442260742188,403.2667541503906,337.11940002441406,403.2667541503906,370.0496520996094,362.9182891845703
94,5374,362,0,car,0.926113486289978,166.4117431640625,20.05779457092285,525.6964721679688,367.4954223632813,346.0541076660156,367.4954223632813,359.28472900390625,347.4376277923584
94,5375,362,0,car,0.921571969985962,177.69078063964844,1.9511480331420896,529.7264404296875,337.8153991699219,353.708610534668,337.8153991699219,352.03565979003906,335.8642511367798
94,5376,362,0,car,0.9169261455535888,194.6126251220703,0.0,535.6682739257812,292.3907775878906,365.1404495239258,292.3907775878906,341.05564880371094,292.3907775878906
94,5377,362,0,car,0.917011022567749,203.9150848388672,0.0,538.6795043945312,273.36865234375,371.2972946166992,273.36865234375,334.76441955566406,273.36865234375
94,5378,362,0,car,0.9249330163002014,218.85723876953125,0.0,539.9421997070312,242.4408416748047,379.3997192382813,242.4408416748047,321.0849609375,242.4408416748047
94,5379,362,0,car,0.9223837852478028,229.4857788085937,0.0,541.7089233398438,215.905990600586,385.5973510742188,215.905990600586,312.22314453125,215.905990600586
94,5380,362,0,car,0.915437638759613,239.9929351806641,0.0,544.410888671875,192.1330108642578,392.20191192626953,192.1330108642578,304.41795349121094,192.1330108642578
94,5381,362,0,car,0.928061306476593,247.6531982421875,0.0,547.6310424804688,169.25112915039062,397.6421203613281,169.25112915039062,299.97784423828125,169.25112915039062
94,5382,362,0,car,0.9075806140899658,254.58058166503903,0.8085078597068787,548.841552734375,154.7772216796875,401.71106719970703,154.7772216796875,294.26097106933594,153.96871381998062
94,5383,362,0,car,0.9060181975364684,261.6859130859375,2.413454532623291,547.7637329101562,134.0338134765625,404.7248229980469,134.0338134765625,286.07781982421875,131.6203589439392
94,5384,362,0,car,0.8973128199577332,270.1342163085937,2.7553439140319824,549.2854614257812,112.11001586914062,409.7098388671875,112.11001586914062,279.1512451171875,109.35467195510864
94,5385,362,0,car,0.886326014995575,279.7527770996094,4.654930591583252,549.2484741210938,92.1457977294922,414.5006256103516,92.1457977294922,269.4956970214844,87.49086713790894
94,5386,362,0,car,0.8679646849632263,289.9604797363281,3.256474733352661,551.6021118164062,70.32063293457031,420.7812957763672,70.32063293457031,261.6416320800781,67.06415820121765
94,5387,362,0,car,0.8117344975471497,300.87188720703125,1.6431061029434204,552.564208984375,51.03837966918945,426.7180480957031,51.03837966918945,251.6923217773437,49.39527356624603
95,5374,363,0,car,0.9507455825805664,566.309326171875,463.3861389160156,1040.8817138671875,1054.54150390625,803.5955200195312,1054.54150390625,474.5723876953125,591.1553649902344
95,5375,363,0,car,0.9452823996543884,568.1879272460938,418.9598083496094,1023.2378540039062,996.0007934570312,795.712890625,996.0007934570312,455.0499267578125,577.0409851074219
95,5376,363,0,car,0.9367859363555908,567.47509765625,362.6708068847656,1001.8594360351562,906.7822875976562,784.6672668457031,906.7822875976562,434.3843383789063,544.1114807128906
95,5377,363,0,car,0.9429471492767334,572.1309814453125,331.6620483398437,992.5316772460938,861.6127319335938,782.3313293457031,861.6127319335938,420.4006958007813,529.95068359375
95,5378,363,0,car,0.938940167427063,570.3865966796875,284.3065185546875,977.656982421875,784.8701171875,774.0217895507812,784.8701171875,407.2703857421875,500.5635986328125
95,5379,363,0,car,0.9478797912597656,565.1551513671875,253.22691345214844,965.8341674804688,728.7525024414062,765.4946594238281,728.7525024414062,400.6790161132813,475.5255889892578
95,5380,363,0,car,0.9404651522636414,567.6271362304688,219.72592163085932,958.3842163085938,674.835205078125,763.0056762695312,674.835205078125,390.757080078125,455.1092834472656
95,5381,363,0,car,0.9525076150894164,569.2319946289062,187.4643096923828,949.0860595703124,631.5142211914062,759.1590270996094,631.5142211914062,379.8540649414063,444.0499114990234
95,5382,363,0,car,0.9546912908554076,581.3980712890625,169.25103759765625,944.0550537109376,602.85498046875,762.7265625,602.85498046875,362.656982421875,433.60394287109375
95,5383,363,0,car,0.9485490322113036,588.5885620117188,143.6135711669922,938.0289306640624,568.2727661132812,763.3087463378906,568.2727661132812,349.4403686523437,424.65919494628906
95,5384,363,0,car,0.949504017829895,592.1146240234375,119.46569061279295,931.7394409179688,530.4098510742188,761.9270324707031,530.4098510742188,339.62481689453125,410.9441604614258
95,5385,363,0,car,0.9387642741203308,592.944580078125,94.28650665283205,926.501708984375,492.85791015625,759.72314453125,492.85791015625,333.55712890625,398.571403503418
95,5386,363,0,car,0.9363296031951904,595.3880004882812,70.17574310302734,919.5015258789062,454.6412963867188,757.4447631835938,454.6412963867188,324.113525390625,384.4655532836914
95,5387,363,0,car,0.9269042611122132,596.2837524414062,46.08686065673828,912.862060546875,418.3811340332031,754.5729064941406,418.3811340332031,316.57830810546875,372.2942733764648
95,5388,363,0,car,0.927352249622345,598.9109497070312,25.2768783569336,905.95263671875,382.9645690917969,752.4317932128906,382.9645690917969,307.04168701171875,357.6876907348633
95,5389,363,0,car,0.9267390370368958,601.3682250976562,3.1519362926483154,899.6881713867188,350.86492919921875,750.5281982421875,350.86492919921875,298.3199462890625,347.71299290657043
95,5390,363,0,car,0.940967857837677,602.4295043945312,0.0,893.7072143554688,321.40338134765625,748.068359375,321.40338134765625,291.2777099609375,321.40338134765625
95,5391,363,0,car,0.9322971105575562,604.1128540039062,0.0,888.0151977539062,290.2051696777344,746.0640258789062,290.2051696777344,283.90234375,290.2051696777344
95,5392,363,0,car,0.9306166172027588,603.9683227539062,0.0,882.4979248046875,266.0093688964844,743.2331237792969,266.0093688964844,278.52960205078125,266.0093688964844
95,5393,363,0,car,0.931357741355896,608.6715087890625,0.0,877.8381958007812,244.0121154785156,743.2548522949219,244.0121154785156,269.16668701171875,244.0121154785156
95,5394,363,0,car,0.929622769355774,612.6270141601562,0.0,874.7341918945312,218.5933074951172,743.6806030273438,218.5933074951172,262.107177734375,218.5933074951172
95,5395,363,0,car,0.9255483746528624,614.4071655273438,0.0,869.9822998046875,193.64212036132807,742.1947326660156,193.64212036132807,255.5751342773437,193.64212036132807
95,5396,363,0,car,0.924399733543396,617.5386962890625,0.0,865.4817504882812,169.7205810546875,741.5102233886719,169.7205810546875,247.94305419921875,169.7205810546875
95,5397,363,0,car,0.9174902439117432,617.9617919921875,0.0,863.9693603515625,148.78030395507812,740.965576171875,148.78030395507812,246.007568359375,148.78030395507812
95,5398,363,0,car,0.9056094884872437,620.1077270507812,0.0,860.1356811523438,128.41676330566406,740.1217041015625,128.41676330566406,240.0279541015625,128.41676330566406
95,5399,363,0,car,0.8974208235740662,621.9950561523438,0.0,857.061767578125,109.32080841064452,739.5284118652344,109.32080841064452,235.06671142578125,109.32080841064452
95,5400,363,0,car,0.8640801906585693,622.0691528320312,1.0680607557296753,855.5755004882812,92.6102523803711,738.8223266601562,92.6102523803711,233.50634765625,91.54219162464142
95,5401,363,0,car,0.8576352000236511,624.7528076171875,1.685950517654419,853.798583984375,74.9907455444336,739.2756958007812,74.9907455444336,229.0457763671875,73.30479502677917
95,5402,363,0,car,0.7923837900161743,628.29052734375,2.125473737716675,848.93798828125,58.90742111206055,738.6142578125,58.90742111206055,220.6474609375,56.78194737434387
96,5377,368,0,car,0.83591628074646,1607.977783203125,443.6148071289063,1919.0281982421875,1021.4924926757812,1763.5029907226562,1021.4924926757812,311.0504150390625,577.877685546875
96,5378,368,0,car,0.7884636521339417,1564.0224609375,396.2611999511719,1898.89697265625,941.7757568359376,1731.459716796875,941.7757568359376,334.87451171875,545.5145568847656
96,5379,368,0,car,0.6594892144203186,1517.682373046875,356.3158874511719,1868.3548583984373,872.3817749023438,1693.0186157226562,872.3817749023438,350.6724853515625,516.0658874511719
98,5426,380,2,others,0.9258412718772888,0.249015599489212,162.06076049804688,435.281494140625,1052.8267822265625,217.7652548700571,1052.8267822265625,435.0324785411358,890.7660217285156
98,5427,380,2,others,0.9194932579994202,12.479604721069336,112.379150390625,445.0457763671875,951.5313110351562,228.7626905441284,951.5313110351562,432.56617164611816,839.1521606445312
98,5428,380,2,others,0.876194953918457,15.77621078491211,79.24461364746094,455.5503234863281,869.7503051757812,235.6632671356201,869.7503051757812,439.774112701416,790.5056915283203
98,5429,380,2,others,0.8081772923469543,16.123838424682617,19.87376976013184,464.20111083984375,806.3463745117188,240.1624746322632,806.3463745117188,448.07727241516113,786.4726047515869
98,5430,380,2,others,0.7909418940544128,13.970629692077637,3.158930778503418,469.9183654785156,746.6919555664062,241.94449758529663,746.6919555664062,455.947735786438,743.5330247879028
98,5431,380,2,others,0.8451422452926636,14.120553016662598,0.0,473.9126281738281,689.5264892578125,244.01659059524536,689.5264892578125,459.7920751571655,689.5264892578125
98,5432,380,2,others,0.824661910533905,12.04293155670166,0.0,476.6522521972656,643.0762329101562,244.34759187698364,643.0762329101562,464.609320640564,643.0762329101562
98,5433,380,2,others,0.8318187594413757,11.456289291381836,0.0,481.3832702636719,604.9725341796875,246.41977977752688,604.9725341796875,469.9269809722901,604.9725341796875
98,5434,380,2,others,0.7599495649337769,10.016070365905762,0.0,485.2104187011719,561.8917846679688,247.6132445335388,561.8917846679688,475.1943483352661,561.8917846679688
98,5435,380,2,others,0.6571025252342224,70.94635009765625,0.0,487.388916015625,522.6782836914062,279.1676330566406,522.6782836914062,416.4425659179688,522.6782836914062
98,5436,380,2,others,0.6501530408859253,84.14105224609375,0.0,487.8427429199219,483.0997009277344,285.9918975830078,483.0997009277344,403.7016906738281,483.0997009277344
98,5437,380,2,others,0.5440071821212769,144.07980346679688,0.0,487.90667724609375,443.9207153320313,315.9932403564453,443.9207153320313,343.8268737792969,443.9207153320313
98,5442,380,0,car,0.6930539608001709,229.44102478027344,0.0,502.056884765625,283.9945068359375,365.7489547729492,283.9945068359375,272.6158599853516,283.9945068359375
98,5443,380,0,car,0.6742927432060242,190.5018920898437,1.8724405765533447,499.4049682617188,268.99688720703125,344.95343017578125,268.99688720703125,308.903076171875,267.1244466304779
98,5444,380,0,car,0.6141685843467712,189.9462127685547,5.394672870635986,500.6336669921875,251.3517608642578,345.2899398803711,251.3517608642578,310.6874542236328,245.95708799362183
98,5445,380,0,car,0.6966975927352905,182.8208923339844,5.724673748016357,503.7081298828125,220.661865234375,343.26451110839844,220.661865234375,320.8872375488281,214.93719148635864
98,5446,380,0,car,0.6051422953605652,184.7071990966797,5.326140880584717,506.3997497558594,186.9123687744141,345.5534744262696,186.9123687744141,321.6925506591797,181.5862278938293
98,5447,380,0,car,0.7046244144439697,194.4276885986328,3.2003214359283447,506.7389831542969,159.50389099121094,350.58333587646484,159.50389099121094,312.31129455566406,156.3035695552826
98,5448,380,0,car,0.7033839821815491,207.4384307861328,5.102931022644043,507.0814514160156,141.08644104003906,357.2599411010742,141.08644104003906,299.6430206298828,135.98351001739502
98,5449,380,0,car,0.829084575176239,223.47900390625,5.092553615570068,506.832275390625,114.93181610107422,365.1556396484375,114.93181610107422,283.353271484375,109.83926248550416
98,5450,380,0,car,0.8625221848487854,237.39227294921875,2.460118293762207,506.4865417480469,104.17130279541016,371.9394073486328,104.17130279541016,269.0942687988281,101.71118450164796
98,5451,380,0,car,0.8287575244903564,247.6797637939453,2.648829460144043,507.7630310058594,77.6622543334961,377.7213973999024,77.6622543334961,260.08326721191406,75.01342487335205
98,5452,380,0,car,0.8263134956359863,263.0204162597656,1.7194864749908447,506.9742126464844,60.74607467651367,384.997314453125,60.74607467651367,243.95379638671875,59.02658820152283
99,5427,383,0,car,0.8391180634498596,651.5934448242188,388.82269287109375,1242.5653076171875,1045.94140625,947.0793762207032,1045.94140625,590.9718627929688,657.1187133789062
99,5428,383,0,car,0.903008759021759,650.9571533203125,337.62646484375,1214.2457275390625,1032.48974609375,932.6014404296876,1032.48974609375,563.28857421875,694.86328125
99,5429,383,0,car,0.9208141565322876,654.9736328125,300.8551025390625,1189.8961181640625,980.850830078125,922.4348754882812,980.850830078125,534.9224853515625,679.9957275390625
99,5430,383,0,car,0.9418079257011414,655.5209350585938,264.9052429199219,1169.4248046875,913.1319580078124,912.4728698730468,913.1319580078124,513.9038696289062,648.2267150878906
99,5431,383,0,car,0.9384710788726808,657.6641235351562,246.13970947265625,1149.8551025390625,844.8546142578125,903.7596130371094,844.8546142578125,492.1909790039063,598.7149047851562
99,5432,383,0,car,0.9426169991493224,658.278076171875,214.5517120361328,1133.4415283203125,780.884033203125,895.8598022460938,780.884033203125,475.1634521484375,566.3323211669922
99,5433,383,0,car,0.920537292957306,658.335693359375,182.00885009765625,1115.5853271484375,720.98291015625,886.9605102539062,720.98291015625,457.2496337890625,538.9740600585938
99,5434,383,0,car,0.8731232285499573,656.984375,152.50099182128906,1095.7850341796875,661.1472778320312,876.3847045898438,661.1472778320312,438.8006591796875,508.6462860107422
99,5435,383,0,car,0.9151023626327516,657.2561645507812,125.41127014160156,1079.7686767578125,609.9453735351562,868.5124206542969,609.9453735351562,422.5125122070313,484.5341033935547
99,5436,383,2,others,0.6591671705245972,657.2692260742188,99.1347427368164,1069.24560546875,563.237548828125,863.2574157714844,563.237548828125,411.9763793945313,464.1028060913086
99,5437,383,0,car,0.8043853044509888,657.804931640625,72.80089569091797,1058.0419921875,521.55517578125,857.9234619140625,521.55517578125,400.237060546875,448.754280090332
99,5438,383,0,car,0.9162052869796752,657.8250732421875,46.26461410522461,1049.5673828125,484.51605224609375,853.6962280273438,484.51605224609375,391.7423095703125,438.25143814086914
99,5439,383,0,car,0.9143726229667664,658.9977416992188,19.412839889526367,1037.206787109375,449.2390441894531,848.1022644042969,449.2390441894531,378.20904541015625,429.8262042999268
99,5440,383,0,car,0.7164746522903442,661.6096801757812,0.4962036907672882,1029.234375,411.4998474121094,845.4220275878906,411.4998474121094,367.6246948242188,411.0036437213421
99,5441,383,0,car,0.9261391162872314,658.828857421875,29.300926208496094,1022.9498901367188,374.4661560058594,840.8893737792969,374.4661560058594,364.12103271484375,345.1652297973633
99,5442,383,0,car,0.9173778891563416,659.0579833984375,8.281728744506836,1015.0133056640624,324.9291687011719,837.03564453125,324.9291687011719,355.955322265625,316.64743995666504
99,5443,383,0,car,0.9151148200035096,661.4888916015625,24.887081146240234,1012.8250122070312,313.417236328125,837.1569519042969,313.417236328125,351.33612060546875,288.5301551818848
99,5444,383,0,car,0.9189169406890868,664.8218994140625,20.38583946228028,1002.0099487304688,290.2607116699219,833.4159240722656,290.2607116699219,337.18804931640625,269.8748722076416
99,5445,383,0,car,0.921620547771454,664.888427734375,7.806439399719238,992.8690795898438,265.096435546875,828.8787536621094,265.096435546875,327.98065185546875,257.28999614715576
99,5446,383,0,car,0.9193169474601746,666.1763305664062,3.1100003719329834,982.805419921875,241.1949462890625,824.4908752441406,241.1949462890625,316.62908935546875,238.08494591712952
99,5447,383,0,car,0.9066615104675292,666.2407836914062,1.6564884185791016,977.3453369140624,215.7860412597656,821.7930603027344,215.7860412597656,311.10455322265625,214.12955284118647
99,5448,383,0,car,0.9107503294944764,667.5767822265625,1.6577651500701904,971.2858276367188,183.79547119140625,819.4313049316406,183.79547119140625,303.70904541015625,182.1377060413361
99,5449,383,0,car,0.8932857513427734,669.2254028320312,2.126026153564453,965.2322998046876,159.32945251464844,817.2288513183594,159.32945251464844,296.00689697265625,157.20342636108398
99,5450,383,0,car,0.886716365814209,669.9378051757812,0.9489851593971252,958.260009765625,140.39370727539062,814.0989074707031,140.39370727539062,288.3222045898437,139.4447221159935
99,5451,383,0,car,0.8937739133834839,668.940185546875,0.6587390303611755,951.3869018554688,119.72876739501952,810.1635437011719,119.72876739501952,282.4467163085937,119.07002836465836
99,5452,383,0,car,0.8836779594421387,665.993408203125,1.2033166885375977,944.98974609375,100.77144622802734,805.4915771484375,100.77144622802734,278.996337890625,99.56812953948976
99,5453,383,0,car,0.8453043103218079,670.5433349609375,2.09463119506836,933.0318603515624,81.0080337524414,801.78759765625,81.0080337524414,262.488525390625,78.91340255737305
99,5454,383,0,car,0.8202831745147705,672.2604370117188,0.8485768437385559,926.113525390625,60.48886489868164,799.1869812011719,60.48886489868164,253.85308837890625,59.640288054943085
100,5519,391,0,car,0.9482723474502563,0.0258795879781246,423.3022155761719,472.504150390625,1057.7684326171875,236.2650149893016,1057.7684326171875,472.4782708026469,634.4662170410156
100,5520,391,0,car,0.9456355571746826,0.3273496329784393,383.31201171875,477.2335510253906,1006.8502197265624,238.78045032918453,1006.8502197265624,476.9062013924122,623.5382080078125
100,5521,391,0,car,0.943278431892395,1.3587251901626587,348.3792419433594,481.3892517089844,939.3124389648438,241.37398844957352,939.3124389648438,480.0305265188217,590.9331970214844
100,5522,391,0,car,0.9419766068458556,2.6292757987976074,311.9833679199219,485.7550048828125,876.5081176757812,244.19214034080505,876.5081176757812,483.1257290840149,564.5247497558594
100,5523,391,0,car,0.95022714138031,3.977856397628784,283.67486572265625,489.8292846679688,815.1010131835938,246.9035705327988,815.1010131835938,485.85142827034,531.4261474609375
100,5524,391,0,car,0.9457556009292604,16.123579025268555,255.424072265625,492.8855895996094,757.4209594726562,254.50458431243896,757.4209594726562,476.7620105743408,501.9968872070313
100,5525,391,0,car,0.9420077204704284,36.29838562011719,227.3822021484375,497.5245361328125,705.2079467773438,266.91146087646484,705.2079467773438,461.2261505126953,477.8257446289063
100,5526,391,0,car,0.9444279074668884,57.344234466552734,200.7604217529297,500.7278747558594,654.472412109375,279.03605461120605,654.472412109375,443.3836402893066,453.7119903564453
100,5527,391,0,car,0.9461705684661864,75.96546173095703,175.98487854003906,504.4095153808594,610.1806640625,290.1874885559082,610.1806640625,428.4440536499024,434.19578552246094
100,5528,391,0,car,0.9262842535972596,95.8137435913086,150.93310546875,509.24224853515625,565.2098999023438,302.5279960632324,565.2098999023438,413.42850494384766,414.27679443359375
100,5529,391,0,car,0.9278839230537416,116.5703582763672,127.34896850585938,511.0029602050781,524.4873657226562,313.78665924072266,524.4873657226562,394.4326019287109,397.1383972167969
100,5530,391,0,car,0.8895827531814575,131.56385803222656,107.22596740722656,512.4437866210938,487.1846008300781,322.00382232666016,487.1846008300781,380.8799285888672,379.9586334228516
100,5531,391,0,car,0.9271764159202576,144.0634307861328,85.3171157836914,517.3685913085938,449.7507934570313,330.7160110473633,449.7507934570313,373.30516052246094,364.43367767333984
100,5532,391,0,car,0.9365546107292176,156.9287567138672,63.06850051879883,519.8931884765625,415.0641784667969,338.41097259521484,415.0641784667969,362.9644317626953,351.99567794799805
100,5533,391,0,car,0.9341378211975098,168.9368133544922,41.95177459716797,523.3240356445312,382.1995849609375,346.1304244995117,382.1995849609375,354.38722229003906,340.2478103637696
100,5534,391,0,car,0.9258190989494324,181.3660125732422,24.74527168273925,526.7642211914062,351.4220275878906,354.0651168823242,351.4220275878906,345.39820861816406,326.67675590515137
100,5535,391,0,car,0.9229137897491456,196.3845367431641,5.336233139038086,527.6428833007812,314.4792785644531,362.0137100219727,314.4792785644531,331.2583465576172,309.14304542541504
100,5536,391,0,car,0.926541030406952,206.0897979736328,0.0,530.1520385742188,292.49078369140625,368.1209182739258,292.49078369140625,324.06224060058594,292.49078369140625
100,5537,391,0,car,0.9300472736358644,215.1254272460937,0.0,533.6597900390625,268.9146423339844,374.3926086425781,268.9146423339844,318.53436279296875,268.9146423339844
100,5538,391,0,car,0.9282028079032898,224.47178649902344,0.0,534.7639770507812,245.61920166015625,379.6178817749024,245.61920166015625,310.2921905517578,245.61920166015625
100,5539,391,0,car,0.9247651100158693,232.9992218017578,0.0,543.0781860351562,219.1979217529297,388.038703918457,219.1979217529297,310.07896423339844,219.1979217529297
100,5540,391,0,car,0.9247870445251464,242.0238037109375,0.0,545.683349609375,195.0594024658203,393.85357666015625,195.0594024658203,303.6595458984375,195.0594024658203
100,5541,391,0,car,0.9218076467514038,251.2008056640625,0.0,548.7160034179688,169.01246643066406,399.9584045410156,169.01246643066406,297.51519775390625,169.01246643066406
100,5542,391,0,car,0.9025487899780272,260.8857727050781,0.0,551.972900390625,148.33531188964844,406.4293365478516,148.33531188964844,291.0871276855469,148.33531188964844
100,5543,391,0,car,0.8911846280097961,269.2745056152344,0.0,551.9815673828125,131.13040161132812,410.6280364990234,131.13040161132812,282.7070617675781,131.13040161132812
100,5544,391,0,car,0.8936140537261963,274.576416015625,0.0,551.03955078125,109.72752380371094,412.8079833984375,109.72752380371094,276.463134765625,109.72752380371094
100,5545,391,0,car,0.8821678161621094,281.7884521484375,0.9861648678779602,553.00537109375,91.90003967285156,417.39691162109375,91.90003967285156,271.2169189453125,90.9138748049736
100,5546,391,0,car,0.8476911783218384,292.3228759765625,1.864696264266968,553.8432006835938,68.42963409423828,423.0830383300781,68.42963409423828,261.52032470703125,66.56493782997131
100,5547,391,0,car,0.8040140271186829,301.9966125488281,1.5645395517349243,552.0999755859375,52.27244186401367,427.0482940673828,52.27244186401367,250.10336303710932,50.70790231227875
101,5526,392,0,car,0.9537022709846495,719.875244140625,483.5130004882813,1176.4136962890625,1026.776123046875,948.1444702148438,1026.776123046875,456.5384521484375,543.2631225585938
101,5527,392,0,car,0.9409250020980836,717.1298217773438,437.1618957519531,1157.6187744140625,964.1358642578124,937.3742980957032,964.1358642578124,440.4889526367188,526.9739685058594
101,5528,392,0,car,0.9417704939842224,715.406982421875,389.3429870605469,1140.160400390625,890.65283203125,927.78369140625,890.65283203125,424.75341796875,501.3098449707031
101,5529,392,0,car,0.933693826198578,712.5142211914062,348.1229553222656,1121.3717041015625,820.2862548828125,916.9429626464844,820.2862548828125,408.85748291015625,472.1632995605469
101,5530,392,0,car,0.9276080131530762,709.682861328125,302.833984375,1107.0804443359375,760.9523315429688,908.3816528320312,760.9523315429688,397.3975830078125,458.1183471679688
101,5531,392,0,car,0.9117447733879088,711.5115356445312,272.50714111328125,1091.3477783203125,699.4920043945312,901.429656982422,699.4920043945312,379.8362426757813,426.98486328125
101,5532,392,0,car,0.9399663805961608,710.7902221679688,231.37417602539065,1076.50830078125,646.2189331054688,893.6492614746094,646.2189331054688,365.7180786132813,414.8447570800781
101,5533,392,0,car,0.9370068311691284,709.575439453125,195.833984375,1060.0821533203125,592.9838256835938,884.8287963867188,592.9838256835938,350.5067138671875,397.14984130859375
101,5534,392,0,car,0.942140817642212,708.7047119140625,162.9146728515625,1051.431396484375,546.3766479492188,880.0680541992188,546.3766479492188,342.7266845703125,383.46197509765625
101,5535,392,0,car,0.9255821108818054,705.7184448242188,126.8351593017578,1036.70263671875,488.8111267089844,871.2105407714844,488.8111267089844,330.98419189453125,361.97596740722656
101,5536,392,0,car,0.9268222451210022,707.8695068359375,106.75652313232422,1027.8424072265625,456.8367614746094,867.85595703125,456.8367614746094,319.972900390625,350.0802383422852
101,5537,392,0,car,0.9369598627090454,711.4059448242188,83.78235626220703,1019.7484741210938,419.6883544921875,865.5772094726562,419.6883544921875,308.342529296875,335.90599822998047
101,5538,392,0,car,0.9278265833854676,711.2520141601562,59.089141845703125,1010.94970703125,384.77191162109375,861.1008605957031,384.77191162109375,299.6976928710937,325.6827697753906
101,5539,392,0,car,0.9352303743362428,710.9234008789062,34.867774963378906,999.2744750976562,351.6289367675781,855.0989379882812,351.6289367675781,288.35107421875,316.7611618041992
101,5540,392,0,car,0.9333873391151428,708.875,11.364523887634276,991.8474731445312,317.6692810058594,850.3612365722656,317.6692810058594,282.97247314453125,306.3047571182251
101,5541,392,0,car,0.930266261100769,707.823486328125,1.9491584300994875,983.0953979492188,281.30731201171875,845.4594421386719,281.30731201171875,275.2719116210937,279.35815358161926
101,5542,392,0,car,0.926213562488556,708.6094360351562,0.0,975.1715087890624,255.49594116210932,841.8904724121094,255.49594116210932,266.56207275390625,255.49594116210932
101,5543,392,0,car,0.9237529635429382,706.7228393554688,0.0,968.5623779296876,233.72463989257807,837.6426086425781,233.72463989257807,261.83953857421875,233.72463989257807
101,5544,392,0,car,0.9207128286361694,705.9692993164062,0.0,964.3223266601562,207.10104370117188,835.1458129882812,207.10104370117188,258.35302734375,207.10104370117188
101,5545,392,0,car,0.9127739667892456,704.5924072265625,0.0,958.7594604492188,176.70652770996094,831.6759338378906,176.70652770996094,254.16705322265625,176.70652770996094
101,5546,392,0,car,0.9155610799789428,704.1728515625,0.0,951.750732421875,152.80491638183594,827.9617919921875,152.80491638183594,247.577880859375,152.80491638183594
101,5547,392,0,car,0.8841870427131653,703.4700927734375,0.0,945.685791015625,126.74307250976562,824.5779418945312,126.74307250976562,242.2156982421875,126.74307250976562
101,5548,392,0,car,0.8801721334457397,701.5238037109375,0.1509087234735489,938.9459838867188,106.5093231201172,820.2348937988281,106.5093231201172,237.42218017578125,106.35841439664364
101,5549,392,0,car,0.8396260142326355,705.91064453125,1.025216579437256,931.5812377929688,89.187255859375,818.7459411621094,89.187255859375,225.67059326171875,88.16203927993774
101,5550,392,0,car,0.834079384803772,710.2009887695312,0.791850209236145,926.9512939453124,69.0572509765625,818.5761413574219,69.0572509765625,216.75030517578125,68.26540076732635
101,5551,392,0,car,0.7176780104637146,710.7089233398438,0.3561188280582428,921.21875,51.24993896484375,815.9638366699219,51.24993896484375,210.50982666015625,50.89382013678551
102,5531,393,0,car,0.9312575459480286,1319.9029541015625,416.91998291015625,1919.824462890625,1006.8704223632812,1619.8637084960938,1006.8704223632812,599.9215087890625,589.950439453125
102,5532,393,0,car,0.9265488386154176,1300.452392578125,383.65911865234375,1918.5308837890625,945.9297485351562,1609.4916381835938,945.9297485351562,618.0784912109375,562.2706298828125
102,5533,393,0,car,0.9253684878349304,1277.517333984375,346.274658203125,1906.644775390625,881.35107421875,1592.0810546875,881.35107421875,629.12744140625,535.076416015625
102,5534,393,0,car,0.92389577627182,1262.1024169921875,301.7882385253906,1870.3026123046875,814.1262817382812,1566.2025146484375,814.1262817382812,608.2001953125,512.3380432128906
102,5535,393,0,car,0.9237778782844543,1238.0927734375,263.53875732421875,1816.655029296875,735.7357177734375,1527.3739013671875,735.7357177734375,578.562255859375,472.1969604492188
102,5536,393,0,car,0.9334126114845276,1227.2886962890625,238.5235137939453,1777.3094482421875,692.9613647460938,1502.299072265625,692.9613647460938,550.020751953125,454.4378509521485
102,5537,393,0,car,0.9367021322250366,1216.7119140625,215.0761260986328,1741.022216796875,649.7523193359375,1478.8670654296875,649.7523193359375,524.310302734375,434.6761932373047
102,5538,393,0,car,0.942025065422058,1202.4698486328125,189.73928833007807,1709.155029296875,600.4285888671875,1455.8124389648438,600.4285888671875,506.6851806640625,410.6893005371094
102,5539,393,0,car,0.9329019784927368,1186.880126953125,163.19271850585938,1670.6663818359375,555.94775390625,1428.7732543945312,555.94775390625,483.7862548828125,392.7550354003906
102,5540,393,0,car,0.933809757232666,1175.238525390625,139.4953155517578,1637.695068359375,518.5647583007812,1406.466796875,518.5647583007812,462.45654296875,379.0694427490234
102,5541,393,0,car,0.9336633086204528,1163.9056396484375,114.79859924316406,1608.1619873046875,478.0839538574219,1386.0338134765625,478.0839538574219,444.25634765625,363.2853546142578
102,5542,393,0,car,0.8551182150840759,1151.200439453125,92.20352935791016,1574.5145263671875,441.55322265625,1362.8574829101562,441.55322265625,423.3140869140625,349.34969329833984
102,5543,393,0,car,0.9333124160766602,1137.310791015625,70.27864837646484,1548.70263671875,405.8588562011719,1343.0067138671875,405.8588562011719,411.391845703125,335.58020782470703
102,5544,393,0,car,0.9365162253379822,1126.688720703125,47.716007232666016,1526.5172119140625,374.3579711914063,1326.6029663085938,374.3579711914063,399.8284912109375,326.64196395874023
102,5545,393,0,car,0.919738471508026,1117.609619140625,26.846359252929688,1504.1683349609375,342.2792663574219,1310.8889770507812,342.2792663574219,386.5587158203125,315.4329071044922
102,5546,393,0,car,0.92632257938385,1108.1021728515625,7.0987467765808105,1483.2906494140625,312.01678466796875,1295.6964111328125,312.01678466796875,375.1884765625,304.91803789138794
102,5547,393,0,car,0.9221076369285583,1096.7548828125,0.0,1459.88232421875,286.15936279296875,1278.318603515625,286.15936279296875,363.12744140625,286.15936279296875
102,5548,393,0,car,0.915677547454834,1087.60400390625,0.0,1441.4615478515625,260.8817443847656,1264.5327758789062,260.8817443847656,353.8575439453125,260.8817443847656
102,5549,393,0,car,0.919639527797699,1078.63623046875,0.0,1421.9329833984375,238.4820251464844,1250.2846069335938,238.4820251464844,343.2967529296875,238.4820251464844
102,5550,393,0,car,0.9182276129722596,1072.310546875,0.0,1405.050537109375,215.3337554931641,1238.6805419921875,215.3337554931641,332.739990234375,215.3337554931641
102,5551,393,0,car,0.9224308133125304,1067.178466796875,0.0,1385.69384765625,191.88995361328125,1226.4361572265625,191.88995361328125,318.515380859375,191.88995361328125
102,5552,393,0,car,0.9082449078559875,1057.983154296875,0.0,1368.8189697265625,165.043701171875,1213.4010620117188,165.043701171875,310.8358154296875,165.043701171875
102,5553,393,0,car,0.9054747819900512,1048.6060791015625,0.0,1354.6573486328125,145.00738525390625,1201.6317138671875,145.00738525390625,306.05126953125,145.00738525390625
102,5554,393,0,car,0.8873279094696045,1041.7152099609375,0.1811507642269134,1338.8016357421875,123.32977294921876,1190.2584228515625,123.32977294921876,297.08642578125,123.14862218499184
102,5555,393,0,car,0.8860843777656555,1032.8399658203125,0.9120710492134094,1323.7086181640625,103.92761993408205,1178.2742919921875,103.92761993408205,290.86865234375,103.01554888486862
102,5556,393,0,car,0.8707722425460815,1043.03125,2.6419239044189453,1311.2325439453125,88.7011489868164,1177.1318969726562,88.7011489868164,268.2012939453125,86.05922508239746
102,5557,393,0,car,0.8613056540489197,1052.35693359375,2.6517910957336426,1297.020263671875,67.9145736694336,1174.6885986328125,67.9145736694336,244.663330078125,65.26278257369995
102,5558,393,0,car,0.81351238489151,1049.5533447265625,2.401829481124878,1281.1168212890625,54.9964599609375,1165.3350830078125,54.9964599609375,231.5634765625,52.59463047981262
103,5584,401,2,others,0.758678674697876,886.7325439453125,163.66404724121094,1679.700927734375,1030.2772216796875,1283.2167358398438,1030.2772216796875,792.9683837890625,866.6131744384766
103,5585,401,2,others,0.7653999924659729,869.6604614257812,97.26434326171876,1631.4598388671875,956.2860107421876,1250.5601501464844,956.2860107421876,761.7993774414062,859.0216674804688
103,5586,401,2,others,0.8833535313606262,855.2817993164062,80.40901184082031,1572.6795654296875,879.4432373046875,1213.9806823730469,879.4432373046875,717.3977661132812,799.0342254638672
103,5587,401,2,others,0.8911545276641846,843.0853271484375,56.25308227539063,1531.81982421875,816.5172119140625,1187.4525756835938,816.5172119140625,688.7344970703125,760.2641296386719
103,5588,401,2,others,0.9127626419067384,832.267578125,24.575603485107425,1482.7344970703125,759.9380493164062,1157.5010375976562,759.9380493164062,650.4669189453125,735.3624458312988
103,5589,401,2,others,0.8985092043876648,822.6282348632812,0.0,1442.5107421875,702.6604614257812,1132.5694885253906,702.6604614257812,619.8825073242188,702.6604614257812
103,5590,401,2,others,0.9460595846176147,813.1221313476562,0.0,1416.2747802734375,653.9095458984375,1114.6984558105469,653.9095458984375,603.1526489257812,653.9095458984375
103,5591,401,2,others,0.9429302215576172,814.846923828125,0.0,1376.34326171875,602.2568359375,1095.5950927734375,602.2568359375,561.496337890625,602.2568359375
103,5592,401,2,others,0.9182651042938232,807.90283203125,0.0,1349.748046875,559.7745971679688,1078.825439453125,559.7745971679688,541.84521484375,559.7745971679688
103,5593,401,2,others,0.9348718523979188,796.2767944335938,0.0,1324.7615966796875,519.9841918945312,1060.5191955566406,519.9841918945312,528.4848022460938,519.9841918945312
103,5594,401,2,others,0.9172167181968688,790.6297607421875,0.0,1295.554931640625,479.8604431152344,1043.0923461914062,479.8604431152344,504.9251708984375,479.8604431152344
103,5595,401,2,others,0.9388809204101562,791.9318237304688,0.0,1270.144775390625,444.1836853027344,1031.0382995605469,444.1836853027344,478.21295166015625,444.1836853027344
103,5596,401,2,others,0.8856423497200012,783.9265747070312,0.0,1250.0330810546875,408.2549133300781,1016.9798278808594,408.2549133300781,466.10650634765625,408.2549133300781
103,5597,401,2,others,0.8759620189666748,780.4508056640625,3.0164120197296143,1228.7103271484375,375.7966613769531,1004.58056640625,375.7966613769531,448.259521484375,372.7802493572235
103,5598,401,2,others,0.8344122767448425,777.578125,4.000388622283936,1210.5428466796875,345.259033203125,994.0604858398438,345.259033203125,432.9647216796875,341.25864458084106
103,5599,401,2,others,0.8445740938186646,773.2120971679688,3.361301898956299,1186.084716796875,316.0723876953125,979.648406982422,316.0723876953125,412.8726196289063,312.7110857963562
103,5600,401,2,others,0.6719013452529907,767.6004028320312,1.123661756515503,1167.3521728515625,284.15399169921875,967.4762878417968,284.15399169921875,399.7517700195313,283.03032994270325
103,5601,401,0,car,0.8582888841629028,762.4512329101562,0.0,1153.292236328125,262.0995483398437,957.8717346191406,262.0995483398437,390.8410034179688,262.0995483398437
103,5602,401,0,car,0.892773449420929,759.1735229492188,0.321081668138504,1136.62255859375,241.09100341796875,947.8980407714844,241.09100341796875,377.4490356445313,240.76992174983025
103,5603,401,0,car,0.9063807129859924,757.8853759765625,1.5032962560653689,1120.1295166015625,217.529037475586,939.0074462890624,217.529037475586,362.244140625,216.02574121952057
103,5604,401,0,car,0.9159486889839172,753.7210083007812,2.053480625152588,1107.5587158203125,194.2232360839844,930.6398620605468,194.2232360839844,353.83770751953125,192.1697554588318
103,5605,401,0,car,0.9043948650360109,750.5117797851562,3.2118911743164062,1090.262451171875,169.74156188964844,920.3871154785156,169.74156188964844,339.75067138671875,166.52967071533203
103,5606,401,0,car,0.8933559656143188,752.0264892578125,2.9190421104431152,1075.7027587890625,148.48687744140625,913.8646240234376,148.48687744140625,323.67626953125,145.5678353309631
103,5607,401,0,car,0.8896429538726807,753.5593872070312,3.4502789974212646,1063.3521728515625,129.8520965576172,908.4557800292968,129.8520965576172,309.79278564453125,126.40181756019592
103,5608,401,0,car,0.8955815434455872,755.2328491210938,2.6328628063201904,1050.3114013671875,111.12222290039062,902.7721252441406,111.12222290039062,295.0785522460937,108.48936009407043
103,5609,401,0,car,0.8754235506057739,755.0475463867188,4.038767814636231,1037.4915771484375,94.12931823730467,896.2695617675781,94.12931823730467,282.44403076171875,90.09055042266846
103,5610,401,0,car,0.8693727254867554,754.2402954101562,4.36474609375,1024.0606689453125,73.81485748291016,889.1504821777344,73.81485748291016,269.82037353515625,69.45011138916016
103,5611,401,0,car,0.8477769494056702,752.859130859375,1.9109457731246948,1008.285400390625,55.7181282043457,880.572265625,55.7181282043457,255.42626953125,53.80718243122101
104,5615,405,0,car,0.9311482310295104,749.9024047851562,399.9472961425781,1251.156982421875,1048.1976318359375,1000.5296936035156,1048.1976318359375,501.2545776367188,648.2503356933594
104,5616,405,0,car,0.9093600511550904,746.7376098632812,362.5925903320313,1232.9937744140625,986.1051025390624,989.865692138672,986.1051025390624,486.2561645507813,623.5125122070312
104,5617,405,0,car,0.8812909126281738,738.6954956054688,327.9559631347656,1198.30712890625,915.28076171875,968.5013122558594,915.28076171875,459.6116333007813,587.3247985839844
104,5618,405,0,car,0.8966132998466492,741.9615478515625,295.7080078125,1180.9775390625,854.0579833984375,961.4695434570312,854.0579833984375,439.0159912109375,558.3499755859375
104,5619,405,0,car,0.7186182141304016,755.67578125,269.4561767578125,1166.7464599609375,790.7540283203125,961.2111206054688,790.7540283203125,411.0706787109375,521.2978515625
104,5620,405,0,car,0.8272234797477722,744.2366333007812,241.8554229736328,1153.226318359375,732.78955078125,948.731475830078,732.78955078125,408.98968505859375,490.9341278076172
104,5621,405,0,car,0.9396387338638306,738.3630981445312,212.78402709960932,1135.6065673828125,678.8739013671875,936.984832763672,678.8739013671875,397.2434692382813,466.0898742675781
104,5622,405,0,car,0.9461739659309388,738.5047607421875,187.52305603027344,1123.78564453125,631.9197387695312,931.1452026367188,631.9197387695312,385.2808837890625,444.3966827392578
104,5623,405,0,car,0.9423311352729796,738.4004516601562,164.01527404785156,1111.417724609375,581.1642456054688,924.9090881347656,581.1642456054688,373.0172729492188,417.1489715576172
104,5624,405,0,car,0.9127575755119324,736.01904296875,139.61434936523438,1099.089599609375,540.6448974609375,917.5543212890624,540.6448974609375,363.070556640625,401.0305480957031
104,5625,405,0,car,0.9278854727745056,732.3524169921875,118.02914428710938,1087.709716796875,503.4026184082031,910.0310668945312,503.4026184082031,355.3572998046875,385.37347412109375
104,5626,405,0,car,0.933485746383667,730.9848022460938,96.69779205322266,1074.7969970703125,468.3398742675781,902.8908996582032,468.3398742675781,343.81219482421875,371.6420822143554
104,5627,405,0,car,0.9369031190872192,726.4877319335938,75.31370544433594,1066.32666015625,432.7609558105469,896.4071960449219,432.7609558105469,339.83892822265625,357.44725036621094
104,5628,405,0,car,0.9164846539497375,727.8773803710938,56.615352630615234,1056.81298828125,397.3395385742188,892.3451843261719,397.3395385742188,328.93560791015625,340.7241859436035
104,5629,405,0,car,0.9260257482528688,726.946533203125,38.59498977661133,1048.6588134765625,365.69183349609375,887.8026733398438,365.69183349609375,321.7122802734375,327.0968437194824
104,5630,405,0,car,0.9266804456710817,726.2584228515625,16.32453155517578,1039.587646484375,335.07244873046875,882.9230346679688,335.07244873046875,313.3292236328125,318.74791717529297
104,5631,405,0,car,0.9393691420555116,725.0315551757812,8.23223876953125,1031.493408203125,304.8170471191406,878.2624816894531,304.8170471191406,306.4618530273437,296.5848083496094
104,5632,405,0,car,0.9350174069404602,721.427001953125,3.4112420082092285,1022.5558471679688,275.7195129394531,871.9914245605469,275.7195129394531,301.1288452148437,272.3082709312439
104,5633,405,0,car,0.9220116138458252,719.6629028320312,0.0,1016.506591796875,253.76693725585932,868.0847473144531,253.76693725585932,296.8436889648437,253.76693725585932
104,5634,405,0,car,0.9246770143508912,720.6690063476562,0.0,1010.1546630859376,234.37869262695312,865.4118347167969,234.37869262695312,289.48565673828125,234.37869262695312
104,5635,405,0,car,0.9253320693969728,721.3485107421875,0.0,1001.3923950195312,213.457748413086,861.3704528808594,213.457748413086,280.0438842773437,213.457748413086
104,5636,405,0,car,0.9331334829330444,721.6051025390625,0.3952124118804931,993.2457885742188,190.23049926757807,857.4254455566406,190.23049926757807,271.64068603515625,189.83528685569763
104,5637,405,0,car,0.9297796487808228,720.7394409179688,4.878296852111816,987.8694458007812,166.17474365234375,854.304443359375,166.17474365234375,267.1300048828125,161.29644680023193
104,5638,405,0,car,0.9021427631378174,723.6550903320312,2.610830545425415,980.9327392578124,146.77438354492188,852.2939147949219,146.77438354492188,257.27764892578125,144.16355299949646
104,5639,405,0,car,0.9035666584968568,723.1969604492188,1.193898320198059,973.8423461914062,128.3976593017578,848.5196533203125,128.3976593017578,250.6453857421875,127.20376098155975
104,5640,405,0,car,0.8993685841560364,722.349365234375,1.0553648471832275,967.2616577148438,110.79927825927734,844.8055114746094,110.79927825927734,244.91229248046875,109.74391341209412
104,5641,405,0,car,0.8790891766548157,724.0861206054688,1.3310537338256836,963.6510009765624,93.6298599243164,843.8685607910156,93.6298599243164,239.5648803710937,92.29880619049072
104,5642,405,0,car,0.8622283935546875,723.5792846679688,1.600777506828308,957.227294921875,70.4401626586914,840.4032897949219,70.4401626586914,233.64801025390625,68.8393851518631
104,5643,405,0,car,0.8357122540473938,721.795654296875,0.1076965779066085,957.0696411132812,56.626121520996094,839.4326477050781,56.626121520996094,235.27398681640625,56.518424943089485
105,5645,407,0,car,0.9449092745780944,0.3306333124637604,508.6204223632813,455.6471252441406,1053.5965576171875,227.9888792783022,1053.5965576171875,455.31649193167686,544.9761352539062
105,5646,407,0,car,0.9422603249549866,1.12711501121521,464.9845886230469,462.9244384765625,997.07177734375,232.02577674388883,997.07177734375,461.7973234653473,532.0871887207031
105,5647,407,0,car,0.9381709694862366,2.190861225128174,423.4586486816406,467.6964721679688,927.8563232421876,234.9436666965485,927.8563232421876,465.5056109428406,504.3976745605469
105,5648,407,0,car,0.9357895255088806,12.528254508972168,378.9862976074219,475.95849609375,861.0013427734375,244.24337530136108,861.0013427734375,463.4302415847778,482.0150451660156
105,5649,407,0,car,0.9330046772956848,31.15044593811035,338.0850830078125,482.0618591308594,797.206298828125,256.60615253448486,797.206298828125,450.911413192749,459.1212158203125
105,5650,407,0,car,0.930370271205902,55.11954879760742,300.119140625,485.6336669921875,743.86474609375,270.37660789489746,743.86474609375,430.5141181945801,443.74560546875
105,5651,407,0,car,0.9274579882621764,75.75769805908203,268.5411682128906,489.9542541503906,684.939697265625,282.8559761047363,684.939697265625,414.1965560913086,416.3985290527344
105,5652,407,0,car,0.9208858609199524,94.64701080322266,236.22348022460932,494.2949523925781,635.3267822265625,294.4709815979004,635.3267822265625,399.6479415893554,399.1033020019531
105,5653,407,0,car,0.9198656678199768,115.64624786376952,205.33531188964844,498.9173278808594,586.860595703125,307.28178787231445,586.860595703125,383.2710800170898,381.52528381347656
105,5654,407,0,car,0.9221648573875428,134.99356079101562,173.48300170898438,504.6976013183594,540.8091430664062,319.8455810546875,540.8091430664062,369.70404052734375,367.3261413574219
105,5655,407,0,car,0.9199238419532776,150.78460693359375,146.16162109375,508.5393676757813,501.0916748046875,329.6619873046875,501.0916748046875,357.7547607421875,354.9300537109375
105,5656,407,0,car,0.922654151916504,166.4850311279297,119.71810913085938,508.4247131347656,460.6257629394531,337.45487213134766,460.6257629394531,341.93968200683594,340.9076538085937
105,5657,407,0,car,0.9407522678375244,178.10101318359375,94.72509002685548,507.3182373046875,423.3239135742188,342.7096252441406,423.3239135742188,329.2172241210937,328.5988235473633
105,5658,407,0,car,0.9330668449401855,191.93540954589844,68.4336929321289,511.40380859375,389.14886474609375,351.6696090698242,389.14886474609375,319.4683990478516,320.71517181396484
105,5659,407,0,car,0.9347856044769288,205.2574157714844,47.30241394042969,515.4761352539062,355.5707397460937,360.3667755126953,355.5707397460937,310.2187194824219,308.26832580566406
105,5660,407,0,car,0.9349524974822998,216.49790954589844,25.7563533782959,517.7679443359375,321.93511962890625,367.132926940918,321.93511962890625,301.27003479003906,296.17876625061035
105,5661,407,0,car,0.9282503724098206,228.0287170410156,7.854381561279297,521.61962890625,291.9134826660156,374.8241729736328,291.9134826660156,293.5909118652344,284.0591011047363
105,5662,407,0,car,0.9254330396652222,239.2072906494141,0.0,526.0488891601562,267.04248046875,382.6280899047852,267.04248046875,286.8415985107422,267.04248046875
105,5663,407,0,car,0.926352083683014,247.9585723876953,0.0,530.2384033203125,243.36538696289065,389.0984878540039,243.36538696289065,282.2798309326172,243.36538696289065
105,5664,407,0,car,0.9315683245658876,257.85308837890625,0.0,526.7665405273438,216.42076110839844,392.309814453125,216.42076110839844,268.9134521484375,216.42076110839844
105,5665,407,0,car,0.936025083065033,266.2815856933594,0.0,530.1152954101562,192.3941802978516,398.1984405517578,192.3941802978516,263.8337097167969,192.3941802978516
105,5666,407,0,car,0.915617287158966,277.270263671875,0.0,539.7598266601562,166.31793212890625,408.5150451660156,166.31793212890625,262.48956298828125,166.31793212890625
105,5667,407,0,car,0.8957083821296692,288.819091796875,0.0,548.4163208007812,143.86024475097656,418.6177062988281,143.86024475097656,259.59722900390625,143.86024475097656
105,5668,407,0,car,0.9051836729049684,292.8934936523437,0.0,549.62255859375,120.17940521240234,421.2580261230469,120.17940521240234,256.72906494140625,120.17940521240234
105,5669,407,0,car,0.8902109265327454,300.6247253417969,0.0156740359961986,548.50390625,101.27288818359376,424.5643157958984,101.27288818359376,247.87918090820312,101.25721414759757
105,5670,407,0,car,0.8895161747932434,306.992431640625,0.0,539.8062744140625,79.9544677734375,423.39935302734375,79.9544677734375,232.8138427734375,79.9544677734375
105,5671,407,0,car,0.8901854157447815,316.9273376464844,0.0,539.4556884765625,61.24457931518555,428.1915130615234,61.24457931518555,222.52835083007807,61.24457931518555
106,5709,410,0,car,0.93576318025589,0.8642170429229736,480.5033874511719,450.0674133300781,1055.8197021484375,225.4658151865005,1055.8197021484375,449.2031962871552,575.3163146972656
106,5710,410,0,car,0.941206693649292,0.9546522498130798,442.5505981445313,457.0886535644531,999.7086791992188,229.0216529071331,999.7086791992188,456.1340013146401,557.1580810546875
106,5711,410,0,car,0.934769570827484,0.9203572273254396,401.6604919433594,460.32080078125,933.2376098632812,230.6205790042877,933.2376098632812,459.40044355392456,531.5771179199219
106,5712,410,0,car,0.9411688446998596,1.3444163799285889,364.8006286621094,465.26708984375,872.2293701171875,233.3057531118393,872.2293701171875,463.9226734638214,507.4287414550781
106,5713,410,0,car,0.9384196400642396,2.9165704250335693,322.3334045410156,470.4627685546875,810.9190063476562,236.6896694898605,810.9190063476562,467.54619812965393,488.5856018066406
106,5714,410,0,car,0.9445269107818604,16.53299331665039,292.3770751953125,472.6652221679688,754.4285278320312,244.5991077423096,754.4285278320312,456.1322288513184,462.0514526367188
106,5715,410,0,car,0.941106140613556,34.562259674072266,265.0748291015625,474.7742004394531,701.3844604492188,254.6682300567627,701.3844604492188,440.21194076538086,436.30963134765625
106,5716,410,0,car,0.9260134100914,57.34053039550781,234.8186187744141,481.16302490234375,652.128662109375,269.2517776489258,652.128662109375,423.822494506836,417.31004333496094
106,5717,410,0,car,0.9349782466888428,73.13121032714844,205.2354888916016,484.4462890625,604.5552978515625,278.7887496948242,604.5552978515625,411.3150787353516,399.31980895996094
106,5718,410,0,car,0.9244846105575562,89.46395111083984,177.19776916503906,486.1072082519531,560.1412353515625,287.7855796813965,560.1412353515625,396.6432571411133,382.9434661865234
106,5719,410,0,car,0.9306962490081788,109.46827697753906,151.94482421875,488.2795715332031,523.1533813476562,298.8739242553711,523.1533813476562,378.81129455566406,371.2085571289063
106,5720,410,0,car,0.9213907122612,123.63956451416016,125.50511932373048,491.001220703125,483.3961486816406,307.3203926086426,483.3961486816406,367.3616561889648,357.89102935791016
106,5721,410,0,car,0.9242143034934998,138.530029296875,100.27845764160156,495.2380981445313,448.585205078125,316.8840637207031,448.585205078125,356.70806884765625,348.30674743652344
106,5722,410,0,car,0.9247730374336244,152.59396362304688,76.32521057128906,498.7134399414063,413.6492004394531,325.65370178222656,413.6492004394531,346.1194763183594,337.32398986816406
106,5723,410,0,car,0.9280423521995544,166.3153839111328,53.04854583740234,500.4253540039063,380.3502197265625,333.3703689575196,380.3502197265625,334.10997009277344,327.30167388916016
106,5724,410,0,car,0.9292016625404358,176.8422393798828,31.990840911865234,502.561767578125,350.0947570800781,339.7020034790039,350.0947570800781,325.7195281982422,318.1039161682129
106,5725,410,0,car,0.9273942112922668,187.6151123046875,15.320369720458984,505.73480224609375,320.955322265625,346.6749572753906,320.955322265625,318.11968994140625,305.634952545166
106,5726,410,0,car,0.9281625747680664,197.61831665039065,0.0,508.0163879394531,290.5761108398437,352.8173522949219,290.5761108398437,310.3980712890625,290.5761108398437
106,5727,410,0,car,0.926176369190216,208.1892242431641,0.0,507.6649475097656,265.5441589355469,357.92708587646484,265.5441589355469,299.4757232666016,265.5441589355469
106,5728,410,0,car,0.9225634336471558,216.1759033203125,0.0,507.4522705078125,241.2610626220703,361.8140869140625,241.2610626220703,291.2763671875,241.2610626220703
106,5729,410,0,car,0.9236605167388916,224.60142517089844,0.0,508.2826232910156,216.08262634277344,366.442024230957,216.08262634277344,283.6811981201172,216.08262634277344
106,5730,410,0,car,0.9253420829772948,234.28543090820312,0.0,508.4020385742188,192.5624237060547,371.3437347412109,192.5624237060547,274.1166076660156,192.5624237060547
106,5731,410,0,car,0.9279149174690248,242.5599365234375,0.0,510.8695373535156,169.06251525878906,376.71473693847656,169.06251525878906,268.3096008300781,169.06251525878906
106,5732,410,0,car,0.903246283531189,251.4017791748047,0.0,513.6569213867188,147.7278289794922,382.5293502807617,147.7278289794922,262.25514221191406,147.7278289794922
106,5733,410,0,car,0.8952789306640625,258.4653015136719,0.6393352746963501,513.3628540039062,128.3245849609375,385.91407775878906,128.3245849609375,254.8975524902344,127.68524968624116
106,5734,410,0,car,0.890048086643219,263.7034912109375,0.4935943484306335,513.0650024414062,107.77692413330078,388.3842468261719,107.77692413330078,249.36151123046875,107.28332978487016
106,5735,410,0,car,0.8896183371543884,269.3857421875,1.8565151691436768,514.547119140625,92.8536148071289,391.9664306640625,92.8536148071289,245.161376953125,90.99709963798524
106,5736,410,0,car,0.8685199618339539,276.4314270019531,1.7017061710357666,513.7306518554688,72.63844299316406,395.0810394287109,72.63844299316406,237.2992248535156,70.9367368221283
106,5737,410,0,car,0.8580939173698425,282.2040405273437,1.8450849056243896,516.219970703125,58.42097091674805,399.2120056152344,58.42097091674805,234.01593017578125,56.57588601112366
107,5737,412,0,car,0.9463149309158324,661.1513061523438,487.8033447265625,1091.3634033203125,1008.804443359375,876.2573547363281,1008.804443359375,430.2120971679688,521.0010986328125
107,5738,412,0,car,0.9440196752548218,658.7705688476562,442.8913269042969,1075.3460693359375,943.3960571289062,867.0583190917969,943.3960571289062,416.5755004882813,500.5047302246094
107,5739,412,0,car,0.9522172212600708,655.8427124023438,401.9524841308594,1058.5999755859375,877.9166259765625,857.2213439941406,877.9166259765625,402.75726318359375,475.9641418457031
107,5740,412,0,car,0.953400731086731,657.1236572265625,364.353271484375,1041.236572265625,808.2943115234375,849.1801147460938,808.2943115234375,384.1129150390625,443.9410400390625
107,5741,412,0,car,0.9430620074272156,658.3286743164062,326.3067321777344,1029.8670654296875,745.922607421875,844.0978698730469,745.922607421875,371.5383911132813,419.6158752441406
107,5742,412,0,car,0.936350643634796,659.0574340820312,286.9195251464844,1018.0969848632812,690.5551147460938,838.5772094726562,690.5551147460938,359.03955078125,403.6355895996094
107,5743,412,0,car,0.9449076056480408,659.3367309570312,257.3273010253906,1010.10302734375,638.0745849609375,834.7198791503906,638.0745849609375,350.76629638671875,380.7472839355469
107,5744,412,0,car,0.9372870922088624,657.8301391601562,220.4665985107422,998.8809814453124,589.1316528320312,828.3555603027344,589.1316528320312,341.05084228515625,368.66505432128906
107,5745,412,0,car,0.9278978705406188,660.0106811523438,189.3929748535156,987.5872192382812,546.22021484375,823.7989501953125,546.22021484375,327.5765380859375,356.8272399902344
107,5746,412,0,car,0.9288026094436646,660.3169555664062,157.73715209960938,976.7247924804688,505.251708984375,818.5208740234375,505.251708984375,316.4078369140625,347.5145568847656
107,5747,412,0,car,0.9355832934379578,661.0453491210938,134.0869598388672,967.5897827148438,462.7758483886719,814.3175659179688,462.7758483886719,306.54443359375,328.6888885498047
107,5748,412,0,car,0.9295609593391418,660.061279296875,105.89128875732422,959.651611328125,422.4227600097656,809.8564453125,422.4227600097656,299.59033203125,316.5314712524414
107,5749,412,0,car,0.9290401339530944,661.9535522460938,80.62461853027344,948.6469116210938,386.7557678222656,805.3002319335938,386.7557678222656,286.693359375,306.1311492919922
107,5750,412,0,car,0.927413284778595,663.888427734375,56.85512924194336,939.3126831054688,352.0917358398437,801.6005554199219,352.0917358398437,275.4242553710937,295.2366065979004
107,5751,412,0,car,0.9402625560760498,661.0836181640625,32.37152099609375,932.4349365234376,318.82244873046875,796.75927734375,318.82244873046875,271.351318359375,286.450927734375
107,5752,412,0,car,0.9349130392074584,660.2965087890625,9.556960105895996,923.60986328125,284.8638000488281,791.9531860351562,284.8638000488281,263.3133544921875,275.30683994293213
107,5753,412,0,car,0.9258487224578856,657.382080078125,0.0,917.91845703125,260.2139587402344,787.6502685546875,260.2139587402344,260.536376953125,260.2139587402344
107,5754,412,0,car,0.93031507730484,658.2330322265625,0.0,912.3285522460938,237.64801025390625,785.2807922363281,237.64801025390625,254.09552001953125,237.64801025390625
107,5755,412,0,car,0.9234945774078368,658.1055908203125,0.0,906.3373413085938,211.17068481445312,782.2214660644531,211.17068481445312,248.23175048828125,211.17068481445312
107,5756,412,0,car,0.9263854026794434,654.1502075195312,0.0,899.4241943359375,185.4082946777344,776.7872009277344,185.4082946777344,245.27398681640625,185.4082946777344
107,5757,412,0,car,0.9151665568351746,652.7559204101562,0.0,893.9832153320312,161.03346252441406,773.3695678710938,161.03346252441406,241.227294921875,161.03346252441406
107,5758,412,0,car,0.906857132911682,653.4853515625,0.0,887.3433837890625,140.36700439453125,770.4143676757812,140.36700439453125,233.8580322265625,140.36700439453125
107,5759,412,0,car,0.905465602874756,650.6842651367188,0.0,882.1692504882812,117.2865219116211,766.4267578125,117.2865219116211,231.4849853515625,117.2865219116211
107,5760,412,0,car,0.8910160660743713,651.2984619140625,0.0,877.4649047851562,98.29485321044922,764.3816833496094,98.29485321044922,226.1664428710937,98.29485321044922
107,5761,412,0,car,0.8602699041366577,655.3871459960938,0.2403140068054199,873.3760375976562,76.63726806640625,764.381591796875,76.63726806640625,217.9888916015625,76.39695405960083
107,5762,412,0,car,0.7147649526596069,656.157958984375,0.2305158823728561,865.4158325195312,56.38476943969727,760.7868957519531,56.38476943969727,209.25787353515625,56.15425355732441
108,5754,414,0,car,0.9257256388664246,1310.23828125,462.8522338867188,1903.8935546875,1011.7026977539062,1607.06591796875,1011.7026977539062,593.6552734375,548.8504638671875
108,5755,414,0,car,0.9419498443603516,1278.927978515625,422.9369201660156,1864.526123046875,954.4072265625,1571.72705078125,954.4072265625,585.59814453125,531.4703063964844
108,5756,414,0,car,0.9289059638977052,1261.64892578125,383.7950744628906,1823.0919189453125,892.5360717773438,1542.3704223632812,892.5360717773438,561.4429931640625,508.7409973144531
108,5757,414,0,car,0.9185904264450072,1241.34912109375,348.11456298828125,1775.1190185546875,833.0260620117188,1508.2340698242188,833.0260620117188,533.7698974609375,484.9114990234375
108,5758,414,0,car,0.9377065300941468,1225.0716552734375,306.96875,1734.7269287109375,778.1759643554688,1479.8992919921875,778.1759643554688,509.6552734375,471.2072143554688
108,5759,414,0,car,0.9019604325294496,1209.0587158203125,276.8612976074219,1697.83056640625,726.1657104492188,1453.4446411132812,726.1657104492188,488.7718505859375,449.3044128417969
108,5760,414,0,car,0.933075189590454,1194.457763671875,248.8479766845703,1658.5899658203125,674.9205322265625,1426.5238647460938,674.9205322265625,464.1322021484375,426.0725555419922
108,5761,414,0,car,0.9358229041099548,1178.356689453125,220.89385986328125,1625.7689208984375,629.795166015625,1402.0628051757812,629.795166015625,447.4122314453125,408.90130615234375
108,5762,414,0,car,0.9338746070861816,1169.246826171875,193.1724090576172,1596.1666259765625,582.797607421875,1382.7067260742188,582.797607421875,426.9197998046875,389.6251983642578
108,5763,414,0,car,0.8994569182395935,1157.5953369140625,167.05355834960938,1562.5318603515625,542.1383666992188,1360.0635986328125,542.1383666992188,404.9365234375,375.0848083496094
108,5764,414,0,car,0.9463469982147216,1142.8692626953125,141.4696807861328,1537.8603515625,502.140625,1340.3648071289062,502.140625,394.9910888671875,360.6709442138672
108,5765,414,0,car,0.9266124963760376,1131.0042724609375,115.74473571777344,1513.904296875,466.710205078125,1322.4542846679688,466.710205078125,382.9000244140625,350.9654693603516
108,5766,414,0,car,0.9303574562072754,1122.622314453125,93.98112487792967,1493.3504638671875,431.4020385742188,1307.9863891601562,431.4020385742188,370.7281494140625,337.42091369628906
108,5767,414,0,car,0.9168936610221864,1113.0751953125,68.45951080322266,1471.77197265625,397.7819213867188,1292.423583984375,397.7819213867188,358.69677734375,329.3224105834961
108,5768,414,0,car,0.9301966428756714,1104.233642578125,46.93694305419922,1453.123779296875,365.630126953125,1278.6787109375,365.630126953125,348.89013671875,318.6931838989258
108,5769,414,0,car,0.918627917766571,1094.874755859375,23.24804878234864,1434.2220458984375,336.1949462890625,1264.5484008789062,336.1949462890625,339.3472900390625,312.94689750671387
108,5770,414,0,car,0.9303660988807678,1086.7108154296875,4.25574254989624,1412.7476806640625,307.22430419921875,1249.729248046875,307.22430419921875,326.036865234375,302.9685616493225
108,5771,414,0,car,0.923623502254486,1077.8814697265625,0.0,1396.4197998046875,280.8885803222656,1237.150634765625,280.8885803222656,318.538330078125,280.8885803222656
108,5772,414,0,car,0.9158843159675598,1070.8890380859375,0.0,1379.240478515625,257.4698181152344,1225.0647583007812,257.4698181152344,308.3514404296875,257.4698181152344
108,5773,414,0,car,0.9216688871383668,1063.1607666015625,0.0,1362.3568115234375,237.3762969970703,1212.7587890625,237.3762969970703,299.196044921875,237.3762969970703
108,5774,414,0,car,0.9226298928260804,1055.8870849609375,0.0,1349.911865234375,214.40240478515625,1202.8994750976562,214.40240478515625,294.0247802734375,214.40240478515625
108,5775,414,0,car,0.9249836206436156,1049.9254150390625,0.0,1334.5343017578125,189.70790100097656,1192.2298583984375,189.70790100097656,284.60888671875,189.70790100097656
108,5776,414,0,car,0.9132314324378968,1043.85595703125,0.0,1319.3948974609375,166.01499938964844,1181.6254272460938,166.01499938964844,275.5389404296875,166.01499938964844
108,5777,414,0,car,0.9057432413101196,1037.683837890625,0.0,1307.218994140625,144.26223754882812,1172.451416015625,144.26223754882812,269.53515625,144.26223754882812
108,5778,414,0,car,0.8962381482124329,1028.756103515625,0.0,1295.69873046875,123.01102447509766,1162.2274169921875,123.01102447509766,266.942626953125,123.01102447509766
108,5779,414,0,car,0.8856584429740906,1019.7513427734376,0.0,1282.6951904296875,104.54351806640624,1151.2232666015625,104.54351806640624,262.94384765625,104.54351806640624
108,5780,414,0,car,0.8664559721946716,1018.5967407226562,3.2003283500671387,1272.53857421875,88.70606231689453,1145.5676574707031,88.70606231689453,253.9418334960937,85.50573396682739
108,5781,414,0,car,0.8690898418426514,1026.208740234375,3.528722047805786,1261.650634765625,72.41545104980469,1143.9296875,72.41545104980469,235.44189453125,68.8867290019989
108,5782,414,0,car,0.8504492044448853,1033.22021484375,3.248585224151612,1252.708984375,56.19221115112305,1142.964599609375,56.19221115112305,219.48876953125,52.94362592697144
109,5760,415,0,car,0.9430964589118958,0.0,494.92669677734375,437.3353576660156,1041.380126953125,218.6676788330078,1041.380126953125,437.3353576660156,546.4534301757812
109,5761,415,0,car,0.9349775314331056,0.4036387503147125,450.3847961425781,446.3594055175781,978.324462890625,223.3815221339464,978.324462890625,445.9557667672634,527.9396667480469
109,5762,415,0,car,0.9378494024276732,0.3831210434436798,411.4062194824219,453.2986450195313,908.05419921875,226.84088303148744,908.05419921875,452.9155239760876,496.6479797363281
109,5763,415,0,car,0.9421585202217102,5.783088207244873,369.00885009765625,458.32330322265625,851.5403442382812,232.05319571495056,851.5403442382812,452.5402150154114,482.531494140625
109,5764,415,0,car,0.9425026178359984,19.869853973388672,328.2255554199219,462.2991943359375,790.720947265625,241.0845241546631,790.720947265625,442.4293403625488,462.4953918457031
109,5765,415,0,car,0.951557993888855,40.52964782714844,295.5539855957031,465.8373718261719,739.8624877929688,253.18350982666016,739.8624877929688,425.3077239990234,444.3085021972656
109,5766,415,0,car,0.9439451098442078,62.98964309692383,267.1150817871094,469.9013366699219,685.2235107421875,266.44548988342285,685.2235107421875,406.9116935729981,418.1084289550781
109,5767,415,0,car,0.938076674938202,80.11848449707031,237.67221069335932,475.8724670410156,641.3950805664062,277.99547576904297,641.3950805664062,395.7539825439453,403.7228698730469
109,5768,415,0,car,0.937269389629364,98.99541473388672,210.5962677001953,481.5038757324219,594.681884765625,290.2496452331543,594.681884765625,382.5084609985352,384.0856170654297
109,5769,415,0,car,0.933233678340912,116.73794555664062,182.67660522460932,485.9771118164063,549.1629638671875,301.35752868652344,549.1629638671875,369.2391662597656,366.4863586425781
109,5770,415,0,car,0.9251950979232788,135.2530059814453,156.1697540283203,489.33734130859375,510.45159912109375,312.2951736450196,510.45159912109375,354.08433532714844,354.28184509277344
109,5771,415,0,car,0.928971529006958,150.52047729492188,131.3826141357422,493.5190734863281,473.4036560058594,322.019775390625,473.4036560058594,342.99859619140625,342.0210418701172
109,5772,415,0,car,0.9228850603103638,165.8005828857422,107.76372528076172,496.0396728515625,438.70599365234375,330.92012786865234,438.70599365234375,330.2390899658203,330.94226837158203
109,5773,415,0,car,0.9305787086486816,177.15040588378906,82.85446166992188,500.0146179199219,405.6740417480469,338.58251190185547,405.6740417480469,322.8642120361328,322.819580078125
109,5774,415,0,car,0.9274311065673828,189.51678466796875,60.27674865722656,502.6421203613281,374.9219970703125,346.07945251464844,374.9219970703125,313.1253356933594,314.64524841308594
109,5775,415,0,car,0.933777928352356,202.3376007080078,40.26730728149414,507.4092102050781,346.4716491699219,354.87340545654297,346.4716491699219,305.0716094970703,306.20434188842773
109,5776,415,0,car,0.9397575855255128,214.4838409423828,22.24336624145508,510.5353393554688,315.8809509277344,362.5095901489258,315.8809509277344,296.05149841308594,293.6375846862793
109,5777,415,0,car,0.9325166940689088,226.095947265625,4.238564968109131,513.0694580078125,287.5000305175781,369.5827026367188,287.5000305175781,286.9735107421875,283.261465549469
109,5778,415,0,car,0.9322033524513244,236.24159240722656,0.0,514.8241577148438,263.584228515625,375.5328750610352,263.584228515625,278.5825653076172,263.584228515625
109,5779,415,0,car,0.926650047302246,244.4931030273437,0.0,519.0459594726562,239.7153167724609,381.76953125,239.7153167724609,274.5528564453125,239.7153167724609
109,5780,415,0,car,0.924152672290802,254.0909423828125,0.0,520.0449829101562,216.1171264648437,387.0679626464844,216.1171264648437,265.9540405273437,216.1171264648437
109,5781,415,0,car,0.9114293456077576,264.1666564941406,0.0,520.6598510742188,192.54959106445312,392.4132537841797,192.54959106445312,256.4931945800781,192.54959106445312
109,5782,415,0,car,0.9148309230804444,272.9198608398437,0.0,525.054443359375,169.65460205078125,398.9871520996094,169.65460205078125,252.13458251953125,169.65460205078125
109,5783,415,0,car,0.8989804983139038,284.4932861328125,0.0,526.6678466796875,148.69679260253906,405.58056640625,148.69679260253906,242.174560546875,148.69679260253906
109,5784,415,0,car,0.8946241736412048,289.01531982421875,0.0,534.1583251953125,128.2168426513672,411.5868225097656,128.2168426513672,245.1430053710937,128.2168426513672
109,5785,415,0,car,0.889259934425354,295.9169311523437,0.0,539.6976928710938,106.80754089355467,417.8073120117188,106.80754089355467,243.78076171875,106.80754089355467
109,5786,415,0,car,0.8741130828857422,304.8207397460937,1.9914066791534424,538.0400390625,92.5673828125,421.4303894042969,92.5673828125,233.21929931640625,90.57597613334656
109,5787,415,0,car,0.8753336668014526,311.8338317871094,2.3100733757019043,533.2023315429688,71.14903259277344,422.5180816650391,71.14903259277344,221.36849975585932,68.83895921707153
109,5788,415,0,car,0.8470600843429565,318.5307006835937,0.7092891335487366,534.24658203125,53.830020904541016,426.3886413574219,53.830020904541016,215.71588134765625,53.12073177099228
110,5912,418,0,car,0.935722589492798,1336.950439453125,473.4833068847656,1870.735107421875,1014.167236328125,1603.8427734375,1014.167236328125,533.78466796875,540.6839294433594
110,5913,418,0,car,0.94253408908844,1310.48828125,440.6107482910156,1895.859619140625,952.5341186523438,1603.1739501953125,952.5341186523438,585.371337890625,511.9233703613281
110,5914,418,0,car,0.9421058893203736,1288.6715087890625,395.80279541015625,1873.695068359375,886.152587890625,1581.1832885742188,886.152587890625,585.0235595703125,490.3497924804688
110,5915,418,0,car,0.927360773086548,1265.4847412109375,361.7872314453125,1836.6119384765625,819.8992919921875,1551.04833984375,819.8992919921875,571.127197265625,458.112060546875
110,5916,418,0,car,0.9296764135360718,1247.487548828125,322.15679931640625,1789.7462158203125,761.2019653320312,1518.6168823242188,761.2019653320312,542.2586669921875,439.045166015625
110,5917,418,0,car,0.9392319321632384,1228.55712890625,283.73760986328125,1746.74755859375,707.7578125,1487.65234375,707.7578125,518.1904296875,424.0202026367188
110,5918,418,0,car,0.9326444268226624,1214.2083740234375,248.0455780029297,1707.3194580078125,655.4521484375,1460.763916015625,655.4521484375,493.111083984375,407.4065704345703
110,5919,418,0,car,0.9484856128692628,1197.6436767578125,217.91004943847656,1665.502197265625,605.2715454101562,1431.5729370117188,605.2715454101562,467.8585205078125,387.3614959716797
110,5920,418,0,car,0.9414718151092528,1181.1790771484375,188.502670288086,1631.211181640625,557.0484619140625,1406.1951293945312,557.0484619140625,450.0321044921875,368.54579162597656
110,5921,418,0,car,0.931392788887024,1167.5313720703125,161.50987243652344,1598.1153564453125,516.89453125,1382.8233642578125,516.89453125,430.583984375,355.38465881347656
110,5922,418,0,car,0.9167025089263916,1151.1822509765625,136.7853546142578,1568.6824951171875,474.99261474609375,1359.932373046875,474.99261474609375,417.500244140625,338.20726013183594
110,5923,418,0,car,0.9235410094261168,1138.587158203125,109.7967300415039,1539.7401123046875,438.6007385253906,1339.1636352539062,438.6007385253906,401.1529541015625,328.8040084838867
110,5924,418,0,car,0.9347272515296936,1127.3616943359375,87.01866912841797,1512.211669921875,404.2377624511719,1319.7866821289062,404.2377624511719,384.8499755859375,317.2190933227539
110,5925,418,0,car,0.9394429922103882,1115.9515380859375,63.11457824707031,1487.5869140625,367.479248046875,1301.7692260742188,367.479248046875,371.6353759765625,304.3646697998047
110,5926,418,0,car,0.9295435547828674,1103.238037109375,38.2116584777832,1463.40478515625,335.9285888671875,1283.3214111328125,335.9285888671875,360.166748046875,297.7169303894043
110,5927,418,0,car,0.9375692009925842,1092.3045654296875,14.5956392288208,1443.4205322265625,304.61993408203125,1267.862548828125,304.61993408203125,351.115966796875,290.02429485321045
110,5928,418,0,car,0.9287896752357484,1082.1475830078125,0.0,1422.7298583984375,272.85943603515625,1252.438720703125,272.85943603515625,340.582275390625,272.85943603515625
110,5929,418,0,car,0.92997807264328,1073.1785888671875,0.0,1401.9937744140625,248.378173828125,1237.586181640625,248.378173828125,328.815185546875,248.378173828125
110,5930,418,0,car,0.9283345341682434,1064.939208984375,0.0,1381.3492431640625,223.75001525878903,1223.1442260742188,223.75001525878903,316.4100341796875,223.75001525878903
110,5931,418,0,car,0.9175844192504884,1055.655029296875,0.0,1362.443603515625,200.0221099853516,1209.04931640625,200.0221099853516,306.78857421875,200.0221099853516
110,5932,418,0,car,0.926958441734314,1048.3057861328125,0.0,1344.2723388671875,174.0756072998047,1196.2890625,174.0756072998047,295.966552734375,174.0756072998047
110,5933,418,0,car,0.914867639541626,1041.1553955078125,0.0,1328.1483154296875,151.91778564453125,1184.65185546875,151.91778564453125,286.992919921875,151.91778564453125
110,5934,418,0,car,0.9027450680732728,1031.5350341796875,0.0,1313.9024658203125,133.18446350097656,1172.71875,133.18446350097656,282.367431640625,133.18446350097656
110,5935,418,0,car,0.8912765979766846,1021.1522827148438,0.0,1299.4031982421875,111.35920715332033,1160.2777404785156,111.35920715332033,278.2509155273437,111.35920715332033
110,5936,418,0,car,0.8630597591400146,1018.8284301757812,1.239505410194397,1283.672119140625,92.23888397216795,1151.2502746582031,92.23888397216795,264.8436889648437,90.99937856197356
110,5937,418,0,car,0.8646679520606995,1032.034423828125,1.937982082366944,1269.004638671875,71.20394897460938,1150.51953125,71.20394897460938,236.97021484375,69.26596689224243
110,5938,418,0,car,0.9232383966445924,1038.8966064453125,0.5540779232978821,1255.716064453125,56.023223876953125,1147.3063354492188,56.023223876953125,216.8194580078125,55.46914595365524
